category,url,job_id,has_detail_section,detail_section_name,ville,departement,type_contrat,salaire,periode,niveau_etudes,experience,title,company,voir_plus_clicked,full_description,description_length,competences,nb_competences,remote,secteur,scraped_at,extraction_detailed,published_date,skip_reason,error
Emploi Commerce,https://www.hellowork.com/fr-fr/emplois/73787329.html,73787329,True,Les missions du poste,Angers,49,Alternance,"621,60 € / an",2 ans,"BEP, CAP",,"Alternance - BTS Management Commercial Opérationnel Mco H/F
IFAG Angers",IFAG Angers,True,,0.0,,0.0,False,,2025-12-17T11:47:12.283031,True,,,
Emploi Commerce,https://www.hellowork.com/fr-fr/emplois/73787304.html,73787304,True,Les missions du poste,Angers,49,Alternance,"621,60 € / an",2 ans,"BEP, CAP",,"Alternance - BTS Management Commercial Opérationnel Mco H/F
IFAG Angers",IFAG Angers,True,,0.0,,0.0,False,,2025-12-17T11:47:22.527003,True,,,
Emploi Commerce,https://www.hellowork.com/fr-fr/emplois/73787301.html,73787301,True,Les missions du poste,France,95,CDI,"999,98 € / an",5 ans,Bac +2,,"Commercial Overseas Aérien H/F
LEAN JOB",LEAN JOB,True,,0.0,,0.0,False,,2025-12-17T11:47:33.714935,True,il y a 23 jours,,
Emploi Commerce,https://www.hellowork.com/fr-fr/emplois/73787300.html,73787300,True,Les missions du poste,France,95,CDI,50 000 - 55 000 € / an,5 ans,Bac +2,,"Commercial Overseas Aérien H/F
LEAN JOB",LEAN JOB,True,,0.0,,0.0,False,"Géographique large (IDF au départ, mais toute France si tu le souhaites)",2025-12-17T11:47:45.017354,True,il y a 23 jours,,
Emploi Commerce,https://www.hellowork.com/fr-fr/emplois/73787295.html,73787295,True,Les missions du poste,France,95,CDI,65 000 - 90 000 € / an,6 ans,,6 ans,"Commercial·e Overseas Senior H/F
LEAN JOB",LEAN JOB,True,,0.0,,0.0,True,,2025-12-17T11:47:55.853376,True,il y a 23 jours,,
Emploi Commerce,https://www.hellowork.com/fr-fr/emplois/73787293.html,73787293,True,Les missions du poste,Havre,76,CDI,55 000 - 85 000 € / an,6 ans,,6 ans,"Commercial·e Overseas Senior H/F
LEAN JOB",LEAN JOB,True,,0.0,,0.0,True,,2025-12-17T11:48:08.158390,True,,,
Emploi Commerce,https://www.hellowork.com/fr-fr/emplois/73787276.html,73787276,True,Les missions du poste,Angers,49,Alternance,"621,60 € / an",2 ans,"BEP, CAP",,"Alternance - BTS Management Commercial Opérationnel Mco H/F
IFAG Angers",IFAG Angers,True,,0.0,,0.0,False,,2025-12-17T11:48:22.010731,True,,,
Emploi Commerce,https://www.hellowork.com/fr-fr/emplois/73787263.html,73787263,True,Détail du poste,Normandie,14,CDI,32 000 - 42 000 € / an,,Bac +3,,"Chargé de Clientèle Particuliers H/F
Caisse d'Epargne Normandie",Caisse d'Epargne Normandie,True,,0.0,,0.0,True,associatif en Normandie.,2025-12-17T11:48:49.965763,True,il y a 25 jours,,
Emploi Commerce,https://www.hellowork.com/fr-fr/emplois/73787249.html,73787249,True,Détail du poste,Lille,59,CDI,24 000 - 32 000 € / an,2 ans,Bac +3,,"Chargé de Clientèle Professionnels H/F
Caisse d'Epargne Hauts de France",Caisse d'Epargne Hauts de France,True,,0.0,,0.0,True,,2025-12-17T11:49:04.277979,True,il y a 29 jours,,
Emploi Commerce,https://www.hellowork.com/fr-fr/emplois/73787246.html,73787246,True,Détail du poste,Strasbourg,67,CDI,24 240 - 26 046 € / an,,Bac +3,,"Gestionnaire Clientèle - BTP Banque Strasbourg- CDI H/F
Crédit Coopératif",Crédit Coopératif,True,,0.0,,0.0,True,"des entreprises vous a offert l'opportunité de prouver votre sens de l'organisation, votre sens du s",2025-12-17T11:49:13.837467,True,il y a 28 jours,,
Emploi Commerce,https://www.hellowork.com/fr-fr/emplois/73787239.html,73787239,True,Détail du poste,Wavrin,59,CDI,28 000 - 39 000 € / an,2 ans,Bac +3,,"Chargé de Clientèle Particuliers H/F
Caisse d'Epargne Hauts de France",Caisse d'Epargne Hauts de France,True,,0.0,,0.0,True,Valenciennes H/F,2025-12-17T11:49:22.983844,True,il y a 12 jours,,
Emploi Commerce,https://www.hellowork.com/fr-fr/emplois/73787233.html,73787233,True,Les missions du poste,Orliénas,69,Freelance,2 500 - 8 000 € / mois,7 ans,Bac,1 à 7 ans,"Conseiller Commercial H/F
Groupement Interprofessionnel Européen d'Assurances (GIEA)",Groupement Interprofessionnel Européen d'Assurances (GIEA),True,,0.0,,0.0,True,,2025-12-17T11:49:32.394050,True,il y a 24 jours,,
Emploi Commerce,https://www.hellowork.com/fr-fr/emplois/73787218.html,73787218,True,Détail du poste,Souffelweyersheim,67,CDI,45 000 - 72 500 € / an,7 ans,Bac +2,,"Compte Clé Territorial H/F
METRO France",METRO France,True,,0.0,,0.0,True,", le compte clé territorial assure la prise de marché et l'atteinte des objectifs commerciaux sur le",2025-12-17T11:50:02.786979,True,il y a 28 jours,,
Emploi Commerce,https://www.hellowork.com/fr-fr/emplois/73787214.html,73787214,True,Détail du poste,Linselles,59,CDI,28 000 - 31 000 € / an,2 ans,Bac +3,,"Chargé de Clientèle Particuliers H/F
Caisse d'Epargne Hauts de France",Caisse d'Epargne Hauts de France,True,,0.0,,0.0,True,,2025-12-17T11:50:12.985721,True,il y a 8 jours,,
Emploi Commerce,https://www.hellowork.com/fr-fr/emplois/73787197.html,73787197,True,Détail du poste,Leers,59,CDI,27 000 - 36 000 € / an,2 ans,Bac +3,,"Chargé de Clientèle Particuliers H/F
Caisse d'Epargne Hauts de France",Caisse d'Epargne Hauts de France,True,,0.0,,0.0,True,,2025-12-17T11:50:23.397033,True,il y a 8 jours,,
Emploi Commerce,https://www.hellowork.com/fr-fr/emplois/73787187.html,73787187,True,Les missions du poste,Souffelweyersheim,67,CDI,31 000 - 45 000 € / an,,Bac +2,,"Commercial Itinérant H/F
METRO France",METRO France,True,,0.0,,0.0,True,"(environ 90 clients professionnels des cafés, hôtels, restaurants (métiers de bouches)) en étant à l",2025-12-17T11:50:37.599160,True,il y a 26 jours,,
Emploi Commerce,https://www.hellowork.com/fr-fr/emplois/73787186.html,73787186,True,Détail du poste,Comines,59,CDI,27 000 - 36 000 € / an,2 ans,Bac +3,,"Chargé de Clientèle Particuliers H/F
Caisse d'Epargne Hauts de France",Caisse d'Epargne Hauts de France,True,,0.0,,0.0,True,,2025-12-17T11:50:46.817457,True,il y a 8 jours,,
Emploi Commerce,https://www.hellowork.com/fr-fr/emplois/73787154.html,73787154,True,Détail du poste,Wattrelos,59,CDI,28 000 - 31 000 € / an,2 ans,Bac +3,,"Chargé de Clientèle Particuliers H/F
Caisse d'Epargne Hauts de France",Caisse d'Epargne Hauts de France,True,,0.0,,0.0,True,Valenciennes H/F,2025-12-17T11:50:57.658743,True,il y a 8 jours,,
Emploi Commerce,https://www.hellowork.com/fr-fr/emplois/73787144.html,73787144,True,Détail du poste,Villeurbanne,69,CDI,32 200 - 35 000 € / an,3 mois,Bac +2,,"Conseiller Clientèle H/F
Caisse d'Epargne Rhône Alpes",Caisse d'Epargne Rhône Alpes,True,,0.0,,0.0,True,,2025-12-17T11:51:16.974854,True,il y a 21 jours,,
Emploi Commerce,https://www.hellowork.com/fr-fr/emplois/73787134.html,73787134,True,Les missions du poste,Ploërmel,56,Freelance,35 000 - 50 000 € / an,12 mois,Bac +2,,"Attaché Commercial H/F
Sovitrat",Sovitrat,True,,0.0,,0.0,True,s ciblés et vous serez en charge d'identifier les besoins techniques des interlocuteurs,2025-12-17T11:51:28.610586,True,il y a 5 jours,,
Emploi Commerce,https://www.hellowork.com/fr-fr/emplois/73787379.html,73787379,True,Les missions du poste,Amancy,74,CDI,13 - 15 € / heure,2 ans,Bac +2,,"Technico-Commercial Menuiserie H/F
Acti’v La Roche",Acti’v La Roche,True,,0.0,,0.0,False,,2025-12-17T11:51:57.615897,True,il y a 23 jours,,
Emploi Commerce,https://www.hellowork.com/fr-fr/emplois/73787112.html,73787112,True,Les missions du poste,Saugnieu,69,CDI,60 000 - 70 000 € / an,10 ans,Bac +5,,"Key Account Manager Freight Forwarding H/F
LEAN JOB",LEAN JOB,True,,0.0,,0.0,True,,2025-12-17T11:52:26.320189,True,plus de 1 mois,,
Emploi Commerce,https://www.hellowork.com/fr-fr/emplois/73787106.html,73787106,True,Détail du poste,Rennes,35,CDI,37 500 - 64 800 € / an,,Bac +2,,"Attaché Commercial H/F
Bureau Veritas",Bureau Veritas,True,,0.0,,0.0,True,,2025-12-17T11:52:37.318682,True,il y a 23 jours,,
Emploi Commerce,https://www.hellowork.com/fr-fr/emplois/73787057.html,73787057,True,Les missions du poste,Provence,13,CDI,33 000 - 38 000 € / an,2 ans,Bac +2,,"Commercial Développement Réseau Multisite en Résidence pour Seniors H/F
Domitys",Domitys,True,,0.0,,0.0,True,,2025-12-17T11:52:48.571134,True,il y a 23 jours,,
Emploi Commerce,https://www.hellowork.com/fr-fr/emplois/73787056.html,73787056,True,Les missions du poste,Bresse,01,CDI,34 000 - 37 000 € / an,2 ans,Bac +2,,"Commercial Développement Réseau H/F
Domitys",Domitys,True,,0.0,,0.0,True,,2025-12-17T11:53:04.519641,True,il y a 29 jours,,
Emploi Commerce,https://www.hellowork.com/fr-fr/emplois/73787055.html,73787055,True,Les missions du poste,Bayonne,64,CDI,48 000 - 54 000 € / an,5 ans,Bac +3,2 à 5 ans,"Commercial B2b - Cybersécurité H/F
UPTOO",UPTOO,True,,0.0,,0.0,True,de Pau et ses alentours.,2025-12-17T11:53:31.126211,True,il y a 27 jours,,
Emploi Commerce,https://www.hellowork.com/fr-fr/emplois/73787052.html,73787052,True,Les missions du poste,Haguenau,67,CDI,55 000 - 60 000 € / an,,Bac +2,,"Consultant Immobilier - Salarié·e VRP H/F
Foncia",Foncia,True,,0.0,,0.0,False,,2025-12-17T11:55:09.071158,True,il y a 18 jours,,
Emploi Commerce,https://www.hellowork.com/fr-fr/emplois/73787036.html,73787036,True,Les missions du poste,Paris,75,CDI,75 000 - 100 000 € / an,10 ans,Bac +5,5 à 10 ans,"Key Account Manager - Grands Comptes H/F
UPTOO",UPTOO,True,,0.0,,0.0,True,informatique • ESN,2025-12-17T11:55:23.966667,True,il y a 28 jours,,
Emploi Commerce,https://www.hellowork.com/fr-fr/emplois/73786998.html,73786998,True,Les missions du poste,Lille,59,Alternance,702 - 1 802 € / mois,12 mois,,,"Alternance CAP - Employé Commercial - Grande Distribution H/F
Institut des Métiers Network - Lille",Institut des Métiers Network - Lille,True,,0.0,,0.0,False,,2025-12-17T11:55:33.324791,True,il y a 5 jours,,
Emploi Commerce,https://www.hellowork.com/fr-fr/emplois/73786995.html,73786995,True,Les missions du poste,Saunier,39,CDI,35 000 - 45 000 € / an,,Bac +3,,"Business Developer 39 H/F
Plus que pro",Plus que pro,True,,0.0,,0.0,True,,2025-12-17T11:55:46.623605,True,il y a 25 jours,,
Emploi Commerce,https://www.hellowork.com/fr-fr/emplois/73786994.html,73786994,True,Les missions du poste,Developer,31,CDI,"749,19 € / an",,Bac +3,,"Business Developer - 31 H/F
Plus que pro",Plus que pro,True,,0.0,,0.0,False,,2025-12-17T11:55:56.868283,True,il y a 27 jours,,
Emploi Commerce,https://www.hellowork.com/fr-fr/emplois/73786993.html,73786993,True,Les missions du poste,Chartres,28,CDI,22 800 - 72 000 € / an,,Bac +3,,"Business Developer 28 H/F
Plus que pro",Plus que pro,True,,0.0,,0.0,False,,2025-12-17T11:56:08.822051,True,il y a 25 jours,,
Emploi Commerce,https://www.hellowork.com/fr-fr/emplois/73786990.html,73786990,True,Détail du poste,Bordeaux,33,CDI,26 000 - 40 000 € / an,2 ans,Bac +2,,"Commercial Itinérant Btob - Cosmétique - Sud-Ouest H/F
Talents Commerciaux",Talents Commerciaux,True,,0.0,,0.0,True,Sud-Ouest. Un lieu d'habitation dans la zone de Bordeaux (33) est idéal.,2025-12-17T11:56:26.083715,True,il y a 29 jours,,
Emploi Commerce,https://www.hellowork.com/fr-fr/emplois/73786986.html,73786986,True,Les missions du poste,Rodez,12,CDI,29 000 € / an,,Bac +3,,"Business Developer 12 H/F
Plus que pro",Plus que pro,True,,0.0,,0.0,False,,2025-12-17T11:57:01.800465,True,il y a 22 jours,,
Emploi Commerce,https://www.hellowork.com/fr-fr/emplois/73786985.html,73786985,True,Les missions du poste,Pau,64,CDI,22 000 - 65 000 € / an,,Bac +3,,"Business Developer 64 H/F
Plus que pro",Plus que pro,True,,0.0,,0.0,False,,2025-12-17T11:57:13.403854,True,il y a 19 jours,,
Emploi Commerce,https://www.hellowork.com/fr-fr/emplois/73786984.html,73786984,True,Les missions du poste,Montpellier,34,CDI,22 800 - 72 000 € / an,,Bac +3,,"Business Developer 34 H/F
Plus que pro",Plus que pro,True,,0.0,,0.0,False,,2025-12-17T11:57:23.916261,True,il y a 25 jours,,
Emploi Commerce,https://www.hellowork.com/fr-fr/emplois/73786983.html,73786983,True,Les missions du poste,Duc,55,CDI,2 350 - 2 690 € / mois,,Bac +3,,"Business Developer 55 H/F
Plus que pro",Plus que pro,True,,0.0,,0.0,False,,2025-12-17T11:57:34.959997,True,il y a 27 jours,,
Emploi Commerce,https://www.hellowork.com/fr-fr/emplois/73786982.html,73786982,True,Les missions du poste,Moulins,03,CDI,,,Bac +5,,"Directeur Commercial 03 H/F
Plus que pro",Plus que pro,True,,0.0,,0.0,False,,2025-12-17T11:57:44.139248,True,,,
Emploi Commerce,https://www.hellowork.com/fr-fr/emplois/73786979.html,73786979,True,Les missions du poste,Évreux,27,CDI,25 000 - 35 000 € / an,,Bac +3,,"Business Developer 27 H/F
Plus que pro",Plus que pro,True,,0.0,,0.0,True,,2025-12-17T11:57:55.248859,True,il y a 28 jours,,
Emploi Commerce,https://www.hellowork.com/fr-fr/emplois/73786977.html,73786977,True,Les missions du poste,Foix,09,CDI,40 000 - 60 000 € / an,,Bac +3,,"Business Developer 09 H/F
Plus que pro",Plus que pro,True,,0.0,,0.0,False,,2025-12-17T11:58:07.111042,True,il y a 13 jours,,
Emploi Commerce,https://www.hellowork.com/fr-fr/emplois/73786965.html,73786965,True,Les missions du poste,Developer,22,CDI,30 000 - 60 000 € / an,,Bac +3,,"Business Developer - 22 H/F
Plus que pro",Plus que pro,True,,0.0,,0.0,False,,2025-12-17T11:58:34.390463,True,il y a 11 jours,,
Emploi Commerce,https://www.hellowork.com/fr-fr/emplois/73786967.html,73786967,True,Les missions du poste,Bordeaux,33,CDI,2 000 - 6 000 € / mois,1 mois,Bac +3,,"Business Developer 33 H/F
Plus que pro",Plus que pro,True,,0.0,,0.0,True,,2025-12-17T11:58:44.300845,True,plus de 1 mois,,
Emploi Commerce,https://www.hellowork.com/fr-fr/emplois/73786959.html,73786959,True,Les missions du poste,Laval,53,CDI,45 000 - 60 000 € / an,,Bac +3,,"Business Developer 53 H/F
Plus que pro",Plus que pro,True,,0.0,,0.0,False,,2025-12-17T11:58:56.201550,True,il y a 20 jours,,
Emploi Commerce,https://www.hellowork.com/fr-fr/emplois/73786956.html,73786956,True,Les missions du poste,Annecy,74,CDI,2 000 - 2 500 € / mois,,Bac +2,,"Assistant Commercial H/F
Mobalpa",Mobalpa,True,,0.0,,0.0,False,,2025-12-17T11:59:11.541714,True,il y a 19 jours,,
Emploi Commerce,https://www.hellowork.com/fr-fr/emplois/73786955.html,73786955,True,Détail du poste,Massy,91,CDI,37 000 - 40 000 € / an,5 ans,Bac +3,5 ans,"Responsable Commercial H/F
Talents Commerciaux",Talents Commerciaux,True,,0.0,,0.0,True,"géographique couvrant les départements 02, 08, 54, 55, 57, 59, 60, 62 et 80.",2025-12-17T11:59:21.681656,True,il y a 28 jours,,
Emploi Commerce,https://www.hellowork.com/fr-fr/emplois/73786954.html,73786954,True,Les missions du poste,Tulle,19,CDI,24 000 - 55 000 € / an,,Bac +3,,"Business Developer 19 H/F
Plus que pro",Plus que pro,True,,0.0,,0.0,True,,2025-12-17T11:59:30.719071,True,il y a 19 jours,,
Emploi Commerce,https://www.hellowork.com/fr-fr/emplois/73786952.html,73786952,True,Les missions du poste,Agen,47,CDI,,,Bac +3,,"Business Developer 47 H/F
Plus que pro",Plus que pro,True,,0.0,,0.0,False,,2025-12-17T11:59:39.892882,True,il y a 9 jours,,
Emploi Commerce,https://www.hellowork.com/fr-fr/emplois/73786951.html,73786951,True,Les missions du poste,Angoulême,16,CDI,2 000 - 5 000 € / mois,,Bac +3,,"Business Developer 16 H/F
Plus que pro",Plus que pro,True,,0.0,,0.0,False,,2025-12-17T11:59:50.849055,True,il y a 29 jours,,
Emploi Commerce,https://www.hellowork.com/fr-fr/emplois/73786947.html,73786947,True,Les missions du poste,Loches,37,CDI,27 000 - 70 000 € / an,,"BEP, CAP",,"Commercial H/F
Bio3G",Bio3G,True,,0.0,,0.0,False,de Loches (37) alors tes missions seront les suivantes :,2025-12-17T12:00:01.683562,True,il y a 18 jours,,
Emploi Commerce,https://www.hellowork.com/fr-fr/emplois/73786946.html,73786946,True,Les missions du poste,Nîmes,30,CDI,30 000 - 40 000 € / an,,Bac +3,,"Business Developer 30 H/F
Plus que pro",Plus que pro,True,,0.0,,0.0,False,,2025-12-17T12:00:12.448706,True,il y a 26 jours,,
Emploi Commerce,https://www.hellowork.com/fr-fr/emplois/73786945.html,73786945,True,Les missions du poste,Developer,37,CDI,33 000 - 50 000 € / an,,Bac +3,,"Business Developer - 37 H/F
Plus que pro",Plus que pro,True,,0.0,,0.0,False,Bâtiment H/F,2025-12-17T12:00:23.798109,True,il y a 25 jours,,
Emploi Commerce,https://www.hellowork.com/fr-fr/emplois/73786943.html,73786943,True,Les missions du poste,Ferrand,63,CDI,1 850 - 2 100 € / mois,,Bac +3,,"Business Developer 63 H/F
Plus que pro",Plus que pro,True,,0.0,,0.0,False,,2025-12-17T12:00:37.143294,True,il y a 28 jours,,
Emploi Commerce,https://www.hellowork.com/fr-fr/emplois/73786942.html,73786942,True,Les missions du poste,Valence,26,CDI,22 800 - 72 000 € / an,,Bac +3,,"Business Developer 26 H/F
Plus que pro",Plus que pro,True,,0.0,,0.0,False,,2025-12-17T12:00:47.483108,True,il y a 25 jours,,
Emploi Commerce,https://www.hellowork.com/fr-fr/emplois/73786941.html,73786941,True,Les missions du poste,Vannes,56,CDI,39 000 - 60 000 € / an,,Bac +3,,"Business Developer 56 H/F
Plus que pro",Plus que pro,True,,0.0,,0.0,True,,2025-12-17T12:00:58.298552,True,il y a 21 jours,,
Emploi Commerce,https://www.hellowork.com/fr-fr/emplois/73786940.html,73786940,True,Les missions du poste,Sapins,25,CDI,28 000 - 36 000 € / an,3 ans,Bac +2,,"Attaché Commercial H/F
SENSACE Carrière",SENSACE Carrière,True,,0.0,,0.0,False,"couvrant le Doubs et la région Bourgogne-Franche-Comté, vous serez en charge de :",2025-12-17T12:01:12.516802,True,,,
Emploi Commerce,https://www.hellowork.com/fr-fr/emplois/73786937.html,73786937,True,Les missions du poste,Developer,50,CDI,35 000 - 40 000 € / an,,Bac +3,,"Business Developer - 50 H/F
Plus que pro",Plus que pro,True,,0.0,,0.0,True,,2025-12-17T12:01:40.353480,True,il y a 13 jours,,
Emploi Commerce,https://www.hellowork.com/fr-fr/emplois/73786934.html,73786934,True,Les missions du poste,Nantes,44,CDI,1 800 - 2 500 € / mois,,Bac +3,,"Business Developer 44 H/F
Plus que pro",Plus que pro,True,,0.0,,0.0,True,,2025-12-17T12:01:49.952980,True,il y a 27 jours,,
Emploi Commerce,https://www.hellowork.com/fr-fr/emplois/73786931.html,73786931,True,Les missions du poste,Périgueux,24,CDI,30 000 - 60 000 € / an,,Bac +3,,"Business Developer 24 H/F
Plus que pro",Plus que pro,True,,0.0,,0.0,False,,2025-12-17T12:02:01.148711,True,il y a 18 jours,,
Emploi Commerce,https://www.hellowork.com/fr-fr/emplois/73786928.html,73786928,True,Les missions du poste,Velay,43,CDI,1 600 - 3 500 € / mois,,Bac +3,,"Business Developer 43 H/F
Plus que pro",Plus que pro,True,,0.0,,0.0,False,,2025-12-17T12:02:12.167312,True,il y a 11 jours,,
Emploi Commerce,https://www.hellowork.com/fr-fr/emplois/73786927.html,73786927,True,Les missions du poste,Blois,41,CDI,45 000 - 60 000 € / an,,Bac +3,,"Business Developer 41 H/F
Plus que pro",Plus que pro,True,,0.0,,0.0,False,Déménagement - Btoc - Btob Ponctuel H/F,2025-12-17T12:02:22.826721,True,il y a 26 jours,,
Emploi Commerce,https://www.hellowork.com/fr-fr/emplois/73786926.html,73786926,True,Les missions du poste,Developer,62,CDI,24 000 - 32 000 € / an,,Bac +3,,"Business Developer - 62 H/F
Plus que pro",Plus que pro,True,,0.0,,0.0,True,,2025-12-17T12:02:50.496243,True,il y a 29 jours,,
Emploi Commerce,https://www.hellowork.com/fr-fr/emplois/73786924.html,73786924,True,Les missions du poste,Developer,10,CDI,3 000 - 4 500 € / mois,,Bac +3,,"Business Developer - 10 H/F
Plus que pro",Plus que pro,True,,0.0,,0.0,True,,2025-12-17T12:03:02.852770,True,il y a 9 jours,,
Emploi Commerce,https://www.hellowork.com/fr-fr/emplois/73786921.html,73786921,True,Les missions du poste,Marseille,13,CDI,2 600 - 3 300 € / mois,,Bac +3,,"Business Developer 13 H/F
Plus que pro",Plus que pro,True,,0.0,,0.0,True,,2025-12-17T12:03:13.250920,True,il y a 26 jours,,
Emploi Commerce,https://www.hellowork.com/fr-fr/emplois/73786914.html,73786914,True,Les missions du poste,Grenoble,38,CDI,35 000 - 50 000 € / an,,Bac +3,,"Business Developer 38 H/F
Plus que pro",Plus que pro,True,,0.0,,0.0,True,,2025-12-17T12:03:24.464892,True,il y a 25 jours,,
Emploi Commerce,https://www.hellowork.com/fr-fr/emplois/73786909.html,73786909,True,Détail du poste,Courbevoie,92,CDI,55 000 - 70 000 € / an,3 ans,Bac +2,3 ans,"Key Account Manager France H/F
Talents Executive",Talents Executive,True,,0.0,,0.0,True,,2025-12-17T12:03:34.397048,True,il y a 28 jours,,
Emploi Commerce,https://www.hellowork.com/fr-fr/emplois/73786906.html,73786906,True,Les missions du poste,Aurillac,15,CDI,30 000 - 35 000 € / an,,Bac +3,,"Business Developer 15 H/F
Plus que pro",Plus que pro,True,,0.0,,0.0,False,,2025-12-17T12:03:52.466816,True,il y a 22 jours,,
Emploi Commerce,https://www.hellowork.com/fr-fr/emplois/73786905.html,73786905,True,Les missions du poste,Nevers,58,CDI,1 900 - 2 100 € / mois,,Bac +3,,"Business Developer 58 H/F
Plus que pro",Plus que pro,True,,0.0,,0.0,False,18 H/F,2025-12-17T12:04:04.134973,True,il y a 23 jours,,
Emploi Commerce,https://www.hellowork.com/fr-fr/emplois/73786903.html,73786903,True,Les missions du poste,Quimper,29,CDI,28 000 - 56 000 € / an,,Bac +3,,"Business Developer 29 H/F
Plus que pro",Plus que pro,True,,0.0,,0.0,True,,2025-12-17T12:04:15.478188,True,il y a 26 jours,,
Emploi Commerce,https://www.hellowork.com/fr-fr/emplois/73786902.html,73786902,True,Les missions du poste,Étienne,42,CDI,27 000 - 30 000 € / an,,Bac +3,,"Business Developer 42 H/F
Plus que pro",Plus que pro,True,,0.0,,0.0,True,,2025-12-17T12:04:27.091287,True,il y a 26 jours,,
Emploi Commerce,https://www.hellowork.com/fr-fr/emplois/73786901.html,73786901,True,Les missions du poste,Caen,14,CDI,3 000 - 10 000 € / mois,,Bac +3,,"Business Developer 14 H/F
Plus que pro",Plus que pro,True,,0.0,,0.0,False,,2025-12-17T12:04:38.851754,True,il y a 28 jours,,
Emploi Commerce,https://www.hellowork.com/fr-fr/emplois/73786900.html,73786900,True,Les missions du poste,Châteauroux,36,CDI,24 000 - 40 000 € / an,,Bac +3,,"Business Developer 36 H/F
Plus que pro",Plus que pro,True,,0.0,,0.0,False,,2025-12-17T12:04:50.153668,True,il y a 5 jours,,
Emploi Commerce,https://www.hellowork.com/fr-fr/emplois/73786897.html,73786897,True,Les missions du poste,Beynost,01,CDI,"12,50 € / heure",18 mois,Bac +2,,"Assistant Commercial Sedentaire H/F
Ainterim",Ainterim,True,,0.0,,0.0,True,,2025-12-17T12:04:59.731377,True,il y a 20 jours,,
Emploi Commerce,https://www.hellowork.com/fr-fr/emplois/73786895.html,73786895,True,Les missions du poste,Cahors,46,CDI,"621,60 - 80 000 € / an",,Bac +3,,"Business Developer 46 H/F
Plus que pro",Plus que pro,True,,0.0,,0.0,True,,2025-12-17T12:05:10.936867,True,il y a 22 jours,,
Emploi Commerce,https://www.hellowork.com/fr-fr/emplois/73786896.html,73786896,True,Les missions du poste,Mende,48,CDI,25 000 - 30 000 € / an,,Bac +3,,"Business Developer 48 H/F
Plus que pro",Plus que pro,True,,0.0,,0.0,False,,2025-12-17T12:05:21.969116,True,il y a 6 jours,,
Emploi Commerce,https://www.hellowork.com/fr-fr/emplois/73786894.html,73786894,True,Les missions du poste,Bains,04,CDI,25 000 - 40 000 € / an,,Bac +3,,"Business Developer 04 H/F
Plus que pro",Plus que pro,True,,0.0,,0.0,False,,2025-12-17T12:05:32.597772,True,il y a 29 jours,,
Emploi Commerce,https://www.hellowork.com/fr-fr/emplois/73786893.html,73786893,True,Les missions du poste,Alençon,61,CDI,30 000 - 60 000 € / an,,Bac +3,,"Business Developer 61 H/F
Plus que pro",Plus que pro,True,,0.0,,0.0,False,,2025-12-17T12:05:46.214708,True,il y a 27 jours,,
Emploi Commerce,https://www.hellowork.com/fr-fr/emplois/73786891.html,73786891,True,Les missions du poste,Developer,06,CDI,1 802 - 6 800 € / mois,,Bac +3,,"Business Developer - 06 H/F
Plus que pro",Plus que pro,True,,0.0,,0.0,False,,2025-12-17T12:05:57.458264,True,il y a 24 jours,,
Emploi Commerce,https://www.hellowork.com/fr-fr/emplois/73786888.html,73786888,True,Les missions du poste,Gap,05,CDI,25 000 - 40 000 € / an,,Bac +3,,"Business Developer 05 H/F
Plus que pro",Plus que pro,True,,0.0,,0.0,False,,2025-12-17T12:06:09.941401,True,il y a 24 jours,,
Emploi Commerce,https://www.hellowork.com/fr-fr/emplois/73786886.html,73786886,True,Les missions du poste,Developer,59,CDI,24 000 - 32 000 € / an,,Bac +3,,"Business Developer - 59 H/F
Plus que pro",Plus que pro,True,,0.0,,0.0,True,,2025-12-17T12:06:24.958331,True,il y a 29 jours,,
Emploi Commerce,https://www.hellowork.com/fr-fr/emplois/73786883.html,73786883,True,Les missions du poste,Bresse,01,CDI,,,Bac +5,,"Directeur Commercial 01 H/F
Plus que pro",Plus que pro,True,,0.0,,0.0,False,,2025-12-17T12:06:36.011739,True,il y a 1 jour,,
Emploi Commerce,https://www.hellowork.com/fr-fr/emplois/73786882.html,73786882,True,Détail du poste,Lyon,69,CDI,30 000 - 34 000 € / an,3 ans,Bac +2,,"Assistant Service Clients ADV H/F
Talents ADV & Supply",Talents ADV & Supply,True,,0.0,,0.0,True,,2025-12-17T12:07:07.314003,True,il y a 21 jours,,
Emploi Commerce,https://www.hellowork.com/fr-fr/emplois/73786881.html,73786881,True,Détail du poste,Courbevoie,92,CDI,55 000 - 70 000 € / an,3 ans,Bac +2,3 ans,"Key Account Manager France H/F
Talents Commerciaux",Talents Commerciaux,True,,0.0,,0.0,True,,2025-12-17T12:07:17.481736,True,il y a 28 jours,,
Emploi Commerce,https://www.hellowork.com/fr-fr/emplois/73786879.html,73786879,True,Les missions du poste,Marsan,40,CDI,40 000 - 48 000 € / an,1 mois,Bac +3,,"Business Developer 40 H/F
Plus que pro",Plus que pro,True,,0.0,,0.0,True,,2025-12-17T12:07:28.038136,True,il y a 29 jours,,
Emploi Commerce,https://www.hellowork.com/fr-fr/emplois/73786878.html,73786878,True,Les missions du poste,Carcassonne,11,CDI,1 802 - 3 500 € / mois,,Bac +3,,"Business Developer 11 H/F
Plus que pro",Plus que pro,True,,0.0,,0.0,False,,2025-12-17T12:07:40.560644,True,il y a 16 jours,,
Emploi Commerce,https://www.hellowork.com/fr-fr/emplois/73786872.html,73786872,True,Les missions du poste,Auch,32,CDI,45 000 - 60 000 € / an,,Bac +3,,"Business Developer 32 H/F
Plus que pro",Plus que pro,True,,0.0,,0.0,False,,2025-12-17T12:07:51.420932,True,il y a 6 jours,,
Emploi Commerce,https://www.hellowork.com/fr-fr/emplois/73786870.html,73786870,True,Les missions du poste,Moulins,03,CDI,1 900 - 2 100 € / mois,,Bac +3,,"Business Developer 03 H/F
Plus que pro",Plus que pro,True,,0.0,,0.0,False,,2025-12-17T12:08:00.989273,True,il y a 20 jours,,
Emploi Commerce,https://www.hellowork.com/fr-fr/emplois/73786867.html,73786867,True,Les missions du poste,Guéret,23,CDI,30 000 - 82 000 € / an,,Bac +3,,"Business Developer 23 H/F
Plus que pro",Plus que pro,True,,0.0,,0.0,False,,2025-12-17T12:08:12.253662,True,il y a 4 jours,,
Emploi Commerce,https://www.hellowork.com/fr-fr/emplois/73786865.html,73786865,True,Les missions du poste,Rennes,35,CDI,5 000 - 15 000 € / mois,,Bac +3,,"Business Developer 35 H/F
Plus que pro",Plus que pro,True,,0.0,,0.0,True,,2025-12-17T12:08:24.235859,True,il y a 17 jours,,
Emploi Commerce,https://www.hellowork.com/fr-fr/emplois/73786861.html,73786861,True,Les missions du poste,Angers,49,CDI,30 000 - 80 000 € / an,49000 An,Bac +3,,"Business Developer 49 H/F
Plus que pro",Plus que pro,True,,0.0,,0.0,True,,2025-12-17T12:08:34.869370,True,il y a 19 jours,,
Emploi Commerce,https://www.hellowork.com/fr-fr/emplois/73786859.html,73786859,True,Les missions du poste,Bourges,18,CDI,2 200 - 2 400 € / mois,,Bac +3,,"Business Developer 18 H/F
Plus que pro",Plus que pro,True,,0.0,,0.0,False,18 H/F,2025-12-17T12:08:46.343030,True,il y a 23 jours,,
Emploi Commerce,https://www.hellowork.com/fr-fr/emplois/73786855.html,73786855,True,Les missions du poste,,,CDI,40 000 - 60 000 € / an,,Bac +3,,"Business Developer 2A H/F
Plus que pro",Plus que pro,True,,0.0,,0.0,True,,2025-12-17T12:08:58.580063,True,il y a 29 jours,,
Emploi Commerce,https://www.hellowork.com/fr-fr/emplois/73786854.html,73786854,True,Les missions du poste,Mézières,08,CDI,3 717 € / mois,,Bac +3,,"Business Developer 08 H/F
Plus que pro",Plus que pro,True,,0.0,,0.0,False,,2025-12-17T12:09:10.021683,True,il y a 6 jours,,
Emploi Commerce,https://www.hellowork.com/fr-fr/emplois/73786852.html,73786852,True,Les missions du poste,Privas,07,CDI,22 800 - 72 000 € / an,,Bac +3,,"Business Developer 07 H/F
Plus que pro",Plus que pro,True,,0.0,,0.0,False,,2025-12-17T12:09:20.683212,True,il y a 25 jours,,
Emploi Commerce,https://www.hellowork.com/fr-fr/emplois/73786849.html,73786849,True,Les missions du poste,Ascq,59,Alternance,"802,25 € / mois",12 mois,Bac,,"Assistant Commercial en Grande Distribution - Alternance H/F
Institut des Métiers Network - Lille",Institut des Métiers Network - Lille,True,,0.0,,0.0,False,,2025-12-17T12:09:32.673996,True,il y a 17 jours,,
Emploi Commerce,https://www.hellowork.com/fr-fr/emplois/73786848.html,73786848,True,Les missions du poste,Beauvais,60,CDI,40 000 - 45 000 € / an,,Bac +3,,"Business Developer 60 H/F
Plus que pro",Plus que pro,True,,0.0,,0.0,True,Oise H/F,2025-12-17T12:10:01.831261,True,il y a 29 jours,,
Emploi Commerce,https://www.hellowork.com/fr-fr/emplois/73786846.html,73786846,True,Les missions du poste,Chaumont,52,CDI,22 800 - 72 000 € / an,,Bac +3,,"Business Developer 52 H/F
Plus que pro",Plus que pro,True,,0.0,,0.0,False,,2025-12-17T12:10:16.586276,True,il y a 5 jours,,
Emploi Commerce,https://www.hellowork.com/fr-fr/emplois/73786843.html,73786843,True,Les missions du poste,Bresse,01,CDI,40 000 - 45 000 € / an,,Bac +3,,"Business Developer 01 H/F
Plus que pro",Plus que pro,True,,0.0,,0.0,True,,2025-12-17T12:10:27.160599,True,il y a 29 jours,,
Emploi Commerce,https://www.hellowork.com/fr-fr/emplois/73786824.html,73786824,True,Les missions du poste,Seclin,59,Alternance,913 - 1 802 € / mois,12 mois,Master,,"Alternance - Assistant Commercial H/F
Institut des Métiers Network - Lille",Institut des Métiers Network - Lille,True,,0.0,,0.0,False,"de la rénovation, de l'aménagement intérieur/extérieur et de l'isolation basé à Seclin.",2025-12-17T12:10:58.033097,True,il y a 17 jours,,
Emploi Commerce,https://www.hellowork.com/fr-fr/emplois/73786815.html,73786815,True,Les missions du poste,Rennes,35,Alternance,"801,80 € / mois",12 mois,Bac +2,,"Alternance - Conseiller Relation Client H/F
Alticome",Alticome,True,,0.0,,0.0,False,,2025-12-17T12:11:10.120783,True,,,
Emploi Commerce,https://www.hellowork.com/fr-fr/emplois/73786813.html,73786813,True,Détail du poste,Ascq,59,Alternance,"801,80 € / mois",1 an,,,"Alternance CAP - Employé Commercial- Restauration Rapide H/F
Institut des Métiers Network - Lille",Institut des Métiers Network - Lille,True,,0.0,,0.0,False,,2025-12-17T12:11:19.382262,True,il y a 7 jours,,
Emploi Commerce,https://www.hellowork.com/fr-fr/emplois/73786809.html,73786809,True,Détail du poste,Évêque,72,CDI,27 000 - 44 604 € / an,5 ans,Bac +3,,Commercial B To B H/F,,True,,0.0,,0.0,False,,2025-12-17T12:11:35.225953,True,il y a 27 jours,,
Emploi Commerce,https://www.hellowork.com/fr-fr/emplois/73786804.html,73786804,True,Les missions du poste,Lille,59,Alternance,"801,80 € / mois",12 mois,Bac,,"Assistant Commercial Btob - Alternance H/F
Institut des Métiers Network - Lille",Institut des Métiers Network - Lille,True,,0.0,,0.0,False,,2025-12-17T12:12:05.530296,True,il y a 17 jours,,
Emploi Commerce,https://www.hellowork.com/fr-fr/emplois/73786744.html,73786744,True,Détail du poste,Luçon,85,CDI,"13,00 - 16,48 € / heure",2 ans,Bac +2,2 ans,"Commercial Sédentaire H/F
Slash Intérim",Slash Intérim,True,,0.0,,0.0,True,"s TP, BTP ou Négoce constitue un plus.",2025-12-17T12:12:18.084968,True,il y a 26 jours,,
Emploi Commerce,https://www.hellowork.com/fr-fr/emplois/73786741.html,73786741,True,Détail du poste,Vedène,84,CDI,12 - 14 € / heure,,Bac +2,,"Assistant Administratif et Commercial H/F
Slash Intérim",Slash Intérim,True,,0.0,,0.0,False,"de l'immobilier ou du bâtiment,",2025-12-17T12:12:31.708896,True,il y a 22 jours,,
Emploi Commerce,https://www.hellowork.com/fr-fr/emplois/73786678.html,73786678,True,Détail du poste,,,Temps partiel,50 000 - 100 000 € / an,7 ans,Bac +3,1 à 7 ans,"Courtier Indépendant 3.0 en Assurance H/F
Assentis",Assentis,True,,0.0,,0.0,True,,2025-12-17T12:12:42.628797,True,il y a 13 jours,,
Emploi Commerce,https://www.hellowork.com/fr-fr/emplois/73786677.html,73786677,True,Les missions du poste,Nice,06,CDI,2 000 € / mois,7 ans,Bac +2,1 à 7 ans,"Attaché Commercial H/F
Solcis Cagnes sur Mer",Solcis Cagnes sur Mer,True,,0.0,,0.0,True,,2025-12-17T12:13:13.333629,True,il y a 29 jours,,
Emploi Commerce,https://www.hellowork.com/fr-fr/emplois/73786674.html,73786674,True,Les missions du poste,Lille,59,Alternance,"801,80 € / mois",12 mois,Bac,,"Assistant Commercial en Grande Distribution - Alternance H/F
Institut des Métiers Network - Lille",Institut des Métiers Network - Lille,True,,0.0,,0.0,False,,2025-12-17T12:13:23.679548,True,il y a 17 jours,,
Emploi Commerce,https://www.hellowork.com/fr-fr/emplois/73786661.html,73786661,True,Les missions du poste,Blangy,62,CDI,28 000 - 40 000 € / an,1 an,Bac +2,,"Commercial Sédentaire B To B H/F
Promotrans - CFA Arras",Promotrans - CFA Arras,True,,0.0,,0.0,False,"porteur de sens qui transforme le quotidien des personnes, l'univers de la Formation est fait pour v",2025-12-17T12:13:35.489360,True,il y a 28 jours,,
Emploi Commerce,https://www.hellowork.com/fr-fr/emplois/73786660.html,73786660,True,Les missions du poste,Lille,59,Alternance,"801,80 € / mois",12 mois,Bac +2,,"Assistant Commercial Automobile - Alternance H/F
Institut des Métiers Network - Lille",Institut des Métiers Network - Lille,True,,0.0,,0.0,False,,2025-12-17T12:13:47.367163,True,il y a 17 jours,,
Emploi Commerce,https://www.hellowork.com/fr-fr/emplois/73786658.html,73786658,True,Les missions du poste,Infos complémentaires,13,CDI,25 000 - 27 000 € / an,5 ans,Bac +2,1 à 5 ans,"Charge Clientele H/F
In'Li Aura",In'Li Aura,True,,0.0,,0.0,True,immobilier constitue un atout supplémentaire.,2025-12-17T12:14:01.096197,True,il y a 21 jours,,
Emploi Commerce,https://www.hellowork.com/fr-fr/emplois/73786656.html,73786656,True,Détail du poste,Atlantique,44,Temps partiel,50 000 - 100 000 € / an,7 ans,Bac +3,1 à 7 ans,"Courtier Indépendant 3.0 en Assurance H/F
Assentis",Assentis,True,,0.0,,0.0,True,,2025-12-17T12:14:11.665120,True,il y a 21 jours,,
Emploi Commerce,https://www.hellowork.com/fr-fr/emplois/73786654.html,73786654,True,Détail du poste,,,Temps partiel,50 000 - 100 000 € / an,7 ans,Bac +3,1 à 7 ans,"Courtier Indépendant 3.0 en Assurance H/F
Assentis",Assentis,True,,0.0,,0.0,True,,2025-12-17T12:14:22.132884,True,il y a 24 jours,,
Emploi Commerce,https://www.hellowork.com/fr-fr/emplois/73786655.html,73786655,True,Détail du poste,Essonne,91,Temps partiel,50 000 - 100 000 € / an,7 ans,Bac +3,1 à 7 ans,"Courtier Indépendant 3.0 en Assurance H/F
Assentis",Assentis,True,,0.0,,0.0,True,,2025-12-17T12:14:34.224942,True,,,
Emploi Commerce,https://www.hellowork.com/fr-fr/emplois/73786641.html,73786641,True,Détail du poste,Essonne,91,Temps partiel,50 000 - 100 000 € / an,7 ans,Bac +3,1 à 7 ans,"Courtier Indépendant 3.0 en Assurance H/F
Assentis",Assentis,True,,0.0,,0.0,True,,2025-12-17T12:14:44.870562,True,,,
Emploi Commerce,https://www.hellowork.com/fr-fr/emplois/73786639.html,73786639,True,Détail du poste,Rhône,69,Temps partiel,50 000 - 100 000 € / an,7 ans,Bac +3,1 à 7 ans,"Courtier Indépendant 3.0 en Assurance H/F
Assentis",Assentis,True,,0.0,,0.0,True,,2025-12-17T12:14:55.723679,True,il y a 13 jours,,
Emploi Commerce,https://www.hellowork.com/fr-fr/emplois/73786637.html,73786637,True,Détail du poste,,,Temps partiel,50 000 - 100 000 € / an,7 ans,Bac +3,1 à 7 ans,"Courtier Indépendant 3.0 en Assurance H/F
Assentis",Assentis,True,,0.0,,0.0,True,,2025-12-17T12:15:06.868977,True,,,
Emploi Commerce,https://www.hellowork.com/fr-fr/emplois/73786631.html,73786631,True,Les missions du poste,Ascq,59,Alternance,"802,25 € / mois",12 mois,Bac +2,,"Assistant Commercial Polyvalent - Alternance H/F
Institut des Métiers Network - Lille",Institut des Métiers Network - Lille,True,,0.0,,0.0,False,"s, recherche un(e) apprenti(e) Assistant(e) Commercial(e) polyvalent(e) souhaitant acquérir une expé",2025-12-17T12:15:18.163208,True,il y a 17 jours,,
Emploi Commerce,https://www.hellowork.com/fr-fr/emplois/73786625.html,73786625,True,Détail du poste,Paris,75,Temps partiel,50 000 - 100 000 € / an,7 ans,Bac +3,1 à 7 ans,"Courtier Indépendant 3.0 en Assurance H/F
Assentis",Assentis,True,,0.0,,0.0,True,,2025-12-17T12:15:29.932015,True,il y a 24 jours,,
Emploi Commerce,https://www.hellowork.com/fr-fr/emplois/73786624.html,73786624,True,Détail du poste,,,Temps partiel,50 000 - 100 000 € / an,7 ans,Bac +3,1 à 7 ans,"Courtier Indépendant 3.0 en Assurance H/F
Assentis",Assentis,True,,0.0,,0.0,True,,2025-12-17T12:15:41.873482,True,il y a 24 jours,,
Emploi Commerce,https://www.hellowork.com/fr-fr/emplois/73786585.html,73786585,True,Détail du poste,Strasbourg,67,CDI,35 000 - 45 000 € / an,13 mois,Bac +2,,"Animateur de Réseaux Partenaires Automobiles - Strasbourg 67000 H/F
Assurances Crédit Mutuel GIE",Assurances Crédit Mutuel GIE,True,,0.0,,0.0,True,automobile,2025-12-17T12:15:53.911940,True,il y a 28 jours,,
Emploi Commerce,https://www.hellowork.com/fr-fr/emplois/73786563.html,73786563,True,Détail du poste,Montgeron,91,CDI,36 000 - 42 000 € / an,,Bac +3,,"Charge - Chargee de Clientele Particuliers - Credit Mutuel Paris Batignolles H/F
CAISSE REGIONALE CREDIT MUTUEL ILE DE FRANCE",CAISSE REGIONALE CREDIT MUTUEL ILE DE FRANCE,True,,0.0,,0.0,True,,2025-12-17T12:16:06.024311,True,il y a 17 jours,,
Emploi Commerce,https://www.hellowork.com/fr-fr/emplois/73786482.html,73786482,True,Les missions du poste,Béziers,34,CDI,38 000 - 45 000 € / an,7 ans,Bac +3,1 à 7 ans,"Responsable de Portefeuille Comptable - Béziers 34 H/F
ODAS CONSEIL",ODAS CONSEIL,True,,0.0,,0.0,True,,2025-12-17T12:16:25.344081,True,,,
Emploi Commerce,https://www.hellowork.com/fr-fr/emplois/73786448.html,73786448,True,Les missions du poste,Bordeaux,33,CDI,37 000 - 43 000 € / an,7 ans,Bac +5,8 ans,"Responsable de Portefeuille Expertise Comptable - Mérignac 33 H/F
ODAS CONSEIL",ODAS CONSEIL,True,,0.0,,0.0,True,,2025-12-17T12:16:40.446674,True,il y a 19 jours,,
Emploi Commerce,https://www.hellowork.com/fr-fr/emplois/73786341.html,73786341,True,Détail du poste,Lyon,69,Temps partiel,,1 an,Bac +3,,"Courtier Indépendant 3.0 en Assurance Emprunteur H/F
Assentis",Assentis,True,,0.0,,0.0,True,,2025-12-17T12:19:26.598196,True,il y a 6 jours,,
Emploi Commerce,https://www.hellowork.com/fr-fr/emplois/73786331.html,73786331,True,Les missions du poste,Lille,59,Alternance,"801,80 € / mois",12 mois,Master,,"Alternance CAP - Employé Commercial en Distribution H/F
Institut des Métiers Network - Lille",Institut des Métiers Network - Lille,True,,0.0,,0.0,False,,2025-12-17T12:19:40.370269,True,il y a 29 jours,,
Emploi Commerce,https://www.hellowork.com/fr-fr/emplois/73786284.html,73786284,True,Les missions du poste,Rouen,76,CDI,50 000 - 60 000 € / an,2 ans,Bac +2,,"Responsable Commercial Contract Logistic H/F
MLR PARTNER",MLR PARTNER,True,,0.0,,0.0,True,"du transport et de la prestation logistique, un Responsable Commercial Contract Logistic situé dans",2025-12-17T12:19:55.312372,True,il y a 19 jours,,
Emploi Commerce,https://www.hellowork.com/fr-fr/emplois/73786282.html,73786282,True,Les missions du poste,Trévise,94,Alternance,1 800 - 1 900 € / mois,24 mois,BTS,,"Alternance - Commercial - BTS Mco H/F
Aureïs Formation",Aureïs Formation,True,,0.0,,0.0,False,"de la grande distribution, avec une forte dimension commerciale.",2025-12-17T12:20:07.624881,True,il y a 27 jours,,
Emploi Commerce,https://www.hellowork.com/fr-fr/emplois/73786274.html,73786274,True,Les missions du poste,Cestas,33,CDI,2 300 € / mois,5 ans,Bac +2,1 à 5 ans,"Technico- Commercial Itinerant - Industrie Btob H/F
Stockmeier France",Stockmeier France,True,,0.0,,0.0,True,Sud-Ouest.,2025-12-17T12:21:33.258625,True,il y a 13 jours,,
Emploi Commerce,https://www.hellowork.com/fr-fr/emplois/73786261.html,73786261,True,Les missions du poste,Paris,75,Alternance,750 - 1 350 € / mois,24 mois,BTS,,"Alternance - Chargé de Clientèle - BTS Mco H/F
Aureïs Formation",Aureïs Formation,True,,0.0,,0.0,True,bancaire et développer votre expertise en relation client ? Rejoignez une grande banque en tant que,2025-12-17T12:21:48.935567,True,,,
Emploi Commerce,https://www.hellowork.com/fr-fr/emplois/73786220.html,73786220,True,Les missions du poste,Perret,92,Stage,,6 mois,Bac +5,,"Stage Commercial Evènementiel - la Cité des Sciences H/F
Bertrand Hospitality",Bertrand Hospitality,True,,0.0,,0.0,False,,2025-12-17T12:22:00.661315,True,il y a 25 jours,,
Emploi Commerce,https://www.hellowork.com/fr-fr/emplois/73786205.html,73786205,True,Les missions du poste,Marne,77,Alternance,"774,77 - 954,95 € / mois",24 mois,BTS,,"Alternance - Assistant Commercial - BTS Mco H/F
Aureïs Formation",Aureïs Formation,True,,0.0,,0.0,False,,2025-12-17T12:22:12.250843,True,il y a 19 jours,,
Emploi Commerce,https://www.hellowork.com/fr-fr/emplois/73786200.html,73786200,True,Détail du poste,Épinal,88,CDI,55 000 - 65 000 € / an,,Bac +3,,"Responsable Commercial H/F
W Hunt",W Hunt,True,,0.0,,0.0,False,"s variés (agroalimentaire, industrie, e-commerce...).",2025-12-17T12:22:22.469612,True,il y a 5 jours,,
Emploi Commerce,https://www.hellowork.com/fr-fr/emplois/73786179.html,73786179,True,Les missions du poste,Paris,75,CDI,,4 ans,Bac +5,4 ans,"Business Manager Engineering Semaine de 4J H/F
TeamCo",TeamCo,True,,0.0,,0.0,True,INDUSTRIE / BTP / CONSTRUCTION / DEFENSE et développer les comptes Industriels Parisiens ...,2025-12-17T12:22:33.123710,True,il y a 26 jours,,
Emploi Commerce,https://www.hellowork.com/fr-fr/emplois/73786176.html,73786176,True,Les missions du poste,Trévise,94,CDD,"801,80 € / mois",24 mois,BTS,,"- Alternance - Chargé de Développement Commercial - Pme Spécialisée en Marketing Digital - BTS Mco H/F
Aureïs Formation",Aureïs Formation,True,,0.0,,0.0,False,,2025-12-17T12:22:43.874766,True,il y a 27 jours,,
Emploi Commerce,https://www.hellowork.com/fr-fr/emplois/73786169.html,73786169,True,Détail du poste,Atlantiques,64,CDI,2 500 - 7 000 € / mois,1 an,Bac +2,,"Commercial Btob - Pyrénées-Atlantiques 64 H/F
INNOTEC FRANCE",INNOTEC FRANCE,True,,0.0,,0.0,True,et partir à la conquête de nouveaux clients,2025-12-17T12:22:56.821754,True,il y a 27 jours,,
Emploi Commerce,https://www.hellowork.com/fr-fr/emplois/73786168.html,73786168,True,Les missions du poste,Trévise,94,Alternance,"801,80 € / mois",24 mois,BTS,,"Alternance - Business Developer - BTS Mco H/F
Aureïs Formation",Aureïs Formation,True,,0.0,,0.0,False,,2025-12-17T12:23:08.082218,True,il y a 19 jours,,
Emploi Commerce,https://www.hellowork.com/fr-fr/emplois/73786154.html,73786154,True,Les missions du poste,Yvelines,78,CDI,50 000 - 65 000 € / an,5 ans,Bac +2,,"Technico - Commercial Services à l'Industrie H/F
Shades",Shades,True,,0.0,,0.0,True,Energie • Environnement,2025-12-17T12:23:20.241451,True,il y a 21 jours,,
Emploi Commerce,https://www.hellowork.com/fr-fr/emplois/73786141.html,73786141,True,Les missions du poste,Trévise,94,Alternance,"801,80 € / mois",24 mois,BTS,,"Alternance - Conseiller Commercial - BTS Mco H/F
Aureïs Formation",Aureïs Formation,True,,0.0,,0.0,False,bancaire et commercial.,2025-12-17T12:23:34.295291,True,il y a 27 jours,,
Emploi Commerce,https://www.hellowork.com/fr-fr/emplois/73786132.html,73786132,True,Les missions du poste,Quimper,29,CDI,27 000 - 44 604 € / an,,Bac +2,,"Commercial Débutant H/F
Marvesting",Marvesting,True,,0.0,,0.0,True,géographique confié,2025-12-17T12:24:00.857533,True,il y a 26 jours,,
Emploi Commerce,https://www.hellowork.com/fr-fr/emplois/73786124.html,73786124,True,Les missions du poste,Malo,35,CDI,27 000 - 44 604 € / an,,Bac +2,,"Commercial Débutant H/F
Marvesting",Marvesting,True,,0.0,,0.0,True,géographique confié,2025-12-17T12:24:11.798807,True,il y a 27 jours,,
Emploi Commerce,https://www.hellowork.com/fr-fr/emplois/73786107.html,73786107,True,Les missions du poste,Brest,29,CDI,27 000 - 44 604 € / an,,Bac +2,,"Commercial Débutant H/F
Marvesting",Marvesting,True,,0.0,,0.0,True,géographique confié,2025-12-17T12:24:21.767188,True,il y a 23 jours,,
Emploi Commerce,https://www.hellowork.com/fr-fr/emplois/73786104.html,73786104,True,Les missions du poste,Concarneau,29,CDI,27 000 - 44 604 € / an,,Bac +2,,"Commercial Débutant H/F
Marvesting",Marvesting,True,,0.0,,0.0,True,géographique confié,2025-12-17T12:24:32.456077,True,il y a 26 jours,,
Emploi Commerce,https://www.hellowork.com/fr-fr/emplois/73786100.html,73786100,True,Les missions du poste,Landerneau,29,CDI,27 000 - 44 604 € / an,,Bac +2,,"Commercial Débutant H/F
Marvesting",Marvesting,True,,0.0,,0.0,True,géographique confié,2025-12-17T12:24:42.099793,True,il y a 23 jours,,
Emploi Commerce,https://www.hellowork.com/fr-fr/emplois/73786096.html,73786096,True,Détail du poste,Normandie,50,CDI,30 000 - 35 000 € / an,5 ans,Bac +2,1 à 5 ans,"Assistant Chargé d'Affaires H/F
Camo Groupe",Camo Groupe,True,,0.0,,0.0,True,,2025-12-17T12:25:11.531781,True,plus de 1 mois,,
Emploi Commerce,https://www.hellowork.com/fr-fr/emplois/73786070.html,73786070,True,Détail du poste,Mulhouse,68,CDI,12 - 15 € / heure,5 ans,Bac +2,1 à 5 ans,"Technico Commercial Sédentaire Bâtiment H/F
Camo Groupe",Camo Groupe,True,,0.0,,0.0,False,du bâtiment ainsi que des techniques commerciales et administratives associées.,2025-12-17T12:25:24.580683,True,il y a 14 jours,,
Emploi Commerce,https://www.hellowork.com/fr-fr/emplois/73786056.html,73786056,True,Les missions du poste,Fougères,35,CDI,27 000 - 44 604 € / an,,Bac +2,,"Commercial Débutant H/F
Marvesting",Marvesting,True,,0.0,,0.0,True,géographique confié,2025-12-17T12:25:37.058189,True,il y a 27 jours,,
Emploi Commerce,https://www.hellowork.com/fr-fr/emplois/73786050.html,73786050,True,Les missions du poste,Rennes,35,CDI,28 500 - 43 000 € / an,,Bac +2,,"Commercial Débutant H/F
Marvesting",Marvesting,True,,0.0,,0.0,True,géographique confié,2025-12-17T12:25:51.462793,True,il y a 27 jours,,
Emploi Commerce,https://www.hellowork.com/fr-fr/emplois/73786036.html,73786036,True,Détail du poste,Normandie,50,CDI,40 000 - 50 000 € / an,5 ans,Bac +5,1 à 5 ans,"Chargé d'Affaires H/F
Camo Groupe",Camo Groupe,True,,0.0,,0.0,False,industriel,2025-12-17T12:26:05.654546,True,,,
Emploi Commerce,https://www.hellowork.com/fr-fr/emplois/73786023.html,73786023,True,Les missions du poste,Bruz,35,CDI,28 500 - 43 000 € / an,,Bac +2,,"Commercial Débutant H/F
Marvesting",Marvesting,True,,0.0,,0.0,True,géographique confié,2025-12-17T12:26:19.484629,True,il y a 27 jours,,
Emploi Commerce,https://www.hellowork.com/fr-fr/emplois/73785985.html,73785985,True,Les missions du poste,Marly,59,CDI,43 800 - 62 500 € / an,3 ans,Bac +3,,"Responsable d'Affaires H/F
VINCI Energies France Infras IdF Nord Est",VINCI Energies France Infras IdF Nord Est,True,,0.0,,0.0,True,Energie • Environnement,2025-12-17T12:26:32.097071,True,il y a 19 jours,,
Emploi Commerce,https://www.hellowork.com/fr-fr/emplois/73785953.html,73785953,True,Les missions du poste,Trévise,94,Alternance,"801,80 € / mois",24 mois,BTS,,"Alternance - Conseiller Commercial - BTS Mco H/F
Aureïs Formation",Aureïs Formation,True,,0.0,,0.0,False,,2025-12-17T12:26:46.519356,True,il y a 27 jours,,
Emploi Commerce,https://www.hellowork.com/fr-fr/emplois/73785943.html,73785943,True,Les missions du poste,Marne,77,Alternance,"774,77 - 954,95 € / mois",24 mois,BTS,,"Alternance - Assistant Commercial - BTS Mco H/F
Aureïs Formation",Aureïs Formation,True,,0.0,,0.0,False,,2025-12-17T12:27:00.531659,True,il y a 19 jours,,
Emploi Commerce,https://www.hellowork.com/fr-fr/emplois/73785928.html,73785928,True,Les missions du poste,Monéteau,89,CDI,55 000 - 75 000 € / an,7 ans,Bac +5,1 à 7 ans,"Directeur Commercial Industrie du Bois H/F
Team.is",Team.is,True,,0.0,,0.0,True,,2025-12-17T12:27:11.067954,True,il y a 27 jours,,
Emploi Commerce,https://www.hellowork.com/fr-fr/emplois/73785895.html,73785895,True,Les missions du poste,Trévise,94,CDD,"801,80 € / mois",24 mois,BTS,,"Alternance - Chargé de Développement Commercial - BTS Mco H/F
Aureïs Formation",Aureïs Formation,True,,0.0,,0.0,False,,2025-12-17T12:27:24.092930,True,il y a 27 jours,,
Emploi Commerce,https://www.hellowork.com/fr-fr/emplois/73785876.html,73785876,True,Les missions du poste,Auxerre,89,CDI,55 000 - 75 000 € / an,7 ans,Bac +5,1 à 7 ans,"Directeur Commercial Industrie du Bois H/F
Team.is",Team.is,True,,0.0,,0.0,True,,2025-12-17T12:27:37.162818,True,il y a 27 jours,,
Emploi Commerce,https://www.hellowork.com/fr-fr/emplois/73785845.html,73785845,True,Les missions du poste,Trévise,94,Alternance,"801,80 € / mois",2 ans,Bac +2,,"Alternance - Conseiller Commercial - BTS Ndrc H/F
Aureïs Formation",Aureïs Formation,True,,0.0,,0.0,False,,2025-12-17T12:27:50.383585,True,il y a 27 jours,,
Emploi Commerce,https://www.hellowork.com/fr-fr/emplois/73785837.html,73785837,True,Les missions du poste,Marne,77,Alternance,"774,77 - 954,95 € / mois",24 mois,Bac +2,,"Alternance - Assistant Commercial Grands Comptes - BTS Ndrc H/F
Aureïs Formation",Aureïs Formation,True,,0.0,,0.0,False,,2025-12-17T12:28:02.677130,True,il y a 19 jours,,
Emploi Commerce,https://www.hellowork.com/fr-fr/emplois/73785836.html,73785836,True,Les missions du poste,Trévise,94,Alternance,"801,80 € / mois",24 mois,Bac +2,,"Alternance - Business Developer - BTS Ndrc H/F
Aureïs Formation",Aureïs Formation,True,,0.0,,0.0,False,,2025-12-17T12:28:18.028835,True,il y a 27 jours,,
Emploi Commerce,https://www.hellowork.com/fr-fr/emplois/73785835.html,73785835,True,Les missions du poste,Guyancourt,78,Alternance,"801,80 € / mois",2 ans,Bac +2,,"Alternance - Animateur Commercial - BTS Ndrc H/F
Aureïs Formation",Aureïs Formation,True,,0.0,,0.0,False,,2025-12-17T12:28:31.527370,True,il y a 11 jours,,
Emploi Commerce,https://www.hellowork.com/fr-fr/emplois/73785833.html,73785833,True,Les missions du poste,Trévise,94,Alternance,1 800 - 1 900 € / mois,2 ans,Bac +2,,"Alternance - Commercial - BTS Ndrc H/F
Aureïs Formation",Aureïs Formation,True,,0.0,,0.0,False,,2025-12-17T12:28:45.515808,True,il y a 27 jours,,
Emploi Commerce,https://www.hellowork.com/fr-fr/emplois/73785831.html,73785831,True,Les missions du poste,Trévise,94,CDD,"801,80 € / mois",2 ans,Bac +2,,"Alternance - Chargé du Développement Commercial -BTS Ndrc H/F
Aureïs Formation",Aureïs Formation,True,,0.0,,0.0,False,,2025-12-17T12:28:58.948614,True,il y a 27 jours,,
Emploi Commerce,https://www.hellowork.com/fr-fr/emplois/73785830.html,73785830,True,Les missions du poste,Paris,75,Alternance,774 - 954 € / mois,2 ans,Bac +2,,"Alternance - Commercial - BTS Ndrc H/F
Aureïs Formation",Aureïs Formation,True,,0.0,,0.0,False,,2025-12-17T12:29:11.850008,True,,,
Emploi Distribution,https://www.hellowork.com/fr-fr/emplois/73785319.html,73785319,True,Détail du poste,Paris,18,CDI,"11,88 € / heure",5 mois,"BEP, CAP",1 an,"Employé de Rayon Libre Service en Pharmacie H/F
LIP Tertiaire",LIP Tertiaire,True,,0.0,,0.0,False,Entreprises Distribution,2025-12-17T12:29:48.533077,True,il y a 28 jours,,
Emploi Distribution,https://www.hellowork.com/fr-fr/emplois/73785293.html,73785293,True,Détail du poste,Malmaison,92,CDI,1 700 € / mois,1 an,"BEP, CAP",1 an,"Employé de Rayon Libre Service en Pharmacie H/F
LIP Tertiaire",LIP Tertiaire,True,,0.0,,0.0,False,,2025-12-17T12:30:00.754621,True,il y a 28 jours,,
Emploi Distribution,https://www.hellowork.com/fr-fr/emplois/73785291.html,73785291,True,Détail du poste,Yvette,91,CDI,"11,88 € / heure",2 mois,"BEP, CAP",,"Employé de Rayon Libre Service en Pharmacie H/F
LIP Tertiaire",LIP Tertiaire,True,,0.0,,0.0,False,Entreprises Distribution,2025-12-17T12:30:14.867828,True,il y a 28 jours,,
Emploi Distribution,https://www.hellowork.com/fr-fr/emplois/73785284.html,73785284,True,Détail du poste,Malmaison,92,CDI,1 700 € / mois,1 an,"BEP, CAP",1 an,"Employé de Rayon Libre Service en Pharmacie H/F
LIP Tertiaire",LIP Tertiaire,True,,0.0,,0.0,False,,2025-12-17T12:30:28.431077,True,il y a 28 jours,,
Emploi Distribution,https://www.hellowork.com/fr-fr/emplois/73785261.html,73785261,True,Détail du poste,Paris,18,CDI,"11,88 € / heure",2 mois,"BEP, CAP",1 an,"Employé de Rayon Libre Service en Pharmacie H/F
LIP Tertiaire",LIP Tertiaire,True,,0.0,,0.0,False,Entreprises Distribution,2025-12-17T12:30:40.531418,True,il y a 28 jours,,
Emploi Distribution,https://www.hellowork.com/fr-fr/emplois/73785204.html,73785204,True,Détail du poste,Collégien,77,CDI,"11,88 € / heure",5 mois,"BEP, CAP",1 an,"Employé de Rayon Libre Service en Pharmacie H/F
LIP Tertiaire",LIP Tertiaire,True,,0.0,,0.0,False,Entreprises Distribution,2025-12-17T12:30:53.316066,True,il y a 28 jours,,
Emploi Distribution,https://www.hellowork.com/fr-fr/emplois/73785173.html,73785173,True,Les missions du poste,Lunel,34,Alternance,"801,80 € / mois",1 an,Bac +2,,"Employé Commercial en Alternance H/F
INTED GROUP (IEG)",INTED GROUP (IEG),True,,0.0,,0.0,False,,2025-12-17T12:31:06.232183,True,il y a 3 jours,,
Emploi Distribution,https://www.hellowork.com/fr-fr/emplois/73785165.html,73785165,True,Détail du poste,Nîmes,30,CDI,"12,47 € / heure",1 an,"BEP, CAP",1 an,"Employé Libre Service H/F
McCormick Merchandising France",McCormick Merchandising France,True,,0.0,,0.0,False,pour faciliter la gestion de la commande,2025-12-17T12:31:18.708879,True,il y a 18 jours,,
Emploi Distribution,https://www.hellowork.com/fr-fr/emplois/73785162.html,73785162,True,Les missions du poste,Cannes,06,CDI,2 000 - 2 500 € / mois,1 an,Bac +2,,"Manager de Magasin Domino'S Pizza - Cannes H/F
Jobmania",Jobmania,True,,0.0,,0.0,False,,2025-12-17T12:31:31.087371,True,il y a 19 jours,,
Emploi Distribution,https://www.hellowork.com/fr-fr/emplois/73785160.html,73785160,True,Détail du poste,Orléans,45,CDI,3 500 - 3 800 € / mois,5 ans,Bac +3,,"Responsable de Zone H/F
123 Pare-Brise",123 Pare-Brise,True,,0.0,,0.0,True,du vitrage de 4 ans minimum,2025-12-17T12:31:45.996860,True,il y a 28 jours,,
Emploi Distribution,https://www.hellowork.com/fr-fr/emplois/73785155.html,73785155,True,Les missions du poste,Nice,06,CDI,2 000 - 2 500 € / mois,1 an,Bac +2,,"Manager de Magasin Domino'S Pizza - Nice H/F
Jobmania",Jobmania,True,,0.0,,0.0,False,,2025-12-17T12:31:58.476304,True,il y a 29 jours,,
Emploi Distribution,https://www.hellowork.com/fr-fr/emplois/73785052.html,73785052,True,Détail du poste,Moselle,57,CDI,"12,47 € / heure",1 an,"BEP, CAP",1 an,"Employé Libre Service H/F
McCormick Merchandising France",McCormick Merchandising France,True,,0.0,,0.0,False,de HAUCONCOURT pour un contrat à temps-partiel de 11H00 /semaine pour visiter les magasins:,2025-12-17T12:32:11.146061,True,il y a 26 jours,,
Emploi Distribution,https://www.hellowork.com/fr-fr/emplois/73784693.html,73784693,True,Détail du poste,Charensac,43,CDD,12 € / heure,1 an,Bac +2,,"Employé de Libre-Service H/F
Vocation Recrutement",Vocation Recrutement,True,,0.0,,0.0,False,,2025-12-17T12:32:30.777345,True,il y a 8 jours,,
Emploi Distribution,https://www.hellowork.com/fr-fr/emplois/73784645.html,73784645,True,Détail du poste,Séez,73,CDI,12 € / heure,1 an,Bac +2,,"Employé de Libre-Service H/F
Vocation Recrutement",Vocation Recrutement,True,,0.0,,0.0,False,,2025-12-17T12:32:47.509984,True,il y a 19 jours,,
Emploi Distribution,https://www.hellowork.com/fr-fr/emplois/73783386.html,73783386,True,Les missions du poste,Chambéry,73,CDI,21 622 - 21 730 € / an,100 ans,"BEP, CAP",,"Hôte de Caisse et d'Accueil H/F
Intersport",Intersport,True,,0.0,,0.0,False,,2025-12-17T12:33:00.197864,True,il y a 26 jours,,
Emploi Distribution,https://www.hellowork.com/fr-fr/emplois/73783337.html,73783337,True,Les missions du poste,Marseille,13,CDI,21 622 - 24 000 € / an,1 mois,Bac,,"Employe Commercial H/F
Groupement Mousquetaires",Groupement Mousquetaires,True,,0.0,,0.0,True,,2025-12-17T12:33:15.666011,True,il y a 21 jours,,
Emploi Distribution,https://www.hellowork.com/fr-fr/emplois/73783339.html,73783339,True,Les missions du poste,Domarin,38,CDI,21 622 - 23 860 € / an,,"BEP, CAP",,"Employe Commercial CDI Rayon Frais LS 6J - 7 Matin H/F
Groupement Mousquetaires",Groupement Mousquetaires,True,,0.0,,0.0,True,,2025-12-17T12:33:28.772836,True,il y a 27 jours,,
Emploi Distribution,https://www.hellowork.com/fr-fr/emplois/73783266.html,73783266,True,Détail du poste,Azergues,69,CDI,1 700 - 1 800 € / mois,,"BEP, CAP",,"Employé - Employée de Libre-Service H/F
Temporis Interim",Temporis Interim,True,,0.0,,0.0,False,,2025-12-17T12:33:43.137025,True,il y a 24 jours,,
Emploi Distribution,https://www.hellowork.com/fr-fr/emplois/73783110.html,73783110,True,Les missions du poste,Beauvoisin,38,CDI,25 700 - 35 500 € / an,5 ans,Bac +2,3 à 5 ans,"Manager Rayon Epicerie H/F
E.Leclerc",E.Leclerc,True,,0.0,,0.0,False,,2025-12-17T12:33:58.095753,True,il y a 16 jours,,
Emploi Distribution,https://www.hellowork.com/fr-fr/emplois/73783103.html,73783103,True,Détail du poste,Châtaigneraie,85,CDI,"11,88 € / heure",1 an,"BEP, CAP",,"Employé de Libre Service H/F
Iziwork",Iziwork,True,,0.0,,0.0,False,,2025-12-17T12:34:09.340541,True,il y a 26 jours,,
Emploi Distribution,https://www.hellowork.com/fr-fr/emplois/73789559.html,73789559,True,Détail du poste,Quimper,29,CDI,1 266 - 1 847 € / mois,6 mois,"BEP, CAP",,"Employé de Magasin H/F
Action France",Action France,True,,0.0,,0.0,False,,2025-12-17T12:34:40.738987,True,il y a 25 jours,,
Emploi Distribution,https://www.hellowork.com/fr-fr/emplois/73789519.html,73789519,True,Détail du poste,Amboise,37,CDI,1 266 - 1 847 € / mois,6 mois,"BEP, CAP",,"Employé de Magasin H/F
Action France",Action France,True,,0.0,,0.0,False,,2025-12-17T12:34:53.247004,True,il y a 21 jours,,
Emploi Distribution,https://www.hellowork.com/fr-fr/emplois/73789159.html,73789159,True,Les missions du poste,Montauban,82,CDI,30 000 - 38 000 € / an,4 ans,Bac +3,1 à 4 ans,"Directeur Adjoint de Magasin H/F
Carter-Cash",Carter-Cash,True,,0.0,,0.0,False,,2025-12-17T12:35:11.483556,True,il y a 27 jours,,
Emploi Distribution,https://www.hellowork.com/fr-fr/emplois/73789126.html,73789126,True,Détail du poste,Montélimar,26,Alternance,450 - 1 850 € / mois,7 mois,Bac +5,,"Employé Commercial - Titre Pro Amum H/F
Alternance Valence",Alternance Valence,True,,0.0,,0.0,False,", garantissant une pédagogie concrète, tournée vers l'employabilité et la montée en compétences.",2025-12-17T12:35:27.996520,True,il y a 22 jours,,
Emploi Distribution,https://www.hellowork.com/fr-fr/emplois/73789118.html,73789118,True,Les missions du poste,Lez,34,CDI,,2 ans,Bac +2,,"Manager Drive H/F
U Magasins",U Magasins,True,,0.0,,0.0,False,,2025-12-17T12:35:53.663343,True,il y a 20 jours,,
Emploi Distribution,https://www.hellowork.com/fr-fr/emplois/73789112.html,73789112,True,Les missions du poste,Gertwiller,67,CDI,1 861 € / mois,2 ans,"BEP, CAP",,"Employé Commercial Rayon Epicerie H/F
U Magasins",U Magasins,True,,0.0,,0.0,False,,2025-12-17T12:36:06.708414,True,il y a 29 jours,,
Emploi Distribution,https://www.hellowork.com/fr-fr/emplois/73789106.html,73789106,True,Les missions du poste,Fegersheim,67,CDI,30 000 - 38 000 € / an,4 ans,Bac +3,1 à 4 ans,"Directeur Adjoint de Magasin H/F
Carter-Cash",Carter-Cash,True,,0.0,,0.0,False,,2025-12-17T12:36:23.506253,True,il y a 19 jours,,
Emploi Distribution,https://www.hellowork.com/fr-fr/emplois/73789104.html,73789104,True,Les missions du poste,Pévèle,59,CDI,25 500 - 35 200 € / an,,Bac +2,,"Manager de Rayon Eldph H/F
U Magasins",U Magasins,True,,0.0,,0.0,False,,2025-12-17T12:36:39.077359,True,il y a 29 jours,,
Emploi Distribution,https://www.hellowork.com/fr-fr/emplois/73789094.html,73789094,True,Les missions du poste,Dijon,21,CDI,18 € / heure,7 ans,Bac +2,,"Manager Drive H/F
HOCJOB",HOCJOB,True,,0.0,,0.0,False,,2025-12-17T12:36:52.681958,True,il y a 9 jours,,
Emploi Distribution,https://www.hellowork.com/fr-fr/emplois/73789084.html,73789084,True,Les missions du poste,Gertwiller,67,CDI,1 892 € / mois,2 ans,"BEP, CAP",,"Employé Commercial Produits Frais Libre Service H/F
U Magasins",U Magasins,True,,0.0,,0.0,False,,2025-12-17T12:37:04.990859,True,il y a 29 jours,,
Emploi Distribution,https://www.hellowork.com/fr-fr/emplois/73789078.html,73789078,True,Les missions du poste,Anjou,49,CDI,21 622 - 23 860 € / an,,"BEP, CAP",,"Employé Commercial Eldph H/F
U Magasins",U Magasins,True,,0.0,,0.0,False,,2025-12-17T12:37:17.467053,True,il y a 27 jours,,
Emploi Distribution,https://www.hellowork.com/fr-fr/emplois/73789076.html,73789076,True,Les missions du poste,Bazar,30,CDI,"801,80 - 2 432 € / mois",2 ans,"BEP, CAP",,"Employé Commercial Bazar - 30 Heures H/F
U Magasins",U Magasins,True,,0.0,,0.0,False,,2025-12-17T12:37:30.669661,True,il y a 21 jours,,
Emploi Distribution,https://www.hellowork.com/fr-fr/emplois/73789036.html,73789036,True,Les missions du poste,Dijon,21,CDI,2 000 - 2 100 € / mois,7 ans,Bac +2,,"Manager Pgc H/F
HOCJOB",HOCJOB,True,,0.0,,0.0,False,GMS H/F,2025-12-17T12:37:44.024868,True,il y a 1 jour,,
Emploi Distribution,https://www.hellowork.com/fr-fr/emplois/73789031.html,73789031,True,Les missions du poste,Caille,74,CDI,25 700 - 35 000 € / an,,Bac +2,,"Manager de Rayon Fruits et Légumes . H/F
U Magasins",U Magasins,True,,0.0,,0.0,False,,2025-12-17T12:37:57.534562,True,il y a 22 jours,,
Emploi Distribution,https://www.hellowork.com/fr-fr/emplois/73789027.html,73789027,True,Les missions du poste,Laval,69,CDI,1 950 - 2 100 € / mois,2 ans,"BEP, CAP",,"Employé Commercial Produits Frais Libre Service H/F
U Magasins",U Magasins,True,,0.0,,0.0,False,,2025-12-17T12:38:10.593954,True,il y a 27 jours,,
Emploi Distribution,https://www.hellowork.com/fr-fr/emplois/73789019.html,73789019,True,Les missions du poste,Huningue,68,CDI,28 300 - 45 100 € / an,2 ans,Bac +2,,"Adjoint Manager de Caisses Confirmé H/F
U Magasins",U Magasins,True,,0.0,,0.0,False,,2025-12-17T12:38:23.185811,True,il y a 15 jours,,
Emploi Distribution,https://www.hellowork.com/fr-fr/emplois/73789012.html,73789012,True,Détail du poste,Vénissieux,69,CDI,45 800 - 79 200 € / an,,Bac +3,,"Service Area Manager - Governance & IT Services Management H/F
Volvo Group",Volvo Group,True,,0.0,,0.0,True,s où c’est applicable,2025-12-17T12:38:40.499541,True,il y a 25 jours,,
Emploi Distribution,https://www.hellowork.com/fr-fr/emplois/73789011.html,73789011,True,Les missions du poste,Corcy,01,CDI,25 700 - 35 000 € / an,5 ans,Bac +2,,"Manager de Rayon Fruits et Légumes H/F
U Magasins",U Magasins,True,,0.0,,0.0,False,,2025-12-17T12:38:52.888462,True,il y a 29 jours,,
Emploi Distribution,https://www.hellowork.com/fr-fr/emplois/73788961.html,73788961,True,Les missions du poste,Arcs,83,CDI,1 802 - 1 988 € / mois,3 mois,"BEP, CAP",,"Employé Commercial Produits Frais Libre Service H/F
U Magasins",U Magasins,True,,0.0,,0.0,False,,2025-12-17T12:39:06.431908,True,il y a 19 jours,,
Emploi Distribution,https://www.hellowork.com/fr-fr/emplois/73788947.html,73788947,True,Les missions du poste,Carentoir,56,CDI,25 400 - 33 100 € / an,,Bac +2,,"Manager de Rayon Produits Frais Libre Service H/F
U Magasins",U Magasins,True,,0.0,,0.0,False,,2025-12-17T12:39:18.954109,True,il y a 5 jours,,
Emploi Distribution,https://www.hellowork.com/fr-fr/emplois/73788941.html,73788941,True,Les missions du poste,Avé,56,CDI,24 400 - 31 800 € / an,1 mois,Bac +2,,"Adjoint au Manager de Rayon Épicerie H/F
U Magasins",U Magasins,True,,0.0,,0.0,False,,2025-12-17T12:39:49.496279,True,il y a 3 jours,,
Emploi Distribution,https://www.hellowork.com/fr-fr/emplois/73788940.html,73788940,True,Les missions du poste,Anjou,49,CDI,21 622 - 21 730 € / an,,"BEP, CAP",,"Hôte de Caisse H/F
U Magasins",U Magasins,True,,0.0,,0.0,False,,2025-12-17T12:40:02.498274,True,il y a 22 jours,,
Emploi Distribution,https://www.hellowork.com/fr-fr/emplois/73788908.html,73788908,True,Détail du poste,Dax,40,CDD,"11,88 € / heure",1 an,"BEP, CAP",,"Merchandiser H/F
MGS Sales & Marketing",MGS Sales & Marketing,True,,0.0,,0.0,True,,2025-12-17T12:40:14.688082,True,il y a 29 jours,,
Emploi Distribution,https://www.hellowork.com/fr-fr/emplois/73788875.html,73788875,True,Détail du poste,Dax,40,CDD,"11,88 € / heure",1 an,"BEP, CAP",,"Merchandiser H/F
MGS Sales & Marketing",MGS Sales & Marketing,True,,0.0,,0.0,True,,2025-12-17T12:40:28.101505,True,il y a 29 jours,,
Emploi Distribution,https://www.hellowork.com/fr-fr/emplois/73788853.html,73788853,True,Les missions du poste,Marne,51,CDI,40 000 - 60 000 € / an,3 ans,Bac +2,,"Responsable de Secteur H/F
Blanchon",Blanchon,True,,0.0,,0.0,True,"PRO H/F Région Haut de France - Grand Est en CDI affecté(e) sur les départements 02, 08, 10, 51, 59",2025-12-17T12:40:41.534225,True,,,
Emploi Distribution,https://www.hellowork.com/fr-fr/emplois/73787310.html,73787310,True,Détail du poste,Ploërmel,56,CDI,1 950 € / mois,3 ans,Bac +2,2 ans,"Responsable Adjoint de Magasin H/F
Boulangerie Louise",Boulangerie Louise,True,,0.0,,0.0,False,,2025-12-17T12:40:53.465473,True,il y a 3 jours,,
Emploi Distribution,https://www.hellowork.com/fr-fr/emplois/73787271.html,73787271,True,Les missions du poste,Angoulême,16,Alternance,750 - 1 100 € / mois,24 mois,Bac +3,,"Employé de Libre-Service en Alternance H/F
GROUPE ALTERNANCE ANGOULÊME",GROUPE ALTERNANCE ANGOULÊME,True,,0.0,,0.0,False,,2025-12-17T12:41:09.452547,True,,,
Emploi Distribution,https://www.hellowork.com/fr-fr/emplois/73787225.html,73787225,True,Les missions du poste,Englos,59,Alternance,"801,80 € / mois",1 an,Bac +2,,"Manager d'Unité Marchande en Alternance - Secteur Grande Distribution H/F
Institut des Métiers Network - Lille",Institut des Métiers Network - Lille,True,,0.0,,0.0,False,Grande Distribution H/F,2025-12-17T12:41:23.621971,True,il y a 20 jours,,
Emploi Distribution,https://www.hellowork.com/fr-fr/emplois/73787147.html,73787147,True,Les missions du poste,Ascq,59,Alternance,702 - 1 801 € / mois,12 mois,Bac +2,,"Alternance CAP - Employé de Libre-Service H/F
Institut des Métiers Network - Lille",Institut des Métiers Network - Lille,True,,0.0,,0.0,False,,2025-12-17T12:41:36.933357,True,il y a 8 jours,,
Emploi Distribution,https://www.hellowork.com/fr-fr/emplois/73787100.html,73787100,True,Les missions du poste,Biscarrosse,40,CDI,"14 - 16,50 € / heure",1 an,"BEP, CAP",,"Responsable Boucherie H/F
Work 2000 Pau",Work 2000 Pau,True,,0.0,,0.0,False,,2025-12-17T12:41:49.005429,True,il y a 10 jours,,
Emploi Distribution,https://www.hellowork.com/fr-fr/emplois/73787098.html,73787098,True,Détail du poste,Dax,40,CDI,"12,50 - 15 € / heure",3 ans,"BEP, CAP",,"Responsable Marée H/F
Work 2000 Pau",Work 2000 Pau,True,,0.0,,0.0,False,,2025-12-17T12:42:01.883175,True,il y a 16 jours,,
Emploi Distribution,https://www.hellowork.com/fr-fr/emplois/73787092.html,73787092,True,Les missions du poste,Mérignac,33,CDI,25 100 - 31 500 € / an,13 mois,"BEP, CAP",,"Adjoint au Responsable de Magasin H/F
Picard Surgelés",Picard Surgelés,True,,0.0,,0.0,False,,2025-12-17T12:42:14.682261,True,il y a 25 jours,,
Emploi Distribution,https://www.hellowork.com/fr-fr/emplois/73787091.html,73787091,True,Les missions du poste,Beaucaire,30,CDI,1 802 € / mois,100 ans,"BEP, CAP",,"Hôte de Caisse Accueil & Administratif H/F
Intersport",Intersport,True,,0.0,,0.0,False,,2025-12-17T12:42:29.469591,True,il y a 27 jours,,
Emploi Distribution,https://www.hellowork.com/fr-fr/emplois/73787082.html,73787082,True,Les missions du poste,Vergers,10,CDI,"12,24 € / heure",3 mois,Bac,,"Employe de Rayon Epicerie H/F
Grand Frais Epicerie",Grand Frais Epicerie,True,,0.0,,0.0,False,,2025-12-17T12:43:01.972660,True,il y a 10 jours,,
Emploi Distribution,https://www.hellowork.com/fr-fr/emplois/73787076.html,73787076,True,Les missions du poste,Mende,48,CDI,24 500 - 33 800 € / an,3 ans,Bac +3,,"Responsable de Rayons H/F
Intersport",Intersport,True,,0.0,,0.0,False,de la distribution d'articles de sport.,2025-12-17T12:43:14.507654,True,,,
Emploi Distribution,https://www.hellowork.com/fr-fr/emplois/73786949.html,73786949,True,Les missions du poste,Sallanches,74,CDI,"11,88 - 11,90 € / heure",1 mois,"BEP, CAP",,"Péager H/F
Arve Intérim",Arve Intérim,True,,0.0,,0.0,False,,2025-12-17T12:43:28.189338,True,il y a 28 jours,,
Emploi Distribution,https://www.hellowork.com/fr-fr/emplois/73786841.html,73786841,True,Les missions du poste,Méricourt,62,Alternance,"801,80 € / mois",1 an,"BEP, CAP",,"Contrat d'Apprentissage Employe Commercial Frais Libre Service H/F
Groupement Mousquetaires",Groupement Mousquetaires,True,,0.0,,0.0,True,,2025-12-17T12:43:39.984335,True,il y a 29 jours,,
Emploi Distribution,https://www.hellowork.com/fr-fr/emplois/73786835.html,73786835,True,Les missions du poste,Cernay,68,CDI,"11,88 € / heure",18 mois,"BEP, CAP",,"Hôte de Caisse Nemo H/F
Working Spirit",Working Spirit,True,,0.0,,0.0,False,de Cernay et ses environs (H/F) :,2025-12-17T12:43:53.310712,True,il y a 26 jours,,
Emploi Distribution,https://www.hellowork.com/fr-fr/emplois/73786829.html,73786829,True,Les missions du poste,Lyon,69,CDI,2 132 - 2 400 € / mois,7 ans,"BEP, CAP",1 à 7 ans,"Responsable de Boutique en Boulangerie-Pâtisserie - Réf Rb69xr H/F
Boulangerie Augustin",Boulangerie Augustin,True,,0.0,,0.0,False,"qui vous assistera, vous développerez votre chiffre d'affaires à travers la conquête clients et l'au",2025-12-17T12:44:28.415614,True,il y a 12 jours,,
Emploi Distribution,https://www.hellowork.com/fr-fr/emplois/73786814.html,73786814,True,Les missions du poste,Beaumont,62,Alternance,702 - 1 802 € / mois,1 an,Bac +2,,"Employé·e Commercial·e en Alternance - Hénin Beaumont H/F
Institut des Métiers Network - Lille",Institut des Métiers Network - Lille,True,,0.0,,0.0,False,,2025-12-17T12:44:42.768779,True,il y a 29 jours,,
Emploi Distribution,https://www.hellowork.com/fr-fr/emplois/73786796.html,73786796,True,Les missions du poste,Lens,62,Alternance,702 - 1 801 € / mois,1 an,Bac +2,,"Employé·e Commercial·e en Alternance - Lens H/F
Institut des Métiers Network - Lille",Institut des Métiers Network - Lille,True,,0.0,,0.0,False,,2025-12-17T12:44:57.096904,True,il y a 7 jours,,
Emploi Distribution,https://www.hellowork.com/fr-fr/emplois/73786560.html,73786560,True,Détail du poste,Seine,92,CDI,36 400 - 41 600 € / an,,Bac +2,,"Directeur.Rirce Régionale Centre - Est - Maison 123 H/F
MAISON 123",MAISON 123,True,,0.0,,0.0,False,,2025-12-17T12:45:09.844848,True,il y a 10 jours,,
Emploi Distribution,https://www.hellowork.com/fr-fr/emplois/73786528.html,73786528,True,Détail du poste,Marseille,13,CDI,25 000 - 29 000 € / an,3 mois,Bac +2,,"Responsable Secteur Magasin H/F
Chronodrive",Chronodrive,True,,0.0,,0.0,True,Magasin H/F,2025-12-17T12:45:25.659332,True,il y a 1 jour,,
Emploi Distribution,https://www.hellowork.com/fr-fr/emplois/73786525.html,73786525,True,Les missions du poste,Bordeaux,33,CDI,2 000 - 2 300 € / mois,2 ans,Bac +2,,"Chef Pâtisserie H/F
HIVELY HOSPITALITY",HIVELY HOSPITALITY,True,,0.0,,0.0,True,,2025-12-17T12:45:41.124396,True,il y a 12 jours,,
Emploi Distribution,https://www.hellowork.com/fr-fr/emplois/73786320.html,73786320,True,Les missions du poste,Lille,59,Alternance,"802,25 € / mois",12 mois,"BEP, CAP",,"Alternance CAP- Employé de Libre-Service H/F
Institut des Métiers Network - Lille",Institut des Métiers Network - Lille,True,,0.0,,0.0,False,du commerce et du service.,2025-12-17T12:45:55.133509,True,il y a 29 jours,,
Emploi Distribution,https://www.hellowork.com/fr-fr/emplois/73786250.html,73786250,True,Les missions du poste,Thionville,57,CDD,"11,88 € / heure",,,,"Merchandiser Employe Libre Service H/F
IDAL",IDAL,True,,0.0,,0.0,False,,2025-12-17T12:46:10.722916,True,il y a 26 jours,,
Emploi Distribution,https://www.hellowork.com/fr-fr/emplois/73786249.html,73786249,True,Détail du poste,Montgeron,91,CDI,14 - 16 € / heure,3 ans,Bac,,"Responsable en Charcuterie H/F
Onework",Onework,True,,0.0,,0.0,False,,2025-12-17T12:46:30.359521,True,il y a 6 jours,,
Emploi Distribution,https://www.hellowork.com/fr-fr/emplois/73786243.html,73786243,True,Les missions du poste,Wasquehal,59,CDI,"11,88 € / heure",1 an,"BEP, CAP",,"Merchandiser H/F
MGS Sales & Marketing",MGS Sales & Marketing,True,,0.0,,0.0,True,,2025-12-17T12:46:47.855902,True,il y a 14 jours,,
Emploi Distribution,https://www.hellowork.com/fr-fr/emplois/73786202.html,73786202,True,Les missions du poste,Wasquehal,59,CDD,"11,88 € / heure",1 an,"BEP, CAP",,"Merchandiser H/F
MGS Sales & Marketing",MGS Sales & Marketing,True,,0.0,,0.0,True,,2025-12-17T12:47:01.184372,True,il y a 14 jours,,
Emploi Distribution,https://www.hellowork.com/fr-fr/emplois/73786183.html,73786183,True,Détail du poste,Cotentin,50,CDD,"11,88 € / heure",,Bac +2,,"Merchandiseur - Secteur Tourlaville H/F
Demosthene",Demosthene,True,,0.0,,0.0,False,Tourlaville H/F,2025-12-17T12:47:14.229690,True,il y a 25 jours,,
Emploi Distribution,https://www.hellowork.com/fr-fr/emplois/73786177.html,73786177,True,Les missions du poste,Essonnes,91,Alternance,"801,78 € / mois",24 mois,Bac +2,,"Alternance - Responsable Adjoint de Magasin - BTS Mco H/F
Aureïs Formation",Aureïs Formation,True,,0.0,,0.0,False,,2025-12-17T12:47:27.937078,True,il y a 8 jours,,
Emploi Distribution,https://www.hellowork.com/fr-fr/emplois/73786130.html,73786130,True,Détail du poste,Villé,67,CDI,"11,88 € / heure",4 mois,"BEP, CAP",,"Employé Libre Service Rayons Surgelés H/F
Camo Groupe",Camo Groupe,True,,0.0,,0.0,False,,2025-12-17T12:47:38.349883,True,il y a 26 jours,,
Emploi Distribution,https://www.hellowork.com/fr-fr/emplois/73786121.html,73786121,True,Détail du poste,Villé,67,CDI,"11,88 € / heure",4 mois,"BEP, CAP",,"Employé Libre Service Rayons Fruits et Légumes H/F
Camo Groupe",Camo Groupe,True,,0.0,,0.0,False,,2025-12-17T12:47:49.088910,True,il y a 26 jours,,
Emploi Distribution,https://www.hellowork.com/fr-fr/emplois/73786120.html,73786120,True,Détail du poste,Villé,67,CDI,"11,88 € / heure",,"BEP, CAP",,"Employé Libre Service Rayons Produits Frais H/F
Camo Groupe",Camo Groupe,True,,0.0,,0.0,False,,2025-12-17T12:48:01.960524,True,il y a 26 jours,,
Emploi Distribution,https://www.hellowork.com/fr-fr/emplois/73786116.html,73786116,True,Détail du poste,Wittelsheim,68,CDI,"11,88 € / heure",3 mois,"BEP, CAP",,"Hôte de Caisse H/F
Camo Groupe",Camo Groupe,True,,0.0,,0.0,False,,2025-12-17T12:48:16.415660,True,il y a 26 jours,,
Emploi Distribution,https://www.hellowork.com/fr-fr/emplois/73786113.html,73786113,True,Détail du poste,Villé,67,CDI,"11,88 € / heure",4 mois,"BEP, CAP",,"Employé Libre Service Rayon Épicerie H/F
Camo Groupe",Camo Groupe,True,,0.0,,0.0,False,,2025-12-17T12:48:31.244619,True,il y a 26 jours,,
Emploi Distribution,https://www.hellowork.com/fr-fr/emplois/73786090.html,73786090,True,Les missions du poste,Melun,77,CDI,"133,03 - 3 000 € / mois",,Bac +2,,"Chef de Secteur « Produits Grande Consommation » H/F
Marvesting",Marvesting,True,,0.0,,0.0,True,« Produits Grande Consommation » H/F,2025-12-17T12:48:46.378062,True,il y a 25 jours,,
Emploi Distribution,https://www.hellowork.com/fr-fr/emplois/73786081.html,73786081,True,Détail du poste,Villé,67,CDI,"11,88 € / heure",4 mois,"BEP, CAP",,"Employé Libre Service Rayon Bazar H/F
Camo Groupe",Camo Groupe,True,,0.0,,0.0,False,,2025-12-17T12:49:19.332996,True,il y a 26 jours,,
Emploi Distribution,https://www.hellowork.com/fr-fr/emplois/73786066.html,73786066,True,Détail du poste,Villé,67,CDI,2 600 - 2 800 € / mois,5 ans,Bac +2,1 à 5 ans,"Responsable de Rayons Produits Frais H/F
Camo Groupe",Camo Groupe,True,,0.0,,0.0,False,,2025-12-17T12:49:34.190432,True,il y a 8 jours,,
Emploi Distribution,https://www.hellowork.com/fr-fr/emplois/73786065.html,73786065,True,Détail du poste,Villé,67,CDI,"11,88 € / heure",4 mois,"BEP, CAP",,"Hôte de Caisse H/F
Camo Groupe",Camo Groupe,True,,0.0,,0.0,False,,2025-12-17T12:49:49.302649,True,il y a 26 jours,,
Emploi Distribution,https://www.hellowork.com/fr-fr/emplois/73786055.html,73786055,True,Détail du poste,Villé,67,CDI,"11,88 € / heure",4 mois,"BEP, CAP",,"Employé Libre Service Rayon Crèmerie H/F
Camo Groupe",Camo Groupe,True,,0.0,,0.0,False,,2025-12-17T12:50:04.539853,True,il y a 26 jours,,
Emploi Distribution,https://www.hellowork.com/fr-fr/emplois/73786053.html,73786053,True,Les missions du poste,Courcouronnes,91,CDI,2 200 € / mois,,Bac +2,,"Chef de Secteur « Produits Grande Consommation » H/F
Marvesting",Marvesting,True,,0.0,,0.0,True,« Produits Grande Consommation » H/F,2025-12-17T12:50:17.078117,True,il y a 25 jours,,
Emploi Distribution,https://www.hellowork.com/fr-fr/emplois/73786042.html,73786042,True,Les missions du poste,Créteil,94,CDI,2 200 € / mois,,Bac +2,,"Chef de Secteur « Produits Grande Consommation » H/F
Marvesting",Marvesting,True,,0.0,,0.0,True,« Produits Grande Consommation » H/F,2025-12-17T12:50:31.426242,True,il y a 25 jours,,
Emploi Distribution,https://www.hellowork.com/fr-fr/emplois/73786041.html,73786041,True,Détail du poste,Villé,67,CDI,"11,88 € / heure",4 mois,"BEP, CAP",,"Employé Libre Service Rayons Liquides H/F
Camo Groupe",Camo Groupe,True,,0.0,,0.0,False,,2025-12-17T12:50:47.008475,True,il y a 26 jours,,
Emploi Distribution,https://www.hellowork.com/fr-fr/emplois/73786029.html,73786029,True,Détail du poste,Villé,67,CDI,"11,88 € / heure",4 mois,"BEP, CAP",,"Employé Libre Service Rayon Textile H/F
Camo Groupe",Camo Groupe,True,,0.0,,0.0,False,,2025-12-17T12:51:01.638749,True,il y a 26 jours,,
Emploi Distribution,https://www.hellowork.com/fr-fr/emplois/73786025.html,73786025,True,Détail du poste,Saumur,49,CDD,"11,88 € / heure",1 an,"BEP, CAP",1 an,"Merchandiser H/F
FMA Promotion",FMA Promotion,True,,0.0,,0.0,False,Le profil recherché,2025-12-17T12:51:18.286246,True,il y a 22 jours,,
Emploi Distribution,https://www.hellowork.com/fr-fr/emplois/73786012.html,73786012,True,Détail du poste,Villé,67,CDI,"11,88 € / heure",4 mois,"BEP, CAP",,"Employé Libre Service Rayons Droguerie - Hygiène - Parfumerie H/F
Camo Groupe",Camo Groupe,True,,0.0,,0.0,False,,2025-12-17T12:51:34.874176,True,il y a 26 jours,,
Emploi Distribution,https://www.hellowork.com/fr-fr/emplois/73785962.html,73785962,True,Les missions du poste,Clichy,92,Alternance,"801,80 € / mois",24 mois,BTS,,"Alternance - Responsable Merchandising et Stratégie Commerciale - BTS Mco H/F
Aureïs Formation",Aureïs Formation,True,,0.0,,0.0,False,de la cosmétique et du retail.,2025-12-17T12:51:50.367225,True,il y a 25 jours,,
Emploi Distribution,https://www.hellowork.com/fr-fr/emplois/73785936.html,73785936,True,Détail du poste,Mans,72,Alternance,"801,80 € / mois",9 mois,"BEP, CAP",,"Alternance - Hôte de Caisse H/F
Ecofac Retail Le Mans",Ecofac Retail Le Mans,True,,0.0,,0.0,False,,2025-12-17T12:52:04.805172,True,il y a 24 jours,,
Emploi Distribution,https://www.hellowork.com/fr-fr/emplois/73785924.html,73785924,True,Détail du poste,Toulouse,31,CDI,24 000 - 26 000 € / an,,"BEP, CAP",,"Employé Commercial Caisse Idéal Étudiant H/F
Carrefour",Carrefour,True,,0.0,,0.0,True,,2025-12-17T12:52:23.387560,True,il y a 22 jours,,
Emploi Distribution,https://www.hellowork.com/fr-fr/emplois/73785919.html,73785919,True,Détail du poste,Écully,69,CDI,26 000 - 28 000 € / an,1 an,"BEP, CAP",,"Employé Commercial Caisse et Services H/F
Carrefour",Carrefour,True,,0.0,,0.0,True,s de la vente et de la distribution,2025-12-17T12:52:38.257441,True,il y a 21 jours,,
Emploi Distribution,https://www.hellowork.com/fr-fr/emplois/73785903.html,73785903,True,Détail du poste,Collégien,77,CDD,1 802 - 1 803 € / mois,5 mois,"BEP, CAP",,"Employé de Rayon Non Alimentaire H/F
Carrefour",Carrefour,True,,0.0,,0.0,True,,2025-12-17T12:52:52.767158,True,il y a 28 jours,,
Emploi Distribution,https://www.hellowork.com/fr-fr/emplois/73785884.html,73785884,True,Détail du poste,Bretonneux,78,Alternance,"801,80 € / mois",,"BEP, CAP",,"Employé de Commerce Drive Titre Professionnel en Alternance H/F
Carrefour",Carrefour,True,,0.0,,0.0,True,,2025-12-17T12:53:09.313368,True,il y a 17 jours,,
Emploi Distribution,https://www.hellowork.com/fr-fr/emplois/73785873.html,73785873,True,Détail du poste,Briançon,05,CDD,1 802 - 1 811 € / mois,,"BEP, CAP",,"Employé Commercial Caisse Idéal Étudiant H/F
Carrefour",Carrefour,True,,0.0,,0.0,True,,2025-12-17T12:53:23.785149,True,il y a 16 jours,,
Emploi Distribution,https://www.hellowork.com/fr-fr/emplois/73785868.html,73785868,True,Détail du poste,Chelles,77,CDI,21 622 - 21 639 € / an,5 mois,"BEP, CAP",,"Employé de Rayon Idéal Étudiant H/F
Carrefour",Carrefour,True,,0.0,,0.0,True,,2025-12-17T12:53:38.372552,True,il y a 28 jours,,
Emploi Distribution,https://www.hellowork.com/fr-fr/emplois/73785864.html,73785864,True,Détail du poste,Limoges,87,CDI,31 400 - 40 000 € / an,,Bac +2,,"Directeur de Magasin H/F
JD Sports",JD Sports,True,,0.0,,0.0,False,,2025-12-17T12:53:56.822282,True,il y a 9 jours,,
Emploi Distribution,https://www.hellowork.com/fr-fr/emplois/73785862.html,73785862,True,Les missions du poste,Montmorency,95,Alternance,"801,80 € / mois",24 mois,BTS,,"Alternance - Hôte de Caisse - Grande Surface - BTS Mco H/F
Aureïs Formation",Aureïs Formation,True,,0.0,,0.0,False,Entreprises Distribution,2025-12-17T12:54:34.773869,True,il y a 29 jours,,
Emploi Distribution,https://www.hellowork.com/fr-fr/emplois/73785720.html,73785720,True,Les missions du poste,Auray,56,CDI,21 622 € / an,7 ans,"BEP, CAP",1 à 7 ans,"Employé Libre Service Rayon Fruits et Légumes H/F
Morbihan Emplois",Morbihan Emplois,True,,0.0,,0.0,False,"s d'activités, nos équipes s'inscrivent en véritables partenaires de proximité tant en intérim que p",2025-12-17T12:54:50.661508,True,il y a 20 jours,,
Emploi Distribution,https://www.hellowork.com/fr-fr/emplois/73785706.html,73785706,True,Les missions du poste,Vannes,56,CDI,21 622 € / an,7 ans,"BEP, CAP",1 à 7 ans,"Employé Libre Service Rayon Fruits et Légumes H/F
Morbihan Emplois",Morbihan Emplois,True,,0.0,,0.0,False,"s d'activités, nos équipes s'inscrivent en véritables partenaires de proximité tant en intérim que p",2025-12-17T12:55:05.779959,True,il y a 20 jours,,
Emploi Distribution,https://www.hellowork.com/fr-fr/emplois/73785702.html,73785702,True,Les missions du poste,Vannes,56,CDI,"11,88 € / heure",1 mois,"BEP, CAP",1 à 7 ans,"Employé Libre Service H/F
Morbihan Emplois",Morbihan Emplois,True,,0.0,,0.0,False,"s d'activités, nos équipes s'inscrivent en véritables partenaires de proximité tant en intérim que p",2025-12-17T12:55:22.182765,True,il y a 26 jours,,
Emploi Distribution,https://www.hellowork.com/fr-fr/emplois/73785675.html,73785675,True,Les missions du poste,Auray,56,CDI,"11,88 € / heure",1 mois,"BEP, CAP",1 à 7 ans,"Employé Libre Service H/F
Morbihan Emplois",Morbihan Emplois,True,,0.0,,0.0,False,"s d'activités, nos équipes s'inscrivent en véritables partenaires de proximité tant en intérim que p",2025-12-17T12:55:38.551715,True,il y a 26 jours,,
Emploi Distribution,https://www.hellowork.com/fr-fr/emplois/73785660.html,73785660,True,Les missions du poste,Vannes,56,CDI,21 622 € / an,7 ans,"BEP, CAP",1 à 7 ans,"Employé Libre Service Rayon Frais H/F
Morbihan Emplois",Morbihan Emplois,True,,0.0,,0.0,False,"s d'activités, nos équipes s'inscrivent en véritables partenaires de proximité tant en intérim que p",2025-12-17T12:55:54.885213,True,il y a 20 jours,,
Emploi Distribution,https://www.hellowork.com/fr-fr/emplois/73785648.html,73785648,True,Les missions du poste,Auray,56,CDI,21 622 - 23 860 € / an,7 ans,"BEP, CAP",1 à 7 ans,"Employé Commercial Drive et Caisse H/F
Morbihan Emplois",Morbihan Emplois,True,,0.0,,0.0,False,"s d'activités, nos équipes s'inscrivent en véritables partenaires de proximité tant en intérim que p",2025-12-17T12:56:12.260893,True,il y a 20 jours,,
Emploi Distribution,https://www.hellowork.com/fr-fr/emplois/73785614.html,73785614,True,Détail du poste,Hagetmau,40,CDI,"11,88 - 12 € / heure",2 ans,"BEP, CAP",1 à 2 ans,"Employé Libre Service H/F
Groupe Oxygène",Groupe Oxygène,True,,0.0,,0.0,False,,2025-12-17T12:56:39.614626,True,il y a 29 jours,,
Emploi Distribution,https://www.hellowork.com/fr-fr/emplois/73785561.html,73785561,True,Les missions du poste,Antibes,06,CDI,2 000 - 2 500 € / mois,1 an,Bac +2,,"Manager de Magasin Domino'S Pizza H/F
Jobmania",Jobmania,True,,0.0,,0.0,False,,2025-12-17T12:56:54.229587,True,il y a 29 jours,,
Emploi Distribution,https://www.hellowork.com/fr-fr/emplois/73785451.html,73785451,True,Les missions du poste,Claise,37,CDI,27 500 - 35 000 € / an,1 an,Bac +2,1 an,"Responsable Magasin - Preuilly-Sur-Claise H/F
LaMaison.fr",LaMaison.fr,True,,0.0,,0.0,False,,2025-12-17T12:57:20.037516,True,il y a 7 jours,,
Emploi Distribution,https://www.hellowork.com/fr-fr/emplois/73785426.html,73785426,True,Les missions du poste,Évêque,72,CDI,27 500 - 35 000 € / an,1 an,Bac +2,1 an,"Responsable Magasin - Savigne l'Eveque H/F
LaMaison.fr",LaMaison.fr,True,,0.0,,0.0,False,,2025-12-17T12:57:33.772134,True,il y a 19 jours,,
Emploi Distribution,https://www.hellowork.com/fr-fr/emplois/73785423.html,73785423,True,Les missions du poste,Marche,61,CDI,27 500 - 35 000 € / an,1 an,Bac +2,1 an,"Responsable Magasin Agricole et Silos - Moulins la Marche H/F
Agrial",Agrial,True,,0.0,,0.0,False,,2025-12-17T12:57:54.983938,True,il y a 22 jours,,
Emploi Distribution,https://www.hellowork.com/fr-fr/emplois/73783088.html,73783088,False,,,,,,,,,,,,,,,,,,,False,,Pas de section détaillée,
Emploi Distribution,https://www.hellowork.com/fr-fr/emplois/73783078.html,73783078,,,,,,,,,,,,,,,,,,,,False,,,"HTTPConnectionPool(host='localhost', port=62403): Read timed out. (read timeout=120)"
Emploi Distribution,https://www.hellowork.com/fr-fr/emplois/73782901.html,73782901,,,,,,,,,,,,,,,,,,,,False,,,"HTTPConnectionPool(host='localhost', port=62403): Read timed out. (read timeout=120)"
Emploi Distribution,https://www.hellowork.com/fr-fr/emplois/73782834.html,73782834,,,,,,,,,,,,,,,,,,,,False,,,"HTTPConnectionPool(host='localhost', port=62403): Read timed out. (read timeout=120)"
Emploi Distribution,https://www.hellowork.com/fr-fr/emplois/73782830.html,73782830,,,,,,,,,,,,,,,,,,,,False,,,"HTTPConnectionPool(host='localhost', port=62403): Read timed out. (read timeout=120)"
Emploi Distribution,https://www.hellowork.com/fr-fr/emplois/73782739.html,73782739,,,,,,,,,,,,,,,,,,,,False,,,"HTTPConnectionPool(host='localhost', port=62403): Read timed out. (read timeout=120)"
Emploi Distribution,https://www.hellowork.com/fr-fr/emplois/73782378.html,73782378,,,,,,,,,,,,,,,,,,,,False,,,"HTTPConnectionPool(host='localhost', port=62403): Read timed out. (read timeout=120)"
Emploi Distribution,https://www.hellowork.com/fr-fr/emplois/73782322.html,73782322,,,,,,,,,,,,,,,,,,,,False,,,"HTTPConnectionPool(host='localhost', port=62403): Read timed out. (read timeout=120)"
Emploi Distribution,https://www.hellowork.com/fr-fr/emplois/73782282.html,73782282,True,Les missions du poste,Paul,974,Alternance,400 - 1 800 € / mois,12 mois,Bac +3,1 an,"Manager Commerce & Développement Local en Alternance Ouest H/F
Kaptiv",Kaptiv,True,,0.0,,0.0,False,Ouest de l'île,2025-12-17T13:21:06.927623,True,,,
Emploi Distribution,https://www.hellowork.com/fr-fr/emplois/73781836.html,73781836,True,Les missions du poste,Garonne,31,CDI,1 802 - 1 811 € / mois,2 mois,"BEP, CAP",,"Hôte de Caisse et d'Accueil H/F
Intersport",Intersport,True,,0.0,,0.0,False,,2025-12-17T13:21:20.002217,True,il y a 22 jours,,
Emploi Distribution,https://www.hellowork.com/fr-fr/emplois/73781714.html,73781714,True,Détail du poste,Bottereau,44,CDI,21 600 - 27 000 € / an,1 mois,"BEP, CAP",,"Employé de Libre-Service H/F
Temporis Interim",Temporis Interim,True,,0.0,,0.0,False,,2025-12-17T13:21:29.474390,True,plus de 1 mois,,
Emploi Distribution,https://www.hellowork.com/fr-fr/emplois/73781700.html,73781700,True,Détail du poste,Mer,29,CDI,"11,88 - 12 € / heure",1 mois,"BEP, CAP",,"Employé de Libre Service H/F
Temporis Interim",Temporis Interim,True,,0.0,,0.0,False,,2025-12-17T13:21:38.975292,True,il y a 25 jours,,
Emploi Distribution,https://www.hellowork.com/fr-fr/emplois/73780878.html,73780878,True,Détail du poste,Bordeaux,33,CDI,30 000 - 80 000 € / an,5 ans,Bac +2,,"Chef de Secteur Bordeaux H/F
Heineken",Heineken,True,,0.0,,0.0,True,Bordeaux H/F,2025-12-17T13:21:49.237627,True,il y a 11 jours,,
Emploi Distribution,https://www.hellowork.com/fr-fr/emplois/73780670.html,73780670,True,Les missions du poste,Roi,94,CDI,15 - 16 € / heure,2 ans,Bac +2,,"Responsable de Secteur H/F
Senior Compagnie Recrutement",Senior Compagnie Recrutement,True,,0.0,,0.0,False,s Periscolaire et Jeunesse H/F,2025-12-17T13:21:59.348883,True,il y a 2 jours,,
Emploi Distribution,https://www.hellowork.com/fr-fr/emplois/73780654.html,73780654,True,Les missions du poste,Vénissieux,69,CDI,2 000 - 2 500 € / mois,3 mois,Bac,,"Responsable Magasin CACES 1A - 3 - 5 H/F
Randstad",Randstad,True,,0.0,,0.0,False,"du commerce de gros, offrant une opportunité d'évolution professionnelle passionnante.",2025-12-17T13:22:10.638168,True,il y a 29 jours,,
Emploi Distribution,https://www.hellowork.com/fr-fr/emplois/73780200.html,73780200,True,Les missions du poste,Vit,25,CDI,12 € / heure,18 mois,"BEP, CAP",1 à 7 ans,"Employes Libre Service H/F
Satis Jobs Center - Besançon",Satis Jobs Center - Besançon,True,,0.0,,0.0,False,,2025-12-17T13:22:28.769214,True,il y a 16 jours,,
Emploi Distribution,https://www.hellowork.com/fr-fr/emplois/73779910.html,73779910,True,Les missions du poste,Paimpol,22,CDI,29 000 - 30 000 € / an,,Bac +3,,"Opticien Médial Diplômé H/F
Mercato de l'emploi",Mercato de l'emploi,True,,0.0,,0.0,False,,2025-12-17T13:22:45.116202,True,il y a 4 jours,,
Emploi Distribution,https://www.hellowork.com/fr-fr/emplois/73779888.html,73779888,True,Les missions du poste,Bagnolet,93,CDI,21 622 - 23 500 € / an,1 an,"BEP, CAP",,"Equipier Caisse H/F
Cabinet de recrutement de travailleurs handicapés",Cabinet de recrutement de travailleurs handicapés,True,,0.0,,0.0,False,"s d'activité tels que la banque et l'assurance, les nouvelles technologies, les télécommunications,",2025-12-17T13:23:06.334398,True,il y a 28 jours,,
Emploi Distribution,https://www.hellowork.com/fr-fr/emplois/73779853.html,73779853,True,Les missions du poste,Lens,62,CDI,1 850 - 1 950 € / mois,6 mois,"BEP, CAP",,"Promoteur GMS Ice Cream H/F
CPM France",CPM France,True,,0.0,,0.0,False,du poste : LENS- CALAIS. Départements à visiter: 59-62,2025-12-17T13:23:52.237544,True,il y a 12 jours,,
Emploi Distribution,https://www.hellowork.com/fr-fr/emplois/73779811.html,73779811,True,Les missions du poste,Vit,25,CDI,"12,02 € / heure",18 mois,"BEP, CAP",,"Hôte de Caisse H/F
SENSACE Temporaire",SENSACE Temporaire,True,,0.0,,0.0,False,de Saint-Vit.,2025-12-17T13:24:50.346007,True,il y a 16 jours,,
Emploi Distribution,https://www.hellowork.com/fr-fr/emplois/73779769.html,73779769,True,Les missions du poste,Vitrolles,13,CDI,21 622 - 23 400 € / an,1 an,"BEP, CAP",,"Equipier Caisse H/F
Cabinet de recrutement de travailleurs handicapés",Cabinet de recrutement de travailleurs handicapés,True,,0.0,,0.0,False,,2025-12-17T13:25:04.814304,True,il y a 10 jours,,
Emploi Distribution,https://www.hellowork.com/fr-fr/emplois/73779766.html,73779766,True,Les missions du poste,Bois,91,CDI,29 600 - 52 000 € / an,,Bac +2,,"Directeur Magasin H/F
Cabinet de recrutement de travailleurs handicapés",Cabinet de recrutement de travailleurs handicapés,True,,0.0,,0.0,False,"s d'activité tels que la banque et l'assurance, les nouvelles technologies, les télécommunications,",2025-12-17T13:25:41.192037,True,il y a 24 jours,,
Emploi Distribution,https://www.hellowork.com/fr-fr/emplois/73779759.html,73779759,True,Les missions du poste,Strasbourg,67,CDI,2 100 - 2 200 € / mois,,Bac +2,,"Responsable de Secteur H/F
Mercato de l'emploi",Mercato de l'emploi,True,,0.0,,0.0,False,de l'accompagnement à domicile,2025-12-17T13:25:56.454120,True,il y a 3 jours,,
Emploi Distribution,https://www.hellowork.com/fr-fr/emplois/73779599.html,73779599,True,Les missions du poste,Tulle,19,CDI,26 200 - 38 800 € / an,,Bac +2,,"Opticien H/F
VYV 3 Coeur d'Aquitaine",VYV 3 Coeur d'Aquitaine,True,,0.0,,0.0,False,,2025-12-17T13:26:08.899588,True,il y a 25 jours,,
Emploi Distribution,https://www.hellowork.com/fr-fr/emplois/73779569.html,73779569,True,Les missions du poste,Valdahon,25,CDI,"801,80 - 2 432 € / mois",3 mois,"BEP, CAP",,"Employé en Grande Distribution H/F
SENSACE Temporaire",SENSACE Temporaire,True,,0.0,,0.0,False,,2025-12-17T13:26:23.530707,True,il y a 24 jours,,
Emploi Distribution,https://www.hellowork.com/fr-fr/emplois/73779541.html,73779541,True,Les missions du poste,Saverne,67,CDI,2 100 - 2 200 € / mois,,Bac +2,,"Responsable de Secteur H/F
Mercato de l'emploi",Mercato de l'emploi,True,,0.0,,0.0,False,de l'accompagnement à domicile,2025-12-17T13:26:37.550350,True,il y a 3 jours,,
Emploi Distribution,https://www.hellowork.com/fr-fr/emplois/73779499.html,73779499,True,Les missions du poste,Persan,95,CDI,"133,03 - 3 000 € / mois",1 an,Bac +2,,"Chef de Secteur H/F
Mr Bricolage",Mr Bricolage,True,,0.0,,0.0,False,(H/F).,2025-12-17T13:27:19.330191,True,il y a 25 jours,,
Emploi Distribution,https://www.hellowork.com/fr-fr/emplois/73779486.html,73779486,True,Les missions du poste,Bergerac,24,CDI,26 200 - 38 800 € / an,,Bac +2,,"Opticien Responsable Adjoint H/F
VYV 3 Coeur d'Aquitaine",VYV 3 Coeur d'Aquitaine,True,,0.0,,0.0,False,", vous assumez la responsabilité du centre et mettez tout en oeuvre pour optimiser le résultat d'exp",2025-12-17T13:27:32.315154,True,il y a 28 jours,,
Emploi Distribution,https://www.hellowork.com/fr-fr/emplois/73779476.html,73779476,True,Les missions du poste,Toulouse,31,CDI,29 500 - 40 900 € / an,,Bac +2,,"Directeur Magasin H/F
Cabinet de recrutement de travailleurs handicapés",Cabinet de recrutement de travailleurs handicapés,True,,0.0,,0.0,False,"s d'activité tels que la banque et l'assurance, les nouvelles technologies, les télécommunications,",2025-12-17T13:27:46.856397,True,il y a 29 jours,,
Emploi Distribution,https://www.hellowork.com/fr-fr/emplois/73779471.html,73779471,True,Les missions du poste,Étienne,42,CDI,24 700 - 36 700 € / an,3 ans,Bac +2,3 ans,"Responsable Adjoint H/F
Cabinet de recrutement de travailleurs handicapés",Cabinet de recrutement de travailleurs handicapés,True,,0.0,,0.0,False,"s d'activité tels que la banque et l'assurance, les nouvelles technologies, les télécommunications,",2025-12-17T13:27:59.797920,True,il y a 13 jours,,
Emploi Distribution,https://www.hellowork.com/fr-fr/emplois/73779455.html,73779455,True,Les missions du poste,Poitiers,86,Alternance,"774,77 - 1 801 € / mois",13 mois,Bac +2,,"Responsable de Secteur en Alternance Rcsad - Apprentissage CFA Unifadom H/F
Vitalliance Siège",Vitalliance Siège,True,,0.0,,0.0,True,en Alternance Rcsad - Apprentissage CFA Unifadom H/F,2025-12-17T13:28:13.003620,True,,,
Emploi Distribution,https://www.hellowork.com/fr-fr/emplois/73779442.html,73779442,True,Les missions du poste,Thionville,57,CDI,2 100 - 2 200 € / mois,,Bac +2,,"Responsable de Secteur H/F
Mercato de l'emploi",Mercato de l'emploi,True,,0.0,,0.0,False,de l'accompagnement à domicile,2025-12-17T13:28:29.861475,True,il y a 5 jours,,
Emploi Distribution,https://www.hellowork.com/fr-fr/emplois/73779400.html,73779400,True,Les missions du poste,Souterraine,23,CDI,26 200 - 38 800 € / an,,Bac +2,,"Opticien Responsable de Site H/F
VYV 3 Coeur d'Aquitaine",VYV 3 Coeur d'Aquitaine,True,,0.0,,0.0,False,", vous assumez la responsabilité du centre et mettez tout en oeuvre pour optimiser le résultat d'exp",2025-12-17T13:28:42.448011,True,,,
Emploi Distribution,https://www.hellowork.com/fr-fr/emplois/73779387.html,73779387,True,Les missions du poste,Avignon,84,CDI,21 622 - 23 400 € / an,1 an,"BEP, CAP",,"Equipier Caisse H/F
Cabinet de recrutement de travailleurs handicapés",Cabinet de recrutement de travailleurs handicapés,True,,0.0,,0.0,False,"s d'activité tels que la banque et l'assurance, les nouvelles technologies, les télécommunications,",2025-12-17T13:28:57.589234,True,il y a 27 jours,,
Emploi Distribution,https://www.hellowork.com/fr-fr/emplois/73779373.html,73779373,True,Les missions du poste,Paris,75,CDI,22 000 - 29 000 € / an,20 ans,Bac +2,,"Responsable de Magasin Multimédia H/F
Nextgen RH",Nextgen RH,True,,0.0,,0.0,False,"de la vente de composants, de logiciels et accessoires informatiques et multimédias pour les profess",2025-12-17T13:29:11.289590,True,il y a 27 jours,,
Emploi Distribution,https://www.hellowork.com/fr-fr/emplois/73779355.html,73779355,True,Les missions du poste,Châteaubernard,16,CDI,2 200 € / mois,12 mois,Bac +2,,"Chef de Secteur H/F
Mr Bricolage",Mr Bricolage,True,,0.0,,0.0,False,(H/F).,2025-12-17T13:29:25.642147,True,il y a 14 jours,,
Emploi Distribution,https://www.hellowork.com/fr-fr/emplois/73779314.html,73779314,True,Les missions du poste,Sallanches,74,CDI,27 500 - 35 000 € / an,40 ans,Bac +2,40 ans,"Responsable de Magasin H/F
Chausséa",Chausséa,True,,0.0,,0.0,False,,2025-12-17T13:29:38.630509,True,il y a 7 jours,,
Emploi Distribution,https://www.hellowork.com/fr-fr/emplois/73779255.html,73779255,True,Les missions du poste,Vit,25,CDI,"11,88 € / heure",18 mois,"BEP, CAP",1 à 7 ans,"Employé de Rayon Frais Libre-Service H/F
Sup Interim",Sup Interim,True,,0.0,,0.0,False,"s d'activité : BTP, industrie, agro-alimentaire, grande distribution, transport, logistique, manuten",2025-12-17T13:29:51.786247,True,il y a 16 jours,,
Emploi Distribution,https://www.hellowork.com/fr-fr/emplois/73779237.html,73779237,True,Les missions du poste,Vittel,88,CDI,"11,88 - 12 € / heure",7 ans,"BEP, CAP",1 à 7 ans,"Employé de Rayon H/F
Sup Interim",Sup Interim,True,,0.0,,0.0,False,s d'activités.,2025-12-17T13:30:26.906769,True,il y a 29 jours,,
Emploi Distribution,https://www.hellowork.com/fr-fr/emplois/73779214.html,73779214,True,Les missions du poste,Nancy,54,CDD,12 € / heure,1 mois,"BEP, CAP",1 à 7 ans,"Hotesse de Caisse H/F
Ergalis Grande Distribution",Ergalis Grande Distribution,True,,0.0,,0.0,False,de Nancy un(e) Hôte(sse) de caisse H/F.,2025-12-17T13:30:40.144552,True,il y a 26 jours,,
Emploi Distribution,https://www.hellowork.com/fr-fr/emplois/73779049.html,73779049,True,Les missions du poste,Juhel,53,CDI,"11,88 - 12 € / heure",1 mois,"BEP, CAP",1 an,"Hôte de Caisse H/F
Groupe Actual",Groupe Actual,True,,0.0,,0.0,False,,2025-12-17T13:30:56.011775,True,il y a 3 jours,,
Emploi Distribution,https://www.hellowork.com/fr-fr/emplois/73778977.html,73778977,True,Les missions du poste,Contrexéville,88,CDI,"11,88 - 12 € / heure",7 ans,"BEP, CAP",1 à 7 ans,"Employé de Rayon H/F
Sup Interim",Sup Interim,True,,0.0,,0.0,False,s d'activités.,2025-12-17T13:31:07.127222,True,il y a 29 jours,,
Emploi Distribution,https://www.hellowork.com/fr-fr/emplois/73778960.html,73778960,True,Les missions du poste,Christ,29,CDI,12 - 13 € / heure,7 ans,"BEP, CAP",3 ans,"Adjoint Rayon Bvp H/F
Ergalis Grande Distribution",Ergalis Grande Distribution,True,,0.0,,0.0,False,de la grande distribution. Elle propose des solutions flexibles et adaptées aux besoins des entrepri,2025-12-17T13:31:19.661134,True,il y a 11 jours,,
Emploi Distribution,https://www.hellowork.com/fr-fr/emplois/73778944.html,73778944,True,Les missions du poste,Faou,29,CDI,"11,88 € / heure",1 mois,"BEP, CAP",1 an,"Employé Libre Service H/F
Ergalis Grande Distribution",Ergalis Grande Distribution,True,,0.0,,0.0,False,du commerce de détail.,2025-12-17T13:31:29.228459,True,il y a 28 jours,,
Emploi Distribution,https://www.hellowork.com/fr-fr/emplois/73778763.html,73778763,True,Les missions du poste,Laxou,54,CDD,12 € / heure,1 mois,"BEP, CAP",1 à 7 ans,"Hotesse de Caisse H/F
Ergalis Grande Distribution",Ergalis Grande Distribution,True,,0.0,,0.0,False,de Nancy un(e) Hôte(sse) de caisse H/F.,2025-12-17T13:31:40.684589,True,il y a 26 jours,,
Emploi Distribution,https://www.hellowork.com/fr-fr/emplois/73778757.html,73778757,True,Les missions du poste,Laffitte,78,CDI,20 000 - 30 000 € / an,7 ans,Bac,1 à 7 ans,"Employé de Marée H/F
Groupe Actual",Groupe Actual,True,,0.0,,0.0,False,,2025-12-17T13:31:50.862369,True,il y a 29 jours,,
Emploi Distribution,https://www.hellowork.com/fr-fr/emplois/73778752.html,73778752,True,Les missions du poste,Laffitte,78,CDI,20 000 - 30 000 € / an,24 mois,Bac,1 à 7 ans,"Responsable de Rayon Fruits et Légumes H/F
Groupe Actual",Groupe Actual,True,,0.0,,0.0,False,,2025-12-17T13:32:02.715381,True,il y a 14 jours,,
Emploi Distribution,https://www.hellowork.com/fr-fr/emplois/73778736.html,73778736,True,Les missions du poste,Quiberon,56,CDI,"11,88 - 12 € / heure",6 mois,"BEP, CAP",1 an,"Hôte de Caisse H/F
Partnaire",Partnaire,True,,0.0,,0.0,False,de Quiberon.,2025-12-17T13:32:15.542817,True,il y a 20 jours,,
Emploi Distribution,https://www.hellowork.com/fr-fr/emplois/73778587.html,73778587,True,Détail du poste,Melun,77,CDI,43 000 - 50 000 € / an,,Bac +2,,"Directeur de Magasin - Distribution Spécialisée - Melun H/F
Talents Commerciaux",Talents Commerciaux,True,,0.0,,0.0,False,,2025-12-17T13:32:26.528160,True,il y a 24 jours,,
Emploi Distribution,https://www.hellowork.com/fr-fr/emplois/73778490.html,73778490,True,Les missions du poste,Beaumont,63,CDI,23 910 - 24 160 € / an,,"BEP, CAP",,"Equipier de Commerce N2 Frais Libre Service Niveau 2 en CDI à Temps Complet 35 Heures Hebdomadaires Beaumont 2 H/F
Auchan Retail France",Auchan Retail France,True,,0.0,,0.0,True,,2025-12-17T13:32:46.290040,True,il y a 25 jours,,
Emploi Distribution,https://www.hellowork.com/fr-fr/emplois/73778479.html,73778479,True,Les missions du poste,Carbonne,31,CDI,29 500 - 40 600 € / an,,Bac +2,,"Caissier Principal H/F
Auchan Retail France",Auchan Retail France,True,,0.0,,0.0,True,Accueil Caisse H/F,2025-12-17T13:32:57.963951,True,il y a 14 jours,,
Emploi Distribution,https://www.hellowork.com/fr-fr/emplois/73778475.html,73778475,True,Les missions du poste,Malmaison,92,CDI,23 910 - 24 160 € / an,,"BEP, CAP",,"Equipier de Commerce H/F
Auchan Retail France",Auchan Retail France,True,,0.0,,0.0,True,,2025-12-17T13:33:11.231013,True,il y a 29 jours,,
Emploi Distribution,https://www.hellowork.com/fr-fr/emplois/73777650.html,73777650,True,Détail du poste,Châteaulin,29,CDI,"13,06 € / heure",,"BEP, CAP",,"Employé de Libre-Service H/F
Aquila RH",Aquila RH,True,,0.0,,0.0,False,,2025-12-17T13:33:22.160767,True,il y a 28 jours,,
Emploi Distribution,https://www.hellowork.com/fr-fr/emplois/73777257.html,73777257,True,Détail du poste,Besançon,25,CDI,"11,88 € / heure",,"BEP, CAP",,"Employé Libre-Service Rayon Textile H/F
Aquila RH",Aquila RH,True,,0.0,,0.0,False,de Besançon un employé libre-service rayon Textile H/F.,2025-12-17T13:33:34.386629,True,il y a 24 jours,,
Emploi Distribution,https://www.hellowork.com/fr-fr/emplois/73777255.html,73777255,True,Détail du poste,Châtillon,91,CDI,2 100 - 2 300 € / mois,3 ans,Bac +2,,"Responsable de Secteur - Ouverture d'Agence Services à la Personne H/F
JOYA",JOYA,True,,0.0,,0.0,True,- Ouverture d'Agence Services à la Personne H/F,2025-12-17T13:33:53.778489,True,il y a 2 jours,,
Emploi Distribution,https://www.hellowork.com/fr-fr/emplois/73777253.html,73777253,True,Détail du poste,Courcouronnes,91,CDI,2 300 - 2 600 € / mois,3 ans,Bac +2,,"Responsable de Secteur - Ouverture d'Agence Services à la Personne H/F
JOYA",JOYA,True,,0.0,,0.0,True,- Ouverture d'Agence Services à la Personne H/F,2025-12-17T13:34:23.849755,True,il y a 2 jours,,
Emploi Distribution,https://www.hellowork.com/fr-fr/emplois/73777254.html,73777254,True,Détail du poste,Massy,91,CDI,2 300 - 2 600 € / mois,3 ans,Bac +2,,"Responsable de Secteur - Ouverture d'Agence Services à la Personne H/F
JOYA",JOYA,True,,0.0,,0.0,True,- Ouverture d'Agence Services à la Personne H/F,2025-12-17T13:34:35.765819,True,il y a 2 jours,,
Emploi Distribution,https://www.hellowork.com/fr-fr/emplois/73776846.html,73776846,True,Les missions du poste,Poitiers,86,CDI,27 500 - 35 000 € / an,2 ans,Bac +2,1 à 2 ans,"Responsable Magasin - CDI H/F
Morgan",Morgan,True,,0.0,,0.0,True,,2025-12-17T13:34:52.586832,True,il y a 25 jours,,
Emploi Distribution,https://www.hellowork.com/fr-fr/emplois/73776810.html,73776810,True,Les missions du poste,Rennes,35,CDI,24 600 - 32 100 € / an,2 ans,Bac +2,1 à 2 ans,"Directeur Adjoint de Magasin H/F
Vib's",Vib's,True,,0.0,,0.0,False,,2025-12-17T13:35:07.934532,True,il y a 8 jours,,
Emploi Distribution,https://www.hellowork.com/fr-fr/emplois/71635938.html,71635938,True,Détail du poste,Concourès,12,CDI,21 622 - 21 730 € / an,,"BEP, CAP",,"Hôte de Caisse H/F
Brico Dépôt",Brico Dépôt,True,,0.0,,0.0,True,,2025-12-17T13:35:21.047536,True,il y a 11 jours,,
Emploi Distribution,https://www.hellowork.com/fr-fr/emplois/72611077.html,72611077,True,Les missions du poste,Sévigné,35,Alternance,930 - 1 300 € / mois,24 mois,Bac +2,,"Alternance - Employé de Commerce H/F
Ecofac Business School Rennes",Ecofac Business School Rennes,True,,0.0,,0.0,False,,2025-12-17T13:35:34.665788,True,il y a 15 jours,,
Emploi Distribution,https://www.hellowork.com/fr-fr/emplois/71632616.html,71632616,True,Les missions du poste,Tours,37,CDD,"801,80 € / mois",24 mois,Bac +2,,"Alternance - Employé Libre Service H/F
Groupe Alternance Tours",Groupe Alternance Tours,True,,0.0,,0.0,False,,2025-12-17T13:35:46.659449,True,il y a 24 jours,,
Emploi Distribution,https://www.hellowork.com/fr-fr/emplois/72627977.html,72627977,True,Détail du poste,Olmes,09,CDI,21 622 - 23 860 € / an,13 mois,"BEP, CAP",,"Equipier Polyvalent Etudiant H/F
Lidl",Lidl,True,,0.0,,0.0,True,,2025-12-17T13:36:06.749421,True,il y a 29 jours,,
Emploi Distribution,https://www.hellowork.com/fr-fr/emplois/72417165.html,72417165,True,Les missions du poste,Amilly,45,CDI,12 € / heure,1 an,"BEP, CAP",1 an,"Employé Commercial - Temps Partiel - Vendeur Pâtisserie H/F
E.Leclerc",E.Leclerc,True,,0.0,,0.0,False,,2025-12-17T13:36:22.658119,True,il y a 16 jours,,
Emploi Distribution,https://www.hellowork.com/fr-fr/emplois/71664855.html,71664855,True,Détail du poste,Gâtelles,28,CDI,31 400 - 40 800 € / an,3 ans,Bac +2,,"Directeur de Magasin H/F
Carrefour",Carrefour,True,,0.0,,0.0,True,,2025-12-17T13:36:34.677863,True,il y a 25 jours,,
Emploi Distribution,https://www.hellowork.com/fr-fr/emplois/71652666.html,71652666,True,Les missions du poste,Metz,57,CDI,24 300 - 32 900 € / an,3 ans,Bac +3,,"Responsable de Rayons Chaussures - Sports Collectifs - Sports de Raquettes H/F
Intersport",Intersport,True,,0.0,,0.0,False,de la distribution d'articles de sport ou de chaussures.,2025-12-17T13:36:46.634732,True,il y a 28 jours,,
Emploi Distribution,https://www.hellowork.com/fr-fr/emplois/71659368.html,71659368,True,Détail du poste,Albertville,73,CDI,29 000 - 31 000 € / an,3 ans,Bac +2,,"Responsable Adjoint de Magasin H/F
Action France",Action France,True,,0.0,,0.0,False,,2025-12-17T13:36:58.252354,True,il y a 22 jours,,
Emploi Distribution,https://www.hellowork.com/fr-fr/emplois/71654720.html,71654720,True,Les missions du poste,Pineuilh,33,CDD,,4 mois,Bac,3 à 5 ans,"Conseiller en Parapharmacie H/F
E.Leclerc",E.Leclerc,True,,0.0,,0.0,False,parapharmacie,2025-12-17T13:37:09.179064,True,,,
Emploi Distribution,https://www.hellowork.com/fr-fr/emplois/72134663.html,72134663,True,Les missions du poste,Loup,06,CDI,21 622 - 21 730 € / an,5 ans,"BEP, CAP",3 à 5 ans,"Hote de Caisse H/F
E.Leclerc",E.Leclerc,True,,0.0,,0.0,False,,2025-12-17T13:37:20.110363,True,il y a 25 jours,,
Emploi Distribution,https://www.hellowork.com/fr-fr/emplois/71654712.html,71654712,True,Les missions du poste,Malmaison,92,CDI,2 000 - 3 200 € / mois,5 ans,Bac +2,3 à 5 ans,"Conseiller Parapharmacie H/F
E.Leclerc",E.Leclerc,True,,0.0,,0.0,False,Pharmaceutique Martiderm - CDI - Paris Idf H/F,2025-12-17T13:37:30.606859,True,il y a 29 jours,,
Emploi Distribution,https://www.hellowork.com/fr-fr/emplois/71637852.html,71637852,True,Les missions du poste,Marne,94,CDI,26 300 - 40 000 € / an,2 ans,Bac +2,,"Responsable de Magasin 36H - CDI Temps Plein H/F
Naturalia France",Naturalia France,True,,0.0,,0.0,False,Entreprises Distribution,2025-12-17T13:37:53.013918,True,il y a 27 jours,,
Emploi Distribution,https://www.hellowork.com/fr-fr/emplois/72693417.html,72693417,True,Les missions du poste,Mâcon,71,CDI,2 775 - 3 633 € / mois,1 mois,Bac +2,10 ans,"Merchandiseur Maquillage H/F
DistriCom",DistriCom,True,,0.0,,0.0,False,"tournée des magasins : Macon, Chalon S/Saone, Autun, Paray le Monial, Villefranche S/ Saone, Dardill",2025-12-17T13:38:04.831288,True,il y a 8 jours,,
Emploi Distribution,https://www.hellowork.com/fr-fr/emplois/71654744.html,71654744,True,Les missions du poste,Lens,62,CDI,30 000 - 32 000 € / an,5 ans,Bac +2,3 à 5 ans,"Chef de Departement H/F
E.Leclerc",E.Leclerc,True,,0.0,,0.0,True,". Charismatique et Leader, vous êtes le (la) représentant(e) des valeurs de l'enseigne et vous réuss",2025-12-17T13:38:15.621087,True,il y a 7 jours,,
Emploi Distribution,https://www.hellowork.com/fr-fr/emplois/71635850.html,71635850,True,Détail du poste,Luisant,28,CDI,"12,47 € / heure",,"BEP, CAP",,"Hôte de Caisse H/F
Brico Dépôt",Brico Dépôt,True,,0.0,,0.0,True,,2025-12-17T13:38:45.543720,True,il y a 20 jours,,
Emploi Distribution,https://www.hellowork.com/fr-fr/emplois/68163605.html,68163605,True,Détail du poste,Lanester,56,CDD,"11,88 € / heure",1 an,"BEP, CAP",1 an,"Merchandiser H/F
FMA Promotion",FMA Promotion,True,,0.0,,0.0,False,Le profil recherché,2025-12-17T13:38:58.069629,True,il y a 20 jours,,
Emploi Distribution,https://www.hellowork.com/fr-fr/emplois/65103701.html,65103701,True,Les missions du poste,Brignoles,83,CDI,25 700 - 34 500 € / an,,Bac +2,,"Chef de Rayon Epicerie H/F
E.Leclerc",E.Leclerc,True,,0.0,,0.0,False,"de la grande distribution, de préférence dans l'Enseigne E. Leclerc.",2025-12-17T13:39:09.318910,True,il y a 29 jours,,
Emploi Distribution,https://www.hellowork.com/fr-fr/emplois/68164112.html,68164112,True,Détail du poste,Angers,49,CDI,23 280 - 23 436 € / an,7 ans,"BEP, CAP",1 à 7 ans,"Responsable de Rayon Fruits et Légumes H/F
Andrew Staffing",Andrew Staffing,True,,0.0,,0.0,True,"s du magasin et participation aux tâches transverses : encaissement, renfort d'équipe, logistique.",2025-12-17T13:39:21.517218,True,il y a 19 jours,,
Emploi Distribution,https://www.hellowork.com/fr-fr/emplois/70271029.html,70271029,True,Les missions du poste,Guidel,56,CDI,"11,88 - 16 € / heure",,"BEP, CAP",,"Employé Commercial Volailles Libre-Service H/F
U Magasins",U Magasins,True,,0.0,,0.0,False,,2025-12-17T13:39:33.973172,True,il y a 20 jours,,
Emploi Distribution,https://www.hellowork.com/fr-fr/emplois/72675510.html,72675510,True,Les missions du poste,Bouliac,33,CDI,23 850 - 23 870 € / an,,"BEP, CAP",,"Employé Magasin H/F
Auchan Retail France",Auchan Retail France,True,,0.0,,0.0,True,,2025-12-17T13:39:45.234976,True,il y a 29 jours,,
Emploi Distribution,https://www.hellowork.com/fr-fr/emplois/70442570.html,70442570,True,Détail du poste,Berck,62,CDI,24 600 - 31 200 € / an,40 ans,Bac +2,,"Responsable Adjoint H/F
Nocibé",Nocibé,True,,0.0,,0.0,True,,2025-12-17T13:39:56.734901,True,il y a 5 jours,,
Emploi Distribution,https://www.hellowork.com/fr-fr/emplois/70443438.html,70443438,True,Les missions du poste,Mâcon,71,CDI,28 600 - 40 600 € / an,1 an,Bac +2,1 an,"Responsable Caisse H/F
E.Leclerc",E.Leclerc,True,,0.0,,0.0,False,. Vous avez également le responsabilité des caisses automatiques.,2025-12-17T13:40:06.536020,True,il y a 5 jours,,
Emploi Distribution,https://www.hellowork.com/fr-fr/emplois/70441969.html,70441969,True,Les missions du poste,Montpellier,34,Alternance,"801,80 € / mois",24 mois,Bac +5,1 an,"Alternance - Employé Polyvalent Grande Distribution H/F
Pigier Montpellier",Pigier Montpellier,True,,0.0,,0.0,False,Grande distribution / Commerce de proximité,2025-12-17T13:40:18.491458,True,il y a 3 jours,,
Emploi Distribution,https://www.hellowork.com/fr-fr/emplois/70443437.html,70443437,True,Les missions du poste,Morlaix,29,CDI,21 622 - 21 730 € / an,1 an,"BEP, CAP",1 an,"Hôte - de Caisse H/F
E.Leclerc",E.Leclerc,True,,0.0,,0.0,False,,2025-12-17T13:40:30.714076,True,il y a 10 jours,,
Emploi Distribution,https://www.hellowork.com/fr-fr/emplois/68164541.html,68164541,True,Détail du poste,Gattières,06,CDI,2 181 € / mois,1 an,Bac +2,,"Coordinateur Caisse Accueil 35H H/F
Lidl",Lidl,True,,0.0,,0.0,True,,2025-12-17T13:40:41.704666,True,il y a 27 jours,,
Emploi Distribution,https://www.hellowork.com/fr-fr/emplois/61733187.html,61733187,True,Les missions du poste,Seyssins,38,CDI,3 200 - 3 400 € / mois,1 an,"BEP, CAP",,"Manager de Rayon Boucherie Trads - LS H/F
Jean-François Philippe | Cabinet de recrutement | Grande Distribution",Jean-François Philippe | Cabinet de recrutement | Grande Distribution,True,,0.0,,0.0,False,de Seyssins.,2025-12-17T13:40:53.227361,True,il y a 29 jours,,
Emploi Distribution,https://www.hellowork.com/fr-fr/emplois/60442833.html,60442833,True,Les missions du poste,Aymeries,59,CDI,24 600 - 31 200 € / an,5 ans,Bac +2,3 à 5 ans,"Adjoint Responsable de Magasin E.Leclerc Express de Maubeuge H/F
E.Leclerc",E.Leclerc,True,,0.0,,0.0,False,,2025-12-17T13:41:05.761370,True,il y a 20 jours,,
Emploi Distribution,https://www.hellowork.com/fr-fr/emplois/59410552.html,59410552,True,Les missions du poste,Lieusaint,77,CDI,1 900 - 2 050 € / mois,2 mois,Bac +2,,"Promoteur des Ventes GMS H/F
DMF",DMF,True,,0.0,,0.0,False,de notre client.,2025-12-17T13:41:15.756608,True,il y a 29 jours,,
Emploi Distribution,https://www.hellowork.com/fr-fr/emplois/71654753.html,71654753,True,Les missions du poste,Coutances,50,CDI,21 622 - 21 639 € / an,,"BEP, CAP",,"Employé de Rayon H/F
E.Leclerc",E.Leclerc,True,,0.0,,0.0,False,,2025-12-17T13:41:27.568615,True,il y a 25 jours,,
Emploi Distribution,https://www.hellowork.com/fr-fr/emplois/68097159.html,68097159,True,Les missions du poste,Fougères,35,Alternance,930 - 1 300 € / mois,12 mois,"BEP, CAP",1 an,"Employé Commercial - Employée Commerciale 0539605 H/F
AFPA Entreprises",AFPA Entreprises,True,,0.0,,0.0,False,"s d'activité et niveaux de compétence, et contribuant activement à l'employabilité et à la lutte con",2025-12-17T13:41:40.852001,True,il y a 15 jours,,
Emploi Distribution,https://www.hellowork.com/fr-fr/emplois/71646296.html,71646296,True,Détail du poste,Hirtzbach,68,CDI,21 622 € / an,,"BEP, CAP",,"Vendeur Libre Service Professionnelelle H/F
Pompac Développement & Comafranc",Pompac Développement & Comafranc,True,,0.0,,0.0,False,,2025-12-17T13:42:12.757717,True,il y a 26 jours,,
Emploi Distribution,https://www.hellowork.com/fr-fr/emplois/71638308.html,71638308,True,Détail du poste,Forêt,95,CDI,25 480 - 27 010 € / an,5 mois,Bac +2,,"Manager Boucherie -Charcuterie H/F
Carrefour",Carrefour,True,,0.0,,0.0,True,,2025-12-17T13:42:24.632344,True,il y a 6 jours,,
Emploi Distribution,https://www.hellowork.com/fr-fr/emplois/71628380.html,71628380,True,Détail du poste,Gap,05,CDI,33 800 - 49 000 € / an,3 ans,Bac +2,3 ans,"Adjoint Manager de Supermarché - Parcours Certifiant H/F
Lidl",Lidl,True,,0.0,,0.0,True,,2025-12-17T13:42:35.465887,True,il y a 24 jours,,
Emploi Distribution,https://www.hellowork.com/fr-fr/emplois/64063096.html,64063096,True,Détail du poste,Moulineaux,92,CDI,26 000 - 28 000 € / an,3 ans,Bac +2,,"Responsable Adjoint de Magasin - Issy les Moulineaux H/F
Action France",Action France,True,,0.0,,0.0,False,,2025-12-17T13:42:47.272727,True,il y a 26 jours,,
Emploi Distribution,https://www.hellowork.com/fr-fr/emplois/71633089.html,71633089,True,Détail du poste,évoyance,15,CDI,26 000 - 28 000 € / an,2 ans,Bac +2,,"Responsable Adjoint de Magasin H/F
Action France",Action France,True,,0.0,,0.0,False,,2025-12-17T13:42:59.608691,True,il y a 26 jours,,
Emploi Distribution,https://www.hellowork.com/fr-fr/emplois/71655902.html,71655902,True,Les missions du poste,Laxou,54,CDI,39 000 - 43 000 € / an,5 ans,Bac +2,2 à 5 ans,"Directeur de Magasin H/F
Jardiland",Jardiland,True,,0.0,,0.0,False,,2025-12-17T13:43:10.519867,True,il y a 18 jours,,
Emploi Distribution,https://www.hellowork.com/fr-fr/emplois/72627767.html,72627767,True,Détail du poste,Fonbeauzard,31,CDI,2 300 - 2 500 € / mois,1 an,Bac +2,3 ans,"Adjoint Manager de Supermarché - Parcours Certifiant H/F
Lidl",Lidl,True,,0.0,,0.0,True,,2025-12-17T13:43:22.706292,True,il y a 28 jours,,
Emploi Distribution,https://www.hellowork.com/fr-fr/emplois/71656403.html,71656403,True,Les missions du poste,Rouen,76,CDI,2 400 - 2 600 € / mois,7 ans,Bac +5,1 à 7 ans,"Responsable de Magasin H/F
Screwfix",Screwfix,True,,0.0,,0.0,False,,2025-12-17T13:44:33.649405,True,il y a 16 jours,,
Emploi Distribution,https://www.hellowork.com/fr-fr/emplois/64830461.html,64830461,True,Détail du poste,Malo,35,CDI,21 622 € / an,13 mois,"BEP, CAP",,"Equipier Polyvalent Etudiant H/F
Lidl",Lidl,True,,0.0,,0.0,True,,2025-12-17T13:44:45.941953,True,il y a 25 jours,,
Emploi Distribution,https://www.hellowork.com/fr-fr/emplois/71655503.html,71655503,True,Les missions du poste,Lyon,69,CDI,34 000 - 38 000 € / an,6 ans,Bac +2,2 à 6 ans,"Responsable de Secteur CHR - Univers Alimentaire H/F
Palmer",Palmer,True,,0.0,,0.0,True,CHR - Univers Alimentaire H/F,2025-12-17T13:44:57.143768,True,il y a 4 jours,,
Emploi Distribution,https://www.hellowork.com/fr-fr/emplois/71618802.html,71618802,True,Les missions du poste,Outreau,62,CDD,1 802 € / mois,4 mois,"BEP, CAP",1 an,"Els Textile E.Leclerc Samer H/F
E.Leclerc",E.Leclerc,True,,0.0,,0.0,False,TEXTILE.,2025-12-17T13:45:07.777046,True,il y a 27 jours,,
Emploi Distribution,https://www.hellowork.com/fr-fr/emplois/68798294.html,68798294,True,Les missions du poste,Paris,75,CDI,30 000 - 32 000 € / an,5 ans,Bac +2,,"Directeur de Magasin H/F
Animalis",Animalis,True,,0.0,,0.0,False,,2025-12-17T13:45:22.885276,True,il y a 24 jours,,
Emploi Distribution,https://www.hellowork.com/fr-fr/emplois/71647396.html,71647396,True,Les missions du poste,Toulouse,31,CDI,2 550 - 2 600 € / mois,2 ans,Bac +3,,"Responsable Adjoint de Station-Service - CDI - Dyneff H/F
Human First RH",Human First RH,True,,0.0,,0.0,False,,2025-12-17T13:45:35.180916,True,il y a 29 jours,,
Emploi Distribution,https://www.hellowork.com/fr-fr/emplois/71666811.html,71666811,True,Les missions du poste,Annecy,74,CDI,31 300 - 51 200 € / an,1 an,Bac +3,1 an,"Chef de Secteur GMS - Annecy - Chambéry - CDI H/F
LDC Groupe",LDC Groupe,True,,0.0,,0.0,True,GMS - Annecy - Chambéry - CDI H/F,2025-12-17T13:45:48.506204,True,il y a 15 jours,,
Emploi Distribution,https://www.hellowork.com/fr-fr/emplois/71646760.html,71646760,True,Détail du poste,Lescar,64,CDI,1 800 - 2 200 € / mois,13 mois,Bac +2,,"Manager Drive H/F
Carrefour",Carrefour,True,,0.0,,0.0,True,,2025-12-17T13:45:58.375481,True,il y a 2 jours,,
Emploi Distribution,https://www.hellowork.com/fr-fr/emplois/32300586.html,32300586,True,Les missions du poste,Étampes,91,CDI,1 900 - 2 050 € / mois,3 mois,Bac +2,,"Promoteur des Ventes GMS H/F
DMF",DMF,True,,0.0,,0.0,False,de notre client.,2025-12-17T13:46:09.031619,True,il y a 29 jours,,
Emploi Distribution,https://www.hellowork.com/fr-fr/emplois/71589758.html,71589758,True,Les missions du poste,Loire,58,CDI,1 802 € / mois,,Bac,,"Vendeur Libre Service Electricité H/F
Comptoir des Fers",Comptoir des Fers,True,,0.0,,0.0,False,,2025-12-17T13:46:24.155461,True,il y a 29 jours,,
Emploi Distribution,https://www.hellowork.com/fr-fr/emplois/71588597.html,71588597,True,Détail du poste,Nantes,44,CDI,24 500 - 34 200 € / an,,Bac +2,,"Chef de Rayon H/F
Castorama",Castorama,True,,0.0,,0.0,False,de la Distribution,2025-12-17T13:46:34.746035,True,il y a 23 jours,,
Emploi Distribution,https://www.hellowork.com/fr-fr/emplois/70461248.html,70461248,True,Détail du poste,Montpellier,34,CDI,24 500 - 33 800 € / an,,Bac +2,,"Superviseur de Rayon H/F
JD Sports",JD Sports,True,,0.0,,0.0,False,,2025-12-17T13:47:02.999535,True,il y a 11 jours,,
Emploi Distribution,https://www.hellowork.com/fr-fr/emplois/71588154.html,71588154,True,Détail du poste,Cèze,30,CDI,,5 ans,Bac +2,5 ans,"Directeur de Supermarché - Parcours Certifiant H/F
Lidl",Lidl,True,,0.0,,0.0,True,", ou d'autres postes de Responsable en transverse.",2025-12-17T13:47:13.799113,True,il y a 19 jours,,
Emploi Distribution,https://www.hellowork.com/fr-fr/emplois/32300572.html,32300572,True,Les missions du poste,Vitrolles,13,CDI,1 900 - 2 050 € / mois,3 mois,Bac +2,,"Promoteur des Ventes GMS H/F
DMF",DMF,True,,0.0,,0.0,False,de notre client.,2025-12-17T13:47:23.890866,True,il y a 13 jours,,
Emploi Distribution,https://www.hellowork.com/fr-fr/emplois/71659384.html,71659384,True,Détail du poste,Échirolles,38,CDI,26 000 - 32 000 € / an,4 ans,Bac +2,,"Responsable de Magasin H/F
Action France",Action France,True,,0.0,,0.0,False,,2025-12-17T13:47:36.052834,True,il y a 5 jours,,
Emploi Distribution,https://www.hellowork.com/fr-fr/emplois/71633707.html,71633707,True,Les missions du poste,Seine,21,CDI,26 462 - 32 000 € / an,7 ans,"BEP, CAP",1 à 7 ans,"Responsable de Magasin Adjoint H/F
Les Colettes",Les Colettes,True,,0.0,,0.0,False,,2025-12-17T13:47:48.166717,True,,,
Emploi Distribution,https://www.hellowork.com/fr-fr/emplois/71633139.html,71633139,True,Détail du poste,Gennevilliers,92,CDI,1 900 - 2 200 € / mois,2 ans,Bac +2,,"Responsable Adjoint de Magasin H/F
Action France",Action France,True,,0.0,,0.0,False,,2025-12-17T13:47:58.973163,True,il y a 25 jours,,
Emploi Distribution,https://www.hellowork.com/fr-fr/emplois/71633122.html,71633122,True,Détail du poste,Villemomble,93,CDI,26 000 - 28 000 € / an,2 ans,Bac +2,,"Responsable Adjoint de Magasin H/F
Action France",Action France,True,,0.0,,0.0,False,,2025-12-17T13:48:09.034328,True,il y a 26 jours,,
Emploi Distribution,https://www.hellowork.com/fr-fr/emplois/71666814.html,71666814,True,Les missions du poste,A,23,CDI,,2 ans,Bac +3,,"Chef de Secteur GMS - France - CDI H/F
LDC Groupe",LDC Groupe,True,,0.0,,0.0,True,GMS - France - CDI H/F,2025-12-17T13:48:19.246378,True,,,
Emploi Distribution,https://www.hellowork.com/fr-fr/emplois/65570816.html,65570816,True,Les missions du poste,Caen,14,Alternance,"801,80 € / mois",24 mois,Bac +2,1 an,"Employé de Commerce BTS Management Commercial Opérationnel. Courseulles sur Mer14 H/F
Aftec Caen",Aftec Caen,True,,0.0,,0.0,False,,2025-12-17T13:48:31.986499,True,,,
Emploi Distribution,https://www.hellowork.com/fr-fr/emplois/71718286.html,71718286,True,Les missions du poste,Loing,45,CDI,12 € / heure,,"BEP, CAP",,"Employé Commercial Libre-Service H/F
U Magasins",U Magasins,True,,0.0,,0.0,False,,2025-12-17T13:48:43.062608,True,il y a 16 jours,,
Emploi Distribution,https://www.hellowork.com/fr-fr/emplois/71599616.html,71599616,True,Les missions du poste,Gaillarde,19,CDI,12 € / heure,,Bac +2,,"Merchandiseur Els H/F
DistriCom",DistriCom,True,,0.0,,0.0,False,,2025-12-17T13:48:54.625129,True,il y a 22 jours,,
Emploi Distribution,https://www.hellowork.com/fr-fr/emplois/71592611.html,71592611,True,Les missions du poste,Priest,69,CDI,2 400 - 2 600 € / mois,3 ans,Bac +2,2 à 3 ans,Devenez Responsable Adjoint·e Magasin H/F,,True,,0.0,,0.0,False,,2025-12-17T13:49:07.019041,True,il y a 29 jours,,
Emploi Distribution,https://www.hellowork.com/fr-fr/emplois/72675585.html,72675585,True,Les missions du poste,Fossés,94,CDI,40 000 - 50 000 € / an,2 ans,Bac +5,,"Directeur de Magasin Super Idf H/F
Auchan Retail France",Auchan Retail France,True,,0.0,,0.0,True,,2025-12-17T13:49:19.408107,True,il y a 24 jours,,
Emploi Distribution,https://www.hellowork.com/fr-fr/emplois/71586093.html,71586093,True,Les missions du poste,Ussel,19,CDI,30 000 - 41 200 € / an,5 ans,Bac +2,3 à 5 ans,"Responsable de Caisse H/F
E.Leclerc",E.Leclerc,True,,0.0,,0.0,False,. Vous avez également le responsabilité des caisses automatiques.,2025-12-17T13:49:31.085468,True,,,
Emploi Comptabilité,https://www.hellowork.com/fr-fr/emplois/73794290.html,73794290,True,Les missions du poste,Chevrolière,44,CDI,12 - 13 € / heure,6 mois,Bac +2,1 à 7 ans,"Comptable H/F
Groupe Actual",Groupe Actual,True,,0.0,,0.0,True,,2025-12-17T13:50:06.178982,True,il y a 21 jours,,
Emploi Comptabilité,https://www.hellowork.com/fr-fr/emplois/73794113.html,73794113,True,Les missions du poste,Villeurbanne,69,CDI,28 000 - 32 000 € / an,3 mois,Bac +2,1 à 7 ans,"Assistant Comptable H/F
Adwork’s Travail Temporaire",Adwork’s Travail Temporaire,True,,0.0,,0.0,True,,2025-12-17T13:50:16.647800,True,il y a 19 jours,,
Emploi Comptabilité,https://www.hellowork.com/fr-fr/emplois/73793079.html,73793079,True,Les missions du poste,Latresne,33,CDD,20 000 - 25 000 € / an,12 mois,Bac +2,1 à 7 ans,"Assistant Comptable Temps Partiel H/F
Groupe Actual",Groupe Actual,True,,0.0,,0.0,False,,2025-12-17T13:50:28.521789,True,il y a 22 jours,,
Emploi Comptabilité,https://www.hellowork.com/fr-fr/emplois/73792529.html,73792529,True,Les missions du poste,Mahault,971,Intérim,"11,88 - 12 € / heure",1 mois,Bac +2,1 à 7 ans,"Agent de Recouvrement Recherché H/F
Groupe Actual",Groupe Actual,True,,0.0,,0.0,False,,2025-12-17T13:50:39.444480,True,,,
Emploi Comptabilité,https://www.hellowork.com/fr-fr/emplois/73791852.html,73791852,True,Les missions du poste,Reims,51,CDI,12 - 15 € / heure,1 mois,Bac +3,1 à 7 ans,"Comptable H/F
Sup Interim",Sup Interim,True,,0.0,,0.0,True,s du bâtiment / industrie / logistique / espaces verts .,2025-12-17T13:50:52.308553,True,il y a 27 jours,,
Emploi Comptabilité,https://www.hellowork.com/fr-fr/emplois/73791671.html,73791671,True,Les missions du poste,Pontarlier,25,CDI,30 000 - 35 000 € / an,3 ans,Bac +2,,"Collaborateur Comptable H/F
Supplay",Supplay,True,,0.0,,0.0,True,s diversifiés.,2025-12-17T13:51:02.608578,True,il y a 12 jours,,
Emploi Comptabilité,https://www.hellowork.com/fr-fr/emplois/73791597.html,73791597,True,Les missions du poste,Fruges,62,CDI,12 - 13 € / heure,6 mois,Bac,,"Assistant Comptable H/F
Supplay",Supplay,True,,0.0,,0.0,True,"de l'intérim et du recrutement, Supplay poursuit sa croissance en gardant une culture d'entreprise f",2025-12-17T13:51:15.187275,True,il y a 27 jours,,
Emploi Comptabilité,https://www.hellowork.com/fr-fr/emplois/73791573.html,73791573,True,Les missions du poste,Bédée,35,CDI,32 000 - 36 000 € / an,3 ans,Bac +2,3 ans,"Adjoint Responsable Comptable - CDI en Entreprise H/F
Expectra",Expectra,True,,0.0,,0.0,False,,2025-12-17T13:51:26.597624,True,,,
Emploi Comptabilité,https://www.hellowork.com/fr-fr/emplois/73791365.html,73791365,True,Les missions du poste,Alès,30,CDI,43 000 - 48 000 € / an,7 ans,Bac +3,1 à 7 ans,"Expert-Comptable Mémorialiste - Chef de Mission Expertise Comptable - Alès 30 H/F
ODAS CONSEIL",ODAS CONSEIL,True,,0.0,,0.0,True,,2025-12-17T13:51:39.109252,True,,,
Emploi Comptabilité,https://www.hellowork.com/fr-fr/emplois/73791362.html,73791362,True,Les missions du poste,Albi,81,CDI,37 000 - 43 000 € / an,7 ans,Bac +3,1 à 7 ans,"Responsable de Dossier Comptable - Albi 81 H/F
ODAS CONSEIL",ODAS CONSEIL,True,,0.0,,0.0,True,,2025-12-17T13:51:51.409515,True,,,
Emploi Comptabilité,https://www.hellowork.com/fr-fr/emplois/73791361.html,73791361,True,Les missions du poste,Mer,66,CDI,35 000 - 40 000 € / an,7 ans,Bac +3,1 à 7 ans,"Collaborateur Comptable Confirmé - Argelès-Sur-Mer 66 H/F
ODAS CONSEIL",ODAS CONSEIL,True,,0.0,,0.0,True,"s d'activité variés (numérique, services, restauration, etc.), en assurant un suivi régulier, struct",2025-12-17T13:52:02.338045,True,il y a 13 jours,,
Emploi Comptabilité,https://www.hellowork.com/fr-fr/emplois/73791359.html,73791359,True,Les missions du poste,Agne,31,CDI,35 000 - 40 000 € / an,7 ans,Bac +3,1 à 7 ans,"Collaborateur Comptable Confirmé - Ramonville-Saint-Agne 31 H/F
ODAS CONSEIL",ODAS CONSEIL,True,,0.0,,0.0,True,"s d'activité variés (numérique, services, restauration, etc.), en assurant un suivi régulier, struct",2025-12-17T13:52:14.839898,True,il y a 19 jours,,
Emploi Comptabilité,https://www.hellowork.com/fr-fr/emplois/73791358.html,73791358,True,Les missions du poste,Marne,94,CDI,36 000 - 42 000 € / an,7 ans,Bac +3,1 à 7 ans,"Collaborateur Comptable Confirmé - Nogent-Sur Marne 94 H/F
ODAS CONSEIL",ODAS CONSEIL,True,,0.0,,0.0,True,,2025-12-17T13:52:27.657375,True,il y a 29 jours,,
Emploi Comptabilité,https://www.hellowork.com/fr-fr/emplois/73791357.html,73791357,True,Les missions du poste,Montrouge,92,CDI,55 000 - 65 000 € / an,7 ans,Bac +3,1 à 7 ans,"Chef de Mission Expertise Comptable - Montrouge 92 H/F
ODAS CONSEIL",ODAS CONSEIL,True,,0.0,,0.0,True,,2025-12-17T13:52:40.378428,True,il y a 29 jours,,
Emploi Comptabilité,https://www.hellowork.com/fr-fr/emplois/73791354.html,73791354,True,Les missions du poste,Nîmes,30,CDI,35 000 - 40 000 € / an,7 ans,Bac +3,1 à 7 ans,"Collaborateur Comptable Confirmé - Nîmes 30 H/F
ODAS CONSEIL",ODAS CONSEIL,True,,0.0,,0.0,True,"s d'activité variés (numérique, services, restauration, etc.), en assurant un suivi régulier, struct",2025-12-17T13:52:52.481429,True,il y a 22 jours,,
Emploi Comptabilité,https://www.hellowork.com/fr-fr/emplois/73791351.html,73791351,True,Les missions du poste,Fonsegrives,31,CDI,25 000 - 35 000 € / an,7 ans,Bac +3,1 à 7 ans,"Collaborateur Comptable Junior - Quint-Fonsegrives 31 H/F
ODAS CONSEIL",ODAS CONSEIL,True,,0.0,,0.0,True,,2025-12-17T13:53:04.633281,True,il y a 22 jours,,
Emploi Comptabilité,https://www.hellowork.com/fr-fr/emplois/73791349.html,73791349,True,Les missions du poste,Montpellier,34,CDI,38 000 - 45 000 € / an,7 ans,Bac +3,1 à 7 ans,"Responsable de Dossier Comptable - Cabinet 100% Dématérialisé - Montpellier 34 H/F
ODAS CONSEIL",ODAS CONSEIL,True,,0.0,,0.0,True,,2025-12-17T13:53:17.103456,True,il y a 28 jours,,
Emploi Comptabilité,https://www.hellowork.com/fr-fr/emplois/73791259.html,73791259,True,Détail du poste,Loup,06,CDI,20 000 - 30 000 € / an,2 ans,Bac +2,2 ans,"Assistant Comptable en Cabinet H/F
Lynx RH",Lynx RH,True,,0.0,,0.0,True,,2025-12-17T13:53:29.263776,True,il y a 5 jours,,
Emploi Comptabilité,https://www.hellowork.com/fr-fr/emplois/73791256.html,73791256,True,Détail du poste,Sartoux,06,CDI,36 000 - 40 000 € / an,,Bac +2,,"Comptable H/F
Lynx RH",Lynx RH,True,,0.0,,0.0,False,technique et en lien avec des chantiers et des projets sur mesure.,2025-12-17T13:53:41.095583,True,il y a 15 jours,,
Emploi Comptabilité,https://www.hellowork.com/fr-fr/emplois/73791255.html,73791255,True,Détail du poste,Nice,06,CDI,20 000 - 30 000 € / an,,Bac +2,,"Assistant Comptable H/F
Lynx RH",Lynx RH,True,,0.0,,0.0,False,,2025-12-17T13:53:54.431819,True,il y a 5 jours,,
Emploi Comptabilité,https://www.hellowork.com/fr-fr/emplois/73784355.html,73784355,True,Les missions du poste,Vincennes,94,CDI,42 000 - 45 000 € / an,3 ans,Bac +2,,"Responsable Comptable Général H/F
Abil Ressources",Abil Ressources,True,,0.0,,0.0,True,,2025-12-17T13:54:27.271575,True,il y a 26 jours,,
Emploi Comptabilité,https://www.hellowork.com/fr-fr/emplois/73783565.html,73783565,True,Les missions du poste,Colombes,92,CDI,35 000 - 40 000 € / an,3 ans,Bac +2,3 ans,"Comptable Unique H/F
Abil Ressources",Abil Ressources,True,,0.0,,0.0,True,,2025-12-17T13:54:40.250113,True,il y a 29 jours,,
Emploi Comptabilité,https://www.hellowork.com/fr-fr/emplois/73783511.html,73783511,True,Détail du poste,Paris,75,CDI,45 000 - 55 000 € / an,3 ans,Bac +3,5 ans,"Collaborateur Comptable - Paris 9E - CDI H/F
NYUJI",NYUJI,True,,0.0,,0.0,True,,2025-12-17T13:54:53.147225,True,il y a 29 jours,,
Emploi Comptabilité,https://www.hellowork.com/fr-fr/emplois/73783495.html,73783495,True,Détail du poste,Montpellier,34,CDI,40 000 - 50 000 € / an,3 ans,Bac +3,,"Chef de Mission Comptable - Montpellier H/F
NYUJI",NYUJI,True,,0.0,,0.0,True,,2025-12-17T13:55:04.892515,True,il y a 22 jours,,
Emploi Comptabilité,https://www.hellowork.com/fr-fr/emplois/73783494.html,73783494,True,Détail du poste,Sète,34,CDI,60 000 - 80 000 € / an,8 ans,Bac +5,,"Expert-Comptable - Direction d'Agence H/F
NYUJI",NYUJI,True,,0.0,,0.0,True,,2025-12-17T13:55:16.245623,True,il y a 11 jours,,
Emploi Comptabilité,https://www.hellowork.com/fr-fr/emplois/73783493.html,73783493,True,Détail du poste,I,39,CDI,45 000 - 55 000 € / an,3 ans,Bac +2,,"Responsable de Dossier Comptable H/F
NYUJI",NYUJI,True,,0.0,,0.0,False,,2025-12-17T13:55:26.999828,True,,,
Emploi Comptabilité,https://www.hellowork.com/fr-fr/emplois/73783492.html,73783492,True,Les missions du poste,Paris,75,CDI,35 000 - 48 000 € / an,3 ans,Bac +2,,"Collaborateur Comptable Confirmé - Évolution Chef de Mission H/F
NYUJI",NYUJI,True,,0.0,,0.0,True,,2025-12-17T13:55:39.732249,True,il y a 29 jours,,
Emploi Comptabilité,https://www.hellowork.com/fr-fr/emplois/73783491.html,73783491,True,Détail du poste,Marcellin,38,CDI,28 000 - 34 000 € / an,2 ans,Bac +2,,"Collaborateur Comptable H/F
Vocation Recrutement",Vocation Recrutement,True,,0.0,,0.0,True,s d'activité.,2025-12-17T13:55:52.389206,True,il y a 22 jours,,
Emploi Comptabilité,https://www.hellowork.com/fr-fr/emplois/73783487.html,73783487,True,Les missions du poste,Abymes,971,CDI,30 000 - 40 000 € / an,3 ans,Bac +2,,"Collaborateur Comptable Confirmé - CDI - les Abymes Guadeloupe H/F
NYUJI",NYUJI,True,,0.0,,0.0,True,,2025-12-17T13:56:03.497850,True,il y a 2 jours,,
Emploi Comptabilité,https://www.hellowork.com/fr-fr/emplois/73783470.html,73783470,True,Les missions du poste,Colombes,92,CDI,35 000 - 40 000 € / an,3 ans,Bac +2,3 ans,"Comptable Général H/F
Abil Ressources",Abil Ressources,True,,0.0,,0.0,True,,2025-12-17T13:56:16.055196,True,il y a 29 jours,,
Emploi Comptabilité,https://www.hellowork.com/fr-fr/emplois/73783469.html,73783469,True,Détail du poste,Marseille,13,Alternance,"621,60 € / an",1 an,Bac +3,,"Assistant Comptable - Alternance H/F
MARSEILLE BUSINESS SCHOOL",MARSEILLE BUSINESS SCHOOL,True,,0.0,,0.0,False,,2025-12-17T13:56:29.040396,True,il y a 13 jours,,
Emploi Comptabilité,https://www.hellowork.com/fr-fr/emplois/73783434.html,73783434,True,Les missions du poste,Antibes,06,CDI,14 - 16 € / heure,4 mois,Bac +2,,"Comptable H/F
NETWORK INTERIM CANNES",NETWORK INTERIM CANNES,True,,0.0,,0.0,False,,2025-12-17T13:56:42.801089,True,il y a 15 jours,,
Emploi Comptabilité,https://www.hellowork.com/fr-fr/emplois/73783355.html,73783355,True,Détail du poste,Goussainville,95,CDI,35 000 - 45 000 € / an,10 ans,Bac,,"Comptable Général H/F
Approach People Recruitment",Approach People Recruitment,True,,0.0,,0.0,True,"de la production et de la logistique d'activités et projets spéciaux, proposant la location de matér",2025-12-17T13:56:53.594937,True,il y a 29 jours,,
Emploi Comptabilité,https://www.hellowork.com/fr-fr/emplois/73783232.html,73783232,True,Les missions du poste,Alès,30,CDI,24 000 - 40 000 € / an,7 ans,Bac +2,1 à 7 ans,"Collaborateur Comptable H/F
ORB Conseil",ORB Conseil,True,,0.0,,0.0,True,", recherche pour l'un de ses clients, cabinet d'expertise comptable, basé à",2025-12-17T13:57:04.898383,True,il y a 22 jours,,
Emploi Comptabilité,https://www.hellowork.com/fr-fr/emplois/73783229.html,73783229,True,Les missions du poste,Annecy,74,CDI,2 300 € / mois,3 ans,Bac +2,,"Chargé de Recouvrement H/F
Simatel",Simatel,True,,0.0,,0.0,False,,2025-12-17T13:57:15.245576,True,,,
Emploi Comptabilité,https://www.hellowork.com/fr-fr/emplois/73783227.html,73783227,True,Les missions du poste,Perpignan,66,CDI,39 000 - 50 000 € / an,7 ans,Bac +3,1 à 7 ans,"Chef de Mission Comptable H/F
ORB Conseil",ORB Conseil,True,,0.0,,0.0,False,"s d'activités, recherche un(e) chef(fe) de mission comptable pour le compte d'un de ses clients, un",2025-12-17T13:57:25.796008,True,il y a 13 jours,,
Emploi Comptabilité,https://www.hellowork.com/fr-fr/emplois/73783225.html,73783225,True,Les missions du poste,Perpignan,66,CDI,22 000 - 27 000 € / an,7 ans,Bac +2,1 an,"Assistant Comptable H/F
ORB Conseil",ORB Conseil,True,,0.0,,0.0,False,"s d'activités, recherche un(e) Assistant(e) comptable, pour l'un de ses clients un cabinet d'experti",2025-12-17T13:57:37.519705,True,,,
Emploi Comptabilité,https://www.hellowork.com/fr-fr/emplois/73783153.html,73783153,True,Les missions du poste,Sèvremoine,49,CDI,60 000 - 65 000 € / an,7 ans,Bac +5,,"Responsable Comptable Groupe H/F
ZELIE",ZELIE,True,,0.0,,0.0,True,,2025-12-17T13:57:49.463391,True,il y a 25 jours,,
Emploi Comptabilité,https://www.hellowork.com/fr-fr/emplois/73783077.html,73783077,True,Les missions du poste,Plouénan,29,CDI,60 000 - 65 000 € / an,3 ans,Bac +5,,"Responsable Comptable Groupe H/F
ZELIE",ZELIE,True,,0.0,,0.0,True,,2025-12-17T13:58:01.660596,True,il y a 25 jours,,
Emploi Comptabilité,https://www.hellowork.com/fr-fr/emplois/73782989.html,73782989,True,Détail du poste,Nice,06,Alternance,800 - 1 100 € / mois,12 mois,Bac +2,,"Devenez Apprenti Assistant Comptable Gestion Pme Pmi H/F
Infoconseil",Infoconseil,True,,0.0,,0.0,False,,2025-12-17T13:58:13.300701,True,il y a 10 jours,,
Emploi Comptabilité,https://www.hellowork.com/fr-fr/emplois/73798675.html,73798675,True,Les missions du poste,Angers,49,CDI,30 000 - 40 000 € / an,7 ans,Bac +3,1 à 7 ans,"Collaborateur Comptable H/F
Duo Venandi",Duo Venandi,True,,0.0,,0.0,True,,2025-12-17T13:58:44.054386,True,il y a 8 jours,,
Emploi Comptabilité,https://www.hellowork.com/fr-fr/emplois/73798661.html,73798661,True,Les missions du poste,Pau,64,CDI,35 000 - 50 000 € / an,7 ans,Bac +2,1 à 7 ans,"Chef de Mission Comptable H/F
Duo Venandi",Duo Venandi,True,,0.0,,0.0,True,,2025-12-17T13:58:56.271475,True,il y a 14 jours,,
Emploi Comptabilité,https://www.hellowork.com/fr-fr/emplois/73798605.html,73798605,True,Les missions du poste,Mer,76,CDI,12 - 13 € / heure,1 mois,Bac +2,1 à 7 ans,"Comptable H/F
SOS Intérim",SOS Intérim,True,,0.0,,0.0,True,,2025-12-17T13:59:09.263173,True,il y a 21 jours,,
Emploi Comptabilité,https://www.hellowork.com/fr-fr/emplois/73798589.html,73798589,True,Les missions du poste,Fréjus,83,CDI,30 000 - 40 000 € / an,7 ans,Bac +2,2 ans,"Collaborateur Comptable H/F
ALTINEO",ALTINEO,True,,0.0,,0.0,True,,2025-12-17T13:59:21.707953,True,il y a 15 jours,,
Emploi Comptabilité,https://www.hellowork.com/fr-fr/emplois/73798586.html,73798586,True,Les missions du poste,Rocbaron,83,CDI,30 000 - 40 000 € / an,7 ans,Bac +2,2 ans,"Collaborateur Comptable H/F
ALTINEO",ALTINEO,True,,0.0,,0.0,True,,2025-12-17T13:59:34.003913,True,il y a 23 jours,,
Emploi Comptabilité,https://www.hellowork.com/fr-fr/emplois/73798585.html,73798585,True,Les missions du poste,Balma,31,CDI,30 000 - 35 000 € / an,7 ans,Bac +5,1 à 7 ans,"Expert Comptable Stagiaire H/F
Harry Hope",Harry Hope,True,,0.0,,0.0,True,d'activité et zone géographique.,2025-12-17T13:59:47.401458,True,il y a 26 jours,,
Emploi Comptabilité,https://www.hellowork.com/fr-fr/emplois/73798546.html,73798546,True,Les missions du poste,Fleurance,32,CDI,25 000 - 40 000 € / an,7 ans,Bac +3,1 à 7 ans,"Collaborateur Comptable Expérimenté H/F
Harry Hope",Harry Hope,True,,0.0,,0.0,True,d'activité et zone géographique.,2025-12-17T14:00:00.994011,True,il y a 28 jours,,
Emploi Comptabilité,https://www.hellowork.com/fr-fr/emplois/73798545.html,73798545,True,Les missions du poste,Cergy,95,CDI,70 000 - 90 000 € / an,7 ans,Bac +5,10 ans,"Expert-Comptable Diplômé H/F
Nextep HR",Nextep HR,True,,0.0,,0.0,True,,2025-12-17T14:00:12.221693,True,il y a 22 jours,,
Emploi Comptabilité,https://www.hellowork.com/fr-fr/emplois/73798541.html,73798541,True,Les missions du poste,Mulhouse,68,CDI,50 000 - 70 000 € / an,7 ans,Bac +5,,"Expert-Comptable Direction d'Un Site H/F
Harry Hope",Harry Hope,True,,0.0,,0.0,True,"de Mulhouse. Le cabinet dispose d'une clientèle diversifiée : TPE, PME, associations, professions li",2025-12-17T14:00:22.539982,True,,,
Emploi Comptabilité,https://www.hellowork.com/fr-fr/emplois/73798539.html,73798539,True,Les missions du poste,Paris,75,CDI,29 000 - 32 000 € / an,7 ans,Bac +5,3 ans,"Collaborateur Comptable Confirmé - Expert Comptable H/F
Nextep HR",Nextep HR,True,,0.0,,0.0,True,,2025-12-17T14:00:32.369488,True,il y a 29 jours,,
Emploi Comptabilité,https://www.hellowork.com/fr-fr/emplois/73798505.html,73798505,True,Les missions du poste,Montauban,82,CDI,35 000 - 45 000 € / an,7 ans,Bac +5,1 à 7 ans,"Chef de Mission Comptable H/F
Harry Hope",Harry Hope,True,,0.0,,0.0,True,d'activité et zone géographique.,2025-12-17T14:00:43.696593,True,il y a 22 jours,,
Emploi Comptabilité,https://www.hellowork.com/fr-fr/emplois/73798481.html,73798481,True,Les missions du poste,Montauban,82,CDI,25 000 - 30 000 € / an,7 ans,Bac +3,3 ans,"Collaborateur Comptable H/F
Harry Hope",Harry Hope,True,,0.0,,0.0,True,d'activité et zone géographique.,2025-12-17T14:00:55.659096,True,il y a 22 jours,,
Emploi Comptabilité,https://www.hellowork.com/fr-fr/emplois/73798460.html,73798460,True,Les missions du poste,Strasbourg,67,CDI,40 000 - 50 000 € / an,7 ans,Bac +5,1 à 7 ans,"Responsable de Dossiers Confirmé H/F
Harry Hope",Harry Hope,True,,0.0,,0.0,True,de Contades (facilement accessible en transport en commun). Il s'agit d'un cabinet bien structuré et,2025-12-17T14:01:05.891158,True,il y a 20 jours,,
Emploi Comptabilité,https://www.hellowork.com/fr-fr/emplois/73798459.html,73798459,True,Les missions du poste,Antibes,06,CDI,30 000 - 40 000 € / an,7 ans,Bac +2,2 ans,"Collaborateur Comptable H/F
ALTINEO",ALTINEO,True,,0.0,,0.0,True,,2025-12-17T14:01:16.765513,True,il y a 15 jours,,
Emploi Comptabilité,https://www.hellowork.com/fr-fr/emplois/73798450.html,73798450,True,Les missions du poste,Martigues,13,CDI,30 000 - 40 000 € / an,7 ans,Bac +2,2 ans,"Collaborateur Comptable H/F
ALTINEO",ALTINEO,True,,0.0,,0.0,True,,2025-12-17T14:01:27.255620,True,il y a 29 jours,,
Emploi Comptabilité,https://www.hellowork.com/fr-fr/emplois/73798410.html,73798410,True,Les missions du poste,Roanne,42,CDI,25 000 - 35 000 € / an,7 ans,Bac +2,1 à 7 ans,"Collaborateur Comptable H/F
Kalixens RH Roanne",Kalixens RH Roanne,True,,0.0,,0.0,True,des ressources humaines KALIXENS recrute pour ses clients et sur plusieurs régions les futurs talent,2025-12-17T14:01:37.053447,True,il y a 7 jours,,
Emploi Comptabilité,https://www.hellowork.com/fr-fr/emplois/73798409.html,73798409,True,Les missions du poste,Caussade,82,CDI,22 000 - 25 000 € / an,7 ans,Bac +3,1 à 7 ans,"Assistant Comptable en Cabinet H/F
Harry Hope",Harry Hope,True,,0.0,,0.0,True,d'activité et zone géographique.,2025-12-17T14:01:48.479662,True,,,
Emploi Comptabilité,https://www.hellowork.com/fr-fr/emplois/73798399.html,73798399,True,Les missions du poste,Toulouse,31,CDI,30 000 - 35 000 € / an,7 ans,Bac +5,1 à 7 ans,"Collaborateur Comptable H/F
Harry Hope",Harry Hope,True,,0.0,,0.0,True,d'activité et zone géographique.,2025-12-17T14:02:00.492818,True,il y a 22 jours,,
Emploi Comptabilité,https://www.hellowork.com/fr-fr/emplois/73798394.html,73798394,True,Les missions du poste,Toulouse,31,CDI,25 000 - 30 000 € / an,7 ans,Bac +2,2 ans,"Assistant Comptable Confirmé H/F
Harry Hope",Harry Hope,True,,0.0,,0.0,True,d'activité et zone géographique.,2025-12-17T14:02:12.217721,True,il y a 15 jours,,
Emploi Comptabilité,https://www.hellowork.com/fr-fr/emplois/73798382.html,73798382,True,Les missions du poste,Fleurance,32,CDI,25 000 - 30 000 € / an,7 ans,Bac +2,1 à 7 ans,"Assistant Comptable H/F
Harry Hope",Harry Hope,True,,0.0,,0.0,True,d'activité et zone géographique.,2025-12-17T14:02:22.968946,True,il y a 19 jours,,
Emploi Comptabilité,https://www.hellowork.com/fr-fr/emplois/73798370.html,73798370,True,Les missions du poste,Havre,76,CDI,30 000 - 35 000 € / an,7 ans,Bac +5,1 à 7 ans,"Collaborateur Comptable le Havre Basse H/F
Nextep HR",Nextep HR,True,,0.0,,0.0,True,,2025-12-17T14:02:50.175352,True,il y a 18 jours,,
Emploi Comptabilité,https://www.hellowork.com/fr-fr/emplois/73798339.html,73798339,True,Les missions du poste,Cé,49,CDI,30 000 - 40 000 € / an,7 ans,Bac +2,1 à 7 ans,"Collaborateur Comptable H/F
Duo Venandi",Duo Venandi,True,,0.0,,0.0,True,,2025-12-17T14:03:01.132781,True,il y a 8 jours,,
Emploi Comptabilité,https://www.hellowork.com/fr-fr/emplois/73798330.html,73798330,True,Les missions du poste,Strasbourg,67,CDI,35 000 - 45 000 € / an,7 ans,Bac +5,1 à 7 ans,"Responsable de Dossiers Confirmé - Ec Mémorialiste H/F
Harry Hope",Harry Hope,True,,0.0,,0.0,True,d'activité et zone géographique.,2025-12-17T14:03:12.050221,True,il y a 20 jours,,
Emploi Comptabilité,https://www.hellowork.com/fr-fr/emplois/73798327.html,73798327,True,Les missions du poste,Luz,64,CDI,30 000 - 40 000 € / an,7 ans,Bac +2,1 à 7 ans,"Collaborateur Comptable H/F
Duo Venandi",Duo Venandi,True,,0.0,,0.0,True,de l'expertise comptable et vous n'avez pas le temps de vous en occuper,2025-12-17T14:03:23.669814,True,il y a 27 jours,,
Emploi Comptabilité,https://www.hellowork.com/fr-fr/emplois/73798304.html,73798304,True,Les missions du poste,Nice,06,CDI,30 000 - 40 000 € / an,7 ans,Bac +2,1 à 7 ans,"Collaborateur Comptable H/F
ALTINEO",ALTINEO,True,,0.0,,0.0,True,,2025-12-17T14:03:34.915850,True,il y a 15 jours,,
Emploi Comptabilité,https://www.hellowork.com/fr-fr/emplois/73798270.html,73798270,True,Les missions du poste,Schiltigheim,67,CDI,35 000 - 40 000 € / an,7 ans,Bac +3,1 à 7 ans,"Responsable de Dossiers H/F
Harry Hope",Harry Hope,True,,0.0,,0.0,True,,2025-12-17T14:03:46.164621,True,il y a 20 jours,,
Emploi Comptabilité,https://www.hellowork.com/fr-fr/emplois/73798258.html,73798258,True,Les missions du poste,Orléans,45,CDI,20 000 - 30 000 € / an,1 an,Bac +2,1 an,"Assistant Comptable H/F
Duo Venandi",Duo Venandi,True,,0.0,,0.0,True,,2025-12-17T14:03:57.551135,True,il y a 6 jours,,
Emploi Comptabilité,https://www.hellowork.com/fr-fr/emplois/73798228.html,73798228,True,Les missions du poste,Bayonne,64,CDI,35 000 - 50 000 € / an,7 ans,Bac +2,4 ans,"Chef de Mission Comptable H/F
Duo Venandi",Duo Venandi,True,,0.0,,0.0,True,,2025-12-17T14:04:10.293460,True,il y a 19 jours,,
Emploi Comptabilité,https://www.hellowork.com/fr-fr/emplois/73798219.html,73798219,True,Les missions du poste,Entzheim,67,CDI,40 000 - 55 000 € / an,7 ans,Bac +5,1 à 7 ans,"Chef de Missions Comptables H/F
Harry Hope",Harry Hope,True,,0.0,,0.0,True,d'activité et zone géographique.,2025-12-17T14:04:24.395839,True,il y a 21 jours,,
Emploi Comptabilité,https://www.hellowork.com/fr-fr/emplois/73798203.html,73798203,True,Les missions du poste,Toulon,83,CDI,30 000 - 40 000 € / an,7 ans,Bac +2,2 ans,"Collaborateur Comptable H/F
ALTINEO",ALTINEO,True,,0.0,,0.0,True,,2025-12-17T14:04:36.513428,True,il y a 29 jours,,
Emploi Comptabilité,https://www.hellowork.com/fr-fr/emplois/73798200.html,73798200,True,Les missions du poste,Toulouse,31,CDI,25 000 - 30 000 € / an,7 ans,Bac +3,1 à 7 ans,"Collaborateur Comptable Junior H/F
Harry Hope",Harry Hope,True,,0.0,,0.0,True,d'activité et zone géographique.,2025-12-17T14:04:48.005093,True,il y a 22 jours,,
Emploi Comptabilité,https://www.hellowork.com/fr-fr/emplois/73798198.html,73798198,True,Les missions du poste,Tarbes,65,CDI,25 000 - 30 000 € / an,7 ans,Bac +2,1 à 7 ans,"Collaborateur Comptable H/F
Harry Hope",Harry Hope,True,,0.0,,0.0,True,,2025-12-17T14:05:00.140843,True,il y a 13 jours,,
Emploi Comptabilité,https://www.hellowork.com/fr-fr/emplois/73798187.html,73798187,True,Les missions du poste,Tarbes,65,CDI,30 000 - 40 000 € / an,7 ans,Bac +2,1 an,"Collaborateur Comptable H/F
Duo Venandi",Duo Venandi,True,,0.0,,0.0,True,,2025-12-17T14:05:10.622782,True,il y a 14 jours,,
Emploi Comptabilité,https://www.hellowork.com/fr-fr/emplois/73798163.html,73798163,True,Les missions du poste,Tarbes,65,CDI,25 000 - 30 000 € / an,7 ans,Bac +3,1 à 7 ans,"Assistant Comptable en Cabinet Poste Évolutif H/F
Harry Hope",Harry Hope,True,,0.0,,0.0,True,d'activité et zone géographique.,2025-12-17T14:05:21.526443,True,il y a 5 jours,,
Emploi Comptabilité,https://www.hellowork.com/fr-fr/emplois/73798153.html,73798153,True,Les missions du poste,Provence,83,CDI,30 000 - 40 000 € / an,7 ans,Bac +2,2 ans,"Collaborateur Comptable H/F
ALTINEO",ALTINEO,True,,0.0,,0.0,True,,2025-12-17T14:05:34.531617,True,il y a 13 jours,,
Emploi Comptabilité,https://www.hellowork.com/fr-fr/emplois/73798146.html,73798146,True,Les missions du poste,Fayence,83,CDI,30 000 - 40 000 € / an,7 ans,Bac +2,2 ans,"Collaborateur Comptable H/F
ALTINEO",ALTINEO,True,,0.0,,0.0,True,,2025-12-17T14:05:46.232090,True,il y a 15 jours,,
Emploi Comptabilité,https://www.hellowork.com/fr-fr/emplois/73798120.html,73798120,True,Les missions du poste,Toulouse,31,CDI,35 000 - 45 000 € / an,7 ans,Bac +3,1 à 7 ans,"Chef de Mission - Cabine Jeune et Bienveillant H/F
Harry Hope",Harry Hope,True,,0.0,,0.0,True,d'activité et zone géographique.,2025-12-17T14:05:56.659817,True,il y a 22 jours,,
Emploi Comptabilité,https://www.hellowork.com/fr-fr/emplois/73798109.html,73798109,True,Les missions du poste,Dardilly,69,CDI,25 000 - 35 000 € / an,7 ans,Bac +2,3 ans,"Collaborateur Comptable H/F
Kalixens RH Lyon",Kalixens RH Lyon,True,,0.0,,0.0,True,des ressources humaines KALIXENS recrute pour ses clients et sur plusieurs régions les futurs talent,2025-12-17T14:06:09.133610,True,il y a 26 jours,,
Emploi Comptabilité,https://www.hellowork.com/fr-fr/emplois/73798103.html,73798103,True,Les missions du poste,Figeac,46,CDI,25 000 - 35 000 € / an,7 ans,Bac +2,1 à 7 ans,"Collaborateur Comptable H/F
Harry Hope",Harry Hope,True,,0.0,,0.0,True,,2025-12-17T14:06:24.531490,True,il y a 22 jours,,
Emploi Comptabilité,https://www.hellowork.com/fr-fr/emplois/73798099.html,73798099,True,Les missions du poste,Saran,45,CDI,25 000 - 35 000 € / an,7 ans,Bac +2,1 à 7 ans,"Collaborateur Comptable - Saran 45 H/F
Harry Hope",Harry Hope,True,,0.0,,0.0,True,,2025-12-17T14:06:50.588283,True,il y a 25 jours,,
Emploi Comptabilité,https://www.hellowork.com/fr-fr/emplois/73798078.html,73798078,True,Les missions du poste,Albi,81,CDI,22 000 - 30 000 € / an,7 ans,Bac +2,1 à 7 ans,"Assistant Comptable H/F
Harry Hope",Harry Hope,True,,0.0,,0.0,False,albigeois.,2025-12-17T14:07:03.499571,True,,,
Emploi Comptabilité,https://www.hellowork.com/fr-fr/emplois/73797966.html,73797966,True,Les missions du poste,Malmaison,92,CDI,45 000 - 50 000 € / an,7 ans,Bac +5,1 à 7 ans,"Chef de Mission Expertise Comptable H/F
Nextep HR",Nextep HR,True,,0.0,,0.0,True,,2025-12-17T14:07:15.488753,True,il y a 29 jours,,
Emploi Comptabilité,https://www.hellowork.com/fr-fr/emplois/73797965.html,73797965,True,Les missions du poste,Paris,75,CDI,45 000 - 50 000 € / an,7 ans,Bac +5,2 ans,"Collaborateur Comptable Confirmé H/F
Nextep HR",Nextep HR,True,,0.0,,0.0,True,s variés,2025-12-17T14:07:27.561871,True,il y a 29 jours,,
Emploi Comptabilité,https://www.hellowork.com/fr-fr/emplois/73797959.html,73797959,True,Les missions du poste,Toulouse,31,CDI,25 000 - 30 000 € / an,7 ans,Bac +3,1 an,"Collaborateur Comptable Junior - Perspective d'Évolutions H/F
Harry Hope",Harry Hope,True,,0.0,,0.0,True,s d'activité des clients,2025-12-17T14:07:38.911323,True,il y a 22 jours,,
Emploi Comptabilité,https://www.hellowork.com/fr-fr/emplois/73797928.html,73797928,True,Les missions du poste,Toulouse,31,CDI,30 000 - 35 000 € / an,7 ans,Bac +3,1 à 7 ans,"Collaborateur Comptable H/F
Harry Hope",Harry Hope,True,,0.0,,0.0,True,,2025-12-17T14:07:48.030448,True,il y a 19 jours,,
Emploi Comptabilité,https://www.hellowork.com/fr-fr/emplois/73797920.html,73797920,True,Les missions du poste,Tours,37,CDI,30 000 - 40 000 € / an,7 ans,Bac +2,1 à 7 ans,"Collaborateur Comptable - Dossiers Professions Libérales H/F
Harry Hope",Harry Hope,True,,0.0,,0.0,True,,2025-12-17T14:07:58.096544,True,il y a 13 jours,,
Emploi Comptabilité,https://www.hellowork.com/fr-fr/emplois/73797905.html,73797905,True,Les missions du poste,Toulouse,31,CDI,25 000 - 30 000 € / an,7 ans,Bac +2,1 à 7 ans,"Assistant Comptable Évolutif H/F
Harry Hope",Harry Hope,True,,0.0,,0.0,True,,2025-12-17T14:08:08.444991,True,il y a 15 jours,,
Emploi Comptabilité,https://www.hellowork.com/fr-fr/emplois/73797882.html,73797882,True,Les missions du poste,Havre,76,CDI,12 - 16 € / heure,7 ans,Bac +5,4 ans,"Comptable H/F
SOS Intérim",SOS Intérim,True,,0.0,,0.0,True,,2025-12-17T14:08:19.079926,True,il y a 21 jours,,
Emploi Comptabilité,https://www.hellowork.com/fr-fr/emplois/73797867.html,73797867,True,Les missions du poste,Muret,31,CDI,30 000 - 40 000 € / an,7 ans,Bac +3,1 à 7 ans,"Collaborateur Comptable H/F
Harry Hope",Harry Hope,True,,0.0,,0.0,True,,2025-12-17T14:08:29.126412,True,il y a 22 jours,,
Emploi Comptabilité,https://www.hellowork.com/fr-fr/emplois/73797865.html,73797865,True,Les missions du poste,Montargis,45,CDI,30 000 - 40 000 € / an,7 ans,Bac +2,1 à 7 ans,"Collaborateur Comptable H/F
Duo Venandi",Duo Venandi,True,,0.0,,0.0,True,,2025-12-17T14:08:39.050589,True,il y a 25 jours,,
Emploi Comptabilité,https://www.hellowork.com/fr-fr/emplois/73797864.html,73797864,True,Les missions du poste,Saône,88,CDI,30 000 - 35 000 € / an,7 ans,Bac +2,1 à 7 ans,"Comptable H/F
Auroch Interim",Auroch Interim,True,,0.0,,0.0,True,,2025-12-17T14:08:49.110979,True,il y a 14 jours,,
Emploi Comptabilité,https://www.hellowork.com/fr-fr/emplois/73797838.html,73797838,True,Les missions du poste,Tarbes,65,CDI,40 000 - 50 000 € / an,7 ans,Bac +5,5 ans,"Expert-Comptable H/F
Harry Hope",Harry Hope,True,,0.0,,0.0,True,d'activité et zone géographique.,2025-12-17T14:09:01.578140,True,il y a 14 jours,,
Emploi Comptabilité,https://www.hellowork.com/fr-fr/emplois/73797836.html,73797836,True,Les missions du poste,Orléans,45,CDI,40 000 - 50 000 € / an,7 ans,Bac +3,1 à 7 ans,"Chef de Mission Comptable Secteur Immobilier - Groupe Structuré H/F
Harry Hope",Harry Hope,True,,0.0,,0.0,True,Immobilier - Groupe Structuré H/F,2025-12-17T14:09:10.487833,True,il y a 25 jours,,
Emploi Comptabilité,https://www.hellowork.com/fr-fr/emplois/73797828.html,73797828,True,Les missions du poste,Toulouse,31,CDI,30 000 - 35 000 € / an,7 ans,Bac +3,1 à 7 ans,"Collaborateur Comptable Confirmé H/F
Harry Hope",Harry Hope,True,,0.0,,0.0,True,d'activité et zone géographique.,2025-12-17T14:09:20.446211,True,il y a 22 jours,,
Emploi Comptabilité,https://www.hellowork.com/fr-fr/emplois/73797800.html,73797800,True,Les missions du poste,Draguignan,83,CDI,30 000 - 40 000 € / an,7 ans,Bac +2,2 ans,"Collaborateur Comptable H/F
ALTINEO",ALTINEO,True,,0.0,,0.0,True,,2025-12-17T14:09:53.980381,True,il y a 13 jours,,
Emploi Comptabilité,https://www.hellowork.com/fr-fr/emplois/73797795.html,73797795,True,Les missions du poste,Paris,75,CDI,50 000 - 55 000 € / an,7 ans,Bac +5,1 à 7 ans,"Chef de Mission Expertise Comptable H/F
Nextep HR",Nextep HR,True,,0.0,,0.0,True,"de l'Art et assurerez la supervision complète de leurs dossiers (révision comptable, établissement d",2025-12-17T14:10:05.637706,True,il y a 29 jours,,
Emploi Comptabilité,https://www.hellowork.com/fr-fr/emplois/73797789.html,73797789,True,Les missions du poste,Albi,81,CDI,25 800 - 27 500 € / an,7 ans,Bac +2,1 à 7 ans,"Assistant Comptable H/F
Harry Hope",Harry Hope,True,,0.0,,0.0,True,d'activité et zone géographique.,2025-12-17T14:10:17.937573,True,,,
Emploi Comptabilité,https://www.hellowork.com/fr-fr/emplois/73797774.html,73797774,True,Les missions du poste,Paris,75,CDI,50 000 - 55 000 € / an,7 ans,Bac +5,1 à 7 ans,"Chef de Mission Expertise Comptable H/F
Nextep HR",Nextep HR,True,,0.0,,0.0,True,,2025-12-17T14:10:28.462628,True,il y a 29 jours,,
Emploi Comptabilité,https://www.hellowork.com/fr-fr/emplois/73797760.html,73797760,True,Les missions du poste,Sélestat,67,CDI,30 000 - 45 000 € / an,7 ans,Bac +3,1 à 7 ans,"Responsable de Dossiers Cabinet Intermédiaire H/F
Harry Hope",Harry Hope,True,,0.0,,0.0,True,d'activité et zone géographique.,2025-12-17T14:10:39.601880,True,il y a 20 jours,,
Emploi Comptabilité,https://www.hellowork.com/fr-fr/emplois/73797756.html,73797756,True,Les missions du poste,Paris,75,CDI,35 000 - 40 000 € / an,7 ans,Bac +5,1 à 7 ans,"Collaborateur Comptable Junior H/F
Nextep HR",Nextep HR,True,,0.0,,0.0,True,,2025-12-17T14:10:52.112874,True,il y a 29 jours,,
Emploi Comptabilité,https://www.hellowork.com/fr-fr/emplois/73797754.html,73797754,True,Les missions du poste,Albi,81,CDI,40 000 - 50 000 € / an,7 ans,Bac +3,1 à 7 ans,"Responsable Comptable H/F
Harry Hope",Harry Hope,True,,0.0,,0.0,True,d'activité et zone géographique.,2025-12-17T14:11:04.684740,True,,,
Emploi Comptabilité,https://www.hellowork.com/fr-fr/emplois/73797735.html,73797735,True,Les missions du poste,Strasbourg,67,CDI,30 000 - 45 000 € / an,7 ans,Bac +3,1 à 7 ans,"Responsable de Dossiers Comptables H/F
Harry Hope",Harry Hope,True,,0.0,,0.0,True,de la Meinau. Le poste est à pourvoir en CDI et pour la sortie de la période fiscale. Il s'agit d'un,2025-12-17T14:11:18.020190,True,il y a 20 jours,,
Emploi Comptabilité,https://www.hellowork.com/fr-fr/emplois/73797733.html,73797733,True,Les missions du poste,Toulouse,31,CDI,25 000 - 30 000 € / an,7 ans,Bac +3,1 à 7 ans,"Assistant Comptable - Centre Ville de Toulouse H/F
Harry Hope",Harry Hope,True,,0.0,,0.0,True,d'activité et zone géographique.,2025-12-17T14:11:30.957385,True,il y a 15 jours,,
Emploi Comptabilité,https://www.hellowork.com/fr-fr/emplois/73797706.html,73797706,True,Les missions du poste,Menton,06,CDI,30 000 - 40 000 € / an,7 ans,Bac +2,2 ans,"Collaborateur Comptable H/F
ALTINEO",ALTINEO,True,,0.0,,0.0,True,,2025-12-17T14:11:40.889453,True,il y a 13 jours,,
Emploi Comptabilité,https://www.hellowork.com/fr-fr/emplois/73797631.html,73797631,True,Les missions du poste,Courbevoie,92,CDI,48 100 - 75 000 € / an,7 ans,Bac +3,1 à 7 ans,"Superviseur Expertise Comptable - Fr - Ibs H/F
Baker Tilly",Baker Tilly,True,,0.0,,0.0,True,,2025-12-17T14:11:51.834259,True,,,
Emploi Comptabilité,https://www.hellowork.com/fr-fr/emplois/73797629.html,73797629,True,Les missions du poste,Lourdes,65,CDI,25 000 - 35 000 € / an,7 ans,Bac +3,1 à 7 ans,"Collaborateur Comptable H/F
Harry Hope",Harry Hope,True,,0.0,,0.0,True,,2025-12-17T14:12:01.949975,True,il y a 13 jours,,
Emploi Comptabilité,https://www.hellowork.com/fr-fr/emplois/73797593.html,73797593,True,Les missions du poste,Bouthéon,42,CDI,35 000 - 40 000 € / an,7 ans,Bac +3,5 à 10 ans,"Responsable Comptable en CDI H/F
Kalixens RH Loire Sud",Kalixens RH Loire Sud,True,,0.0,,0.0,True,,2025-12-17T14:12:12.669726,True,il y a 10 jours,,
Emploi Comptabilité,https://www.hellowork.com/fr-fr/emplois/73797590.html,73797590,True,Les missions du poste,Gien,45,CDI,30 000 - 40 000 € / an,7 ans,Bac +2,2 ans,"Collaborateur Comptable H/F
Duo Venandi",Duo Venandi,True,,0.0,,0.0,True,,2025-12-17T14:12:21.973610,True,il y a 8 jours,,
Emploi Comptabilité,https://www.hellowork.com/fr-fr/emplois/73797588.html,73797588,True,Les missions du poste,Toulouse,31,CDI,25 000 - 30 000 € / an,7 ans,Bac +2,1 à 7 ans,"Assistant Comptable Évolutif H/F
Harry Hope",Harry Hope,True,,0.0,,0.0,True,,2025-12-17T14:12:32.713363,True,il y a 15 jours,,
Emploi Comptabilité,https://www.hellowork.com/fr-fr/emplois/73797580.html,73797580,True,Les missions du poste,Grand,93,CDI,50 000 - 55 000 € / an,7 ans,Bac +5,1 à 7 ans,"Chef de Mission Comptable H/F
Nextep HR",Nextep HR,True,,0.0,,0.0,True,,2025-12-17T14:12:42.286411,True,il y a 29 jours,,
Emploi Comptabilité,https://www.hellowork.com/fr-fr/emplois/73797574.html,73797574,True,Les missions du poste,Billancourt,92,CDI,50 000 - 55 000 € / an,7 ans,Bac +5,1 à 7 ans,"Chef de Mission Comptable H/F
Nextep HR",Nextep HR,True,,0.0,,0.0,True,,2025-12-17T14:12:50.929597,True,il y a 29 jours,,
Emploi Comptabilité,https://www.hellowork.com/fr-fr/emplois/73797570.html,73797570,True,Les missions du poste,Paris,75,CDI,40 000 - 45 000 € / an,7 ans,Bac +3,1 à 7 ans,"Collaborateur Comptable Confirmé H/F
Nextep HR",Nextep HR,True,,0.0,,0.0,True,de l'audiovisuel.,2025-12-17T14:12:59.983511,True,il y a 29 jours,,
Emploi Comptabilité,https://www.hellowork.com/fr-fr/emplois/73797544.html,73797544,True,Les missions du poste,Toulouse,31,CDI,25 000 - 35 000 € / an,7 ans,Bac +2,1 à 7 ans,"Collaborateur Comptable H/F
Harry Hope",Harry Hope,True,,0.0,,0.0,True,,2025-12-17T14:13:10.023175,True,il y a 19 jours,,
Emploi Comptabilité,https://www.hellowork.com/fr-fr/emplois/73797486.html,73797486,True,Les missions du poste,Courbevoie,92,CDI,45 000 - 48 000 € / an,7 ans,Bac +2,10 ans,"Comptable Copropriété H/F
PBI Recrutement",PBI Recrutement,True,,0.0,,0.0,True,,2025-12-17T14:13:20.960850,True,il y a 26 jours,,
Emploi Comptabilité,https://www.hellowork.com/fr-fr/emplois/73791251.html,73791251,True,Détail du poste,,,CDI,35 000 € / an,3 ans,Bac +2,,"Comptable H/F
Lynx RH",Lynx RH,True,,0.0,,0.0,False,,2025-12-17T14:14:07.708189,True,,,
Emploi Comptabilité,https://www.hellowork.com/fr-fr/emplois/73791247.html,73791247,True,Détail du poste,,,CDI,50 000 € / an,5 ans,Bac +2,,"Collaborateur Comptable H/F
Lynx RH",Lynx RH,True,,0.0,,0.0,False,,2025-12-17T14:14:19.760087,True,,,
Emploi Comptabilité,https://www.hellowork.com/fr-fr/emplois/73791239.html,73791239,True,Détail du poste,,,CDI,32 000 € / an,1 an,Bac +2,,"Assistant Comptable et Administratif H/F
Lynx RH",Lynx RH,True,,0.0,,0.0,False,automobile basée à Monaco.,2025-12-17T14:14:29.645111,True,,,
Emploi Comptabilité,https://www.hellowork.com/fr-fr/emplois/73791236.html,73791236,True,Détail du poste,,,CDI,50 000 € / an,5 ans,Bac,,"Collaborateur Comptable H/F
Lynx RH",Lynx RH,True,,0.0,,0.0,False,,2025-12-17T14:14:37.831259,True,,,
Emploi Comptabilité,https://www.hellowork.com/fr-fr/emplois/73791235.html,73791235,True,Détail du poste,Nice,06,CDI,20 000 - 30 000 € / an,,Bac,,"Assistant Comptable - Processus Achats H/F
Lynx RH",Lynx RH,True,,0.0,,0.0,False,des services à l'environnement à Nice.,2025-12-17T14:14:47.791055,True,il y a 5 jours,,
Emploi Comptabilité,https://www.hellowork.com/fr-fr/emplois/73791227.html,73791227,True,Détail du poste,Nice,06,CDI,36 000 - 40 000 € / an,10 ans,BTS,3 ans,"Comptable en Cabinet H/F
Lynx RH",Lynx RH,True,,0.0,,0.0,False,,2025-12-17T14:14:56.394766,True,il y a 13 jours,,
Emploi Comptabilité,https://www.hellowork.com/fr-fr/emplois/73790971.html,73790971,True,Les missions du poste,Mulhouse,68,CDD,,6 mois,Bac +2,,"Comptable Fournisseurs CDD H/F
Veolia Energie et Performance",Veolia Energie et Performance,True,,0.0,,0.0,False,Energie • Environnement,2025-12-17T14:15:04.869619,True,,,
Emploi Comptabilité,https://www.hellowork.com/fr-fr/emplois/73790930.html,73790930,True,Les missions du poste,Marne,94,Alternance,"801,80 € / mois",24 mois,BTS,,"- Alternance - Assistant Comptable - BTS Sam H/F
Aureïs Formation",Aureïs Formation,True,,0.0,,0.0,False,,2025-12-17T14:15:12.766304,True,il y a 22 jours,,
Emploi Comptabilité,https://www.hellowork.com/fr-fr/emplois/73790795.html,73790795,True,Les missions du poste,Marne,94,Alternance,"801,80 € / mois",24 mois,BTS,,"- Alternance - Assistant Comptable - BTS Sam H/F
Aureïs Formation",Aureïs Formation,True,,0.0,,0.0,True,de l'audit et du conseil.,2025-12-17T14:15:22.171680,True,il y a 22 jours,,
Emploi Comptabilité,https://www.hellowork.com/fr-fr/emplois/73790689.html,73790689,True,Les missions du poste,Nice,06,CDI,45 000 - 52 500 € / an,3 ans,Bac +3,,"Chef de Mission Expertise H/F
Club Comptable",Club Comptable,True,,0.0,,0.0,True,,2025-12-17T14:15:32.881126,True,il y a 15 jours,,
Emploi Comptabilité,https://www.hellowork.com/fr-fr/emplois/73790687.html,73790687,True,Les missions du poste,Villeurbanne,69,CDI,32 000 - 36 000 € / an,6 mois,Bac +2,,"Comptable Confirmé - CDD - Villeurbanne H/F
Randstad",Randstad,True,,0.0,,0.0,True,,2025-12-17T14:15:43.733379,True,il y a 26 jours,,
Emploi Comptabilité,https://www.hellowork.com/fr-fr/emplois/73790675.html,73790675,True,Les missions du poste,Antibes,06,CDI,30 000 - 42 000 € / an,3 ans,Bac +2,,"Collaborateur Comptable H/F
Club Comptable",Club Comptable,True,,0.0,,0.0,True,,2025-12-17T14:15:54.018608,True,il y a 13 jours,,
Emploi Comptabilité,https://www.hellowork.com/fr-fr/emplois/73790673.html,73790673,True,Les missions du poste,Cannes,06,CDI,60 000 - 75 000 € / an,4 ans,Bac +5,,"Expert-Comptable Futur Associé - Cabinet Dynamique et à Taille Humaine H/F
Club Comptable",Club Comptable,True,,0.0,,0.0,True,,2025-12-17T14:16:06.086857,True,il y a 19 jours,,
Emploi Comptabilité,https://www.hellowork.com/fr-fr/emplois/73790665.html,73790665,True,Les missions du poste,Cannes,06,CDI,33 500 - 40 000 € / an,3 ans,Bac,,"Collaborateur Comptable H/F
Club Comptable",Club Comptable,True,,0.0,,0.0,True,,2025-12-17T14:16:18.862937,True,il y a 13 jours,,
Emploi Comptabilité,https://www.hellowork.com/fr-fr/emplois/73790663.html,73790663,True,Les missions du poste,Cannes,06,CDI,35 000 - 42 500 € / an,2 ans,Bac +5,2 ans,"Réviseur Comptable H/F
Club Comptable",Club Comptable,True,,0.0,,0.0,True,,2025-12-17T14:16:28.494917,True,il y a 15 jours,,
Emploi Comptabilité,https://www.hellowork.com/fr-fr/emplois/73790638.html,73790638,True,Les missions du poste,Antibes,06,CDI,35 000 - 45 000 € / an,3 ans,Bac +5,,"Réviseur Comptable H/F
Club Comptable",Club Comptable,True,,0.0,,0.0,True,,2025-12-17T14:16:37.138844,True,il y a 15 jours,,
Emploi Comptabilité,https://www.hellowork.com/fr-fr/emplois/73790636.html,73790636,True,Les missions du poste,Allonnes,72,CDI,30 000 - 35 000 € / an,8 mois,Bac +2,,"Comptable H/F
Randstad",Randstad,True,,0.0,,0.0,True,,2025-12-17T14:16:46.119497,True,il y a 7 jours,,
Emploi Comptabilité,https://www.hellowork.com/fr-fr/emplois/73790633.html,73790633,True,Les missions du poste,Cannes,06,CDI,30 000 - 35 500 € / an,3 ans,Bac +3,,"Collaborateur Comptable Évolutif H/F
Club Comptable",Club Comptable,True,,0.0,,0.0,True,,2025-12-17T14:16:57.232668,True,il y a 15 jours,,
Emploi Comptabilité,https://www.hellowork.com/fr-fr/emplois/73790628.html,73790628,True,Les missions du poste,Brignoles,83,CDI,34 500 - 40 500 € / an,3 ans,Bac,,"Collaborateur Comptable Cabinet Bienveillant H/F
Club Comptable",Club Comptable,True,,0.0,,0.0,True,,2025-12-17T14:17:05.537314,True,il y a 23 jours,,
Emploi Comptabilité,https://www.hellowork.com/fr-fr/emplois/73790600.html,73790600,True,Les missions du poste,Cannes,06,CDI,30 500 - 42 000 € / an,2 ans,Bac,2 ans,"Collaborateur Comptable H/F
Club Comptable",Club Comptable,True,,0.0,,0.0,True,,2025-12-17T14:17:15.155079,True,il y a 13 jours,,
Emploi Comptabilité,https://www.hellowork.com/fr-fr/emplois/73790596.html,73790596,True,Les missions du poste,Cannes,06,CDI,40 000 - 50 000 € / an,2 ans,Bac +3,2 ans,"Superviseur Comptable H/F
Club Comptable",Club Comptable,True,,0.0,,0.0,True,de CANNES recherche un(e)...CHEF DE MISSION (H/F),2025-12-17T14:17:43.946197,True,il y a 27 jours,,
Emploi Comptabilité,https://www.hellowork.com/fr-fr/emplois/73790584.html,73790584,True,Les missions du poste,Antibes,06,CDI,34 500 - 39 500 € / an,3 ans,Bac,3 ans,"Collaborateur Comptable Cabinet à Taille Humaine H/F
Club Comptable",Club Comptable,True,,0.0,,0.0,True,,2025-12-17T14:17:56.288183,True,il y a 13 jours,,
Emploi Comptabilité,https://www.hellowork.com/fr-fr/emplois/73790579.html,73790579,True,Les missions du poste,Antibes,06,CDI,30 000 - 40 000 € / an,2 ans,Bac +5,2 ans,"Réviseur Comptable H/F
Club Comptable",Club Comptable,True,,0.0,,0.0,True,,2025-12-17T14:18:07.469225,True,il y a 15 jours,,
Emploi Comptabilité,https://www.hellowork.com/fr-fr/emplois/73790559.html,73790559,True,Les missions du poste,Cannes,06,CDI,42 000 - 50 000 € / an,5 ans,Bac +5,5 ans,"Chef de Mission H/F
Club Comptable",Club Comptable,True,,0.0,,0.0,True,,2025-12-17T14:18:18.731100,True,il y a 13 jours,,
Emploi Comptabilité,https://www.hellowork.com/fr-fr/emplois/73790548.html,73790548,True,Les missions du poste,Antibes,06,CDI,30 000 - 40 000 € / an,2 ans,Bac,2 ans,"Collaborateur Comptable H/F
Club Comptable",Club Comptable,True,,0.0,,0.0,True,,2025-12-17T14:18:31.401953,True,il y a 15 jours,,
Emploi Comptabilité,https://www.hellowork.com/fr-fr/emplois/73790541.html,73790541,True,Les missions du poste,Cannes,06,CDI,32 500 - 40 000 € / an,4 ans,Bac,,"Collaborateur Comptable H/F
Club Comptable",Club Comptable,True,,0.0,,0.0,True,,2025-12-17T14:18:43.132078,True,il y a 15 jours,,
Emploi Comptabilité,https://www.hellowork.com/fr-fr/emplois/73790538.html,73790538,True,Les missions du poste,Antibes,06,CDI,35 000 - 40 000 € / an,2 ans,Bac,2 ans,"Collaborateur Comptable H/F
Club Comptable",Club Comptable,True,,0.0,,0.0,True,,2025-12-17T14:18:54.424074,True,il y a 15 jours,,
Emploi Comptabilité,https://www.hellowork.com/fr-fr/emplois/73790525.html,73790525,True,Les missions du poste,Nice,06,CDI,40 000 - 50 000 € / an,2 ans,Bac +3,2 ans,"Superviseur Comptable H/F
Club Comptable",Club Comptable,True,,0.0,,0.0,True,de NICE recherche un(e)...CHEF DE MISSION (H/F),2025-12-17T14:19:07.508980,True,il y a 27 jours,,
Emploi Comptabilité,https://www.hellowork.com/fr-fr/emplois/73790515.html,73790515,True,Les missions du poste,Cannes,06,CDI,30 500 - 40 500 € / an,2 ans,Bac,2 ans,"Collaborateur Comptable H/F
Club Comptable",Club Comptable,True,,0.0,,0.0,True,,2025-12-17T14:19:20.085290,True,il y a 15 jours,,
Emploi Comptabilité,https://www.hellowork.com/fr-fr/emplois/73790514.html,73790514,True,Les missions du poste,Cannes,06,CDI,35 000 - 45 000 € / an,10 ans,Bac +5,,"Expert-Comptable Stagiaire - Mémorialiste H/F
Club Comptable",Club Comptable,True,,0.0,,0.0,True,,2025-12-17T14:19:33.585554,True,il y a 19 jours,,
Emploi Comptabilité,https://www.hellowork.com/fr-fr/emplois/73790509.html,73790509,True,Les missions du poste,Nice,06,CDI,60 000 - 80 000 € / an,4 ans,Bac +5,,"Expert-Comptable Futur Associé - Cabinet Dynamique et à Taille Humaine H/F
Club Comptable",Club Comptable,True,,0.0,,0.0,True,,2025-12-17T14:19:46.574172,True,il y a 19 jours,,
Emploi Comptabilité,https://www.hellowork.com/fr-fr/emplois/73790502.html,73790502,True,Les missions du poste,Antibes,06,CDI,36 500 - 42 500 € / an,3 ans,Bac,,"Collaborateur Comptable Confirmé H/F
Club Comptable",Club Comptable,True,,0.0,,0.0,True,s d'activité.,2025-12-17T14:19:59.674692,True,il y a 15 jours,,
Emploi Comptabilité,https://www.hellowork.com/fr-fr/emplois/73790501.html,73790501,True,Les missions du poste,Cuire,69,CDI,22 300 - 32 400 € / an,7 ans,"BEP, CAP",,"Responsable Recouvrement Judiciaire H/F
Aptic",Aptic,True,,0.0,,0.0,True,,2025-12-17T14:20:30.263462,True,il y a 28 jours,,
Emploi Comptabilité,https://www.hellowork.com/fr-fr/emplois/73790496.html,73790496,True,Les missions du poste,Cannes,06,CDI,35 000 - 45 000 € / an,3 ans,Bac +5,,"Réviseur Comptable H/F
Club Comptable",Club Comptable,True,,0.0,,0.0,True,,2025-12-17T14:20:41.504895,True,il y a 13 jours,,
Emploi Comptabilité,https://www.hellowork.com/fr-fr/emplois/73790495.html,73790495,True,Les missions du poste,Antibes,06,CDI,42 500 - 50 000 € / an,3 ans,Bac +3,,"Chef de Mission Expertise H/F
Club Comptable",Club Comptable,True,,0.0,,0.0,True,,2025-12-17T14:20:53.514299,True,il y a 15 jours,,
Emploi Comptabilité,https://www.hellowork.com/fr-fr/emplois/73790484.html,73790484,True,Les missions du poste,Antibes,06,CDI,30 000 - 40 000 € / an,2 ans,Bac +2,2 ans,"Collaborateur Comptable Évolutif H/F
Club Comptable",Club Comptable,True,,0.0,,0.0,True,,2025-12-17T14:21:06.818257,True,il y a 15 jours,,
Emploi Comptabilité,https://www.hellowork.com/fr-fr/emplois/73790473.html,73790473,True,Les missions du poste,Cannes,06,CDI,40 000 - 45 000 € / an,4 ans,Bac +5,4 ans,"Expert-Comptable Mémorialiste H/F
Club Comptable",Club Comptable,True,,0.0,,0.0,True,"s variés (Restauration, Bâtiment, Commerce, BNC, holding ou SCI). Vous intervenez ponctuellement che",2025-12-17T14:21:19.222658,True,,,
Emploi Comptabilité,https://www.hellowork.com/fr-fr/emplois/73790255.html,73790255,True,Détail du poste,Havre,76,CDI,2 000 - 2 500 € / mois,,BTS,,"Assistant Comptable en Cabinet Comptable H/F
Le CabRH",Le CabRH,True,,0.0,,0.0,True,,2025-12-17T14:21:30.363987,True,il y a 6 jours,,
Emploi Comptabilité,https://www.hellowork.com/fr-fr/emplois/73790252.html,73790252,True,Les missions du poste,Gard,30,CDI,26 400 - 35 999 € / an,5 ans,Bac +2,5 ans,"Comptable H/F
Le Vieux Castillon",Le Vieux Castillon,True,,0.0,,0.0,True,,2025-12-17T14:21:42.142052,True,il y a 22 jours,,
Emploi Comptabilité,https://www.hellowork.com/fr-fr/emplois/73790225.html,73790225,True,Détail du poste,Sarreguemines,57,CDI,34 000 - 37 500 € / an,7 ans,ingénieur,1 à 7 ans,"Collaborateur Comptable Confirmé H/F
Cogep",Cogep,True,,0.0,,0.0,True,,2025-12-17T14:21:54.930857,True,il y a 27 jours,,
Emploi Comptabilité,https://www.hellowork.com/fr-fr/emplois/73790204.html,73790204,True,Détail du poste,Nazaire,44,CDI,"801,80 € / mois",3 ans,Bac,,"Collaborateur Comptable en Alternance H/F
Cocerto",Cocerto,True,,0.0,,0.0,True,,2025-12-17T14:22:09.075868,True,,,
Emploi Comptabilité,https://www.hellowork.com/fr-fr/emplois/73790175.html,73790175,True,Détail du poste,Nantes,44,CDI,34 000 - 47 500 € / an,7 ans,Bac +5,4 ans,"Chef de Mission Juriste Droit des Sociétés H/F
Cocerto",Cocerto,True,,0.0,,0.0,True,,2025-12-17T14:22:21.829272,True,il y a 11 jours,,
Emploi Comptabilité,https://www.hellowork.com/fr-fr/emplois/73790135.html,73790135,True,Détail du poste,Cergy,95,CDI,42 500 - 81 500 € / an,7 ans,Bac +5,1 à 7 ans,"Expert-Comptable H/F
Cocerto",Cocerto,True,,0.0,,0.0,True,,2025-12-17T14:22:33.223104,True,il y a 22 jours,,
Emploi Comptabilité,https://www.hellowork.com/fr-fr/emplois/73790132.html,73790132,True,Détail du poste,Sévigné,35,CDI,40 000 - 62 500 € / an,7 ans,Bac +5,1 à 7 ans,"Expert-Comptable Mémorialiste H/F
Cocerto",Cocerto,True,,0.0,,0.0,True,,2025-12-17T14:22:44.014692,True,il y a 11 jours,,
Emploi Comptabilité,https://www.hellowork.com/fr-fr/emplois/73790115.html,73790115,True,Détail du poste,Ornon,33,CDI,33 500 - 37 000 € / an,7 ans,BTS,1 à 7 ans,"Collaborateur Comptable H/F
Cocerto",Cocerto,True,,0.0,,0.0,True,,2025-12-17T14:22:57.121876,True,il y a 27 jours,,
Emploi Comptabilité,https://www.hellowork.com/fr-fr/emplois/73790108.html,73790108,True,Détail du poste,Sévigné,35,CDI,"801,80 € / mois",7 ans,Bac +2,1 à 7 ans,"Collaborateur Comptable en Alternance H/F
Cocerto",Cocerto,True,,0.0,,0.0,True,,2025-12-17T14:23:09.961375,True,il y a 15 jours,,
Emploi Comptabilité,https://www.hellowork.com/fr-fr/emplois/73790044.html,73790044,True,Les missions du poste,Paris,75,CDI,40 000 - 48 000 € / an,7 ans,Bac +2,2 ans,"Comptable Mandant H/F
Robert Walters",Robert Walters,True,,0.0,,0.0,True,immobilier. Ils sont connus pour leur engagement envers l'excellence et la qualité du service qu'ils,2025-12-17T14:23:23.337000,True,il y a 29 jours,,
Emploi Comptabilité,https://www.hellowork.com/fr-fr/emplois/73789874.html,73789874,True,Les missions du poste,Paris,75,CDI,36 000 - 45 000 € / an,7 ans,Bac +2,1 à 7 ans,"Comptable H/F
Galileo Global Education",Galileo Global Education,True,,0.0,,0.0,True,,2025-12-17T14:23:34.854511,True,il y a 29 jours,,
Emploi Comptabilité,https://www.hellowork.com/fr-fr/emplois/73789839.html,73789839,True,Les missions du poste,Massy,91,CDI,35 000 - 40 000 € / an,5 mois,Bac +2,1 à 7 ans,"Comptable Clients H/F
Robert Half",Robert Half,True,,0.0,,0.0,True,,2025-12-17T14:23:49.201648,True,il y a 26 jours,,
Emploi Comptabilité,https://www.hellowork.com/fr-fr/emplois/73789598.html,73789598,True,Les missions du poste,Clichy,92,CDI,36 000 - 40 000 € / an,5 ans,Bac +2,2 à 5 ans,"Comptable Technique H/F
DIOT-SIACI",DIOT-SIACI,True,,0.0,,0.0,True,,2025-12-17T14:24:05.211346,True,il y a 29 jours,,
Emploi Comptabilité,https://www.hellowork.com/fr-fr/emplois/73789551.html,73789551,True,Détail du poste,Perret,92,CDI,40 000 - 50 000 € / an,7 ans,Bac +2,3 à 7 ans,"Responsable de Dossiers - Senior H/F
PAGO PARTNERS",PAGO PARTNERS,True,,0.0,,0.0,True,,2025-12-17T14:24:16.250163,True,il y a 1 jour,,
Emploi Comptabilité,https://www.hellowork.com/fr-fr/emplois/73789511.html,73789511,True,Les missions du poste,Paris,75,CDI,35 000 - 45 000 € / an,7 ans,Bac +2,1 à 7 ans,"Collaborateur Comptable Autonome en Cabinet H/F
PAGO PARTNERS",PAGO PARTNERS,True,,0.0,,0.0,True,,2025-12-17T14:24:46.608131,True,il y a 29 jours,,
Emploi Comptabilité,https://www.hellowork.com/fr-fr/emplois/73789284.html,73789284,True,Détail du poste,Mons,91,CDI,36 000 - 46 000 € / an,3 ans,Bac +2,2 à 3 ans,"Réviseur Comptable H/F
PAGO PARTNERS",PAGO PARTNERS,True,,0.0,,0.0,True,"s d'activités, avec une démarche résolument moderne et humaine. La confiance, le respect de l'humain",2025-12-17T14:24:57.347645,True,il y a 26 jours,,
Emploi Comptabilité,https://www.hellowork.com/fr-fr/emplois/73789174.html,73789174,True,Les missions du poste,Puteaux,92,CDI,50 000 - 80 000 € / an,3 ans,Bac +5,,"Expert Comptable Mémorialiste H/F
PAGO PARTNERS",PAGO PARTNERS,True,,0.0,,0.0,True,,2025-12-17T14:25:09.329640,True,il y a 11 jours,,
Emploi Comptabilité,https://www.hellowork.com/fr-fr/emplois/73789171.html,73789171,True,Détail du poste,Aubervilliers,93,CDI,36 000 - 46 000 € / an,3 ans,Bac +2,2 à 3 ans,"Réviseur Comptable H/F
PAGO PARTNERS",PAGO PARTNERS,True,,0.0,,0.0,True,"s d'activités, avec une démarche résolument moderne et humaine. La confiance, le respect de l'humain",2025-12-17T14:25:20.916569,True,il y a 26 jours,,
Emploi Comptabilité,https://www.hellowork.com/fr-fr/emplois/73789154.html,73789154,True,Les missions du poste,Villejuif,94,CDI,35 000 - 45 000 € / an,7 ans,Bac +2,1 à 7 ans,"Collaborateur Comptable Autonome en Cabinet H/F
PAGO PARTNERS",PAGO PARTNERS,True,,0.0,,0.0,True,,2025-12-17T14:25:34.155907,True,il y a 29 jours,,
Emploi Comptabilité,https://www.hellowork.com/fr-fr/emplois/73788913.html,73788913,True,Les missions du poste,Brie,94,CDI,35 000 - 40 000 € / an,5 ans,Bac +2,,"Chargé de Recouvrement H/F
Orona",Orona,True,,0.0,,0.0,False,,2025-12-17T14:25:47.835292,True,il y a 27 jours,,
Emploi Comptabilité,https://www.hellowork.com/fr-fr/emplois/73788627.html,73788627,True,Détail du poste,Brie,77,CDI,40 000 - 50 000 € / an,7 ans,Bac +2,3 à 7 ans,"Collaborateur Comptable Confirmé en Cabinet H/F
PAGO PARTNERS",PAGO PARTNERS,True,,0.0,,0.0,True,,2025-12-17T14:25:59.294047,True,il y a 29 jours,,
Emploi Comptabilité,https://www.hellowork.com/fr-fr/emplois/73788170.html,73788170,True,Détail du poste,Manche,50,Intérim,22 000 - 28 000 € / an,2 ans,Bac +2,,"Assistant Comptable H/F
Cap Inter",Cap Inter,True,,0.0,,0.0,False,d'activité de la construction de bâtiments : Un ASSISTANT COMPTABLE - H/F,2025-12-17T14:26:11.847811,True,,,
Emploi Comptabilité,https://www.hellowork.com/fr-fr/emplois/73787306.html,73787306,True,Les missions du poste,Mézières,08,CDI,27 000 - 33 000 € / an,7 ans,Bac +2,1 à 7 ans,"Comptable Général et Trésorerie H/F
Adsearch",Adsearch,True,,0.0,,0.0,True,,2025-12-17T14:26:25.433056,True,il y a 16 jours,,
Emploi Comptabilité,https://www.hellowork.com/fr-fr/emplois/73787294.html,73787294,True,Les missions du poste,Castres,81,CDI,22 000 - 28 000 € / an,6 ans,Bac +2,1 à 6 ans,Assistant Comptable H/F,,True,,0.0,,0.0,False,,2025-12-17T14:26:39.937670,True,,,
Emploi Comptabilité,https://www.hellowork.com/fr-fr/emplois/73787231.html,73787231,True,Détail du poste,Vanves,92,CDI,40 000 - 50 000 € / an,7 ans,Bac +2,3 à 7 ans,"Collaborateur Comptable Confirmé en Cabinet H/F
PAGO PARTNERS",PAGO PARTNERS,True,,0.0,,0.0,True,,2025-12-17T14:26:52.264547,True,il y a 29 jours,,
Emploi Comptabilité,https://www.hellowork.com/fr-fr/emplois/73787114.html,73787114,True,Les missions du poste,Grenoble,38,CDI,32 000 - 38 000 € / an,7 ans,Bac +2,1 à 7 ans,"Collaborateur Comptable Confirmé H/F
B’UP Carrières by B’UP Coaching",B’UP Carrières by B’UP Coaching,True,,0.0,,0.0,True,,2025-12-17T14:27:06.113091,True,il y a 22 jours,,
Emploi Comptabilité,https://www.hellowork.com/fr-fr/emplois/73787027.html,73787027,True,Les missions du poste,Velin,69,CDI,2 700 - 3 000 € / mois,4 ans,Bac +2,,"Comptable Général Confirmé H/F
SERVIMO",SERVIMO,True,,0.0,,0.0,True,,2025-12-17T14:27:19.042300,True,il y a 26 jours,,
Emploi Comptabilité,https://www.hellowork.com/fr-fr/emplois/73787024.html,73787024,True,Les missions du poste,Billancourt,92,CDI,38 000 - 50 000 € / an,4 ans,Bac +3,3 à 5 ans,"Chargé de Mission Comptable - Poste Évolutif H/F
PAGO PARTNERS",PAGO PARTNERS,True,,0.0,,0.0,True,,2025-12-17T14:27:32.545818,True,il y a 29 jours,,
Emploi Comptabilité,https://www.hellowork.com/fr-fr/emplois/73787003.html,73787003,True,Les missions du poste,Lande,35,CDI,25 000 - 26 500 € / an,2 ans,Bac +2,,"Assistante Comptable H/F
Oeliatec",Oeliatec,True,,0.0,,0.0,True,,2025-12-17T14:27:43.539588,True,il y a 15 jours,,
Emploi Comptabilité,https://www.hellowork.com/fr-fr/emplois/73786987.html,73786987,True,Détail du poste,Rambert,42,CDI,32 000 - 37 000 € / an,2 ans,Bac +2,2 ans,"Comptable Général H/F
Comptalents",Comptalents,True,,0.0,,0.0,True,,2025-12-17T14:27:55.881572,True,il y a 26 jours,,
Emploi Comptabilité,https://www.hellowork.com/fr-fr/emplois/73786950.html,73786950,True,Détail du poste,Denis,93,CDI,35 000 - 40 000 € / an,4 ans,Bac +2,2 à 4 ans,"Comptable Général Confirme H/F
Comptalents",Comptalents,True,,0.0,,0.0,True,,2025-12-17T14:28:07.832251,True,il y a 29 jours,,
Emploi Comptabilité,https://www.hellowork.com/fr-fr/emplois/73786930.html,73786930,True,Les missions du poste,Flour,15,CDI,34 000 - 37 500 € / an,,Bac +2,,"Collaborateur Comptable H/F
DFI INTERIM",DFI INTERIM,True,,0.0,,0.0,True,"de Saint-Flour, un Collaborateur Comptable (H/F)",2025-12-17T14:28:19.953935,True,il y a 27 jours,,
Emploi Comptabilité,https://www.hellowork.com/fr-fr/emplois/73786911.html,73786911,True,Les missions du poste,Lesquin,59,CDI,33 000 - 36 000 € / an,3 ans,Bac +2,,"Collaborateur Comptable H/F
FITECO",FITECO,True,,0.0,,0.0,True,informatique • ESN,2025-12-17T14:28:35.518475,True,il y a 19 jours,,
Emploi Comptabilité,https://www.hellowork.com/fr-fr/emplois/73786873.html,73786873,True,Les missions du poste,Loire,37,CDI,35 000 - 40 000 € / an,3 ans,Bac +2,,"Collaborateur Comptable Agricole H/F
FITECO",FITECO,True,,0.0,,0.0,True,informatique • ESN,2025-12-17T14:28:45.489794,True,il y a 13 jours,,
Emploi Comptabilité,https://www.hellowork.com/fr-fr/emplois/73786850.html,73786850,True,Les missions du poste,Orléans,45,CDI,28 000 - 30 000 € / an,4 mois,Bac,,"Comptable Mi Temps H/F
ISI Intérim",ISI Intérim,True,,0.0,,0.0,True,de l'industrie agro-alimentaire un comptable H/F,2025-12-17T14:29:15.836625,True,il y a 25 jours,,
Emploi Comptabilité,https://www.hellowork.com/fr-fr/emplois/73786844.html,73786844,True,Détail du poste,Saclay,91,CDI,28 000 - 30 000 € / an,1 an,Bac +2,,"Comptable Fournisseurs H/F
Comptalents",Comptalents,True,,0.0,,0.0,True,,2025-12-17T14:29:27.855155,True,il y a 26 jours,,
Emploi Comptabilité,https://www.hellowork.com/fr-fr/emplois/73786836.html,73786836,True,Les missions du poste,Ourcq,77,CDI,2 500 - 3 000 € / mois,3 ans,Bac +2,,"Intermarche - Comptable H/F
Groupement Mousquetaires",Groupement Mousquetaires,True,,0.0,,0.0,True,,2025-12-17T14:29:40.913891,True,il y a 24 jours,,
Emploi Comptabilité,https://www.hellowork.com/fr-fr/emplois/73786746.html,73786746,True,Détail du poste,Yon,85,CDI,"14,51 - 19,78 € / heure",2 ans,Bac +2,,"Comptable Général H/F
Polygone Interim",Polygone Interim,True,,0.0,,0.0,True,du paysage,2025-12-17T14:29:51.182624,True,il y a 23 jours,,
Emploi Comptabilité,https://www.hellowork.com/fr-fr/emplois/73786710.html,73786710,True,Les missions du poste,Toul,54,CDI,2 100 - 2 300 € / mois,2 ans,Bac +2,1 à 2 ans,"Assistant Comptable en Cabinet d'Expertise H/F
Tercio",Tercio,True,,0.0,,0.0,True,,2025-12-17T14:30:05.004662,True,il y a 6 jours,,
Emploi Comptabilité,https://www.hellowork.com/fr-fr/emplois/73786704.html,73786704,True,Détail du poste,Vénissieux,69,CDI,27 000 - 28 000 € / an,5 mois,Bac,,"Assistant Comptable H/F
LHH Recruitment Solutions",LHH Recruitment Solutions,True,,0.0,,0.0,True,,2025-12-17T14:30:16.986886,True,il y a 19 jours,,
Emploi Comptabilité,https://www.hellowork.com/fr-fr/emplois/73786662.html,73786662,True,Les missions du poste,Provence,13,CDI,2 500 - 3 100 € / mois,5 ans,Bac +2,2 à 5 ans,"Collaborateur Comptable H/F
Tercio",Tercio,True,,0.0,,0.0,True,,2025-12-17T14:30:29.219331,True,il y a 29 jours,,
Emploi Comptabilité,https://www.hellowork.com/fr-fr/emplois/73786650.html,73786650,True,Les missions du poste,Château,63,CDI,28 000 - 34 000 € / an,8 mois,Bac +2,,"Comptable H/F
Dômes Pharma",Dômes Pharma,True,,0.0,,0.0,True,,2025-12-17T14:30:43.792665,True,il y a 3 jours,,
Emploi Comptabilité,https://www.hellowork.com/fr-fr/emplois/73786496.html,73786496,True,Les missions du poste,Marseille,13,CDI,40 000 - 45 000 € / an,7 ans,Bac +5,5 ans,"Collaborateur Comptable - Marseille 6 - 8 H/F
ODAS CONSEIL",ODAS CONSEIL,True,,0.0,,0.0,True,,2025-12-17T14:30:55.966088,True,il y a 29 jours,,
Emploi Comptabilité,https://www.hellowork.com/fr-fr/emplois/73786478.html,73786478,True,Les missions du poste,Bayonne,64,CDI,40 000 - 45 000 € / an,7 ans,Bac +5,5 ans,"Collaborateur Comptable Expérimenté - Bayonne 64 H/F
ODAS CONSEIL",ODAS CONSEIL,True,,0.0,,0.0,True,,2025-12-17T14:31:08.542261,True,il y a 27 jours,,
Emploi Comptabilité,https://www.hellowork.com/fr-fr/emplois/73786475.html,73786475,True,Les missions du poste,Bordeaux,33,CDI,28 000 - 35 000 € / an,7 ans,Bac +3,2 ans,"Collaborateur Comptable Confirmé - Mérignac 33 H/F
ODAS CONSEIL",ODAS CONSEIL,True,,0.0,,0.0,False,,2025-12-17T14:31:21.693551,True,il y a 27 jours,,
Emploi Comptabilité,https://www.hellowork.com/fr-fr/emplois/73786468.html,73786468,True,Les missions du poste,Angoulême,16,CDI,35 000 - 45 000 € / an,7 ans,Bac +5,5 ans,"Collaborateur Comptable - Angoulême 16 H/F
ODAS CONSEIL",ODAS CONSEIL,True,,0.0,,0.0,True,,2025-12-17T14:31:33.791860,True,il y a 5 jours,,
Emploi Comptabilité,https://www.hellowork.com/fr-fr/emplois/73786466.html,73786466,True,Les missions du poste,Union,31,CDI,43 000 - 48 000 € / an,7 ans,Bac +3,1 à 7 ans,"Expert-Comptable Mémorialiste - Chef de Mission Expertise Comptable - l'Union 31 H/F
ODAS CONSEIL",ODAS CONSEIL,True,,0.0,,0.0,True,,2025-12-17T14:31:44.106356,True,il y a 26 jours,,
Emploi Comptabilité,https://www.hellowork.com/fr-fr/emplois/73786457.html,73786457,True,Les missions du poste,Poitiers,86,CDI,35 000 - 45 000 € / an,7 ans,Bac +5,5 ans,"Collaborateur Comptable Confirmé - Poitiers 86 H/F
ODAS CONSEIL",ODAS CONSEIL,True,,0.0,,0.0,True,,2025-12-17T14:31:53.914194,True,il y a 20 jours,,
Emploi Comptabilité,https://www.hellowork.com/fr-fr/emplois/73786449.html,73786449,True,Les missions du poste,Aillac,24,CDI,35 000 - 45 000 € / an,7 ans,Bac +5,1 à 7 ans,"Collaborateur Comptable - Sarlat-La-Canéda 24 H/F
ODAS CONSEIL",ODAS CONSEIL,True,,0.0,,0.0,True,,2025-12-17T14:32:06.630002,True,il y a 22 jours,,
Emploi Comptabilité,https://www.hellowork.com/fr-fr/emplois/73786447.html,73786447,True,Les missions du poste,Rochelle,17,CDI,35 000 - 45 000 € / an,7 ans,Bac +5,5 ans,"Collaborateur Comptable Confirmé - la Rochelle 17 H/F
ODAS CONSEIL",ODAS CONSEIL,True,,0.0,,0.0,True,,2025-12-17T14:32:19.045026,True,il y a 19 jours,,
Emploi Comptabilité,https://www.hellowork.com/fr-fr/emplois/73786445.html,73786445,True,Les missions du poste,Limoges,87,CDI,35 000 - 45 000 € / an,7 ans,Bac +5,5 ans,"Collaborateur Comptable Confirmé - Limoges 87 H/F
ODAS CONSEIL",ODAS CONSEIL,True,,0.0,,0.0,False,,2025-12-17T14:32:31.383729,True,il y a 7 jours,,
Emploi Comptabilité,https://www.hellowork.com/fr-fr/emplois/73786442.html,73786442,True,Les missions du poste,Pau,64,CDI,35 000 - 45 000 € / an,7 ans,Bac +5,5 ans,"Collaborateur Comptable Confirmé - Pau 64 H/F
ODAS CONSEIL",ODAS CONSEIL,True,,0.0,,0.0,True,,2025-12-17T14:32:44.177191,True,il y a 14 jours,,
Emploi Comptabilité,https://www.hellowork.com/fr-fr/emplois/73786438.html,73786438,True,Les missions du poste,Bordeaux,33,CDI,35 000 - 45 000 € / an,7 ans,Bac +5,1 à 7 ans,"Chef de Mission Expert-Comptable - Bordeaux 33 H/F
ODAS CONSEIL",ODAS CONSEIL,True,,0.0,,0.0,True,,2025-12-17T14:32:55.868100,True,il y a 5 jours,,
Emploi Comptabilité,https://www.hellowork.com/fr-fr/emplois/73786437.html,73786437,True,Les missions du poste,Angoulême,16,CDI,45 000 - 55 000 € / an,7 ans,Bac +5,1 à 7 ans,"Chef de Mission Expertise Comptable - Angoulême 16 H/F
ODAS CONSEIL",ODAS CONSEIL,True,,0.0,,0.0,True,,2025-12-17T14:33:05.638877,True,il y a 12 jours,,
Emploi Comptabilité,https://www.hellowork.com/fr-fr/emplois/73786436.html,73786436,True,Les missions du poste,Bayonne,64,CDI,35 000 - 45 000 € / an,7 ans,Bac +5,1 à 7 ans,"Chef de Mission & Conseil Dirigeant - Bayonne 64 H/F
ODAS CONSEIL",ODAS CONSEIL,True,,0.0,,0.0,True,,2025-12-17T14:33:34.147521,True,il y a 19 jours,,
Emploi Comptabilité,https://www.hellowork.com/fr-fr/emplois/73786431.html,73786431,True,Les missions du poste,Limoges,87,CDI,35 000 - 45 000 € / an,7 ans,Bac +5,5 ans,"Collaborateur Comptable - Limoges 87 H/F
ODAS CONSEIL",ODAS CONSEIL,True,,0.0,,0.0,False,,2025-12-17T14:33:46.804550,True,il y a 25 jours,,
Emploi Comptabilité,https://www.hellowork.com/fr-fr/emplois/73786426.html,73786426,True,Les missions du poste,Pau,64,CDI,35 000 - 45 000 € / an,7 ans,Bac +5,1 à 7 ans,"Collaborateur Comptable - Pau 64 H/F
ODAS CONSEIL",ODAS CONSEIL,True,,0.0,,0.0,True,,2025-12-17T14:33:58.227184,True,il y a 14 jours,,
Emploi Comptabilité,https://www.hellowork.com/fr-fr/emplois/73786417.html,73786417,True,Les missions du poste,Labège,31,CDI,25 000 - 35 000 € / an,7 ans,Bac +3,1 à 7 ans,"Collaborateur Comptable Junior - Labège 31 H/F
ODAS CONSEIL",ODAS CONSEIL,True,,0.0,,0.0,True,,2025-12-17T14:34:10.653767,True,il y a 22 jours,,
Emploi Comptabilité,https://www.hellowork.com/fr-fr/emplois/73786415.html,73786415,True,Les missions du poste,Rochelle,17,CDI,35 000 - 45 000 € / an,7 ans,Bac +5,1 à 7 ans,"Chef de Mission Expertise & Pilotage - la Rochelle 17 H/F
ODAS CONSEIL",ODAS CONSEIL,True,,0.0,,0.0,True,,2025-12-17T14:34:23.821796,True,il y a 19 jours,,
Emploi Comptabilité,https://www.hellowork.com/fr-fr/emplois/73786414.html,73786414,True,Les missions du poste,Angoulême,16,CDI,35 000 - 45 000 € / an,7 ans,Bac +5,5 ans,"Collaborateur Comptable Confirmé - Angoulême 16 H/F
ODAS CONSEIL",ODAS CONSEIL,True,,0.0,,0.0,True,,2025-12-17T14:34:36.096930,True,il y a 5 jours,,
Emploi Comptabilité,https://www.hellowork.com/fr-fr/emplois/73786408.html,73786408,True,Les missions du poste,Bordeaux,33,CDI,35 000 - 45 000 € / an,7 ans,Bac +5,5 ans,"Collaborateur Comptable - Bordeaux 33 H/F
ODAS CONSEIL",ODAS CONSEIL,True,,0.0,,0.0,True,,2025-12-17T14:34:47.670900,True,il y a 27 jours,,
Emploi Comptabilité,https://www.hellowork.com/fr-fr/emplois/73786402.html,73786402,True,Les missions du poste,Cognac,16,CDI,26 000 - 32 000 € / an,7 ans,Bac +3,1 à 7 ans,"Collaborateur Comptable Junior Évolutif - Cognac 16 H/F
ODAS CONSEIL",ODAS CONSEIL,True,,0.0,,0.0,True,,2025-12-17T14:34:59.913047,True,il y a 5 jours,,
Emploi Comptabilité,https://www.hellowork.com/fr-fr/emplois/73786401.html,73786401,True,Les missions du poste,Angoulême,16,CDI,28 000 - 34 000 € / an,7 ans,Bac +3,1 à 7 ans,"Collaborateur Comptable Junior Évolutif - Angoulême 16 H/F
ODAS CONSEIL",ODAS CONSEIL,True,,0.0,,0.0,True,,2025-12-17T14:35:11.582299,True,il y a 5 jours,,
Emploi Comptabilité,https://www.hellowork.com/fr-fr/emplois/73786386.html,73786386,True,Les missions du poste,Rochelle,17,CDI,35 000 - 45 000 € / an,7 ans,Bac +5,5 ans,"Collaborateur Comptable Confirmé - la Rochelle 17 H/F
ODAS CONSEIL",ODAS CONSEIL,True,,0.0,,0.0,True,,2025-12-17T14:35:26.645538,True,il y a 19 jours,,
Emploi Comptabilité,https://www.hellowork.com/fr-fr/emplois/73786385.html,73786385,True,Les missions du poste,Périgueux,24,CDI,35 000 - 45 000 € / an,7 ans,Bac +5,5 ans,"Collaborateur Comptable - Périgueux 24 H/F
ODAS CONSEIL",ODAS CONSEIL,True,,0.0,,0.0,True,,2025-12-17T14:35:46.279021,True,il y a 4 jours,,
Emploi Comptabilité,https://www.hellowork.com/fr-fr/emplois/73786382.html,73786382,True,Les missions du poste,Cognac,16,CDI,28 000 - 35 000 € / an,7 ans,Bac +3,2 ans,"Collaborateur Comptable Confirmé - Cognac 16 H/F
ODAS CONSEIL",ODAS CONSEIL,True,,0.0,,0.0,True,des spiritueux.,2025-12-17T14:36:05.677497,True,il y a 5 jours,,
Emploi Comptabilité,https://www.hellowork.com/fr-fr/emplois/73786381.html,73786381,True,Les missions du poste,Angoulême,16,CDI,30 000 - 40 000 € / an,7 ans,Bac +3,1 à 7 ans,"Collaborateur Comptable Confirmé - Angoulême 16 H/F
ODAS CONSEIL",ODAS CONSEIL,True,,0.0,,0.0,True,,2025-12-17T14:36:22.167448,True,il y a 5 jours,,
Emploi Comptabilité,https://www.hellowork.com/fr-fr/emplois/73786380.html,73786380,True,Les missions du poste,Paris,75,CDI,35 000 - 45 000 € / an,7 ans,Bac +5,5 ans,"Collaborateur Comptable Confirmé - Paris 8 75 H/F
ODAS CONSEIL",ODAS CONSEIL,True,,0.0,,0.0,True,,2025-12-17T14:36:35.639259,True,il y a 29 jours,,
Emploi Comptabilité,https://www.hellowork.com/fr-fr/emplois/73786378.html,73786378,True,Les missions du poste,Oléron,17,CDI,35 000 - 45 000 € / an,7 ans,Bac +5,5 ans,"Collaborateur Comptable - Île d'Oléron 17 H/F
ODAS CONSEIL",ODAS CONSEIL,True,,0.0,,0.0,True,,2025-12-17T14:36:48.136347,True,il y a 11 jours,,
Emploi Comptabilité,https://www.hellowork.com/fr-fr/emplois/73786376.html,73786376,True,Les missions du poste,Muret,31,CDI,35 000 - 40 000 € / an,7 ans,Bac +3,1 à 7 ans,"Collaborateur Comptable Confirmé - Muret 31 H/F
ODAS CONSEIL",ODAS CONSEIL,True,,0.0,,0.0,True,"s d'activité variés (numérique, services, restauration, etc.), en assurant un suivi régulier, struct",2025-12-17T14:37:00.665149,True,il y a 22 jours,,
Emploi Comptabilité,https://www.hellowork.com/fr-fr/emplois/73786377.html,73786377,True,Les missions du poste,Rochelle,17,CDI,40 000 - 50 000 € / an,7 ans,Bac +5,5 ans,"Collaborateur Comptable Expérimenté - la Rochelle 17 H/F
ODAS CONSEIL",ODAS CONSEIL,True,,0.0,,0.0,True,,2025-12-17T14:37:13.167671,True,il y a 19 jours,,
Emploi Comptabilité,https://www.hellowork.com/fr-fr/emplois/73786371.html,73786371,True,Les missions du poste,Agen,47,CDI,35 000 - 40 000 € / an,7 ans,Bac +3,1 à 7 ans,"Collaborateur Comptable - Agen 47 H/F
ODAS CONSEIL",ODAS CONSEIL,True,,0.0,,0.0,True,,2025-12-17T14:37:25.172535,True,il y a 23 jours,,
Emploi Comptabilité,https://www.hellowork.com/fr-fr/emplois/73786356.html,73786356,True,Les missions du poste,Paris,75,CDI,35 000 - 50 000 € / an,7 ans,Bac +5,5 ans,"Collaborateur Comptable Confirmé - Paris 8 H/F
ODAS CONSEIL",ODAS CONSEIL,True,,0.0,,0.0,True,,2025-12-17T14:37:57.037572,True,il y a 29 jours,,
Emploi Comptabilité,https://www.hellowork.com/fr-fr/emplois/73786352.html,73786352,True,Les missions du poste,Cognac,16,CDI,28 000 - 38 000 € / an,7 ans,Bac +2,1 à 7 ans,"Collaborateur Comptable Confirmé - Cognac 16 H/F
ODAS CONSEIL",ODAS CONSEIL,True,,0.0,,0.0,True,,2025-12-17T14:38:10.921296,True,il y a 5 jours,,
Emploi Comptabilité,https://www.hellowork.com/fr-fr/emplois/73786300.html,73786300,True,Les missions du poste,Limay,78,CDI,25 200 - 39 200 € / an,7 ans,Bac +2,,"Coordinateur Facturation H/F
Veolia",Veolia,True,,0.0,,0.0,True,Energie • Environnement,2025-12-17T14:38:20.782758,True,il y a 24 jours,,
Emploi Comptabilité,https://www.hellowork.com/fr-fr/emplois/73786281.html,73786281,True,Les missions du poste,Bruz,35,Stage,"11,88 € / heure",4 mois,Bac +3,,"Stage - Comptable - Bac +3 H/F
IHECF",IHECF,True,,0.0,,0.0,True,"du transport recherche un(e) comptable en stage dans le cadre d'un DCG 1, au sein de l'école IHECF R",2025-12-17T14:38:33.479002,True,il y a 9 jours,,
Emploi Comptabilité,https://www.hellowork.com/fr-fr/emplois/73786156.html,73786156,True,Les missions du poste,Rennes,35,Alternance,"11,88 € / heure",2 ans,Bac +5,,"Alternance - Comptable - Bac +5 H/F
IHECF",IHECF,True,,0.0,,0.0,False,"de l'expertise comptable recherche un(e)comptable en alternance dans le cadre d'un MBA Finance, au s",2025-12-17T14:38:47.378582,True,,,
Emploi Comptabilité,https://www.hellowork.com/fr-fr/emplois/73785998.html,73785998,True,Les missions du poste,Savoie,74,CDI,"621,60 € / an",1 an,Bac +5,,"Expert-Comptable H/F
CERFRANCE DES SAVOIE",CERFRANCE DES SAVOIE,True,,0.0,,0.0,True,informatique • ESN,2025-12-17T14:39:02.100700,True,il y a 27 jours,,
Emploi Comptabilité,https://www.hellowork.com/fr-fr/emplois/73785986.html,73785986,True,Les missions du poste,Valbonne,06,CDI,30 000 - 34 500 € / an,1 an,Bac +2,,"Collaborateur Comptable Evolutif H/F
Club Comptable",Club Comptable,True,,0.0,,0.0,True,"s d'activités. Leurs équipes, présentes sur plusieurs sites, accompagnent leurs clients au quotidien",2025-12-17T14:39:15.700308,True,il y a 15 jours,,
Emploi Comptabilité,https://www.hellowork.com/fr-fr/emplois/73785984.html,73785984,True,Les missions du poste,Lille,59,CDI,37 000 - 47 000 € / an,4 ans,Bac,,"Chef de Mission H/F
Club Comptable",Club Comptable,True,,0.0,,0.0,True,,2025-12-17T14:39:27.481794,True,il y a 19 jours,,
Emploi Comptabilité,https://www.hellowork.com/fr-fr/emplois/73785983.html,73785983,True,Les missions du poste,Cannes,06,CDI,30 000 - 40 000 € / an,2 ans,Bac,2 ans,"Collaborateur Comptable H/F
Club Comptable",Club Comptable,True,,0.0,,0.0,True,,2025-12-17T14:39:40.056330,True,il y a 13 jours,,
Emploi Comptabilité,https://www.hellowork.com/fr-fr/emplois/73785982.html,73785982,True,Les missions du poste,Valbonne,06,CDI,40 000 - 50 000 € / an,5 ans,Bac +3,,"Chef de Mission Comptable H/F
Club Comptable",Club Comptable,True,,0.0,,0.0,True,,2025-12-17T14:39:52.048927,True,il y a 13 jours,,
Emploi Comptabilité,https://www.hellowork.com/fr-fr/emplois/73785981.html,73785981,True,Les missions du poste,Nice,06,CDI,40 000 - 45 000 € / an,4 ans,Bac +5,4 ans,"Expert-Comptable Mémorialiste H/F
Club Comptable",Club Comptable,True,,0.0,,0.0,True,"s variés (Restauration, Bâtiment, Commerce, BNC, holding ou SCI). Vous intervenez ponctuellement che",2025-12-17T14:40:03.641479,True,il y a 19 jours,,
Emploi Comptabilité,https://www.hellowork.com/fr-fr/emplois/73785980.html,73785980,True,Les missions du poste,Beausoleil,06,CDI,30 000 - 35 000 € / an,,Bac,,"Collaborateur Comptable Évolutif H/F
Club Comptable",Club Comptable,True,,0.0,,0.0,True,s d'activités. Au sein de la division Audit et Expertise Comptable : nous recherchons pour un de nos,2025-12-17T14:40:17.034596,True,il y a 13 jours,,
Emploi Comptabilité,https://www.hellowork.com/fr-fr/emplois/73785979.html,73785979,True,Les missions du poste,Cannes,06,CDI,32 500 - 42 500 € / an,3 ans,Bac,3 ans,"Collaborateur Comptable H/F
Club Comptable",Club Comptable,True,,0.0,,0.0,True,,2025-12-17T14:40:30.570187,True,il y a 13 jours,,
Emploi Comptabilité,https://www.hellowork.com/fr-fr/emplois/73785976.html,73785976,True,Détail du poste,Hazebrouck,59,CDI,38 000 - 48 000 € / an,,Bac,,"Collaborateur Comptable H/F
Club Comptable",Club Comptable,True,,0.0,,0.0,True,,2025-12-17T14:40:40.578014,True,il y a 19 jours,,
Emploi Comptabilité,https://www.hellowork.com/fr-fr/emplois/73785975.html,73785975,True,Détail du poste,Denain,59,CDI,35 000 - 50 000 € / an,,Bac +5,,"Expert Comptable Stagiaire ou Expert Comptable H/F
Club Comptable",Club Comptable,True,,0.0,,0.0,True,,2025-12-17T14:40:52.254205,True,il y a 8 jours,,
Emploi Comptabilité,https://www.hellowork.com/fr-fr/emplois/73785974.html,73785974,True,Les missions du poste,Nice,06,CDI,35 000 - 45 000 € / an,10 ans,Bac +5,,"Expert-Comptable Stagiaire - Mémorialiste H/F
Club Comptable",Club Comptable,True,,0.0,,0.0,True,,2025-12-17T14:41:04.755984,True,il y a 19 jours,,
Emploi Comptabilité,https://www.hellowork.com/fr-fr/emplois/73785971.html,73785971,True,Les missions du poste,Briançon,05,CDI,32 000 - 40 000 € / an,3 ans,Bac,3 ans,"Collaborateur Comptable Cabinet à Taille Humaine H/F
Club Comptable",Club Comptable,True,,0.0,,0.0,True,,2025-12-17T14:41:15.080231,True,il y a 8 jours,,
Emploi Comptabilité,https://www.hellowork.com/fr-fr/emplois/73785972.html,73785972,True,Les missions du poste,Nice,06,CDI,35 000 - 42 500 € / an,2 ans,Bac +5,2 ans,"Réviseur Comptable H/F
Club Comptable",Club Comptable,True,,0.0,,0.0,True,,2025-12-17T14:41:25.728216,True,il y a 15 jours,,
Emploi Comptabilité,https://www.hellowork.com/fr-fr/emplois/73785969.html,73785969,True,Les missions du poste,Cannet,06,CDI,40 500 - 50 500 € / an,6 ans,Bac,,"Chef de Mission Comptable H/F
Club Comptable",Club Comptable,True,,0.0,,0.0,True,"s d'activités divers (médias et communication, transport, textile, distribution, industrie, énergie,",2025-12-17T14:41:37.865219,True,il y a 15 jours,,
Emploi Comptabilité,https://www.hellowork.com/fr-fr/emplois/73785968.html,73785968,True,Les missions du poste,Briançon,05,CDI,30 000 - 40 000 € / an,2 ans,Bac +2,2 ans,"Collaborateur Comptable Évolutif H/F
Club Comptable",Club Comptable,True,,0.0,,0.0,True,,2025-12-17T14:41:51.000700,True,il y a 8 jours,,
Emploi Comptabilité,https://www.hellowork.com/fr-fr/emplois/73785967.html,73785967,True,Les missions du poste,Grasse,06,CDI,36 500 - 42 500 € / an,3 ans,Bac,,"Collaborateur Comptable Confirmé H/F
Club Comptable",Club Comptable,True,,0.0,,0.0,True,s d'activité.,2025-12-17T14:42:22.328157,True,il y a 13 jours,,
Emploi Comptabilité,https://www.hellowork.com/fr-fr/emplois/73785961.html,73785961,True,Les missions du poste,Arras,62,CDI,40 000 - 50 000 € / an,10 ans,Bac,,"Chef de Mission H/F
Club Comptable",Club Comptable,True,,0.0,,0.0,True,,2025-12-17T14:42:34.323990,True,il y a 19 jours,,
Emploi Comptabilité,https://www.hellowork.com/fr-fr/emplois/73785958.html,73785958,True,Les missions du poste,Carros,06,CDI,30 000 - 34 500 € / an,,Bac +3,,"Collaborateur Comptable Évolutif H/F
Club Comptable",Club Comptable,True,,0.0,,0.0,True,,2025-12-17T14:42:47.912431,True,il y a 15 jours,,
Emploi Comptabilité,https://www.hellowork.com/fr-fr/emplois/73785957.html,73785957,True,Les missions du poste,Dunkerque,59,CDI,30 000 - 40 000 € / an,2 ans,Bac +2,,"Collaborateur Comptable H/F
Club Comptable",Club Comptable,True,,0.0,,0.0,True,Agricole H/F,2025-12-17T14:43:02.259334,True,il y a 27 jours,,
Emploi Comptabilité,https://www.hellowork.com/fr-fr/emplois/73785955.html,73785955,True,Les missions du poste,Loup,06,CDI,35 000 - 42 500 € / an,2 ans,Bac +3,2 ans,"Collaborateur Comptable Confirmé H/F
Club Comptable",Club Comptable,True,,0.0,,0.0,True,,2025-12-17T14:43:15.176492,True,il y a 15 jours,,
Emploi Comptabilité,https://www.hellowork.com/fr-fr/emplois/73785952.html,73785952,True,Les missions du poste,Nice,06,CDI,26 500 - 32 000 € / an,1 an,Bac,,"Assistant Comptable H/F
Club Comptable",Club Comptable,True,,0.0,,0.0,True,,2025-12-17T14:43:27.272730,True,il y a 4 jours,,
Emploi Comptabilité,https://www.hellowork.com/fr-fr/emplois/73785950.html,73785950,True,Les missions du poste,Briançon,05,CDI,35 000 - 42 000 € / an,3 ans,Bac,,"Collaborateur Comptable Confirmé H/F
Club Comptable",Club Comptable,True,,0.0,,0.0,True,s d'activité.,2025-12-17T14:43:39.765940,True,il y a 8 jours,,
Emploi Comptabilité,https://www.hellowork.com/fr-fr/emplois/73785949.html,73785949,True,Les missions du poste,Cannet,06,CDI,30 000 - 40 000 € / an,2 ans,Bac,2 ans,"Collaborateur Comptable H/F
Club Comptable",Club Comptable,True,,0.0,,0.0,True,,2025-12-17T14:43:52.479021,True,il y a 15 jours,,
Emploi Comptabilité,https://www.hellowork.com/fr-fr/emplois/73785947.html,73785947,True,Les missions du poste,Bordeaux,33,CDI,2 200 - 2 700 € / mois,7 ans,Bac +2,2 à 7 ans,"Gestionnaire Comptable H/F
3G Guillemin & Associés",3G Guillemin & Associés,True,,0.0,,0.0,True,informatique • ESN,2025-12-17T14:44:06.506550,True,il y a 20 jours,,
Emploi Comptabilité,https://www.hellowork.com/fr-fr/emplois/73785946.html,73785946,True,Les missions du poste,Nice,06,CDI,30 000 - 40 000 € / an,2 ans,Bac,2 ans,"Collaborateur Comptable H/F
Club Comptable",Club Comptable,True,,0.0,,0.0,True,,2025-12-17T14:44:19.013082,True,il y a 13 jours,,
Emploi Comptabilité,https://www.hellowork.com/fr-fr/emplois/73785944.html,73785944,True,Les missions du poste,Vence,06,CDI,35 000 - 42 500 € / an,3 ans,Bac,,"Collaborateur Comptable Confirmé H/F
Club Comptable",Club Comptable,True,,0.0,,0.0,True,s d'activités variés) ;,2025-12-17T14:44:31.604042,True,il y a 15 jours,,
Emploi Comptabilité,https://www.hellowork.com/fr-fr/emplois/73785945.html,73785945,True,Les missions du poste,Cannes,06,CDI,32 000 - 42 000 € / an,2 ans,Bac +2,2 ans,"Collaborateur Comptable H/F
Club Comptable",Club Comptable,True,,0.0,,0.0,True,,2025-12-17T14:44:44.297842,True,il y a 15 jours,,
Emploi Comptabilité,https://www.hellowork.com/fr-fr/emplois/73785942.html,73785942,True,Les missions du poste,Cannet,06,CDI,30 000 - 38 000 € / an,2 ans,Bac +2,2 ans,"Collaborateur Comptable Évolutif H/F
Club Comptable",Club Comptable,True,,0.0,,0.0,True,,2025-12-17T14:44:57.460265,True,il y a 15 jours,,
Emploi Comptabilité,https://www.hellowork.com/fr-fr/emplois/73785941.html,73785941,True,Les missions du poste,Cannes,06,CDI,33 500 - 40 500 € / an,3 ans,Bac,,"Collaborateur Comptable Cabinet Reconnu H/F
Club Comptable",Club Comptable,True,,0.0,,0.0,True,,2025-12-17T14:45:09.389033,True,il y a 13 jours,,
Emploi Comptabilité,https://www.hellowork.com/fr-fr/emplois/73785937.html,73785937,True,Les missions du poste,Cannes,06,CDI,36 500 - 42 500 € / an,3 ans,Bac,,"Collaborateur Comptable Confirmé H/F
Club Comptable",Club Comptable,True,,0.0,,0.0,True,s d'activité.,2025-12-17T14:45:21.973318,True,il y a 15 jours,,
Emploi Comptabilité,https://www.hellowork.com/fr-fr/emplois/73785934.html,73785934,True,Les missions du poste,Peymeinade,06,CDI,30 000 - 40 000 € / an,2 ans,Bac +2,,"Collaborateur Comptable H/F
Club Comptable",Club Comptable,True,,0.0,,0.0,True,,2025-12-17T14:45:35.080259,True,il y a 13 jours,,
Emploi Comptabilité,https://www.hellowork.com/fr-fr/emplois/73785927.html,73785927,True,Détail du poste,Lens,62,CDI,31 000 - 37 000 € / an,,Bac,,"Collaborateur Comptable H/F
Club Comptable",Club Comptable,True,,0.0,,0.0,True,,2025-12-17T14:45:48.008176,True,il y a 19 jours,,
Emploi Comptabilité,https://www.hellowork.com/fr-fr/emplois/73785923.html,73785923,True,Les missions du poste,Haubourdin,59,CDI,25 000 - 30 000 € / an,,Bac +2,,"Assistant Comptable Confirmé H/F
Club Comptable",Club Comptable,True,,0.0,,0.0,True,,2025-12-17T14:45:58.681314,True,il y a 7 jours,,
Emploi Comptabilité,https://www.hellowork.com/fr-fr/emplois/73785922.html,73785922,True,Les missions du poste,Arras,62,CDI,35 000 - 40 000 € / an,4 ans,Bac +2,3 à 4 ans,"Collaborateur Comptable Confirmé H/F
Club Comptable",Club Comptable,True,,0.0,,0.0,True,,2025-12-17T14:46:14.672354,True,il y a 19 jours,,
Emploi Comptabilité,https://www.hellowork.com/fr-fr/emplois/73785918.html,73785918,True,Les missions du poste,Mougins,06,CDI,32 500 - 40 000 € / an,2 ans,Bac,2 ans,"Collaborateur Comptable Cabinet Familial et Renommé H/F
Club Comptable",Club Comptable,True,,0.0,,0.0,True,,2025-12-17T14:46:31.768525,True,il y a 15 jours,,
Emploi Ressources Humaines,https://www.hellowork.com/fr-fr/emplois/73794389.html,73794389,True,Les missions du poste,Omer,62,CDI,30 000 - 40 000 € / an,7 ans,Bac +2,1 à 7 ans,"Responsable d'Agence H/F
Partnaire",Partnaire,True,,0.0,,0.0,True,du travail temporaire est indispensable.,2025-12-17T14:47:09.051581,True,il y a 2 jours,,
Emploi Ressources Humaines,https://www.hellowork.com/fr-fr/emplois/73794322.html,73794322,True,Les missions du poste,,,CDI,,7 ans,Bac +2,1 à 7 ans,"Chargé de Recrutement H/F
Groupe Interaction",Groupe Interaction,True,,0.0,,0.0,False,,2025-12-17T14:47:21.705596,True,,,
Emploi Ressources Humaines,https://www.hellowork.com/fr-fr/emplois/73793617.html,73793617,True,Les missions du poste,École,79,CDI,22 000 - 25 000 € / an,7 ans,Bac +2,1 à 7 ans,"Chargé de Recrutement H/F
Groupe Interaction",Groupe Interaction,True,,0.0,,0.0,False,,2025-12-17T14:47:34.478651,True,il y a 22 jours,,
Emploi Ressources Humaines,https://www.hellowork.com/fr-fr/emplois/73793331.html,73793331,True,Les missions du poste,Oyonnax,01,CDI,30 000 - 40 000 € / an,7 ans,Bac +2,1 à 7 ans,"Responsable d'Agence H/F
Partnaire",Partnaire,True,,0.0,,0.0,True,"d'activité et votre niveau de qualification. Avec notre réseau de plus de 200 agences, contactez VOT",2025-12-17T14:47:46.745082,True,il y a 25 jours,,
Emploi Ressources Humaines,https://www.hellowork.com/fr-fr/emplois/73793311.html,73793311,True,Les missions du poste,Nancy,54,CDI,26 000 - 27 000 € / an,6 mois,Bac,1 à 7 ans,"Chargée de Recrutement - Assistant d'Agence RH H/F
Sup Interim",Sup Interim,True,,0.0,,0.0,True,du recrutement ou travail temporaire).Une bonne connaissance du bassin d'emploi serait un plus,2025-12-17T14:47:59.927459,True,il y a 19 jours,,
Emploi Ressources Humaines,https://www.hellowork.com/fr-fr/emplois/73792770.html,73792770,True,Les missions du poste,Meximieux,01,CDI,30 000 - 40 000 € / an,7 ans,Bac +2,1 à 7 ans,"Responsable d'Agence H/F
Partnaire",Partnaire,True,,0.0,,0.0,True,"d'activité et votre niveau de qualification. Avec notre réseau de plus de 200 agences, contactez VOT",2025-12-17T14:48:12.156767,True,il y a 25 jours,,
Emploi Ressources Humaines,https://www.hellowork.com/fr-fr/emplois/73791753.html,73791753,True,Les missions du poste,Javené,35,CDI,40 000 - 42 000 € / an,5 ans,Bac +3,,"Gestionnaire de Paie et Administration du Personnel H/F
Expectra",Expectra,True,,0.0,,0.0,True,,2025-12-17T14:48:25.676213,True,il y a 23 jours,,
Emploi Ressources Humaines,https://www.hellowork.com/fr-fr/emplois/73791649.html,73791649,True,Détail du poste,Or,69,CDI,30 000 - 32 000 € / an,2 ans,Bac +2,,"Gestionnaire de Paie en CDD H/F
Bureau Veritas",Bureau Veritas,True,,0.0,,0.0,True,,2025-12-17T14:48:38.305132,True,il y a 26 jours,,
Emploi Ressources Humaines,https://www.hellowork.com/fr-fr/emplois/73791641.html,73791641,True,Les missions du poste,Toulon,83,CDI,39 000 - 45 000 € / an,9 mois,Bac +5,,"Adjoint des Relations Sociales Secteur Naval H/F
Expectra",Expectra,True,,0.0,,0.0,False,Naval H/F,2025-12-17T14:48:50.865599,True,,,
Emploi Ressources Humaines,https://www.hellowork.com/fr-fr/emplois/73791578.html,73791578,True,Les missions du poste,Échirolles,38,CDI,2 500 - 2 800 € / mois,3 mois,Bac +3,,"Gestionnaire Ressources Humaines H/F
Expectra",Expectra,True,,0.0,,0.0,False,,2025-12-17T14:49:04.173720,True,il y a 26 jours,,
Emploi Ressources Humaines,https://www.hellowork.com/fr-fr/emplois/73791447.html,73791447,True,Détail du poste,Courbevoie,92,CDI,55 000 - 60 000 € / an,3 ans,Bac +5,,"Human Resources Business Partner H/F
LHH Recruitment Solutions",LHH Recruitment Solutions,True,,0.0,,0.0,True,,2025-12-17T14:49:15.951197,True,il y a 28 jours,,
Emploi Ressources Humaines,https://www.hellowork.com/fr-fr/emplois/73791446.html,73791446,True,Détail du poste,Toulouse,31,Intérim,55 000 - 65 000 € / an,3 mois,Bac +3,,"Responsable Talent et Performance H/F
LHH Recruitment Solutions",LHH Recruitment Solutions,True,,0.0,,0.0,False,,2025-12-17T14:49:27.217893,True,,,
Emploi Ressources Humaines,https://www.hellowork.com/fr-fr/emplois/73791412.html,73791412,True,Les missions du poste,Lille,59,CDI,35 000 - 40 000 € / an,7 ans,Bac +5,2 ans,"Talent Acquisition H/F
KALI Group",KALI Group,True,,0.0,,0.0,False,informatique • ESN,2025-12-17T14:49:39.301989,True,il y a 23 jours,,
Emploi Ressources Humaines,https://www.hellowork.com/fr-fr/emplois/73791407.html,73791407,True,Les missions du poste,Évreux,27,CDD,24 700 € / an,2 ans,Bac +2,,"Conseiller en Insertion Professionnelle H/F
Actual Talent",Actual Talent,True,,0.0,,0.0,False,s d'activités et sur tous les territoires. L'humain est au coeur de chacun de nos projets pour const,2025-12-17T14:49:56.822196,True,il y a 12 jours,,
Emploi Ressources Humaines,https://www.hellowork.com/fr-fr/emplois/73791363.html,73791363,True,Les missions du poste,Nîmes,30,CDI,33 000 - 36 000 € / an,7 ans,Bac +3,1 à 7 ans,"Gestionnaire de Paie Confirmé Silae et Administration du Personnel - Nîmes 30 H/F
ODAS CONSEIL",ODAS CONSEIL,True,,0.0,,0.0,True,,2025-12-17T14:50:13.814363,True,il y a 29 jours,,
Emploi Ressources Humaines,https://www.hellowork.com/fr-fr/emplois/73791352.html,73791352,True,Les missions du poste,Muret,31,CDI,33 000 - 36 000 € / an,7 ans,Bac +3,1 à 7 ans,"Gestionnaire de Paie et ADP - Muret 31 H/F
ODAS CONSEIL",ODAS CONSEIL,True,,0.0,,0.0,True,,2025-12-17T14:50:29.198584,True,il y a 18 jours,,
Emploi Ressources Humaines,https://www.hellowork.com/fr-fr/emplois/73791350.html,73791350,True,Les missions du poste,Lez,34,CDI,33 000 - 36 000 € / an,7 ans,Bac +3,1 à 7 ans,"Gestionnaire de Paie Confirmé Silae et ADP - Castelnau·le-Lez 34 H/F
ODAS CONSEIL",ODAS CONSEIL,True,,0.0,,0.0,True,,2025-12-17T14:50:41.584671,True,il y a 13 jours,,
Emploi Ressources Humaines,https://www.hellowork.com/fr-fr/emplois/73791295.html,73791295,True,Les missions du poste,Chaumont,52,CDI,,7 ans,Bac +5,,"Directeur des Ressources Humaines H/F
Synergie",Synergie,True,,0.0,,0.0,False,public et de son environnement réglementaire,2025-12-17T14:50:53.949155,True,,,
Emploi Ressources Humaines,https://www.hellowork.com/fr-fr/emplois/73791273.html,73791273,True,Les missions du poste,Essonnes,91,CDI,20 000 - 25 000 € / an,1 an,Bac +2,1 an,"Chargé de Recrutement H/F
Synergie",Synergie,True,,0.0,,0.0,True,s et divers profils,2025-12-17T14:51:05.224621,True,il y a 29 jours,,
Emploi Ressources Humaines,https://www.hellowork.com/fr-fr/emplois/73791254.html,73791254,True,Détail du poste,,,CDI,,5 ans,master,,"Gestionnaire Paie en Cabinet H/F
Lynx RH",Lynx RH,True,,0.0,,0.0,False,,2025-12-17T14:51:14.103594,True,,,
Emploi Ressources Humaines,https://www.hellowork.com/fr-fr/emplois/73786770.html,73786770,True,Détail du poste,Carcassonne,11,Intérim,30 000 - 50 000 € / an,,Bac +3,,"Conseiller en Recrutement Indépendant H/F
Slash Intérim",Slash Intérim,True,,0.0,,0.0,True,,2025-12-17T14:51:40.822006,True,il y a 19 jours,,
Emploi Ressources Humaines,https://www.hellowork.com/fr-fr/emplois/73786763.html,73786763,True,Détail du poste,Royan,17,Intérim,,,Bac +3,,"Recruteur Indépendant Royan Slash Intérim H/F
Slash Intérim",Slash Intérim,True,,0.0,,0.0,False,de l'intérim. Envoyez sans plus attendre votre CV et devenez le prochain leader recruteur chez SLASH,2025-12-17T14:51:50.565085,True,,,
Emploi Ressources Humaines,https://www.hellowork.com/fr-fr/emplois/73786754.html,73786754,True,Détail du poste,Châtellerault,86,Intérim,,,Bac +3,,"Recruteur Indépendant Châtellerault Slash Intérim H/F
Slash Intérim",Slash Intérim,True,,0.0,,0.0,False,de l'intérim. Envoyez sans plus attendre votre CV et devenez le prochain leader recruteur chez SLASH,2025-12-17T14:51:59.836973,True,,,
Emploi Ressources Humaines,https://www.hellowork.com/fr-fr/emplois/73786749.html,73786749,True,Détail du poste,Bressuire,79,Intérim,,,Bac +3,,"Recruteur Indépendant Bressuire Slash Intérim H/F
Slash Intérim",Slash Intérim,True,,0.0,,0.0,False,de l'intérim. Envoyez sans plus attendre votre CV et devenez le prochain leader recruteur chez SLASH,2025-12-17T14:52:08.989518,True,,,
Emploi Ressources Humaines,https://www.hellowork.com/fr-fr/emplois/73786748.html,73786748,True,Détail du poste,Poitiers,86,Intérim,,,Bac +3,,"Recruteur Indépendant Poitiers Slash Intérim H/F
Slash Intérim",Slash Intérim,True,,0.0,,0.0,False,de l'intérim. Envoyez sans plus attendre votre CV et devenez le prochain leader recruteur chez SLASH,2025-12-17T14:52:18.798035,True,,,
Emploi Ressources Humaines,https://www.hellowork.com/fr-fr/emplois/73786735.html,73786735,True,Détail du poste,Niort,79,Intérim,,,Bac +3,,"Recruteur Indépendant Niort Slash Intérim H/F
Slash Intérim",Slash Intérim,True,,0.0,,0.0,False,de l'intérim. Envoyez sans plus attendre votre CV et devenez le prochain leader recruteur chez SLASH,2025-12-17T14:52:28.546024,True,,,
Emploi Ressources Humaines,https://www.hellowork.com/fr-fr/emplois/73786730.html,73786730,True,Détail du poste,Saintes,17,Intérim,30 000 - 50 000 € / an,,Bac +3,,"Recruteur Indépendant Saintes Slash Intérim H/F
Slash Intérim",Slash Intérim,True,,0.0,,0.0,True,de l'intérim. Envoyez sans plus attendre votre CV et devenez le prochain leader recruteur chez SLASH,2025-12-17T14:52:38.479724,True,il y a 19 jours,,
Emploi Ressources Humaines,https://www.hellowork.com/fr-fr/emplois/73786724.html,73786724,True,Détail du poste,Angoulême,16,Intérim,30 000 - 50 000 € / an,,Bac +3,,"Recruteur Indépendant Angoulême Slash Intérim H/F
Slash Intérim",Slash Intérim,True,,0.0,,0.0,True,de l'intérim. Envoyez sans plus attendre votre CV et devenez le prochain leader recruteur chez SLASH,2025-12-17T14:52:48.818556,True,il y a 19 jours,,
Emploi Ressources Humaines,https://www.hellowork.com/fr-fr/emplois/73786681.html,73786681,True,Détail du poste,Cognac,16,Intérim,30 000 - 50 000 € / an,,Bac +3,,"Recruteur Indépendant Cognac Slash Intérim H/F
Slash Intérim",Slash Intérim,True,,0.0,,0.0,True,de l'intérim. Envoyez sans plus attendre votre CV et devenez le prochain leader recruteur chez SLASH,2025-12-17T14:52:58.503180,True,il y a 19 jours,,
Emploi Ressources Humaines,https://www.hellowork.com/fr-fr/emplois/73786474.html,73786474,True,Les missions du poste,Montauban,82,CDI,33 000 - 36 000 € / an,7 ans,Bac +3,1 à 7 ans,"Gestionnaire de Paie Confirmé Silae et Administration du Personnel - Montauban 82 H/F
ODAS CONSEIL",ODAS CONSEIL,True,,0.0,,0.0,True,,2025-12-17T14:53:08.123694,True,il y a 18 jours,,
Emploi Ressources Humaines,https://www.hellowork.com/fr-fr/emplois/73786469.html,73786469,True,Les missions du poste,Niort,79,CDI,30 000 - 38 000 € / an,7 ans,Bac,1 à 7 ans,"Gestionnaire de Paie - Niort 79 H/F
ODAS CONSEIL",ODAS CONSEIL,True,,0.0,,0.0,True,,2025-12-17T14:53:19.954745,True,il y a 10 jours,,
Emploi Ressources Humaines,https://www.hellowork.com/fr-fr/emplois/73786467.html,73786467,True,Les missions du poste,Angoulême,16,CDI,30 000 - 37 000 € / an,7 ans,Bac +3,1 à 7 ans,"Gestionnaire de Paie & Conseil Social - Angoulême 16 H/F
ODAS CONSEIL",ODAS CONSEIL,True,,0.0,,0.0,True,,2025-12-17T14:53:31.651514,True,il y a 9 jours,,
Emploi Ressources Humaines,https://www.hellowork.com/fr-fr/emplois/73786462.html,73786462,True,Les missions du poste,Marsan,40,CDI,29 000 - 37 000 € / an,7 ans,Bac +3,1 à 7 ans,"Gestionnaire de Paie - Mont-De-Marsan 40 H/F
ODAS CONSEIL",ODAS CONSEIL,True,,0.0,,0.0,True,,2025-12-17T14:53:43.243221,True,il y a 11 jours,,
Emploi Ressources Humaines,https://www.hellowork.com/fr-fr/emplois/73786459.html,73786459,True,Les missions du poste,Châtellerault,86,CDI,29 000 - 37 000 € / an,7 ans,Bac +3,1 à 7 ans,"Gestionnaire de Paie - Châtellerault 86 H/F
ODAS CONSEIL",ODAS CONSEIL,True,,0.0,,0.0,True,,2025-12-17T14:53:55.523179,True,,,
Emploi Ressources Humaines,https://www.hellowork.com/fr-fr/emplois/73786455.html,73786455,True,Les missions du poste,Angoulême,16,CDI,28 000 - 38 000 € / an,7 ans,Bac +3,1 à 7 ans,"Gestionnaire de Paie - Angoulême 16 H/F
ODAS CONSEIL",ODAS CONSEIL,True,,0.0,,0.0,True,,2025-12-17T14:54:07.366783,True,il y a 9 jours,,
Emploi Ressources Humaines,https://www.hellowork.com/fr-fr/emplois/73786450.html,73786450,True,Les missions du poste,Dax,40,CDI,30 000 - 37 000 € / an,7 ans,Bac +3,1 à 7 ans,"Gestionnaire de Paie - Dax 40 H/F
ODAS CONSEIL",ODAS CONSEIL,True,,0.0,,0.0,True,,2025-12-17T14:54:19.298113,True,il y a 4 jours,,
Emploi Ressources Humaines,https://www.hellowork.com/fr-fr/emplois/73786451.html,73786451,True,Les missions du poste,Rochelle,17,CDI,28 000 - 38 000 € / an,7 ans,Bac +3,1 à 7 ans,"Gestionnaire de Paie - la Rochelle 17 H/F
ODAS CONSEIL",ODAS CONSEIL,True,,0.0,,0.0,True,,2025-12-17T14:54:32.892254,True,il y a 8 jours,,
Emploi Ressources Humaines,https://www.hellowork.com/fr-fr/emplois/73786439.html,73786439,True,Les missions du poste,Bayonne,64,CDI,28 000 - 38 000 € / an,7 ans,Bac +3,1 à 7 ans,"Gestionnaire de Paie - Bayonne 64 H/F
ODAS CONSEIL",ODAS CONSEIL,True,,0.0,,0.0,True,,2025-12-17T14:54:45.134812,True,il y a 4 jours,,
Emploi Ressources Humaines,https://www.hellowork.com/fr-fr/emplois/73786434.html,73786434,True,Les missions du poste,Bergerac,24,CDI,28 000 - 38 000 € / an,7 ans,Bac +3,1 à 7 ans,"Gestionnaire de Paie - Bergerac 24 H/F
ODAS CONSEIL",ODAS CONSEIL,True,,0.0,,0.0,True,,2025-12-17T14:54:56.155809,True,il y a 12 jours,,
Emploi Ressources Humaines,https://www.hellowork.com/fr-fr/emplois/73786430.html,73786430,True,Les missions du poste,Bordeaux,33,CDI,28 000 - 38 000 € / an,7 ans,Bac +3,1 à 7 ans,"Gestionnaire de Paie - Bordeaux 33 H/F
ODAS CONSEIL",ODAS CONSEIL,True,,0.0,,0.0,True,,2025-12-17T14:55:08.352844,True,il y a 26 jours,,
Emploi Ressources Humaines,https://www.hellowork.com/fr-fr/emplois/73786427.html,73786427,True,Les missions du poste,Cognac,16,CDI,28 000 - 35 000 € / an,7 ans,Bac +3,1 à 7 ans,"Gestionnaire de Paie & Conseil Social - Cognac 16 H/F
ODAS CONSEIL",ODAS CONSEIL,True,,0.0,,0.0,True,,2025-12-17T14:55:37.844734,True,il y a 9 jours,,
Emploi Ressources Humaines,https://www.hellowork.com/fr-fr/emplois/73786412.html,73786412,True,Les missions du poste,Soyaux,16,CDI,29 000 - 37 000 € / an,7 ans,Bac +3,1 à 7 ans,"Gestionnaire de Paie & Conseil Social - Soyaux 16 H/F
ODAS CONSEIL",ODAS CONSEIL,True,,0.0,,0.0,True,,2025-12-17T14:55:49.620293,True,il y a 9 jours,,
Emploi Ressources Humaines,https://www.hellowork.com/fr-fr/emplois/73786399.html,73786399,True,Les missions du poste,Poitiers,86,CDI,28 000 - 36 000 € / an,7 ans,Bac +3,1 à 7 ans,"Gestionnaire de Paie - Poitiers 86 H/F
ODAS CONSEIL",ODAS CONSEIL,True,,0.0,,0.0,True,,2025-12-17T14:56:01.997468,True,,,
Emploi Ressources Humaines,https://www.hellowork.com/fr-fr/emplois/73786389.html,73786389,True,Les missions du poste,Périgueux,24,CDI,28 000 - 38 000 € / an,7 ans,Bac +3,4 ans,"Gestionnaire de Paie - Périgueux 24 H/F
ODAS CONSEIL",ODAS CONSEIL,True,,0.0,,0.0,True,,2025-12-17T14:56:22.885996,True,il y a 12 jours,,
Emploi Ressources Humaines,https://www.hellowork.com/fr-fr/emplois/73786379.html,73786379,True,Les missions du poste,Panazol,87,CDI,28 000 - 36 000 € / an,7 ans,Bac +3,1 à 7 ans,"Gestionnaire de Paie - Panazol 87 H/F
ODAS CONSEIL",ODAS CONSEIL,True,,0.0,,0.0,True,,2025-12-17T14:56:36.767953,True,il y a 27 jours,,
Emploi Ressources Humaines,https://www.hellowork.com/fr-fr/emplois/73786368.html,73786368,True,Les missions du poste,Limoges,87,CDI,30 000 - 38 000 € / an,7 ans,Bac +3,1 à 7 ans,"Gestionnaire de Paie - Limoges 87 H/F
ODAS CONSEIL",ODAS CONSEIL,True,,0.0,,0.0,True,,2025-12-17T14:56:54.946345,True,il y a 27 jours,,
Emploi Ressources Humaines,https://www.hellowork.com/fr-fr/emplois/73786365.html,73786365,True,Les missions du poste,Limoges,87,CDI,28 000 - 38 000 € / an,7 ans,Bac +3,1 à 7 ans,"Gestionnaire de Paie - Limoges 87 H/F
ODAS CONSEIL",ODAS CONSEIL,True,,0.0,,0.0,True,,2025-12-17T14:58:36.965710,True,il y a 27 jours,,
Emploi Ressources Humaines,https://www.hellowork.com/fr-fr/emplois/73786319.html,73786319,,,,,,,,,,,,,,,,,,,,False,,,"Message: unknown error: net::ERR_INTERNET_DISCONNECTED
  (Session info: chrome=143.0.7499.41)
Stackt"
Emploi Ressources Humaines,https://www.hellowork.com/fr-fr/emplois/73786314.html,73786314,,,,,,,,,,,,,,,,,,,,False,,,"Message: unknown error: net::ERR_INTERNET_DISCONNECTED
  (Session info: chrome=143.0.7499.41)
Stackt"
Emploi Ressources Humaines,https://www.hellowork.com/fr-fr/emplois/73786276.html,73786276,,,,,,,,,,,,,,,,,,,,False,,,"Message: unknown error: net::ERR_INTERNET_DISCONNECTED
  (Session info: chrome=143.0.7499.41)
Stackt"
Emploi Ressources Humaines,https://www.hellowork.com/fr-fr/emplois/73786267.html,73786267,False,,,,,,,,,Your connection was interrupted,,,,,,,,,,False,,Pas de section détaillée,
Emploi Ressources Humaines,https://www.hellowork.com/fr-fr/emplois/73786218.html,73786218,True,Les missions du poste,Grès,13,CDI,30 000 - 33 215 € / an,5 ans,Bac +2,2 à 5 ans,"Gestionnaire de Paie H/F
Groupe NGE",Groupe NGE,True,,0.0,,0.0,True,Energie • Environnement,2025-12-17T14:59:14.412727,True,il y a 13 jours,,
Emploi Ressources Humaines,https://www.hellowork.com/fr-fr/emplois/73786170.html,73786170,True,Les missions du poste,Tarbes,65,CDI,27 000 - 32 000 € / an,3 ans,Bac +2,,Gestionnaire de Paie H/F,,True,,0.0,,0.0,True,,2025-12-17T14:59:25.507786,True,il y a 4 jours,,
Emploi Ressources Humaines,https://www.hellowork.com/fr-fr/emplois/73786133.html,73786133,True,Les missions du poste,Langueux,22,Alternance,"11,88 € / heure",1 an,Bac +3,,"Alternance - Gestionnaire de la Paie - Bac +3 H/F
IHECF",IHECF,True,,0.0,,0.0,False,de l'expertise comptable recherche un(e) gestionnaire de la paie en alternance dans le cadre d'un Ba,2025-12-17T14:59:34.553170,True,,,
Emploi Ressources Humaines,https://www.hellowork.com/fr-fr/emplois/73785939.html,73785939,True,Les missions du poste,Nice,06,CDI,30 000 - 38 000 € / an,2 ans,Bac,,"Gestionnaire de Paie H/F
Club Comptable",Club Comptable,True,,0.0,,0.0,True,,2025-12-17T14:59:48.642110,True,il y a 14 jours,,
Emploi Ressources Humaines,https://www.hellowork.com/fr-fr/emplois/73785870.html,73785870,True,Les missions du poste,Gassin,83,CDI,"16,48 - 18,25 € / heure",6 mois,Bac +2,1 à 2 ans,"Gestionnaire Paie Privée - ADP H/F
Expert & Manager",Expert & Manager,True,,0.0,,0.0,True,,2025-12-17T15:00:01.911722,True,il y a 15 jours,,
Emploi Ressources Humaines,https://www.hellowork.com/fr-fr/emplois/73785850.html,73785850,True,Les missions du poste,Bouthéon,42,CDI,"11,88 - 12,50 € / heure",4 mois,Bac +2,,"Assistant Administratif RH H/F
KELYPS Tertiaire Cadres Loire",KELYPS Tertiaire Cadres Loire,True,,0.0,,0.0,False,,2025-12-17T15:00:15.017259,True,il y a 15 jours,,
Emploi Ressources Humaines,https://www.hellowork.com/fr-fr/emplois/73785819.html,73785819,True,Les missions du poste,Rennes,35,Alternance,"801,80 € / mois",12 mois,Bac +2,,"Alternance - Assistant Recrutement H/F
Alticome",Alticome,True,,0.0,,0.0,False,,2025-12-17T15:00:30.095715,True,il y a 7 jours,,
Emploi Ressources Humaines,https://www.hellowork.com/fr-fr/emplois/73785805.html,73785805,True,Les missions du poste,Nice,06,CDI,2 000 - 2 300 € / mois,1 an,Bac +3,,"Chargé de Sourcing Recrutement H/F
Rhello",Rhello,True,,0.0,,0.0,True,,2025-12-17T15:01:33.639033,True,il y a 4 jours,,
Emploi Ressources Humaines,https://www.hellowork.com/fr-fr/emplois/73785785.html,73785785,True,Les missions du poste,Annecy,74,CDI,42 800 - 62 500 € / an,7 ans,Bac +5,1 à 7 ans,"Manager Chef de Groupe Paie - Grh H/F
CERFRANCE DES SAVOIE",CERFRANCE DES SAVOIE,True,,0.0,,0.0,True,informatique • ESN,2025-12-17T15:02:08.914002,True,il y a 8 jours,,
Emploi Ressources Humaines,https://www.hellowork.com/fr-fr/emplois/73785647.html,73785647,True,Les missions du poste,Nantes,44,CDI,22 500 - 28 800 € / an,7 ans,Bac +5,1 à 7 ans,"Chargé·e de Recrutement H/F
UMR Groupe VYV",UMR Groupe VYV,True,,0.0,,0.0,True,,2025-12-17T15:02:38.235088,True,il y a 18 jours,,
Emploi Ressources Humaines,https://www.hellowork.com/fr-fr/emplois/73785570.html,73785570,True,Les missions du poste,Bruz,35,Alternance,"11,88 € / heure",1 an,Bac +3,,"Alternance - Assistant Gestionnaire de Paie - Bac +3 H/F
IHECF",IHECF,True,,0.0,,0.0,False,"de l'alimentation humaine, l'alimentation animale, l'énergie et la chimie renouvelable recherche un(",2025-12-17T15:02:49.829682,True,,,
Emploi Ressources Humaines,https://www.hellowork.com/fr-fr/emplois/73785425.html,73785425,True,Détail du poste,Sartrouville,78,CDI,30 245 € / an,6 mois,Bac +2,1 an,"Conseiller en Insertion Professionnelle H/F
Manpower Group Talent Solutions",Manpower Group Talent Solutions,True,,0.0,,0.0,True,,2025-12-17T15:03:02.442060,True,il y a 22 jours,,
Emploi Ressources Humaines,https://www.hellowork.com/fr-fr/emplois/73785243.html,73785243,True,Les missions du poste,Chaponnay,69,CDI,25 000 - 27 000 € / an,20 ans,Bac +3,,"Consultant en Recrutement H/F
LIP recrute pour LIP",LIP recrute pour LIP,True,,0.0,,0.0,True,s d'activités.,2025-12-17T15:03:16.541931,True,il y a 23 jours,,
Emploi Ressources Humaines,https://www.hellowork.com/fr-fr/emplois/73785239.html,73785239,True,Les missions du poste,Flèche,72,CDI,1 900 - 1 950 € / mois,1 an,Bac +2,,"Assistant d'Agence H/F
Azaé",Azaé,True,,0.0,,0.0,False,,2025-12-17T15:03:28.062003,True,il y a 22 jours,,
Emploi Ressources Humaines,https://www.hellowork.com/fr-fr/emplois/73785214.html,73785214,True,Les missions du poste,Guingamp,22,CDI,13 - 15 € / heure,2 ans,Bac +2,,"Assistant d'Agence Polyvalent H/F
Domaliance",Domaliance,True,,0.0,,0.0,True,,2025-12-17T15:03:39.213448,True,il y a 5 jours,,
Emploi Ressources Humaines,https://www.hellowork.com/fr-fr/emplois/73785146.html,73785146,True,Les missions du poste,,,CDI,2 002 - 2 500 € / mois,1 an,Bac +2,,"Chargé d'Insertion H/F
FEDERATION APAJH",FEDERATION APAJH,True,,0.0,,0.0,False,médico-social indispensable (connaissance du handicap),2025-12-17T15:03:50.946349,True,,,
Emploi Ressources Humaines,https://www.hellowork.com/fr-fr/emplois/73785130.html,73785130,True,Les missions du poste,Domène,38,CDI,33 000 - 36 000 € / an,4 ans,Bac +3,,"Chargé de Recrutement et Intégration H/F
GROUPE PAYANT",GROUPE PAYANT,True,,0.0,,0.0,False,,2025-12-17T15:04:13.034978,True,il y a 12 jours,,
Emploi Ressources Humaines,https://www.hellowork.com/fr-fr/emplois/73785124.html,73785124,True,Les missions du poste,Rheu,35,Alternance,"11,88 € / heure",1 an,Bac +3,,"Alternance - Assistant Gestionnaire de Paie - Bac +3 H/F
IHECF",IHECF,True,,0.0,,0.0,False,de l'expertise comptable recherche un(e) assistant gestionnaire de paie en alternance dans le cadre,2025-12-17T15:04:24.947432,True,,,
Emploi Ressources Humaines,https://www.hellowork.com/fr-fr/emplois/73785053.html,73785053,True,Les missions du poste,Valence,26,CDI,30 000 - 35 000 € / an,1 an,Bac +2,1 à 5 ans,"Gestionnaire de Paie - Valence 26 H/F
NYUJI",NYUJI,True,,0.0,,0.0,True,,2025-12-17T15:04:36.630190,True,il y a 8 jours,,
Emploi Ressources Humaines,https://www.hellowork.com/fr-fr/emplois/73785029.html,73785029,True,Les missions du poste,Denis,93,CDI,47 000 - 50 000 € / an,6 ans,Bac +3,6 ans,"Responsable Ressources Humaines Propreté - Nettoyage H/F
COMPLEO RH",COMPLEO RH,True,,0.0,,0.0,True,à forte densité,2025-12-17T15:04:46.250987,True,il y a 28 jours,,
Emploi Ressources Humaines,https://www.hellowork.com/fr-fr/emplois/73784707.html,73784707,True,Les missions du poste,Villeurbanne,69,CDI,1 500 - 1 800 € / mois,3 ans,,5 à 30 ans,"Operateur Administratif Specialiste RH H/F
7EME REGIMENT DU MATERIEL",7EME REGIMENT DU MATERIEL,True,,0.0,,0.0,False,,2025-12-17T15:05:03.101430,True,il y a 5 jours,,
Emploi Ressources Humaines,https://www.hellowork.com/fr-fr/emplois/73784634.html,73784634,True,Détail du poste,France,95,Alternance,"801,80 € / mois",1 an,Bac +2,1 an,"Correspondant RH Alternance H/F
EXTIME DUTY FREE PARIS",EXTIME DUTY FREE PARIS,True,,0.0,,0.0,True,,2025-12-17T15:05:14.412290,True,il y a 15 jours,,
Emploi Ressources Humaines,https://www.hellowork.com/fr-fr/emplois/73783568.html,73783568,True,Les missions du poste,Bayonne,64,CDI,26 000 - 32 000 € / an,1 an,Bac +2,1 an,"Chargé de Recrutement H/F
VERT L'OBJECTIF EASY",VERT L'OBJECTIF EASY,True,,0.0,,0.0,False,géographique.,2025-12-17T15:05:26.041145,True,il y a 12 jours,,
Emploi Ressources Humaines,https://www.hellowork.com/fr-fr/emplois/73783567.html,73783567,True,Détail du poste,Villejuif,94,CDI,38 000 - 43 000 € / an,1 mois,Bac,3 ans,"Gestionnaire Paie H/F
Pay Job",Pay Job,True,,0.0,,0.0,True,,2025-12-17T15:05:37.123106,True,il y a 20 jours,,
Emploi Ressources Humaines,https://www.hellowork.com/fr-fr/emplois/73783481.html,73783481,True,Les missions du poste,Rennes,35,Alternance,"801,80 € / mois",24 mois,Bac +2,,"Alternance - Assistant RH et Recrutement H/F
Alticome",Alticome,True,,0.0,,0.0,False,"des services, un(e) assistant(e) RH et recrutement.",2025-12-17T15:05:48.121914,True,il y a 7 jours,,
Emploi Ressources Humaines,https://www.hellowork.com/fr-fr/emplois/73783445.html,73783445,True,Les missions du poste,Rennes,35,Alternance,"801,80 € / mois",24 mois,Bac +2,,"Alternance - Chargé de Missions RH H/F
Alticome",Alticome,True,,0.0,,0.0,False,"agroalimentaire, un(e) chargé(e) de missions RH et développement des talents.",2025-12-17T15:05:59.148188,True,il y a 7 jours,,
Emploi Ressources Humaines,https://www.hellowork.com/fr-fr/emplois/73783268.html,73783268,True,Détail du poste,Lisses,91,Intérim,,6 mois,Bac +3,,"Stage - Charge d'Affaires Recrutement H/F
Slash Intérim",Slash Intérim,True,,0.0,,0.0,True,,2025-12-17T15:06:08.888198,True,il y a 28 jours,,
Emploi Ressources Humaines,https://www.hellowork.com/fr-fr/emplois/73783224.html,73783224,True,Les missions du poste,Perpignan,66,CDI,24 000 - 35 000 € / an,7 ans,Bac +2,1 à 7 ans,"Gestionnaire de Paie en Cabinet H/F
ORB Conseil",ORB Conseil,True,,0.0,,0.0,False,"d'activité, recrute pour l'un de ses clients, un cabinet d'expertise comptable basé à Perpignan, un(",2025-12-17T15:06:19.142761,True,,,
Emploi Ressources Humaines,https://www.hellowork.com/fr-fr/emplois/73783220.html,73783220,True,Les missions du poste,Nîmes,30,CDI,24 000 - 35 000 € / an,7 ans,Bac +2,1 à 7 ans,"Gestionnaire de Paie en Cabinet H/F
ORB Conseil",ORB Conseil,True,,0.0,,0.0,True,"d'activité, recrute pour l'un de ses clients, un cabinet d'expertise comptable basé à Nîmes, un Gest",2025-12-17T15:06:30.161133,True,il y a 29 jours,,
Emploi Ressources Humaines,https://www.hellowork.com/fr-fr/emplois/73783170.html,73783170,True,Les missions du poste,Rennes,35,Alternance,"801,80 € / mois",12 mois,Bac +2,,"Alternance - Assistant Recrutement et Gestion RH H/F
Alticome",Alticome,True,,0.0,,0.0,False,,2025-12-17T15:07:00.995560,True,il y a 7 jours,,
Emploi Ressources Humaines,https://www.hellowork.com/fr-fr/emplois/73783148.html,73783148,True,Les missions du poste,Condrieu,69,CDI,40 000 - 52 000 € / an,5 ans,Bac +2,,"Coordinateur d'Agence d'Intérim Industrielle H/F
DETECT Recrutement",DETECT Recrutement,True,,0.0,,0.0,True,s mécaniques et métallurgiques sera considéré.,2025-12-17T15:07:11.872353,True,il y a 21 jours,,
Emploi Ressources Humaines,https://www.hellowork.com/fr-fr/emplois/73782998.html,73782998,True,Détail du poste,Provence,13,Stage,,3 mois,Bac +3,,"Stagiaire en Ressources Humaines - Secrétariat Administratif H/F
Infoconseil",Infoconseil,True,,0.0,,0.0,False,,2025-12-17T15:07:23.037909,True,il y a 4 jours,,
Emploi Ressources Humaines,https://www.hellowork.com/fr-fr/emplois/73782991.html,73782991,True,Détail du poste,Créteil,94,CDI,38 800 - 66 200 € / an,7 ans,Bac +5,1 à 7 ans,Chef de Projet - Spécialiste du Recrutement dans les Métiers de la Sécurité des Bien et des Personnes H/F,,True,,0.0,,0.0,True,,2025-12-17T15:07:35.340670,True,il y a 28 jours,,
Emploi Ressources Humaines,https://www.hellowork.com/fr-fr/emplois/73742057.html,73742057,True,Détail du poste,Compiègne,60,CDI,30 000 - 50 000 € / an,1 an,Bac +3,,"Consultant en Recrutement Santé - Oise H/F
Mistertemp'",Mistertemp',True,,0.0,,0.0,True,"de la Santé, mais vous manquez d'outils et d'accompagnement pour démarrer ?",2025-12-17T15:07:47.322694,True,il y a 20 jours,,
Emploi Ressources Humaines,https://www.hellowork.com/fr-fr/emplois/73782766.html,73782766,True,Les missions du poste,Marcoussis,91,CDI,38 000 - 40 000 € / an,1 an,Bac +2,1 an,"Gestionnaire de Paie et Administration du Personnel H/F
Page Personnel",Page Personnel,True,,0.0,,0.0,True,,2025-12-17T15:08:00.338209,True,il y a 20 jours,,
Emploi Ressources Humaines,https://www.hellowork.com/fr-fr/emplois/73782754.html,73782754,True,Les missions du poste,Perret,92,CDI,58 500 - 65 000 € / an,6 mois,Bac +5,1 an,"Chargé de Projet RH H/F
Michael Page Intérim Management",Michael Page Intérim Management,True,,0.0,,0.0,False,de l'ASSURANCE ;,2025-12-17T15:08:11.526022,True,il y a 14 jours,,
Emploi Ressources Humaines,https://www.hellowork.com/fr-fr/emplois/73782308.html,73782308,True,Les missions du poste,Bretagne,35,CDI,22 000 - 25 000 € / an,7 ans,Bac +2,1 à 7 ans,"Chargé de Recrutement H/F
Groupe Interaction",Groupe Interaction,True,,0.0,,0.0,False,,2025-12-17T15:08:22.153616,True,il y a 18 jours,,
Emploi Ressources Humaines,https://www.hellowork.com/fr-fr/emplois/73782244.html,73782244,True,Les missions du poste,Quentin,02,CDI,1 800 - 2 000 € / mois,1 mois,Bac +2,1 à 7 ans,"Chargé de Recrutement sur Saint-Quentin H/F
Sup Interim",Sup Interim,True,,0.0,,0.0,False,"s d'activité représentatifs de la région : la logistique, la grande distribution, l'agro-alimentaire",2025-12-17T15:08:32.595644,True,il y a 28 jours,,
Emploi Ressources Humaines,https://www.hellowork.com/fr-fr/emplois/73782177.html,73782177,True,Les missions du poste,Chevasse,85,CDI,"16,48 - 18,25 € / heure",1 mois,Bac +3,1 à 7 ans,"Gestionnaire Paie H/F
Groupe Actual",Groupe Actual,True,,0.0,,0.0,True,,2025-12-17T15:08:45.821654,True,il y a 26 jours,,
Emploi Ressources Humaines,https://www.hellowork.com/fr-fr/emplois/73782166.html,73782166,True,Les missions du poste,Loire,45,CDI,2 000 - 2 500 € / mois,6 mois,Bac +3,1 à 7 ans,"Chargé Gestion ADP Intérim H/F
Groupe Actual",Groupe Actual,True,,0.0,,0.0,False,,2025-12-17T15:08:59.196189,True,il y a 18 jours,,
Emploi Ressources Humaines,https://www.hellowork.com/fr-fr/emplois/73782113.html,73782113,True,Les missions du poste,Vertou,44,CDI,25 000 - 35 000 € / an,7 ans,Bac +2,1 à 7 ans,"Gestionnaire de Paie H/F
Harry Hope",Harry Hope,True,,0.0,,0.0,True,,2025-12-17T15:09:12.224991,True,il y a 26 jours,,
Emploi Ressources Humaines,https://www.hellowork.com/fr-fr/emplois/73782062.html,73782062,True,Les missions du poste,Bressuire,79,CDI,25 000 - 40 000 € / an,7 ans,Bac +2,3 ans,"Gestionnaire de Paie H/F
Harry Hope",Harry Hope,True,,0.0,,0.0,True,,2025-12-17T15:09:24.038401,True,il y a 5 jours,,
Emploi Ressources Humaines,https://www.hellowork.com/fr-fr/emplois/73782057.html,73782057,True,Les missions du poste,Nantes,44,CDI,25 000 - 35 000 € / an,7 ans,Bac +2,3 ans,"Gestionnaire de Paie Confirmé H/F
Harry Hope",Harry Hope,True,,0.0,,0.0,True,,2025-12-17T15:09:38.280283,True,il y a 26 jours,,
Emploi Ressources Humaines,https://www.hellowork.com/fr-fr/emplois/73782031.html,73782031,True,Les missions du poste,Angers,49,CDI,30 000 - 40 000 € / an,7 ans,Bac +2,5 ans,"Gestionnaire de Paie Confirmé H/F
Harry Hope",Harry Hope,True,,0.0,,0.0,True,,2025-12-17T15:09:59.762035,True,il y a 5 jours,,
Emploi Ressources Humaines,https://www.hellowork.com/fr-fr/emplois/73782028.html,73782028,True,Les missions du poste,Angers,49,CDI,25 000 - 35 000 € / an,7 ans,Bac +2,1 à 7 ans,"Gestionnaire de Paie Confirmé H/F
Harry Hope",Harry Hope,True,,0.0,,0.0,True,,2025-12-17T15:10:20.483968,True,il y a 5 jours,,
Emploi Ressources Humaines,https://www.hellowork.com/fr-fr/emplois/73782015.html,73782015,True,Les missions du poste,Aubance,49,CDI,25 000 - 35 000 € / an,7 ans,Bac +2,3 ans,"Gestionnaire de Paie H/F
Harry Hope",Harry Hope,True,,0.0,,0.0,True,,2025-12-17T15:10:35.050774,True,il y a 5 jours,,
Emploi Ressources Humaines,https://www.hellowork.com/fr-fr/emplois/73782010.html,73782010,True,Les missions du poste,Angers,49,CDI,30 000 - 50 000 € / an,7 ans,Bac +2,1 à 7 ans,"Gestionnaire de Paie Confirmé H/F
Harry Hope",Harry Hope,True,,0.0,,0.0,True,,2025-12-17T15:10:51.042950,True,il y a 5 jours,,
Emploi Ressources Humaines,https://www.hellowork.com/fr-fr/emplois/73781993.html,73781993,True,Les missions du poste,Perret,92,CDI,35 000 - 40 000 € / an,7 ans,Bac +3,1 à 7 ans,"Chargé de Recrutement et de Formation Interne H/F
Groupe Promotrans",Groupe Promotrans,True,,0.0,,0.0,True,"sans cesse en mouvement, où flexibilité et réactivité sont de rigueur et si vous voulez intégrer une",2025-12-17T15:11:03.512306,True,il y a 29 jours,,
Emploi Ressources Humaines,https://www.hellowork.com/fr-fr/emplois/73781824.html,73781824,True,Les missions du poste,Cergy,95,CDI,50 000 - 55 000 € / an,10 ans,Bac +5,,"Responsable des Ressources Humaines H/F
Skills Paris",Skills Paris,True,,0.0,,0.0,True,"culturel, nous recrutons un(e) Responsable des Ressources Humaines en CDI.",2025-12-17T15:11:14.424127,True,il y a 28 jours,,
Emploi Ressources Humaines,https://www.hellowork.com/fr-fr/emplois/73781818.html,73781818,True,Les missions du poste,Paris,75,CDI,50 000 - 55 000 € / an,5 ans,Bac +2,3 à 5 ans,"Responsable Paie H/F
Skills Paris",Skills Paris,True,,0.0,,0.0,True,"de la comptabilité et de la finance, recherche un Responsable Paie en CDI pour rejoindre son équipe",2025-12-17T15:11:43.199568,True,il y a 23 jours,,
Emploi Ressources Humaines,https://www.hellowork.com/fr-fr/emplois/73781817.html,73781817,True,Les missions du poste,Rennes,35,CDI,36 000 - 42 000 € / an,2 ans,Bac +3,,"Consultant en Recrutement Confirmé - Senior H/F
Skills Paris",Skills Paris,True,,0.0,,0.0,False,,2025-12-17T15:11:54.455796,True,plus de 1 mois,,
Emploi Ressources Humaines,https://www.hellowork.com/fr-fr/emplois/73781816.html,73781816,True,Les missions du poste,Montmorillon,86,CDI,30 000 - 35 000 € / an,1 an,Bac,,"Gestionnaire de Paie H/F
Skills Vendée Poitou-Charentes",Skills Vendée Poitou-Charentes,True,,0.0,,0.0,False,,2025-12-17T15:12:05.969950,True,,,
Emploi Ressources Humaines,https://www.hellowork.com/fr-fr/emplois/73781811.html,73781811,True,Les missions du poste,élétravail par semaine,12,CDI,30 000 - 33 000 € / an,,Bac +5,,"Consultant en Recrutement H/F
Skills Paris",Skills Paris,True,,0.0,,0.0,True,,2025-12-17T15:12:18.463436,True,il y a 23 jours,,
Emploi Ressources Humaines,https://www.hellowork.com/fr-fr/emplois/73781807.html,73781807,True,Les missions du poste,Vaux,01,CDI,27 000 - 30 000 € / an,2 ans,Bac +2,,"Assistant RH et Paie H/F
Skills Lyon",Skills Lyon,True,,0.0,,0.0,True,,2025-12-17T15:12:30.802997,True,il y a 27 jours,,
Emploi Ressources Humaines,https://www.hellowork.com/fr-fr/emplois/73781803.html,73781803,True,Les missions du poste,Nantes,44,CDI,40 000 - 50 000 € / an,10 ans,Bac +5,,"Responsable des Ressources Humaines H/F
Skills Nantes",Skills Nantes,True,,0.0,,0.0,True,,2025-12-17T15:12:42.155934,True,il y a 7 jours,,
Emploi Ressources Humaines,https://www.hellowork.com/fr-fr/emplois/73781795.html,73781795,True,Les missions du poste,Osny,95,CDI,35 000 - 40 000 € / an,3 ans,Bac +3,2 à 3 ans,"Chargé de Recrutements H/F
Skills Paris",Skills Paris,True,,0.0,,0.0,True,des services). Vous avez à coeur de contribuer activement au développement des talents et d'accompag,2025-12-17T15:12:52.371404,True,il y a 28 jours,,
Emploi Ressources Humaines,https://www.hellowork.com/fr-fr/emplois/73781775.html,73781775,True,Les missions du poste,Mans,72,CDI,30 000 - 35 000 € / an,5 ans,Bac,3 à 5 ans,"Gestionnaire de Paie H/F
Skills Rennes",Skills Rennes,True,,0.0,,0.0,True,,2025-12-17T15:13:03.787681,True,il y a 29 jours,,
Emploi Ressources Humaines,https://www.hellowork.com/fr-fr/emplois/73781774.html,73781774,True,Les missions du poste,Angles,30,CDI,32 000 - 38 000 € / an,5 ans,Bac,5 ans,"Gestionnaire de Paie H/F
Skills Marseille",Skills Marseille,True,,0.0,,0.0,True,,2025-12-17T15:13:14.786658,True,il y a 13 jours,,
Emploi Ressources Humaines,https://www.hellowork.com/fr-fr/emplois/73781773.html,73781773,True,Les missions du poste,Bessines,79,CDI,30 000 - 36 000 € / an,5 ans,Bac +2,2 à 5 ans,"Gestionnaire de Paie H/F
Skills Vendée Poitou-Charentes",Skills Vendée Poitou-Charentes,True,,0.0,,0.0,True,,2025-12-17T15:13:26.850155,True,il y a 10 jours,,
Emploi Ressources Humaines,https://www.hellowork.com/fr-fr/emplois/73780694.html,73780694,True,Les missions du poste,Colomiers,31,CDI,25 000 - 30 000 € / an,1 an,Bac +2,1 an,"Chargé de Recrutement H/F
Groupe Menway",Groupe Menway,True,,0.0,,0.0,True,industriel/aéronautique,2025-12-17T15:13:38.353073,True,il y a 27 jours,,
Emploi Ressources Humaines,https://www.hellowork.com/fr-fr/emplois/73780554.html,73780554,True,Les missions du poste,Dijon,21,CDI,1 850 - 2 250 € / mois,6 mois,Bac +2,,"Chargé de Recrutement H/F
Randstad",Randstad,True,,0.0,,0.0,True,,2025-12-17T15:13:49.675401,True,il y a 21 jours,,
Emploi Ressources Humaines,https://www.hellowork.com/fr-fr/emplois/73780474.html,73780474,True,Les missions du poste,Bordeaux,33,CDI,30 000 - 40 000 € / an,7 ans,Bac +2,3 ans,"Gestionnaire de Paie CDD H/F
Momenti",Momenti,True,,0.0,,0.0,True,,2025-12-17T15:14:02.017003,True,il y a 26 jours,,
Emploi Ressources Humaines,https://www.hellowork.com/fr-fr/emplois/73780330.html,73780330,True,Les missions du poste,Orly,94,CDI,35 000 - 50 000 € / an,6 mois,Bac +5,1 à 7 ans,"Recruteur - Chasseur de Tête H/F
Sabena technics",Sabena technics,True,,0.0,,0.0,True,"aéronautique,",2025-12-17T15:14:13.489292,True,il y a 29 jours,,
Emploi Ressources Humaines,https://www.hellowork.com/fr-fr/emplois/73780174.html,73780174,True,Les missions du poste,Ferrand,63,CDI,40 600 - 63 800 € / an,13 mois,Bac +5,,"Responsable RH H/F
Autajon",Autajon,True,,0.0,,0.0,True,,2025-12-17T15:14:28.799404,True,il y a 5 jours,,
Emploi Ressources Humaines,https://www.hellowork.com/fr-fr/emplois/73780116.html,73780116,True,Les missions du poste,Bendejun,06,CDI,2 450 - 2 650 € / mois,9 mois,Bac +2,,"Assistant RH H/F
Appel Médical",Appel Médical,True,,0.0,,0.0,True,"médical, intégrez un établissement qui prône de fortes valeurs humaines, cultive l'innovation et acc",2025-12-17T15:14:40.891245,True,il y a 4 jours,,
Emploi Ressources Humaines,https://www.hellowork.com/fr-fr/emplois/73780105.html,73780105,True,Les missions du poste,Mans,72,CDD,1 980 - 2 700 € / mois,9 mois,Bac +2,,"Chargé de Recrutement H/F
Appel Médical",Appel Médical,True,,0.0,,0.0,True,de la santé,2025-12-17T15:14:52.354073,True,,,
Emploi Ressources Humaines,https://www.hellowork.com/fr-fr/emplois/73779948.html,73779948,True,Les missions du poste,Bergerac,24,CDI,40 000 - 48 000 € / an,2 ans,Bac +2,,"Responsable d'Agence H/F
Vitalliance Siège",Vitalliance Siège,True,,0.0,,0.0,True,) et des équipes sur le terrain (auxiliaires de vie).,2025-12-17T15:15:02.100934,True,il y a 1 jour,,
Emploi Ressources Humaines,https://www.hellowork.com/fr-fr/emplois/73779912.html,73779912,True,Les missions du poste,Montbard,21,CDI,40 000 - 48 000 € / an,2 ans,Bac +2,,"Responsable d'Agence H/F
Vitalliance Siège",Vitalliance Siège,True,,0.0,,0.0,True,) et des équipes sur le terrain (auxiliaires de vie).,2025-12-17T15:15:13.296808,True,,,
Emploi Ressources Humaines,https://www.hellowork.com/fr-fr/emplois/73779846.html,73779846,True,Les missions du poste,Pontivy,56,CDI,40 000 - 48 000 € / an,2 ans,Bac +2,,"Responsable d'Agence H/F
Vitalliance Siège",Vitalliance Siège,True,,0.0,,0.0,True,) et des équipes sur le terrain (auxiliaires de vie).,2025-12-17T15:15:25.493633,True,il y a 22 jours,,
Emploi Ressources Humaines,https://www.hellowork.com/fr-fr/emplois/73779816.html,73779816,True,Les missions du poste,Strasbourg,67,CDI,2 600 - 2 800 € / mois,1 an,Bac +2,,"Responsable d'Agence Support H/F
Mercato de l'emploi",Mercato de l'emploi,True,,0.0,,0.0,True,de l'accompagnement humain,2025-12-17T15:15:56.529512,True,il y a 20 jours,,
Emploi Ressources Humaines,https://www.hellowork.com/fr-fr/emplois/73779813.html,73779813,True,Les missions du poste,Vierzon,18,CDI,40 000 - 48 000 € / an,2 ans,Bac +2,,"Responsable d'Agence H/F
Vitalliance Siège",Vitalliance Siège,True,,0.0,,0.0,True,) et des équipes sur le terrain (auxiliaires de vie).,2025-12-17T15:16:07.980899,True,il y a 29 jours,,
Emploi Ressources Humaines,https://www.hellowork.com/fr-fr/emplois/73779791.html,73779791,True,Les missions du poste,Montpellier,34,CDI,2 800 € / mois,1 an,Bac +2,,"Responsable d'Agence Support H/F
Mercato de l'emploi",Mercato de l'emploi,True,,0.0,,0.0,False,de l'accompagnement humain,2025-12-17T15:16:17.654542,True,il y a 20 jours,,
Emploi Ressources Humaines,https://www.hellowork.com/fr-fr/emplois/73779770.html,73779770,True,Les missions du poste,Cotentin,50,CDI,40 000 - 48 000 € / an,2 ans,Bac +2,,"Responsable d'Agence H/F
Vitalliance Siège",Vitalliance Siège,True,,0.0,,0.0,True,) et des équipes sur le terrain (auxiliaires de vie).,2025-12-17T15:16:29.189333,True,il y a 3 jours,,
Emploi Ressources Humaines,https://www.hellowork.com/fr-fr/emplois/73779691.html,73779691,True,Les missions du poste,Kilstett,67,CDI,,30 ans,Bac,,"Gestionnaire de Paies H/F
Sofitex",Sofitex,True,,0.0,,0.0,True,"des pergolas, stores et BSO basé sur Kilstett.",2025-12-17T15:16:39.581276,True,il y a 29 jours,,
Emploi Ressources Humaines,https://www.hellowork.com/fr-fr/emplois/73779684.html,73779684,True,Les missions du poste,Dreux,28,CDI,40 000 - 48 000 € / an,2 ans,Bac +2,,"Responsable d'Agence H/F
Vitalliance Siège",Vitalliance Siège,True,,0.0,,0.0,True,) et des équipes sur le terrain (auxiliaires de vie).,2025-12-17T15:16:49.926355,True,il y a 27 jours,,
Emploi Ressources Humaines,https://www.hellowork.com/fr-fr/emplois/73779642.html,73779642,True,Les missions du poste,Louis,68,CDI,23 400 - 25 800 € / an,35 ans,Bac +3,,"Chargé de Recrutement H/F
Sofitex",Sofitex,True,,0.0,,0.0,False,,2025-12-17T15:17:01.229065,True,il y a 20 jours,,
Emploi Ressources Humaines,https://www.hellowork.com/fr-fr/emplois/73779535.html,73779535,True,Les missions du poste,Rochelle,17,CDI,28 000 - 32 000 € / an,3 ans,Bac,20 à 25 ans,"Gestionnaire de Paie H/F
Mercato de l'emploi",Mercato de l'emploi,True,,0.0,,0.0,True,s d'activité.,2025-12-17T15:17:12.246413,True,il y a 27 jours,,
Emploi Ressources Humaines,https://www.hellowork.com/fr-fr/emplois/73779528.html,73779528,True,Les missions du poste,Vendôme,41,CDI,40 000 - 48 000 € / an,2 ans,Bac +2,,"Responsable d'Agence H/F
Vitalliance Siège",Vitalliance Siège,True,,0.0,,0.0,True,) et des équipes sur le terrain (auxiliaires de vie).,2025-12-17T15:17:23.288277,True,il y a 2 jours,,
Emploi Ressources Humaines,https://www.hellowork.com/fr-fr/emplois/73779522.html,73779522,True,Les missions du poste,Morlaix,29,CDI,40 000 - 48 000 € / an,2 ans,Bac +2,,"Responsable d'Agence H/F
Vitalliance Siège",Vitalliance Siège,True,,0.0,,0.0,True,) et des équipes sur le terrain (auxiliaires de vie).,2025-12-17T15:17:33.241179,True,il y a 4 jours,,
Emploi Ressources Humaines,https://www.hellowork.com/fr-fr/emplois/73779514.html,73779514,True,Les missions du poste,Montpellier,34,CDI,2 000 - 2 100 € / mois,,Bac +2,,"Assistant d'Agence H/F
Atrium",Atrium,True,,0.0,,0.0,False,,2025-12-17T15:17:44.505961,True,il y a 22 jours,,
Emploi Ressources Humaines,https://www.hellowork.com/fr-fr/emplois/73779468.html,73779468,True,Les missions du poste,Villeurbanne,69,CDI,45 000 - 50 000 € / an,,Bac +3,,"Responsable Paie H/F
Kim Executive",Kim Executive,True,,0.0,,0.0,True,,2025-12-17T15:17:55.342595,True,il y a 6 jours,,
Emploi Ressources Humaines,https://www.hellowork.com/fr-fr/emplois/73779438.html,73779438,True,Les missions du poste,Thumesnil,59,CDI,30 100 - 52 500 € / an,5 ans,Bac +5,,"Responsable Compétences et Formation H/F
Cabinet de recrutement de travailleurs handicapés",Cabinet de recrutement de travailleurs handicapés,True,,0.0,,0.0,False,"s d'activité tels que la banque et l'assurance, les nouvelles technologies, les télécommunications,",2025-12-17T15:18:07.371264,True,,,
Emploi Ressources Humaines,https://www.hellowork.com/fr-fr/emplois/73779413.html,73779413,True,Les missions du poste,Cognac,16,CDI,40 000 - 48 000 € / an,2 ans,Bac +2,,"Responsable d'Agence H/F
Vitalliance Siège",Vitalliance Siège,True,,0.0,,0.0,True,) et des équipes sur le terrain (auxiliaires de vie).,2025-12-17T15:18:18.274291,True,il y a 21 jours,,
Emploi Ressources Humaines,https://www.hellowork.com/fr-fr/emplois/73779376.html,73779376,True,Les missions du poste,Marmande,47,CDI,40 000 - 48 000 € / an,2 ans,Bac +2,,"Responsable d'Agence H/F
Vitalliance Siège",Vitalliance Siège,True,,0.0,,0.0,True,) et des équipes sur le terrain (auxiliaires de vie).,2025-12-17T15:18:29.254788,True,il y a 2 jours,,
Emploi Ressources Humaines,https://www.hellowork.com/fr-fr/emplois/73779360.html,73779360,True,Les missions du poste,Sens,89,CDI,40 000 - 48 000 € / an,2 ans,Bac +2,,"Responsable d'Agence H/F
Vitalliance Siège",Vitalliance Siège,True,,0.0,,0.0,True,) et des équipes sur le terrain (auxiliaires de vie).,2025-12-17T15:18:40.670800,True,il y a 7 jours,,
Emploi Ressources Humaines,https://www.hellowork.com/fr-fr/emplois/73779019.html,73779019,True,Les missions du poste,Lille,59,CDI,22 000 - 25 000 € / an,7 ans,Bac +2,1 à 7 ans,"Chargé de Recrutement H/F
Groupe Interaction",Groupe Interaction,True,,0.0,,0.0,True,,2025-12-17T15:18:52.046081,True,il y a 23 jours,,
Emploi Ressources Humaines,https://www.hellowork.com/fr-fr/emplois/73778980.html,73778980,True,Les missions du poste,Thierry,02,CDI,1 800 - 2 500 € / mois,6 mois,Bac +3,1 à 7 ans,"Chargée de Recrutement et Relation Clients H/F
Morgan Services",Morgan Services,True,,0.0,,0.0,False,s d'activités et à différents niveaux de qualifications.,2025-12-17T15:19:03.549825,True,il y a 4 jours,,
Emploi Ressources Humaines,https://www.hellowork.com/fr-fr/emplois/73778943.html,73778943,True,Les missions du poste,Nantes,44,CDI,30 000 - 40 000 € / an,1 mois,Bac +2,1 à 7 ans,"Gestionnaire Temps et Activités H/F
Partnaire",Partnaire,True,,0.0,,0.0,True,d'activité et votre expérience.,2025-12-17T15:19:13.926775,True,il y a 26 jours,,
Emploi Ressources Humaines,https://www.hellowork.com/fr-fr/emplois/73778708.html,73778708,True,Les missions du poste,Priest,69,CDI,22 000 - 25 000 € / an,1 an,Bac +3,1 an,"Chargé de Recrutement H/F
Partnaire",Partnaire,True,,0.0,,0.0,True,"d'activité et votre niveau de qualification. Avec notre réseau de plus de 190 agences, contactez VOT",2025-12-17T15:19:24.772286,True,il y a 23 jours,,
Emploi Ressources Humaines,https://www.hellowork.com/fr-fr/emplois/73778640.html,73778640,True,Détail du poste,Saintes,17,CDI,,5 ans,Bac +3,5 ans,"Responsable en Recrutement Indépendant H/F
Mistertemp'",Mistertemp',True,,0.0,,0.0,False,"s d'intervention : IT, Tertiaire, Ingénierie, médical, logistique, BTP (et selon vos expertises)",2025-12-17T15:19:51.176611,True,,,
Emploi Ressources Humaines,https://www.hellowork.com/fr-fr/emplois/73778628.html,73778628,True,Détail du poste,Agen,47,Temps plein,,3 ans,Bac +3,,"Responsable en Recrutement Indépendant H/F
Mistertemp'",Mistertemp',True,,0.0,,0.0,False,"s que vous maîtrisez, et sur les zones géographiques de votre choix.",2025-12-17T15:20:02.460410,True,,,
Emploi Ressources Humaines,https://www.hellowork.com/fr-fr/emplois/73778626.html,73778626,True,Détail du poste,Tarbes,65,CDI,,,Bac +3,,"Responsable en Recrutement Indépendant H/F
Mistertemp'",Mistertemp',True,,0.0,,0.0,False,"s d'intervention : IT, Tertiaire, Ingénierie, Médical, Logistique, BTP, Industrie (et selon vos expe",2025-12-17T15:20:13.266356,True,,,
Emploi Ressources Humaines,https://www.hellowork.com/fr-fr/emplois/73778622.html,73778622,True,Détail du poste,Millau,12,CDI,,,Bac +3,,"Responsable en Recrutement Indépendant H/F
Mistertemp'",Mistertemp',True,,0.0,,0.0,False,"s, vos zones...",2025-12-17T15:20:23.221591,True,,,
Emploi Ressources Humaines,https://www.hellowork.com/fr-fr/emplois/73778600.html,73778600,True,Détail du poste,Buc,78,CDI,55 000 - 60 000 € / an,10 ans,Bac +5,5 à 10 ans,"Responsable Ressources Humaines H/F
Talents Executive",Talents Executive,True,,0.0,,0.0,True,,2025-12-17T15:20:33.229931,True,il y a 28 jours,,
Emploi Ressources Humaines,https://www.hellowork.com/fr-fr/emplois/73777798.html,73777798,True,Détail du poste,Grenoble,38,CDI,30 000 - 35 000 € / an,3 ans,Bac +3,3 ans,"Commercial en Recrutement H/F
Aquila RH",Aquila RH,True,,0.0,,0.0,False,s industrie ou BTP serait un plus apprécié,2025-12-17T15:20:43.941207,True,,,
Emploi Ressources Humaines,https://www.hellowork.com/fr-fr/emplois/73777696.html,73777696,True,Détail du poste,Nancy,54,CDI,28 200 - 40 000 € / an,3 ans,Bac +3,,"Consultant en Recrutement H/F
Lynx RH",Lynx RH,True,,0.0,,0.0,True,,2025-12-17T15:20:54.741195,True,il y a 19 jours,,
Emploi Ressources Humaines,https://www.hellowork.com/fr-fr/emplois/73777633.html,73777633,True,Détail du poste,Ostrevent,59,CDI,21 622 - 24 300 € / an,1 an,Bac +2,,"Assistant d'Agence H/F
Aquila RH",Aquila RH,True,,0.0,,0.0,True,"d'activités, vous accueillera afin de vous proposer de nouveaux challenges.",2025-12-17T15:21:04.230889,True,il y a 14 jours,,
Emploi Ressources Humaines,https://www.hellowork.com/fr-fr/emplois/73777126.html,73777126,True,Les missions du poste,Bruges,33,CDI,40 000 - 50 000 € / an,7 ans,Bac +5,1 à 7 ans,"Gestionnaire de Paie Expérimenté H/F
Adsearch",Adsearch,True,,0.0,,0.0,True,,2025-12-17T15:21:15.830492,True,il y a 26 jours,,
Emploi Ressources Humaines,https://www.hellowork.com/fr-fr/emplois/73777122.html,73777122,True,Les missions du poste,Belfort,90,CDI,33 000 - 40 000 € / an,7 ans,Bac +2,4 ans,"Gestionnaire de Paie H/F
Adsearch",Adsearch,True,,0.0,,0.0,True,,2025-12-17T15:21:26.716372,True,il y a 21 jours,,
Emploi Ressources Humaines,https://www.hellowork.com/fr-fr/emplois/73777086.html,73777086,True,Les missions du poste,Haillan,33,CDI,33 000 - 40 000 € / an,7 ans,Bac +2,1 à 7 ans,"Gestionnaire de Paie H/F
Adsearch",Adsearch,True,,0.0,,0.0,True,,2025-12-17T15:21:36.606546,True,il y a 26 jours,,
Emploi Ressources Humaines,https://www.hellowork.com/fr-fr/emplois/73777078.html,73777078,True,Les missions du poste,Troyes,10,CDI,27 000 - 33 000 € / an,7 ans,Bac +2,1 à 7 ans,"Gestionnaire de Paie - Troyes H/F
Adsearch",Adsearch,True,,0.0,,0.0,True,,2025-12-17T15:21:48.287206,True,il y a 13 jours,,
Emploi Ressources Humaines,https://www.hellowork.com/fr-fr/emplois/73777070.html,73777070,True,Les missions du poste,Gradignan,33,CDI,33 000 - 40 000 € / an,7 ans,Bac +3,1 à 7 ans,"Gestionnaire de Paie H/F
Adsearch",Adsearch,True,,0.0,,0.0,True,"s CHR, BTP, SYNTEC, ainsi que TPE/PME variées.",2025-12-17T15:22:00.908296,True,il y a 26 jours,,
Emploi Ressources Humaines,https://www.hellowork.com/fr-fr/emplois/73777064.html,73777064,True,Les missions du poste,Velay,43,CDI,30 000 - 50 000 € / an,7 ans,Bac +2,3 ans,"Gestionnaire de Paie H/F
Adsearch",Adsearch,True,,0.0,,0.0,False,,2025-12-17T15:22:12.400728,True,il y a 4 jours,,
Emploi Ressources Humaines,https://www.hellowork.com/fr-fr/emplois/73777031.html,73777031,True,Les missions du poste,Villeurbanne,69,CDI,33 000 - 40 000 € / an,7 ans,Bac +3,1 à 7 ans,"Gestionnaire de Paie H/F
Adsearch",Adsearch,True,,0.0,,0.0,True,s variés (environ 350 à 400 bulletins de paie).,2025-12-17T15:22:23.536976,True,il y a 25 jours,,
Emploi Ressources Humaines,https://www.hellowork.com/fr-fr/emplois/73777012.html,73777012,True,Les missions du poste,Seine,10,CDI,33 000 - 40 000 € / an,2 mois,Bac +3,1 à 7 ans,"Gestionnaire Paie et ADP H/F
Adsearch",Adsearch,True,,0.0,,0.0,True,,2025-12-17T15:22:34.583666,True,il y a 13 jours,,
Emploi Ressources Humaines,https://www.hellowork.com/fr-fr/emplois/73776989.html,73776989,True,Les missions du poste,Angoulême,16,CDI,33 000 - 40 000 € / an,7 ans,Bac +2,2 ans,"Gestionnaire de Paie H/F
Adsearch",Adsearch,True,,0.0,,0.0,True,,2025-12-17T15:22:44.865688,True,il y a 9 jours,,
Emploi Ressources Humaines,https://www.hellowork.com/fr-fr/emplois/73776868.html,73776868,True,Détail du poste,Toulouse,31,CDI,22 500 - 28 800 € / an,5 ans,Bac +3,,"Chargé de Recrutement H/F
Equans France",Equans France,True,,0.0,,0.0,True,Energie • Environnement,2025-12-17T15:23:26.989951,True,il y a 27 jours,,
Emploi Ressources Humaines,https://www.hellowork.com/fr-fr/emplois/71655511.html,71655511,True,Les missions du poste,Privas,07,Freelance,1 802 - 3 000 € / mois,2 ans,Bac +2,,"Consultant en Recrutement H/F
Ruby Solutions",Ruby Solutions,True,,0.0,,0.0,True,", il est possible de construire un projet entrepreneurial flexible, adapté à son parcours et à ses a",2025-12-17T15:23:38.911495,True,il y a 19 jours,,
Emploi Ressources Humaines,https://www.hellowork.com/fr-fr/emplois/71655194.html,71655194,True,Les missions du poste,Marsan,40,Indépendant,1 802 - 3 000 € / mois,2 ans,Bac +2,,"Consultant en Recrutement H/F
Ruby Solutions",Ruby Solutions,True,,0.0,,0.0,True,", il est possible de construire un projet entrepreneurial flexible, adapté à son parcours et à ses a",2025-12-17T15:23:48.785598,True,,,
Emploi Ressources Humaines,https://www.hellowork.com/fr-fr/emplois/71640000.html,71640000,True,Les missions du poste,Fallavier,38,CDI,22 750 - 27 600 € / an,7 ans,Bac +2,1 à 7 ans,"Assistant RH H/F
EpiSaveurs - Groupe Pomona",EpiSaveurs - Groupe Pomona,True,,0.0,,0.0,True,,2025-12-17T15:24:16.232841,True,il y a 23 jours,,
Emploi Ressources Humaines,https://www.hellowork.com/fr-fr/emplois/71654707.html,71654707,True,Les missions du poste,Guéret,23,Indépendant,1 802 - 3 000 € / mois,2 ans,Bac +2,,"Consultant en Recrutement H/F
Ruby Solutions",Ruby Solutions,True,,0.0,,0.0,True,,2025-12-17T15:24:25.967011,True,,,
Emploi Ressources Humaines,https://www.hellowork.com/fr-fr/emplois/71654539.html,71654539,True,Les missions du poste,Chaumont,61,Indépendant,1 802 - 3 000 € / mois,2 ans,Bac +2,,"Consultant en Recrutement H/F
Ruby Solutions",Ruby Solutions,True,,0.0,,0.0,True,,2025-12-17T15:24:36.257577,True,,,
Emploi Ressources Humaines,https://www.hellowork.com/fr-fr/emplois/71654507.html,71654507,True,Les missions du poste,Chambéry,73,Intérim,1 802 - 3 000 € / mois,2 ans,Bac +2,,"Consultant en Recrutement H/F
Ruby Solutions",Ruby Solutions,True,,0.0,,0.0,True,,2025-12-17T15:24:46.126147,True,il y a 7 jours,,
Emploi Ressources Humaines,https://www.hellowork.com/fr-fr/emplois/71654690.html,71654690,True,Les missions du poste,Foix,09,Indépendant,1 802 - 3 000 € / mois,2 ans,Bac +2,,"Consultant en Recrutement H/F
Ruby Solutions",Ruby Solutions,True,,0.0,,0.0,True,,2025-12-17T15:24:54.723191,True,,,
Emploi Ressources Humaines,https://www.hellowork.com/fr-fr/emplois/71654775.html,71654775,True,Les missions du poste,Mans,72,Freelance,1 802 - 3 000 € / mois,2 ans,Bac +2,,"Consultant en Recrutement H/F
Ruby Solutions",Ruby Solutions,True,,0.0,,0.0,True,,2025-12-17T15:25:03.929880,True,il y a 19 jours,,
Emploi Ressources Humaines,https://www.hellowork.com/fr-fr/emplois/71632430.html,71632430,True,Les missions du poste,Narbonne,11,CDI,80 000 - 100 000 € / an,1 an,Bac +2,,"Devenez Responsable d'Agence en Intégrant un Réseau Dynamique H/F
Mikit",Mikit,True,,0.0,,0.0,False,,2025-12-17T15:25:12.740572,True,il y a 11 jours,,
Emploi Ressources Humaines,https://www.hellowork.com/fr-fr/emplois/71632615.html,71632615,True,Les missions du poste,Bresse,01,CDI,80 000 - 100 000 € / an,1 an,Bac +2,,"Devenez Responsable d'Agence en Intégrant un Réseau Dynamique H/F
Mikit",Mikit,True,,0.0,,0.0,True,,2025-12-17T15:25:22.447026,True,il y a 25 jours,,
Emploi Ressources Humaines,https://www.hellowork.com/fr-fr/emplois/71655594.html,71655594,True,Les missions du poste,Troyes,10,Intérim,1 802 - 3 000 € / mois,2 ans,Bac +2,,"Consultant en Recrutement H/F
Ruby Solutions",Ruby Solutions,True,,0.0,,0.0,True,,2025-12-17T15:25:31.940217,True,il y a 26 jours,,
Emploi Ressources Humaines,https://www.hellowork.com/fr-fr/emplois/71654676.html,71654676,True,Les missions du poste,Créteil,94,Intérim,1 802 - 3 000 € / mois,2 ans,Bac +2,,"Consultant en Recrutement H/F
Ruby Solutions",Ruby Solutions,True,,0.0,,0.0,True,,2025-12-17T15:25:41.730734,True,il y a 19 jours,,
Emploi Ressources Humaines,https://www.hellowork.com/fr-fr/emplois/71648790.html,71648790,True,Les missions du poste,Nantes,44,Intérim,22 000 - 100 000 € / an,,Bac +3,,"Recruteur Indépendant H/F
Mercato de l'emploi",Mercato de l'emploi,True,,0.0,,0.0,True,,2025-12-17T15:25:51.424934,True,il y a 12 jours,,
Emploi Ressources Humaines,https://www.hellowork.com/fr-fr/emplois/71654542.html,71654542,True,Les missions du poste,Chartres,28,Intérim,1 802 - 3 000 € / mois,2 ans,Bac +2,,"Consultant en Recrutement H/F
Ruby Solutions",Ruby Solutions,True,,0.0,,0.0,True,", il est possible de construire un projet entrepreneurial flexible, adapté à son parcours et à ses a",2025-12-17T15:26:01.405162,True,il y a 19 jours,,
Emploi Ressources Humaines,https://www.hellowork.com/fr-fr/emplois/71632398.html,71632398,True,Les missions du poste,Périgueux,24,CDI,80 000 - 100 000 € / an,1 an,Bac +2,,"Devenez Responsable d'Agence en Intégrant un Réseau Dynamique H/F
Mikit",Mikit,True,,0.0,,0.0,False,,2025-12-17T15:26:12.074987,True,il y a 2 jours,,
Emploi Ressources Humaines,https://www.hellowork.com/fr-fr/emplois/71655528.html,71655528,True,Les missions du poste,Étienne,42,Intérim,1 802 - 3 000 € / mois,2 ans,Bac +2,,"Consultant en Recrutement H/F
Ruby Solutions",Ruby Solutions,True,,0.0,,0.0,True,", il est possible de construire un projet entrepreneurial flexible, adapté à son parcours et à ses a",2025-12-17T15:26:21.163318,True,il y a 8 jours,,
Emploi Ressources Humaines,https://www.hellowork.com/fr-fr/emplois/71655509.html,71655509,True,Les missions du poste,Brieuc,22,Freelance,1 802 - 3 000 € / mois,2 ans,Bac +2,,"Consultant en Recrutement H/F
Ruby Solutions",Ruby Solutions,True,,0.0,,0.0,True,", il est possible de construire un projet entrepreneurial flexible, adapté à son parcours et à ses a",2025-12-17T15:26:31.621158,True,il y a 20 jours,,
Emploi Ressources Humaines,https://www.hellowork.com/fr-fr/emplois/71654363.html,71654363,True,Les missions du poste,Carcassonne,11,Indépendant,1 802 - 3 000 € / mois,2 ans,Bac +2,,"Consultant en Recrutement H/F
Ruby Solutions",Ruby Solutions,True,,0.0,,0.0,True,", il est possible de construire un projet entrepreneurial flexible, adapté à son parcours et à ses a",2025-12-17T15:26:43.246650,True,il y a 20 jours,,
Emploi Ressources Humaines,https://www.hellowork.com/fr-fr/emplois/71654313.html,71654313,True,Les missions du poste,Beauvais,60,Intérim,1 802 - 3 000 € / mois,2 ans,Bac +2,,"Consultant en Recrutement H/F
Ruby Solutions",Ruby Solutions,True,,0.0,,0.0,True,", il est possible de construire un projet entrepreneurial flexible, adapté à son parcours et à ses a",2025-12-17T15:26:54.341720,True,il y a 19 jours,,
Emploi Ressources Humaines,https://www.hellowork.com/fr-fr/emplois/71656024.html,71656024,True,Les missions du poste,,,Indépendant,1 802 - 3 000 € / mois,2 ans,Bac +2,,"Consultant en Recrutement H/F
Ruby Solutions",Ruby Solutions,True,,0.0,,0.0,True,", il est possible de construire un projet entrepreneurial flexible, adapté à son parcours et à ses a",2025-12-17T15:27:04.336132,True,il y a 20 jours,,
Emploi Ressources Humaines,https://www.hellowork.com/fr-fr/emplois/71654688.html,71654688,True,Les missions du poste,Évreux,27,Intérim,1 802 - 3 000 € / mois,2 ans,Bac +2,,"Consultant en Recrutement H/F
Ruby Solutions",Ruby Solutions,True,,0.0,,0.0,True,", il est possible de construire un projet entrepreneurial flexible, adapté à son parcours et à ses a",2025-12-17T15:27:16.010875,True,il y a 20 jours,,
Emploi Ressources Humaines,https://www.hellowork.com/fr-fr/emplois/71655499.html,71655499,True,Les missions du poste,Nevers,58,Indépendant,1 802 - 3 000 € / mois,2 ans,Bac +2,,"Consultant en Recrutement H/F
Ruby Solutions",Ruby Solutions,True,,0.0,,0.0,True,", il est possible de construire un projet entrepreneurial flexible, adapté à son parcours et à ses a",2025-12-17T15:27:26.864099,True,,,
Emploi Ressources Humaines,https://www.hellowork.com/fr-fr/emplois/71664591.html,71664591,True,Détail du poste,Vertou,44,Stage,800 - 1 200 € / mois,,Bac +2,,"Assistant RH Stage H/F
Maisons du Monde",Maisons du Monde,True,,0.0,,0.0,True,,2025-12-17T15:28:02.508438,True,il y a 18 jours,,
Emploi Ressources Humaines,https://www.hellowork.com/fr-fr/emplois/71653234.html,71653234,True,Détail du poste,Concarneau,29,CDI,30 000 - 40 000 € / an,3 ans,Bac,,"Gestionnaire Paie H/F
Pay Job",Pay Job,True,,0.0,,0.0,True,de la paie et de ses spécificités métiers nous permet d'accompagner nos talents à chaque étape du re,2025-12-17T15:28:15.790089,True,il y a 26 jours,,
Emploi Ressources Humaines,https://www.hellowork.com/fr-fr/emplois/71655206.html,71655206,True,Les missions du poste,Moulins,02,Freelance,1 802 - 3 000 € / mois,2 ans,Bac +2,,"Consultant en Recrutement H/F
Ruby Solutions",Ruby Solutions,True,,0.0,,0.0,True,", il est possible de construire un projet entrepreneurial flexible, adapté à son parcours et à ses a",2025-12-17T15:28:27.460092,True,il y a 20 jours,,
Emploi Ressources Humaines,https://www.hellowork.com/fr-fr/emplois/71656042.html,71656042,True,Les missions du poste,Montauban,82,Intérim,1 802 - 3 000 € / mois,2 ans,Bac +2,,"Consultant en Recrutement H/F
Ruby Solutions",Ruby Solutions,True,,0.0,,0.0,True,", il est possible de construire un projet entrepreneurial flexible, adapté à son parcours et à ses a",2025-12-17T15:28:39.522071,True,il y a 20 jours,,
Emploi Ressources Humaines,https://www.hellowork.com/fr-fr/emplois/71650795.html,71650795,True,Détail du poste,Confirmé,35,CDI,34 000 - 36 000 € / an,3 ans,Bac +2,3 ans,"Gestionnaire de Paie Confirmé - 35H - Semaine - Silae H/F
RaiseHup",RaiseHup,True,,0.0,,0.0,True,,2025-12-17T15:28:49.822518,True,il y a 25 jours,,
Emploi Ressources Humaines,https://www.hellowork.com/fr-fr/emplois/71655850.html,71655850,True,Les missions du poste,Versailles,78,Intérim,1 802 - 3 000 € / mois,2 ans,Bac +2,,"Consultant en Recrutement H/F
Ruby Solutions",Ruby Solutions,True,,0.0,,0.0,True,", il est possible de construire un projet entrepreneurial flexible, adapté à son parcours et à ses a",2025-12-17T15:28:59.976696,True,il y a 19 jours,,
Emploi Ressources Humaines,https://www.hellowork.com/fr-fr/emplois/71655575.html,71655575,True,Les missions du poste,Tulle,19,Freelance,1 802 - 3 000 € / mois,2 ans,Bac +2,,"Consultant en Recrutement H/F
Ruby Solutions",Ruby Solutions,True,,0.0,,0.0,True,", il est possible de construire un projet entrepreneurial flexible, adapté à son parcours et à ses a",2025-12-17T15:29:11.024827,True,il y a 20 jours,,
Emploi Ressources Humaines,https://www.hellowork.com/fr-fr/emplois/71655516.html,71655516,True,Les missions du poste,Lô,50,Indépendant,1 802 - 3 000 € / mois,2 ans,Bac +2,,"Consultant en Recrutement H/F
Ruby Solutions",Ruby Solutions,True,,0.0,,0.0,True,", il est possible de construire un projet entrepreneurial flexible, adapté à son parcours et à ses a",2025-12-17T15:29:21.774922,True,,,
Emploi Ressources Humaines,https://www.hellowork.com/fr-fr/emplois/71655848.html,71655848,True,Les missions du poste,Vannes,56,Indépendant,1 802 - 3 000 € / mois,2 ans,Bac +2,,"Consultant en Recrutement H/F
Ruby Solutions",Ruby Solutions,True,,0.0,,0.0,True,", il est possible de construire un projet entrepreneurial flexible, adapté à son parcours et à ses a",2025-12-17T15:29:33.255873,True,,,
Emploi Ressources Humaines,https://www.hellowork.com/fr-fr/emplois/71654346.html,71654346,True,Les missions du poste,Cahors,46,Indépendant,1 802 - 3 000 € / mois,2 ans,Bac +2,,"Consultant en Recrutement H/F
Ruby Solutions",Ruby Solutions,True,,0.0,,0.0,True,", il est possible de construire un projet entrepreneurial flexible, adapté à son parcours et à ses a",2025-12-17T15:29:45.645956,True,,,
Emploi Ressources Humaines,https://www.hellowork.com/fr-fr/emplois/71654512.html,71654512,True,Les missions du poste,Châteauroux,36,Indépendant,1 802 - 3 000 € / mois,2 ans,Bac +2,,"Consultant en Recrutement H/F
Ruby Solutions",Ruby Solutions,True,,0.0,,0.0,True,", il est possible de construire un projet entrepreneurial flexible, adapté à son parcours et à ses a",2025-12-17T15:29:55.696131,True,,,
Emploi Ressources Humaines,https://www.hellowork.com/fr-fr/emplois/71655507.html,71655507,True,Les missions du poste,Quimper,29,Freelance,1 802 - 3 000 € / mois,2 ans,Bac +2,,"Consultant en Recrutement H/F
Ruby Solutions",Ruby Solutions,True,,0.0,,0.0,True,", il est possible de construire un projet entrepreneurial flexible, adapté à son parcours et à ses a",2025-12-17T15:30:05.938813,True,il y a 20 jours,,
Emploi Ressources Humaines,https://www.hellowork.com/fr-fr/emplois/71654278.html,71654278,True,Les missions du poste,Auch,32,Indépendant,1 802 - 3 000 € / mois,2 ans,Bac +2,,"Consultant en Recrutement H/F
Ruby Solutions",Ruby Solutions,True,,0.0,,0.0,True,", il est possible de construire un projet entrepreneurial flexible, adapté à son parcours et à ses a",2025-12-17T15:30:16.328099,True,,,
Emploi Ressources Humaines,https://www.hellowork.com/fr-fr/emplois/71654771.html,71654771,True,Les missions du poste,Bandol,83,Intérim,1 802 - 3 000 € / mois,2 ans,Bac +2,,"Consultant en Recrutement H/F
Ruby Solutions",Ruby Solutions,True,,0.0,,0.0,True,", il est possible de construire un projet entrepreneurial flexible, adapté à son parcours et à ses a",2025-12-17T15:30:27.323623,True,il y a 8 jours,,
Emploi Ressources Humaines,https://www.hellowork.com/fr-fr/emplois/71618773.html,71618773,True,Détail du poste,Rennes,35,CDI,40 000 - 75 000 € / an,1 mois,Bac +2,,"Responsable d'Agence en Gestion de Patrimoine - Rennes H/F
Talents Banque & Assurance",Talents Banque & Assurance,True,,0.0,,0.0,False,,2025-12-17T15:30:37.199572,True,il y a 12 jours,,
Emploi Ressources Humaines,https://www.hellowork.com/fr-fr/emplois/72672300.html,72672300,True,Les missions du poste,Lille,59,Alternance,"801,80 € / mois",12 mois,Bac +2,,"Gestionnaire de Paie en Alternance H/F
FITECO",FITECO,True,,0.0,,0.0,False,informatique • ESN,2025-12-17T15:30:46.989196,True,,,
Emploi Ressources Humaines,https://www.hellowork.com/fr-fr/emplois/70451950.html,70451950,True,Les missions du poste,Angers,49,Alternance,"801,80 € / mois",12 mois,Bac +2,1 an,"4006 - Chargé des Ressources Humaines et Relations Sociales en Alternance - Bachelor 3 Ressources Humaines -Ipac Bachelor Factory H/F
Ipac Bachelor Factory Angers",Ipac Bachelor Factory Angers,True,,0.0,,0.0,False,de la santé vous propose de la rejoindre en alternance ! C'est l'opportunité idéale d'acquérir une e,2025-12-17T15:30:56.633511,True,,,
Emploi Ressources Humaines,https://www.hellowork.com/fr-fr/emplois/72672266.html,72672266,True,Les missions du poste,Rotrou,28,Alternance,"801,80 € / mois",12 mois,Bac +2,,"Gestionnaire de Paie en Alternance H/F
FITECO",FITECO,True,,0.0,,0.0,True,informatique • ESN,2025-12-17T15:31:06.638847,True,,,
Emploi Ressources Humaines,https://www.hellowork.com/fr-fr/emplois/71656491.html,71656491,True,Détail du poste,Nantes,44,CDI,32 000 - 55 000 € / an,7 ans,Bac +3,1 à 7 ans,"Manager de Proximité H/F
Catalys Conseil",Catalys Conseil,True,,0.0,,0.0,True,,2025-12-17T15:31:16.567768,True,il y a 6 jours,,
Emploi Ressources Humaines,https://www.hellowork.com/fr-fr/emplois/34946776.html,34946776,True,Les missions du poste,,,Alternance,1 200 - 1 710 € / mois,24 mois,Bac +2,1 an,"Assistante Ressources Humaines en Alternance H/F
Institut F2I",Institut F2I,True,,0.0,,0.0,False,informatique • ESN,2025-12-17T15:31:45.294851,True,,,
Emploi Ressources Humaines,https://www.hellowork.com/fr-fr/emplois/71656232.html,71656232,True,Les missions du poste,Montreuil,93,Alternance,"801,80 € / mois",24 mois,Bac +2,,"Chargé des Ressources Humaines - Alternance H/F
IEF2I Education",IEF2I Education,True,,0.0,,0.0,True,,2025-12-17T15:31:57.496358,True,il y a 15 jours,,
Emploi Ressources Humaines,https://www.hellowork.com/fr-fr/emplois/61736763.html,61736763,True,Les missions du poste,Montpellier,34,Alternance,650 - 1 801 € / mois,12 mois,Bac +2,1 an,"Alternance Assistant Ressources Humaines & Gestion Administrative H/F
SupExup",SupExup,True,,0.0,,0.0,False,,2025-12-17T15:32:10.436935,True,il y a 2 jours,,
Emploi Ressources Humaines,https://www.hellowork.com/fr-fr/emplois/71654353.html,71654353,True,Les missions du poste,Champagne,51,Intérim,1 802 - 3 000 € / mois,2 ans,Bac +2,,"Consultant en Recrutement H/F
Ruby Solutions",Ruby Solutions,True,,0.0,,0.0,True,", il est possible de construire un projet entrepreneurial flexible, adapté à son parcours et à ses a",2025-12-17T15:32:22.232408,True,il y a 26 jours,,
Emploi Ressources Humaines,https://www.hellowork.com/fr-fr/emplois/71654853.html,71654853,True,Les missions du poste,Mâcon,71,Freelance,1 802 - 3 000 € / mois,2 ans,Bac +2,,"Consultant en Recrutement H/F
Ruby Solutions",Ruby Solutions,True,,0.0,,0.0,True,", il est possible de construire un projet entrepreneurial flexible, adapté à son parcours et à ses a",2025-12-17T15:32:33.490284,True,il y a 19 jours,,
Emploi Ressources Humaines,https://www.hellowork.com/fr-fr/emplois/71654326.html,71654326,True,Les missions du poste,Duc,55,Intérim,1 802 - 3 000 € / mois,2 ans,Bac +2,,"Consultant en Recrutement H/F
Ruby Solutions",Ruby Solutions,True,,0.0,,0.0,True,", il est possible de construire un projet entrepreneurial flexible, adapté à son parcours et à ses a",2025-12-17T15:32:45.927027,True,il y a 26 jours,,
Emploi Ressources Humaines,https://www.hellowork.com/fr-fr/emplois/71655623.html,71655623,True,Les missions du poste,Valence,82,Intérim,1 802 - 3 000 € / mois,2 ans,Bac +2,,"Consultant en Recrutement H/F
Ruby Solutions",Ruby Solutions,True,,0.0,,0.0,True,", il est possible de construire un projet entrepreneurial flexible, adapté à son parcours et à ses a",2025-12-17T15:32:56.289291,True,il y a 19 jours,,
Emploi Ressources Humaines,https://www.hellowork.com/fr-fr/emplois/71654787.html,71654787,True,Les missions du poste,Saunier,39,Indépendant,1 802 - 3 000 € / mois,2 ans,Bac +2,,"Consultant en Recrutement H/F
Ruby Solutions",Ruby Solutions,True,,0.0,,0.0,True,", il est possible de construire un projet entrepreneurial flexible, adapté à son parcours et à ses a",2025-12-17T15:33:07.430976,True,,,
Emploi Ressources Humaines,https://www.hellowork.com/fr-fr/emplois/68100249.html,68100249,True,Les missions du poste,Montpellier,34,CDI,40 000 - 50 000 € / an,,Bac +5,,"Responsable Pôle Social Silae H/F
LEA",LEA,True,,0.0,,0.0,True,,2025-12-17T15:33:24.770195,True,il y a 9 jours,,
Emploi Ressources Humaines,https://www.hellowork.com/fr-fr/emplois/71654262.html,71654262,True,Les missions du poste,Auxerre,89,Indépendant,1 802 - 3 000 € / mois,2 ans,Bac +2,,"Consultant en Recrutement H/F
Ruby Solutions",Ruby Solutions,True,,0.0,,0.0,True,", il est possible de construire un projet entrepreneurial flexible, adapté à son parcours et à ses a",2025-12-17T15:33:37.793712,True,il y a 20 jours,,
Emploi Ressources Humaines,https://www.hellowork.com/fr-fr/emplois/71654253.html,71654253,True,Les missions du poste,,,Indépendant,1 802 - 3 000 € / mois,2 ans,Bac +2,,"Consultant en Recrutement H/F
Ruby Solutions",Ruby Solutions,True,,0.0,,0.0,True,", il est possible de construire un projet entrepreneurial flexible, adapté à son parcours et à ses a",2025-12-17T15:33:48.680512,True,,,
Emploi Ressources Humaines,https://www.hellowork.com/fr-fr/emplois/71655491.html,71655491,True,Les missions du poste,Niort,79,Indépendant,1 802 - 3 000 € / mois,2 ans,Bac +2,,"Consultant en Recrutement H/F
Ruby Solutions",Ruby Solutions,True,,0.0,,0.0,True,", il est possible de construire un projet entrepreneurial flexible, adapté à son parcours et à ses a",2025-12-17T15:34:00.493615,True,,,
Emploi Ressources Humaines,https://www.hellowork.com/fr-fr/emplois/71653834.html,71653834,True,Les missions du poste,Albi,81,Indépendant,1 802 - 3 000 € / mois,2 ans,Bac +2,,"Consultant en Recrutement H/F
Ruby Solutions",Ruby Solutions,True,,0.0,,0.0,True,", il est possible de construire un projet entrepreneurial flexible, adapté à son parcours et à ses a",2025-12-17T15:34:13.284581,True,il y a 20 jours,,
Emploi Ressources Humaines,https://www.hellowork.com/fr-fr/emplois/68092311.html,68092311,True,Détail du poste,Pape,69,CDI,33 000 - 40 000 € / an,3 ans,Bac,,"Gestionnaire Paie H/F
Pay Job",Pay Job,True,,0.0,,0.0,True,,2025-12-17T15:34:25.531600,True,il y a 26 jours,,
Emploi Ressources Humaines,https://www.hellowork.com/fr-fr/emplois/71650744.html,71650744,True,Les missions du poste,Nice,06,CDI,40 000 - 42 000 € / an,4 ans,Bac +3,,"Gestionnaire de Paie H/F
ADAE",ADAE,True,,0.0,,0.0,True,"niçois, vous assurez la gestion complète de la paie des 9 entités du Groupe dans un environnement mu",2025-12-17T15:34:36.519387,True,il y a 14 jours,,
Emploi Ressources Humaines,https://www.hellowork.com/fr-fr/emplois/71632374.html,71632374,True,Les missions du poste,Rennes,35,CDI,80 000 - 100 000 € / an,1 an,Bac +2,42 ans,"Responsable d'Agence H/F
Mikit",Mikit,True,,0.0,,0.0,False,,2025-12-17T15:34:47.399056,True,il y a 12 jours,,
Emploi Ressources Humaines,https://www.hellowork.com/fr-fr/emplois/71632199.html,71632199,True,Les missions du poste,Clisson,44,CDI,80 000 - 100 000 € / an,1 an,Bac +2,,"Devenez Responsable d'Agence en Intégrant un Réseau Dynamique H/F
Mikit",Mikit,True,,0.0,,0.0,False,,2025-12-17T15:34:55.670148,True,il y a 14 jours,,
Emploi Ressources Humaines,https://www.hellowork.com/fr-fr/emplois/71632503.html,71632503,True,Les missions du poste,Fécamp,76,CDI,80 000 - 100 000 € / an,1 an,Bac +2,42 ans,"Responsable d'Agence H/F
Mikit",Mikit,True,,0.0,,0.0,False,,2025-12-17T15:35:04.351076,True,il y a 14 jours,,
Emploi Ressources Humaines,https://www.hellowork.com/fr-fr/emplois/71652615.html,71652615,False,,,,,,,,,"Gestionnaire Paie et ADP H/F
Sinclair Ressources",,,,,,,,,,False,,Pas de section détaillée,
Emploi Ressources Humaines,https://www.hellowork.com/fr-fr/emplois/71633442.html,71633442,True,Les missions du poste,Glomel,22,Alternance,"801,80 € / mois",16 mois,Bac +2,,"Conseiller - Conseillère en Insertion Professionnelle 0540568 H/F
AFPA Entreprises",AFPA Entreprises,True,,0.0,,0.0,False,,2025-12-17T15:35:22.219382,True,,,
Emploi Ressources Humaines,https://www.hellowork.com/fr-fr/emplois/71655517.html,71655517,True,Les missions du poste,Tarbes,65,Intérim,1 802 - 3 000 € / mois,2 ans,Bac +2,,"Consultant en Recrutement H/F
Ruby Solutions",Ruby Solutions,True,,0.0,,0.0,True,", il est possible de construire un projet entrepreneurial flexible, adapté à son parcours et à ses a",2025-12-17T15:35:52.398651,True,il y a 4 jours,,
Emploi Ressources Humaines,https://www.hellowork.com/fr-fr/emplois/71654315.html,71654315,True,Les missions du poste,Belfort,90,Indépendant,1 802 - 3 000 € / mois,2 ans,Bac +2,,"Consultant en Recrutement H/F
Ruby Solutions",Ruby Solutions,True,,0.0,,0.0,True,", il est possible de construire un projet entrepreneurial flexible, adapté à son parcours et à ses a",2025-12-17T15:36:04.936059,True,il y a 20 jours,,
Emploi Ressources Humaines,https://www.hellowork.com/fr-fr/emplois/71654766.html,71654766,True,Les missions du poste,Rochelle,17,Intérim,1 802 - 3 000 € / mois,2 ans,Bac +2,,"Consultant en Recrutement H/F
Ruby Solutions",Ruby Solutions,True,,0.0,,0.0,True,", il est possible de construire un projet entrepreneurial flexible, adapté à son parcours et à ses a",2025-12-17T15:36:17.856759,True,il y a 20 jours,,
Emploi Ressources Humaines,https://www.hellowork.com/fr-fr/emplois/71632421.html,71632421,True,Les missions du poste,Nevers,58,CDI,80 000 - 100 000 € / an,1 an,Bac +2,,"Devenez Responsable d'Agence en Intégrant un Réseau Dynamique H/F
Mikit",Mikit,True,,0.0,,0.0,False,,2025-12-17T15:36:29.016579,True,il y a 21 jours,,
Emploi Ressources Humaines,https://www.hellowork.com/fr-fr/emplois/71654685.html,71654685,True,Les missions du poste,Gap,05,Freelance,1 802 - 3 000 € / mois,2 ans,Bac +2,,"Consultant en Recrutement H/F
Ruby Solutions",Ruby Solutions,True,,0.0,,0.0,True,", il est possible de construire un projet entrepreneurial flexible, adapté à son parcours et à ses a",2025-12-17T15:36:39.712945,True,il y a 20 jours,,
Emploi Ressources Humaines,https://www.hellowork.com/fr-fr/emplois/71632655.html,71632655,True,Les missions du poste,Angoulême,16,CDI,80 000 - 100 000 € / an,1 an,Bac +2,,"Devenez Responsable d'Agence en Intégrant un Réseau Dynamique H/F
Mikit",Mikit,True,,0.0,,0.0,False,,2025-12-17T15:36:51.640479,True,il y a 12 jours,,
Emploi Ressources Humaines,https://www.hellowork.com/fr-fr/emplois/71654666.html,71654666,True,Les missions du poste,Bains,04,Freelance,1 802 - 3 000 € / mois,2 ans,Bac +2,,"Consultant en Recrutement H/F
Ruby Solutions",Ruby Solutions,True,,0.0,,0.0,True,", il est possible de construire un projet entrepreneurial flexible, adapté à son parcours et à ses a",2025-12-17T15:37:04.083466,True,il y a 20 jours,,
Emploi Ressources Humaines,https://www.hellowork.com/fr-fr/emplois/71654334.html,71654334,True,Les missions du poste,Bresse,01,Freelance,1 802 - 3 000 € / mois,2 ans,Bac +2,,"Consultant en Recrutement H/F
Ruby Solutions",Ruby Solutions,True,,0.0,,0.0,True,", il est possible de construire un projet entrepreneurial flexible, adapté à son parcours et à ses a",2025-12-17T15:37:15.213893,True,il y a 20 jours,,
Emploi Ressources Humaines,https://www.hellowork.com/fr-fr/emplois/71656053.html,71656053,True,Les missions du poste,Velay,43,Indépendant,1 802 - 3 000 € / mois,2 ans,Bac +2,,"Consultant en Recrutement H/F
Ruby Solutions",Ruby Solutions,True,,0.0,,0.0,True,,2025-12-17T15:37:24.750466,True,,,
Emploi Ressources Humaines,https://www.hellowork.com/fr-fr/emplois/71656005.html,71656005,True,Les missions du poste,Angoulême,16,Freelance,1 802 - 3 000 € / mois,2 ans,Bac +2,,"Consultant en Recrutement H/F
Ruby Solutions",Ruby Solutions,True,,0.0,,0.0,True,,2025-12-17T15:37:34.551888,True,il y a 20 jours,,
Emploi Ressources Humaines,https://www.hellowork.com/fr-fr/emplois/71647013.html,71647013,True,Les missions du poste,Paris,75,Alternance,"801,80 € / mois",24 mois,Bac +3,,"Assistant Ressources Humaines Alternance H/F
Institut Elton Mayo - Ressources humaines",Institut Elton Mayo - Ressources humaines,True,,0.0,,0.0,False,,2025-12-17T15:37:46.727377,True,il y a 2 jours,,
Emploi Ressources Humaines,https://www.hellowork.com/fr-fr/emplois/71655203.html,71655203,True,Les missions du poste,Melun,77,Intérim,1 802 - 3 000 € / mois,2 ans,Bac +2,,"Consultant en Recrutement H/F
Ruby Solutions",Ruby Solutions,True,,0.0,,0.0,True,", il est possible de construire un projet entrepreneurial flexible, adapté à son parcours et à ses a",2025-12-17T15:37:59.286529,True,il y a 20 jours,,
Emploi Ressources Humaines,https://www.hellowork.com/fr-fr/emplois/70462845.html,70462845,True,Les missions du poste,Metz,57,CDI,2 100 - 2 300 € / mois,1 an,Bac +3,3 ans,"Chargé de Recrutement et Développement Commercial - CDD - Metz H/F
MEWO campus des métiers",MEWO campus des métiers,True,,0.0,,0.0,True,,2025-12-17T15:38:10.128138,True,il y a 19 jours,,
Emploi Ressources Humaines,https://www.hellowork.com/fr-fr/emplois/65537584.html,65537584,True,Les missions du poste,Plérin,22,CDI,16 - 18 € / heure,7 ans,Bac +2,,"Gestionnaire de Paie H/F
CERFRANCE Côtes d'Armor",CERFRANCE Côtes d'Armor,True,,0.0,,0.0,True,informatique • ESN,2025-12-17T15:38:23.845285,True,il y a 29 jours,,
Emploi Ressources Humaines,https://www.hellowork.com/fr-fr/emplois/71656022.html,71656022,True,Les missions du poste,Laon,02,Intérim,1 802 - 3 000 € / mois,2 ans,Bac +2,,"Consultant en Recrutement H/F
Ruby Solutions",Ruby Solutions,True,,0.0,,0.0,True,", il est possible de construire un projet entrepreneurial flexible, adapté à son parcours et à ses a",2025-12-17T15:38:35.531644,True,il y a 26 jours,,
Emploi Ressources Humaines,https://www.hellowork.com/fr-fr/emplois/71654679.html,71654679,True,Les missions du poste,Épinal,88,Intérim,1 802 - 3 000 € / mois,2 ans,Bac +2,,"Consultant en Recrutement H/F
Ruby Solutions",Ruby Solutions,True,,0.0,,0.0,True,", il est possible de construire un projet entrepreneurial flexible, adapté à son parcours et à ses a",2025-12-17T15:38:46.458036,True,il y a 26 jours,,
Emploi Ressources Humaines,https://www.hellowork.com/fr-fr/emplois/70459126.html,70459126,True,Les missions du poste,Paris,75,Alternance,"801,80 € / mois",24 mois,Bac +2,,"Assistant Ressources Humaines - Alternance H/F
IEF2I Education",IEF2I Education,True,,0.0,,0.0,False,,2025-12-17T15:38:59.666640,True,il y a 27 jours,,
Emploi Ressources Humaines,https://www.hellowork.com/fr-fr/emplois/71654729.html,71654729,True,Les missions du poste,Yon,85,Indépendant,1 802 - 3 000 € / mois,2 ans,Bac +2,,"Consultant en Recrutement H/F
Ruby Solutions",Ruby Solutions,True,,0.0,,0.0,True,,2025-12-17T15:39:09.014470,True,,,
Emploi Ressources Humaines,https://www.hellowork.com/fr-fr/emplois/71632456.html,71632456,True,Les missions du poste,Melun,77,CDI,80 000 - 100 000 € / an,1 an,Bac +2,42 ans,"Responsable d'Agence H/F
Mikit",Mikit,True,,0.0,,0.0,False,,2025-12-17T15:39:19.397813,True,il y a 18 jours,,
Emploi Ressources Humaines,https://www.hellowork.com/fr-fr/emplois/71632305.html,71632305,True,Les missions du poste,Thionville,57,CDI,80 000 - 100 000 € / an,1 an,Bac +2,,"Devenez Responsable d'Agence en Intégrant un Réseau Dynamique H/F
Mikit",Mikit,True,,0.0,,0.0,False,,2025-12-17T15:39:31.827540,True,il y a 21 jours,,
Emploi Ressources Humaines,https://www.hellowork.com/fr-fr/emplois/71632439.html,71632439,True,Les missions du poste,Nantes,44,CDI,80 000 - 100 000 € / an,1 an,Bac +2,42 ans,"Responsable d'Agence H/F
Mikit",Mikit,True,,0.0,,0.0,False,,2025-12-17T15:40:00.684247,True,il y a 14 jours,,
Emploi Ressources Humaines,https://www.hellowork.com/fr-fr/emplois/70454975.html,70454975,True,Les missions du poste,Montauban,82,CDI,25 000 - 38 000 € / an,1 an,Bac +3,1 an,"Gestionnaire de Paie - Flexibilité Horaire H/F
RHéactive",RHéactive,True,,0.0,,0.0,True,,2025-12-17T15:40:11.529077,True,il y a 18 jours,,
Emploi Ressources Humaines,https://www.hellowork.com/fr-fr/emplois/71632541.html,71632541,True,Les missions du poste,Cotentin,50,CDI,80 000 - 100 000 € / an,1 an,Bac +2,,"Devenez Responsable d'Agence en Intégrant un Réseau Dynamique H/F
Mikit",Mikit,True,,0.0,,0.0,True,,2025-12-17T15:40:21.780000,True,il y a 3 jours,,
Emploi Ressources Humaines,https://www.hellowork.com/fr-fr/emplois/71632303.html,71632303,True,Les missions du poste,Toul,54,CDI,80 000 - 100 000 € / an,1 an,Bac +2,42 ans,"Responsable d'Agence H/F
Mikit",Mikit,True,,0.0,,0.0,True,,2025-12-17T15:40:32.769209,True,il y a 13 jours,,
Emploi Ressources Humaines,https://www.hellowork.com/fr-fr/emplois/71632539.html,71632539,True,Les missions du poste,Cotentin,50,CDI,80 000 - 100 000 € / an,1 an,Bac +2,42 ans,"Responsable d'Agence H/F
Mikit",Mikit,True,,0.0,,0.0,True,,2025-12-17T15:40:42.889210,True,il y a 3 jours,,
Emploi Ressources Humaines,https://www.hellowork.com/fr-fr/emplois/71632505.html,71632505,True,Les missions du poste,Évreux,27,CDI,80 000 - 100 000 € / an,1 an,Bac +2,,"Devenez Responsable d'Agence en Intégrant un Réseau Dynamique H/F
Mikit",Mikit,True,,0.0,,0.0,False,,2025-12-17T15:40:54.265049,True,il y a 15 jours,,
Emploi Ressources Humaines,https://www.hellowork.com/fr-fr/emplois/71626691.html,71626691,True,Les missions du poste,Muret,31,CDI,21 600 - 28 000 € / an,2 ans,Bac +2,1 à 2 ans,"Gestionnaire de Paie H/F
Cabinet LECUSSAN",Cabinet LECUSSAN,True,,0.0,,0.0,True,,2025-12-17T15:41:04.921443,True,il y a 18 jours,,
Emploi Ressources Humaines,https://www.hellowork.com/fr-fr/emplois/68165938.html,68165938,True,Les missions du poste,Toulouse,31,CDI,38 000 - 45 000 € / an,3 ans,Bac +3,,"Responsable de Pôle Social H/F
LEA",LEA,True,,0.0,,0.0,True,,2025-12-17T15:41:16.660016,True,,,
Emploi Ressources Humaines,https://www.hellowork.com/fr-fr/emplois/72672316.html,72672316,True,Les missions du poste,Rochelle,17,CDI,2 300 - 2 500 € / mois,18 ans,Bac +2,,"Responsable d'Agence H/F
RAS Intérim",RAS Intérim,True,,0.0,,0.0,False,,2025-12-17T15:41:28.235263,True,il y a 1 jour,,
Emploi Ressources Humaines,https://www.hellowork.com/fr-fr/emplois/72672311.html,72672311,True,Les missions du poste,Valenciennes,59,Alternance,"801,80 € / mois",12 mois,Bac +2,,"Gestionnaire de Paie en Alternance H/F
FITECO",FITECO,True,,0.0,,0.0,True,informatique • ESN,2025-12-17T15:41:40.010466,True,,,
Emploi Ressources Humaines,https://www.hellowork.com/fr-fr/emplois/68102378.html,68102378,True,Les missions du poste,Lyon,69,CDI,40 000 - 45 000 € / an,7 ans,Master,1 à 7 ans,"Commercial Terrain Conseiller en Formation H/F
Institut des Métiers Network - Lattes",Institut des Métiers Network - Lattes,True,,0.0,,0.0,True,"de la formation, de l'alternance ou une expérience comme conseiller(ère) en formation est un vrai pl",2025-12-17T15:41:51.735069,True,il y a 29 jours,,
Emploi Ressources Humaines,https://www.hellowork.com/fr-fr/emplois/68102476.html,68102476,True,Les missions du poste,Albertville,73,CDI,42 000 - 55 000 € / an,1 an,Bac +3,,Responsable Social H/F,,True,,0.0,,0.0,True,,2025-12-17T15:42:05.465609,True,,,
Emploi Ressources Humaines,https://www.hellowork.com/fr-fr/emplois/71632618.html,71632618,True,Les missions du poste,Béziers,34,CDI,80 000 - 100 000 € / an,1 an,Bac +2,42 ans,"Responsable d'Agence H/F
Mikit",Mikit,True,,0.0,,0.0,False,,2025-12-17T15:42:17.469093,True,il y a 6 jours,,
Emploi Ressources Humaines,https://www.hellowork.com/fr-fr/emplois/71632384.html,71632384,True,Les missions du poste,Étienne,42,CDI,80 000 - 100 000 € / an,1 an,Bac +2,,"Devenez Responsable d'Agence en Intégrant un Réseau Dynamique H/F
Mikit",Mikit,True,,0.0,,0.0,False,,2025-12-17T15:42:28.105070,True,il y a 19 jours,,
Emploi Ressources Humaines,https://www.hellowork.com/fr-fr/emplois/71632545.html,71632545,True,Les missions du poste,Cognac,16,CDI,80 000 - 100 000 € / an,1 an,Bac +2,42 ans,"Responsable d'Agence H/F
Mikit",Mikit,True,,0.0,,0.0,False,,2025-12-17T15:42:40.646350,True,il y a 21 jours,,
Emploi Ressources Humaines,https://www.hellowork.com/fr-fr/emplois/71632543.html,71632543,True,Les missions du poste,Cholet,49,CDI,80 000 - 100 000 € / an,1 an,Bac +2,,"Devenez Responsable d'Agence en Intégrant un Réseau Dynamique H/F
Mikit",Mikit,True,,0.0,,0.0,False,,2025-12-17T15:42:51.266744,True,il y a 20 jours,,
Emploi Ressources Humaines,https://www.hellowork.com/fr-fr/emplois/71632477.html,71632477,True,Les missions du poste,Rochelle,17,CDI,80 000 - 100 000 € / an,1 an,Bac +2,42 ans,"Responsable d'Agence H/F
Mikit",Mikit,True,,0.0,,0.0,False,,2025-12-17T15:43:04.159775,True,il y a 26 jours,,
Emploi Ressources Humaines,https://www.hellowork.com/fr-fr/emplois/71632475.html,71632475,True,Les missions du poste,Laon,02,CDI,80 000 - 100 000 € / an,1 an,Bac +2,,"Devenez Responsable d'Agence en Intégrant un Réseau Dynamique H/F
Mikit",Mikit,True,,0.0,,0.0,False,,2025-12-17T15:43:16.020454,True,il y a 6 jours,,
Emploi Ressources Humaines,https://www.hellowork.com/fr-fr/emplois/65552296.html,65552296,True,Détail du poste,Vannes,56,CDI,"801,80 € / mois",24 mois,Bac +3,1 an,"Chargé de Recrutement en Alternance H/F
MBWAY Vannes",MBWAY Vannes,True,,0.0,,0.0,False,de Vannes recherche son/sa futur Chargé(e) de recrutement H/F en Alternance pour la rentrée de 2025.,2025-12-17T15:43:27.868310,True,,,
Emploi Ressources Humaines,https://www.hellowork.com/fr-fr/emplois/61736808.html,61736808,True,Les missions du poste,Aude,11,Alternance,"801,80 € / mois",12 mois,Bac +2,1 an,"Alternance Bachelor RH - Chargé de Gestion RH & Paie H/F
SupExup",SupExup,True,,0.0,,0.0,False,,2025-12-17T15:43:58.955632,True,,,
Emploi Ressources Humaines,https://www.hellowork.com/fr-fr/emplois/65550174.html,65550174,True,Les missions du poste,Cavaillon,84,Temps partiel,,1 an,Bac +2,1 an,"Consultant en Évolution Professionnelle H/F
VAST Pro",VAST Pro,True,,0.0,,0.0,True,,2025-12-17T15:44:11.191553,True,,,
Emploi Ressources Humaines,https://www.hellowork.com/fr-fr/emplois/54485344.html,54485344,True,Détail du poste,Toulon,83,Alternance,"801,80 € / mois",12 mois,Bac+3,1 an,"Alternant Bac+3 - Chargé de Recrutement H/F
Groupe Alternance Toulon",Groupe Alternance Toulon,True,,0.0,,0.0,False,"tertiaire, recherche pour l'une de ses entreprises partenaires, un(e) candidat(e) souhaitant effectu",2025-12-17T15:44:23.148979,True,il y a 26 jours,,
Emploi Ressources Humaines,https://www.hellowork.com/fr-fr/emplois/63020985.html,63020985,True,Détail du poste,Hyères,83,Alternance,"801,80 € / mois",12 mois,Bac+3,1 an,"Chargé de Recrutement en Alternance Bac+3 H/F
Groupe Alternance Toulon",Groupe Alternance Toulon,True,,0.0,,0.0,False,"tertiaire, recherche pour l'une de ses entreprises partenaires, un(e) candidat(e) souhaitant effectu",2025-12-17T15:44:35.248311,True,,,
Emploi Ressources Humaines,https://www.hellowork.com/fr-fr/emplois/68091813.html,68091813,True,Détail du poste,Provence,13,Alternance,774 - 1 801 € / mois,24 mois,Bac +2,1 an,"Chargée de Recrutement en Alternance H/F
Groupe Alternance Aix-en-Provence",Groupe Alternance Aix-en-Provence,True,,0.0,,0.0,False,,2025-12-17T15:44:46.448872,True,il y a 26 jours,,
Emploi Ressources Humaines,https://www.hellowork.com/fr-fr/emplois/71620388.html,71620388,True,Les missions du poste,Versailles,78,Intérim,40 000 - 100 000 € / an,,Bac +3,,"Recruteur Independant H/F
Mercato de l'emploi",Mercato de l'emploi,True,,0.0,,0.0,True,,2025-12-17T15:44:58.147889,True,il y a 20 jours,,
Emploi Ressources Humaines,https://www.hellowork.com/fr-fr/emplois/71618750.html,71618750,True,Détail du poste,Lille,59,CDI,26 000 - 28 000 € / an,,BTS,,"Gestionnaire Paie et Administration du Personnel ADP H/F
Pay Job",Pay Job,True,,0.0,,0.0,True,,2025-12-17T15:45:11.172505,True,il y a 14 jours,,
Emploi Ressources Humaines,https://www.hellowork.com/fr-fr/emplois/71618749.html,71618749,True,Détail du poste,Provence,13,CDI,40 000 - 75 000 € / an,1 mois,Bac +2,,"Responsable d'Agence en Gestion de Patrimoine - Aix en Provence H/F
Talents Banque & Assurance",Talents Banque & Assurance,True,,0.0,,0.0,False,,2025-12-17T15:45:23.602073,True,il y a 17 jours,,
Emploi Ressources Humaines,https://www.hellowork.com/fr-fr/emplois/71618720.html,71618720,True,Détail du poste,Toulouse,31,CDI,40 000 - 75 000 € / an,1 mois,Bac +2,,"Responsable d'Agence en Gestion de Patrimoine - Toulouse H/F
Talents Banque & Assurance",Talents Banque & Assurance,True,,0.0,,0.0,False,,2025-12-17T15:45:36.665576,True,plus de 1 mois,,
Emploi Ressources Humaines,https://www.hellowork.com/fr-fr/emplois/71654548.html,71654548,True,Les missions du poste,Colmar,68,Intérim,1 802 - 3 000 € / mois,2 ans,Bac +2,,"Consultant en Recrutement H/F
Ruby Solutions",Ruby Solutions,True,,0.0,,0.0,True,", il est possible de construire un projet entrepreneurial flexible, adapté à son parcours et à ses a",2025-12-17T15:45:49.912424,True,il y a 26 jours,,
Emploi Ressources Humaines,https://www.hellowork.com/fr-fr/emplois/71654514.html,71654514,True,Les missions du poste,Mézières,08,Intérim,1 802 - 3 000 € / mois,2 ans,Bac +2,,"Consultant en Recrutement H/F
Ruby Solutions",Ruby Solutions,True,,0.0,,0.0,True,", il est possible de construire un projet entrepreneurial flexible, adapté à son parcours et à ses a",2025-12-17T15:46:02.403010,True,il y a 19 jours,,
Emploi Ressources Humaines,https://www.hellowork.com/fr-fr/emplois/71654331.html,71654331,True,Les missions du poste,Bourges,18,Intérim,1 802 - 3 000 € / mois,2 ans,Bac +2,,"Consultant en Recrutement H/F
Ruby Solutions",Ruby Solutions,True,,0.0,,0.0,True,", il est possible de construire un projet entrepreneurial flexible, adapté à son parcours et à ses a",2025-12-17T15:46:13.815724,True,il y a 20 jours,,
Emploi Ressources Humaines,https://www.hellowork.com/fr-fr/emplois/71654867.html,71654867,True,Les missions du poste,Mende,48,Indépendant,1 802 - 3 000 € / mois,2 ans,Bac +2,,"Consultant en Recrutement H/F
Ruby Solutions",Ruby Solutions,True,,0.0,,0.0,True,", il est possible de construire un projet entrepreneurial flexible, adapté à son parcours et à ses a",2025-12-17T15:46:25.813343,True,,,
Emploi Ressources Humaines,https://www.hellowork.com/fr-fr/emplois/71654767.html,71654767,True,Les missions du poste,Laval,53,Indépendant,1 802 - 3 000 € / mois,2 ans,Bac +2,,"Consultant en Recrutement H/F
Ruby Solutions",Ruby Solutions,True,,0.0,,0.0,True,", il est possible de construire un projet entrepreneurial flexible, adapté à son parcours et à ses a",2025-12-17T15:46:38.658156,True,,,
Emploi Ressources Humaines,https://www.hellowork.com/fr-fr/emplois/71654248.html,71654248,True,Les missions du poste,Arras,62,Intérim,1 802 - 3 000 € / mois,2 ans,Bac +2,,"Consultant en Recrutement H/F
Ruby Solutions",Ruby Solutions,True,,0.0,,0.0,True,", il est possible de construire un projet entrepreneurial flexible, adapté à son parcours et à ses a",2025-12-17T15:46:50.296852,True,il y a 20 jours,,
Emploi Ressources Humaines,https://www.hellowork.com/fr-fr/emplois/71653797.html,71653797,True,Les missions du poste,,,Indépendant,1 802 - 3 000 € / mois,2 ans,Bac +2,,"Consultant en Recrutement H/F
Ruby Solutions",Ruby Solutions,True,,0.0,,0.0,True,", il est possible de construire un projet entrepreneurial flexible, adapté à son parcours et à ses a",2025-12-17T15:47:03.016487,True,,,
Emploi Ressources Humaines,https://www.hellowork.com/fr-fr/emplois/70437184.html,70437184,True,Les missions du poste,Nantes,44,CDI,25 000 - 30 000 € / an,,Bac +2,,"Gestionnaire Paie ADP H/F
Altitude Finance",Altitude Finance,True,,0.0,,0.0,True,,2025-12-17T15:47:14.112211,True,il y a 26 jours,,
Emploi Ressources Humaines,https://www.hellowork.com/fr-fr/emplois/61747381.html,61747381,True,Détail du poste,Saône,69,CDI,30 000 - 36 000 € / an,7 ans,Bac +2,1 à 7 ans,"Gestionnaire Paie H/F
Confidence RH",Confidence RH,True,,0.0,,0.0,True,s d'activités.,2025-12-17T15:47:26.539147,True,il y a 25 jours,,
Emploi Ressources Humaines,https://www.hellowork.com/fr-fr/emplois/63036734.html,63036734,True,Les missions du poste,Montpellier,34,Alternance,"801,80 € / mois",24 mois,Bac +2,1 an,"Chargé de Développement RH - Alternance H/F
SupExup",SupExup,True,,0.0,,0.0,False,des ressources humaines...,2025-12-17T15:47:38.770528,True,,,
Emploi Ressources Humaines,https://www.hellowork.com/fr-fr/emplois/71631694.html,71631694,True,Les missions du poste,Foix,09,CDI,2 427 - 2 827 € / mois,7 ans,Bac +3,,"Responsable d'Agence Adjoint H/F
Amelis",Amelis,True,,0.0,,0.0,False,autour des process de vente Amelis,2025-12-17T15:47:50.955719,True,il y a 22 jours,,
Emploi Ressources Humaines,https://www.hellowork.com/fr-fr/emplois/71632497.html,71632497,True,Les missions du poste,Fécamp,76,CDI,80 000 - 100 000 € / an,1 an,Bac +2,,"Devenez Responsable d'Agence en Intégrant un Réseau Dynamique H/F
Mikit",Mikit,True,,0.0,,0.0,False,,2025-12-17T15:48:18.689838,True,plus de 1 mois,,
Emploi Ressources Humaines,https://www.hellowork.com/fr-fr/emplois/71632297.html,71632297,True,Les missions du poste,Vertou,44,CDI,80 000 - 100 000 € / an,1 an,Bac +2,,"Devenez Responsable d'Agence en Intégrant un Réseau Dynamique H/F
Mikit",Mikit,True,,0.0,,0.0,False,,2025-12-17T15:48:30.036939,True,il y a 15 jours,,
Emploi Ressources Humaines,https://www.hellowork.com/fr-fr/emplois/63040359.html,63040359,True,Détail du poste,Thurial,35,CDI,2 060 - 2 300 € / mois,1 an,Bac +2,1 an,"Assistant RH H/F
Saint Yves Services",Saint Yves Services,True,,0.0,,0.0,False,,2025-12-17T15:48:41.563640,True,plus de 1 mois,,
Emploi Ressources Humaines,https://www.hellowork.com/fr-fr/emplois/64323675.html,64323675,True,Les missions du poste,Bordeaux,33,CDI,30 000 - 60 000 € / an,1 an,Bac +3,,"Consultant RH et Recrutement H/F
Synap's",Synap's,True,,0.0,,0.0,True,en pleine expansion : les entreprises n'ayant pas de service RH internalisé ont de plus en plus beso,2025-12-17T15:48:53.376943,True,il y a 19 jours,,
Emploi Ressources Humaines,https://www.hellowork.com/fr-fr/emplois/71632598.html,71632598,True,Les missions du poste,Carcassonne,11,CDI,80 000 - 100 000 € / an,1 an,Bac +2,,"Devenez Responsable d'Agence en Intégrant un Réseau Dynamique H/F
Mikit",Mikit,True,,0.0,,0.0,False,,2025-12-17T15:49:04.764356,True,il y a 9 jours,,
Emploi Ressources Humaines,https://www.hellowork.com/fr-fr/emplois/71632198.html,71632198,True,Les missions du poste,Châteaubriant,44,CDI,80 000 - 100 000 € / an,1 an,Bac +2,,"Devenez Responsable d'Agence en Intégrant un Réseau Dynamique H/F
Mikit",Mikit,True,,0.0,,0.0,False,,2025-12-17T15:49:17.720950,True,il y a 29 jours,,
Emploi Ressources Humaines,https://www.hellowork.com/fr-fr/emplois/64328357.html,64328357,True,Détail du poste,Toulon,83,Alternance,"801,80 € / mois",12 mois,Bac+3,1 an,"Bac+3 - Chargé de Recrutement en Alternance H/F
Groupe Alternance Toulon",Groupe Alternance Toulon,True,,0.0,,0.0,False,"tertiaire, recherche pour l'une de ses entreprises partenaires, un(e) candidat(e) souhaitant effectu",2025-12-17T15:49:29.477167,True,il y a 26 jours,,
Emploi Ressources Humaines,https://www.hellowork.com/fr-fr/emplois/67800020.html,67800020,True,Les missions du poste,Nantes,44,Stage,800 - 1 200 € / mois,6 mois,Bac +2,,"Chargé de Recrutement - Stage - Alternance H/F
Linman & Associés",Linman & Associés,True,,0.0,,0.0,False,s principalement de l'agro-alimentaire et de l'industrie du textile et de la mode.,2025-12-17T15:49:41.695062,True,il y a 18 jours,,
Emploi Ressources Humaines,https://www.hellowork.com/fr-fr/emplois/63034024.html,63034024,True,Les missions du poste,Toulouse,31,Alternance,"801,80 € / mois",2 ans,Bac +3,1 à 7 ans,"Assistant Dpx H/F
Studency",Studency,True,,0.0,,0.0,False,,2025-12-17T15:49:53.921669,True,il y a 29 jours,,
Emploi Ressources Humaines,https://www.hellowork.com/fr-fr/emplois/71610021.html,71610021,True,Les missions du poste,Tâtre,16,CDI,25 000 - 35 000 € / an,5 ans,Bac +2,2 à 5 ans,"Assistante d'Agence TP H/F
Sobeca",Sobeca,True,,0.0,,0.0,False,,2025-12-17T15:50:05.931213,True,il y a 5 jours,,
Emploi Ressources Humaines,https://www.hellowork.com/fr-fr/emplois/71650622.html,71650622,True,Détail du poste,Lyon,69,CDI,30 000 - 40 000 € / an,3 ans,Bac +2,5 ans,"Gestionnaire de Paie à Temps Plein ou Partiel > Rejoignez une Équipe Sympa H/F
RaiseHup",RaiseHup,True,,0.0,,0.0,True,,2025-12-17T15:50:16.629651,True,il y a 26 jours,,
Emploi Ressources Humaines,https://www.hellowork.com/fr-fr/emplois/71590498.html,71590498,True,Détail du poste,Seine,92,CDI,43 000 - 48 000 € / an,7 ans,Bac +5,1 à 7 ans,"Human Resources Business Partner H/F
AS International",AS International,True,,0.0,,0.0,True,informatique • ESN,2025-12-17T15:50:29.103007,True,il y a 28 jours,,
Emploi Ressources Humaines,https://www.hellowork.com/fr-fr/emplois/71589665.html,71589665,True,Les missions du poste,,,CDI,,8 ans,Bac +5,,"Secrétaire Général - DRH H/F
Theodore Search",Theodore Search,True,,0.0,,0.0,False,,2025-12-17T15:50:42.735937,True,,,
Emploi Ressources Humaines,https://www.hellowork.com/fr-fr/emplois/68064184.html,68064184,True,Les missions du poste,Creusot,71,CDI,30 000 - 45 000 € / an,7 ans,Bac +2,,"Responsable d'Agence - le Creusot H/F
Loxam",Loxam,True,,0.0,,0.0,True,,2025-12-17T15:50:56.551269,True,il y a 27 jours,,
Emploi Ressources Humaines,https://www.hellowork.com/fr-fr/emplois/54511894.html,54511894,True,Les missions du poste,Plérin,22,CDI,30 000 - 37 000 € / an,7 ans,Bac +2,3 ans,"Gestionnaire Paie - Equipe Soudée H/F
Cabexperts Recrutement",Cabexperts Recrutement,True,,0.0,,0.0,True,,2025-12-17T15:51:10.783021,True,il y a 29 jours,,
Emploi Ressources Humaines,https://www.hellowork.com/fr-fr/emplois/72693488.html,72693488,True,Détail du poste,Toulouse,31,Indépendant,,11 ans,Bac +5,,"Responsable des Relations Sociales - Auch 32 H/F
Mon Consultant Indépendant",Mon Consultant Indépendant,True,,0.0,,0.0,True,,2025-12-17T15:51:22.735175,True,,,
Emploi Ressources Humaines,https://www.hellowork.com/fr-fr/emplois/68038616.html,68038616,True,Détail du poste,Ciotat,13,CDI,"801,80 € / mois",12 mois,Bac +2,1 an,"Chargé de Recrutement Alternance H/F
Groupe Alternance Marseille",Groupe Alternance Marseille,True,,0.0,,0.0,False,,2025-12-17T15:51:33.735110,True,il y a 26 jours,,
Emploi Ressources Humaines,https://www.hellowork.com/fr-fr/emplois/68038397.html,68038397,True,Détail du poste,Marseille,13,CDI,"801,80 € / mois",24 mois,Bac +3,1 an,"Assistant RH Alternance H/F
Groupe Alternance Marseille",Groupe Alternance Marseille,True,,0.0,,0.0,False,,2025-12-17T15:51:44.802857,True,il y a 26 jours,,
Emploi Ressources Humaines,https://www.hellowork.com/fr-fr/emplois/71599020.html,71599020,True,Détail du poste,Villepinte,93,CDI,43 800 - 71 200 € / an,,Bac +5,,"Chef de Projet SIRH Core RH & Rémunération H/F
Petit Forestier Group",Petit Forestier Group,True,,0.0,,0.0,True,,2025-12-17T15:52:04.925621,True,il y a 25 jours,,
Emploi Ressources Humaines,https://www.hellowork.com/fr-fr/emplois/72683259.html,72683259,True,Détail du poste,Saumur,49,CDI,32 000 € / an,1 an,Bac +3,,"Chargé - Chargée de Recrutement H/F
Temporis Interim",Temporis Interim,True,,0.0,,0.0,False,,2025-12-17T15:52:16.018665,True,il y a 2 jours,,
