category,url,job_id,title,company,location,contract_type,salary,published_date,short_description,remote,experience,scraped_at
Emploi Commerce,https://www.hellowork.com/fr-fr/emplois/73738421.html,73738421,Représentant de Point de Vente H/F,Harry Hope,,,,,,False,,2025-12-16T10:23:10.483907
Emploi Commerce,https://www.hellowork.com/fr-fr/emplois/73738413.html,73738413,Chargé de Développement Commercial H/F,Harry Hope,,,,,,False,,2025-12-16T10:23:11.164471
Emploi Commerce,https://www.hellowork.com/fr-fr/emplois/73738301.html,73738301,Assistant Commercial H/F,Initial RH,,,,,,False,,2025-12-16T10:23:11.715343
Emploi Commerce,https://www.hellowork.com/fr-fr/emplois/73738275.html,73738275,Technico-Commercial,Technico-Commerciale Bâtiment H/F,,,,,,False,,2025-12-16T10:23:12.228641
Emploi Commerce,https://www.hellowork.com/fr-fr/emplois/73738270.html,73738270,Technicien d'Affaires Électricité H/F,Temporis Experts et Cadres,,,,,,False,,2025-12-16T10:23:12.802893
Emploi Commerce,https://www.hellowork.com/fr-fr/emplois/73738239.html,73738239,Commercial Sedentaire H/F,Temporis Interim,,,,,,False,,2025-12-16T10:23:13.339503
Emploi Commerce,https://www.hellowork.com/fr-fr/emplois/73738222.html,73738222,Commercial,Commerciale Sédentaire B To B H/F,,,,,,False,,2025-12-16T10:23:13.868822
Emploi Commerce,https://www.hellowork.com/fr-fr/emplois/73738168.html,73738168,Consultant Commercial en Recrutement H/F,Valoris Développement franchiseur du réseau Temporis,24 000 - 30 000 € / an,CDI,24 000 - 30 000 € / an,moins d'une heure,"Consultant Commercial en Recrutement H/F
Valoris Développement franchiseur du réseau Temporis
Reims - 51
CDI
24 000 - 30 000 € / an
... en 37,5h et une prise de poste dès que possible, - une rémunération fixe comprise entre 24k et 30k...
Voir l’offre
moins d'une heure",False,,2025-12-16T10:23:14.375688
Emploi Commerce,https://www.hellowork.com/fr-fr/emplois/73738145.html,73738145,Chargé d'Affaires Instrumentation Forages H/F,SUEZ,Lyon 9e - 69,CDI,,moins d'une heure,"Chargé d'Affaires Instrumentation Forages H/F
SUEZ
Lyon 9e - 69
CDI
Télétravail partiel
... Opération : création de puits et forages d'eau, diagnostics et travaux de maintenance sur les captages ; - Sondalp Tech...
Voir l’offre
moins d'une heure",True,,2025-12-16T10:23:14.800364
Emploi Commerce,https://www.hellowork.com/fr-fr/emplois/73737983.html,73737983,Conseiller Clientele Retraite Complementaire H/F,,12 - 13 € / heure,CDI,12 - 13 € / heure,moins d'une heure,"Conseiller Clientele Retraite Complementaire H/F
Cette entreprise souhaite rester anonyme
Nice - 06
CDI
12 - 13 € / heure
... souhaitez valoriser une première expérience en gestion et relation clients. Vous avez une réelle appétence pour la relation et l'accompagnement...
Voir l’offre
moins d'une he",False,,2025-12-16T10:23:15.319905
Emploi Commerce,https://www.hellowork.com/fr-fr/emplois/73737948.html,73737948,Directeur des Ventes Associé - Projet International Immersif et Iconique H/F,Michael Page,90 000 - 95 000 € / an,CDI,90 000 - 95 000 € / an,il y a 1 heure,"Directeur des Ventes Associé - Projet International Immersif et Iconique H/F
Michael Page
Paris 15e - 75
CDI
90 000 - 95 000 € / an
… Vous êtes diplômé·e d'un Bac +5 minimum en commerce en vente et management dans le secteur du…
Voir l’offre
il y a 1 heure",False,,2025-12-16T10:23:15.804918
Emploi Commerce,https://www.hellowork.com/fr-fr/emplois/73737941.html,73737941,Assistant Commercial H/F,Page Personnel,24 000 - 27 000 € / an,CDI,24 000 - 27 000 € / an,il y a 1 heure,"Assistant Commercial H/F
Page Personnel
Tours - 37
CDI
24 000 - 27 000 € / an
... également ouvert aux candidats en situation de handicap Entreprise familale ou l'entraide, implications et l'autonomie sont les maitres mots.
Voir l’offre
il y a 1 heure",False,,2025-12-16T10:23:16.216378
Emploi Commerce,https://www.hellowork.com/fr-fr/emplois/73737850.html,73737850,Chargé d'Affaires H/F,Michael Page,45 000 - 50 000 € / an,CDI,45 000 - 50 000 € / an,il y a 1 heure,"Chargé d'Affaires H/F
Michael Page
Versailles - 78
CDI
45 000 - 50 000 € / an
… * Formation Bac +2 minimum en commerce , * Maîtrise des outils bureautiques…
Voir l’offre
il y a 1 heure",False,,2025-12-16T10:23:16.631519
Emploi Commerce,https://www.hellowork.com/fr-fr/emplois/73737851.html,73737851,Commercial Powertools Enseignes H/F,Page Personnel,45 000 - 50 000 € / an,CDI,45 000 - 50 000 € / an,il y a 1 heure,"Commercial Powertools Enseignes H/F
Page Personnel
Montpellier - 34
CDI
45 000 - 50 000 € / an
… techniques de ventes, le tout avec le sens du commerce . Rejoignez une équipe dynamique et booster votre carrière.…
Voir l’offre
il y a 1 heure",False,,2025-12-16T10:23:17.089892
Emploi Commerce,https://www.hellowork.com/fr-fr/emplois/73737766.html,73737766,Conseiller Clients H/F,Skills Vendée Poitou-Charentes,32 000 - 38 000 € / an,CDI,32 000 - 38 000 € / an,il y a 1 heure,"Conseiller Clients H/F
Skills Vendée Poitou-Charentes
Luçon - 85
CDI
32 000 - 38 000 € / an
… De en finance, comptabilité ou économie (Licence, Master, IAE, école de commerce , ou équivalent), vous justifiez idéalement de 3 ans…
Voir l’offre
il y a 1 heure",False,,2025-12-16T10:23:17.614241
Emploi Commerce,https://www.hellowork.com/fr-fr/emplois/73737718.html,73737718,Responsable de Portefeuille Clients - Autonome H/F,Skills Nice,35 000 - 40 000 € / an,CDI,35 000 - 40 000 € / an,il y a 1 heure,"Responsable de Portefeuille Clients - Autonome H/F
Skills Nice
Nice - 06
CDI
35 000 - 40 000 € / an
... terme - Excellentes compétences rédactionnelles et communication orale - Maîtrise des outils bureautiques et logiciels spécifiques au métier de l'audit...
Voir l’offre
il y a 1 heure",False,,2025-12-16T10:23:18.287324
Emploi Commerce,https://www.hellowork.com/fr-fr/emplois/73737555.html,73737555,Manager Intégration Logistique et Approvisionnement - Mission Fy26 H/F,IKEA,Fos-sur-Mer - 13,CDD,,il y a 2 heures,"Manager Intégration Logistique et Approvisionnement - Mission Fy26 H/F
IKEA
Fos-sur-Mer - 13
CDD
... pour le plus grand nombre tout en améliorant l'expérience client. Nous sommes une équipe constituée de femmes...
Voir l’offre
il y a 2 heures",False,,2025-12-16T10:23:18.770555
Emploi Commerce,https://www.hellowork.com/fr-fr/emplois/73737512.html,73737512,Technico Commercial 02-08 H/F,De Graët Consulting,Aisne - 02,CDI,,il y a 2 heures,"Technico Commercial 02-08 H/F
De Graët Consulting
Aisne - 02
CDI
... ou indirects) afin construire un portefeuille de professionnels du bâtiment, - Développer le chiffre d'affaires tout en veillant aux marges,...
Voir l’offre
il y a 2 heures",False,,2025-12-16T10:23:19.379266
Emploi Commerce,https://www.hellowork.com/fr-fr/emplois/73737119.html,73737119,Commercial CHR - CDI - Saint-Flour 15 H/F,Heineken,Saint-Flour - 15,CDI,2 200 € / mois,il y a 3 heures,"Commercial CHR - CDI - Saint-Flour 15 H/F
Heineken
Saint-Flour - 15
CDI
2 200 € / mois
… : des animations dédiées). VOS ATOUTS: De formation niveau Bac +2 (orienté commerce réussie en tant que Commercial(e) terrain B to B,…
Voir l’offre
il y a 3 heures",False,,2025-12-16T10:23:19.944554
Emploi Commerce,https://www.hellowork.com/fr-fr/emplois/73737111.html,73737111,Conseiller Clients H/F,Supplay,20 000 - 25 000 € / an,CDI,20 000 - 25 000 € / an,il y a 3 heures,"Conseiller Clients H/F
Supplay
Saint-Herblain - 44
CDI
20 000 - 25 000 € / an
... interne pour tous les postes à pourvoir dans nos différents métiers, avec des parcours de formation adaptés pour vous accompagner.
Voir l’offre
il y a 3 heures",False,,2025-12-16T10:23:20.372388
Emploi Commerce,https://www.hellowork.com/fr-fr/emplois/73741628.html,73741628,Commercial Sédentaire en Agence BTP - Négoce H/F,Slash Intérim,Retournac - 43,CDI,,moins d'une heure,"Commercial Sédentaire en Agence BTP - Négoce H/F
Slash Intérim
Retournac - 43
CDI
... Intérim, premier réseau de recruteur indépendant, recherche pour l'un de nos partenaires un Commercial sédentaire H/F, basé à Saint-Priest (69800)...
Voir l’offre
moins d'une heure",False,,2025-12-16T10:23:34.414278
Emploi Commerce,https://www.hellowork.com/fr-fr/emplois/73741624.html,73741624,Commercial Itinérant H/F,Slash Intérim,Saint-Étienne - 42,CDI,,moins d'une heure,"Commercial Itinérant H/F
Slash Intérim
Saint-Étienne - 42
CDI
... des fonctions similaires, avec un focus sur le développement commercial. - Capacités relationnelles et engagement envers le...
Voir l’offre
moins d'une heure",False,,2025-12-16T10:23:34.888661
Emploi Commerce,https://www.hellowork.com/fr-fr/emplois/73741623.html,73741623,Commercial Sédentaire en Agence BTP - Négoce H/F,Slash Intérim,Saint-Priest - 69,CDI,,moins d'une heure,"Commercial Sédentaire en Agence BTP - Négoce H/F
Slash Intérim
Saint-Priest - 69
CDI
... - Excellentes compétences relationnelles et commerciales. Nous offrons : ...
Voir l’offre
moins d'une heure",False,,2025-12-16T10:23:35.286109
Emploi Commerce,https://www.hellowork.com/fr-fr/emplois/73741619.html,73741619,Commercial Sédentaire Secteur Métallurgie H/F,Slash Intérim,35 000 - 45 000 € / an,CDD,35 000 - 45 000 € / an,moins d'une heure,"Commercial Sédentaire Secteur Métallurgie H/F
Slash Intérim
Feyzin - 69
CDD
35 000 - 45 000 € / an
... Compétences en gestion de projets et en négociation commerciale. Une connaissance techniques et...
Voir l’offre
moins d'une heure",False,,2025-12-16T10:23:35.721643
Emploi Commerce,https://www.hellowork.com/fr-fr/emplois/73741565.html,73741565,Chargé de Compte Multirisques Immeuble H/F,Effektiv,35 000 - 40 000 € / an,CDI,35 000 - 40 000 € / an,moins d'une heure,"Chargé de Compte Multirisques Immeuble H/F
Effektiv
Marseille 6e - 13
CDI
35 000 - 40 000 € / an
Télétravail partiel
... vous avez le sens de la rigueur et une bonne capacité d'analyse. Vous...
Voir l’offre
moins d'une heure",True,,2025-12-16T10:23:36.172362
Emploi Commerce,https://www.hellowork.com/fr-fr/emplois/73741561.html,73741561,Commercial - Imprimerie- Alternance H/F,ICFA Campus Saint François,Montpellier - 34,Alternance,"1 801,80 € / mois",moins d'une heure,"Commercial - Imprimerie- Alternance H/F
ICFA Campus Saint François
Montpellier - 34
Alternance
1 801,80 € / mois
2 ans
- Jeune motivé(e), dynamique et curieux(se). - Aisance relationnelle et goût prononcé pour la vente. - Autonomie, persévérance...
Voir l’offre
moins d'une heure",False,,2025-12-16T10:23:36.636368
Emploi Commerce,https://www.hellowork.com/fr-fr/emplois/73741560.html,73741560,Commercial Btob H/F,Dalta SA,24 015 - 63 000 € / an,CDI,24 015 - 63 000 € / an,moins d'une heure,"Commercial Btob H/F
Dalta SA
Draguignan - 83
CDI
24 015 - 63 000 € / an
... une filière commerciale et/ou technique avec une expérience réussie d'au moins 2 ans dans la vente auprès des professionnels. ...
Voir l’offre
moins d'une heure",False,,2025-12-16T10:23:37.032449
Emploi Commerce,https://www.hellowork.com/fr-fr/emplois/73741556.html,73741556,Technico-Commercial Itinérant H/F,Slash Intérim,3 900 - 4 400 € / mois,CDI,3 900 - 4 400 € / mois,moins d'une heure,"Technico-Commercial Itinérant H/F
Slash Intérim
Saint-Ouen-l'Aumône - 95
CDI
3 900 - 4 400 € / mois
... Profil attendu : - Vous avez une connaissance approfondie dans le domaine...
Voir l’offre
moins d'une heure",False,,2025-12-16T10:23:37.471462
Emploi Commerce,https://www.hellowork.com/fr-fr/emplois/73741545.html,73741545,Responsable Commercial Nantes 44 H/F,Hunteo,Nantes - 44,CDI,,moins d'une heure,"Responsable Commercial Nantes 44 H/F
Hunteo
Nantes - 44
CDI
... vente directe de produits finis - Une capacité à développer de nouveaux comptes et à gérer des...
Voir l’offre
moins d'une heure",False,,2025-12-16T10:23:37.922919
Emploi Commerce,https://www.hellowork.com/fr-fr/emplois/73741537.html,73741537,Stage - Assistant Commercial H/F,Surfaces et Volumes,Montpellier - 34,Stage,,moins d'une heure,"Stage - Assistant Commercial H/F
Surfaces et Volumes
Montpellier - 34
Stage
2 mois
… aux équipes. Le profil que l'on recherche - Étudiant(e) en commerce - Organisé(e), rigoureux(se) et à l'aise avec l'administratif. -…
Voir l’offre
moins d'une heure",False,,2025-12-16T10:23:38.470535
Emploi Commerce,https://www.hellowork.com/fr-fr/emplois/73741509.html,73741509,Assistant Relation Client - ADV - Alternance H/F,ICFA Campus Saint François,Montpellier - 34,Alternance,"1 801,80 € / mois",moins d'une heure,"Assistant Relation Client - ADV - Alternance H/F
ICFA Campus Saint François
Montpellier - 34
Alternance
1 801,80 € / mois
2 ans
… - Niveau Bac minimum (STMG, Bac Pro GA/ commerce ) - Aisance relationnelle et goût du service…
Voir l’offre
moins d'une heure",False,,2025-12-16T10:23:39.007729
Emploi Commerce,https://www.hellowork.com/fr-fr/emplois/73741318.html,73741318,Conseiller Clientèle Trilingue Anglais - Allemand H/F,Jobmania,25 500 - 27 500 € / an,CDI,25 500 - 27 500 € / an,moins d'une heure,"Conseiller Clientèle Trilingue Anglais - Allemand H/F
Jobmania
Paris - 75
CDI
25 500 - 27 500 € / an
... Vous aimez le contact humain, savez faire preuve d'empathie et rassurer vos interlocuteurs - Vous désirez analyser des situations...
Voir l’offre
moins d'une heure",False,,2025-12-16T10:23:39.600258
Emploi Commerce,https://www.hellowork.com/fr-fr/emplois/73741307.html,73741307,Commercial en Alternance H/F,LEVEL HOP,"486,49 - 1 801,80 € / mois",Alternance,"486,49 - 1 801,80 € / mois",moins d'une heure,"Commercial en Alternance H/F
LEVEL HOP
Nancy - 54
Alternance
486,49 - 1 801,80 € / mois
Télétravail partiel
+ 1
Aucune expérience en commerce - Bonne présentation …
Voir l’offre
moins d'une heure",True,,2025-12-16T10:23:40.160142
Emploi Commerce,https://www.hellowork.com/fr-fr/emplois/73741302.html,73741302,Adjoint - Adjointe Chargé d'Affaires H/F,Chaplain,25 000 - 35 000 € / an,Intérim,25 000 - 35 000 € / an,moins d'une heure,"Adjoint - Adjointe Chargé d'Affaires H/F
Chaplain
Niort - 79
Intérim
25 000 - 35 000 € / an
1 mois
… à des devis - Suivi et retour d'informations auprès des clients Commerce & vente de pièces détachées - Identification des besoins et…
Voir l’offre
moins d'une heure",False,,2025-12-16T10:23:40.741013
Emploi Commerce,https://www.hellowork.com/fr-fr/emplois/73741290.html,73741290,Animateur Commercial Multi-Sites H/F,123 Pare-Brise,2 081 - 4 581 € / mois,CDI,2 081 - 4 581 € / mois,moins d'une heure,"Animateur Commercial Multi-Sites H/F
123 Pare-Brise
Super recruteur
Scionzier - 74
CDI
2 081 - 4 581 € / mois
… l'animation de réseau, la gestion multi-sites, la relation client ou le commerce terrain. - Le travail le samedi ne te pose pas de -…
Voir l’offre
moins d'une heure",False,,2025-12-16T10:23:41.290153
Emploi Commerce,https://www.hellowork.com/fr-fr/emplois/73741284.html,73741284,Animateur Commercial Multi-Sites H/F,123 Pare-Brise,2 081 - 4 581 € / mois,CDI,2 081 - 4 581 € / mois,moins d'une heure,"Animateur Commercial Multi-Sites H/F
123 Pare-Brise
Super recruteur
Epagny Metz-Tessy - 74
CDI
2 081 - 4 581 € / mois
… l'animation de réseau, la gestion multi-sites, la relation client ou le commerce terrain. - Le travail le samedi ne te pose pas de -…
Voir l’offre
moins d'une heure",False,,2025-12-16T10:23:41.790648
Emploi Commerce,https://www.hellowork.com/fr-fr/emplois/73741271.html,73741271,Alternance - Assistant Commercial H/F,Alticome,"486,49 - 1 801,80 € / mois",Alternance,"486,49 - 1 801,80 € / mois",moins d'une heure,"Alternance - Assistant Commercial H/F
Alticome
Rennes - 35
Alternance
486,49 - 1 801,80 € / mois
24 mois
... vous rapidement pour vous informer de notre décision et transmettre votre CV à notre entreprise partenaire ...
Voir l’offre
moins d'une heure",False,,2025-12-16T10:23:42.276615
Emploi Commerce,https://www.hellowork.com/fr-fr/emplois/73741249.html,73741249,Conseiller Clientèle H/F,First Stop Ayme,2 000 - 2 300 € / mois,CDI,2 000 - 2 300 € / mois,moins d'une heure,"Conseiller Clientèle H/F
First Stop Ayme
Nîmes - 30
CDI
2 000 - 2 300 € / mois
… - Sens du commerce
Voir l’offre
moins d'une heure",False,,2025-12-16T10:23:42.802397
Emploi Commerce,https://www.hellowork.com/fr-fr/emplois/73741177.html,73741177,Gestionnaire de Clientèle Particuliers H/F,Business K Concept,Toulon - 83,CDI,31 000 € / an,moins d'une heure,"Gestionnaire de Clientèle Particuliers H/F
Business K Concept
Toulon - 83
CDI
31 000 € / an
... -Appétence commerciale -Premières expérience souhaitée -Inscrit à France Travail en tant...
Voir l’offre
moins d'une heure",False,,2025-12-16T10:23:43.308508
Emploi Commerce,https://www.hellowork.com/fr-fr/emplois/73741172.html,73741172,Responsable Commercial H/F,ALSEAMAR,55 000 - 65 000 € / an,CDI,55 000 - 65 000 € / an,moins d'une heure,"Responsable Commercial H/F
ALSEAMAR
Super recruteur
Six-Fours-les-Plages - 83
CDI
55 000 - 65 000 € / an
Télétravail occasionnel
... confidentialité, usages opérationnels). Maîtrise des architectures de communication, liaisons radio, protocoles, intégration système. Compétences...
Voir l’offre
moins",True,,2025-12-16T10:23:43.829568
Emploi Commerce,https://www.hellowork.com/fr-fr/emplois/73741154.html,73741154,Responsable de Portefeuille Comptable - Antony 92 H/F,ODAS CONSEIL,36 000 - 42 000 € / an,CDI,36 000 - 42 000 € / an,moins d'une heure,"Responsable de Portefeuille Comptable - Antony 92 H/F
ODAS CONSEIL
Antony - 92
CDI
36 000 - 42 000 € / an
Télétravail partiel
... (DCG, DSCG ou équivalent). - Vous justifiez de 4 à 6 périodes fiscales complètes en cabinet d'expertise comptable, vous...
Voir l’offre
moins d'une heure",True,,2025-12-16T10:23:59.492117
Emploi Commerce,https://www.hellowork.com/fr-fr/emplois/73741151.html,73741151,Conseiller Technico-Commercial - Carpiquet H/F,Kiloutou,Carpiquet - 14,CDI,,moins d'une heure,"Conseiller Technico-Commercial - Carpiquet H/F
Kiloutou
Carpiquet - 14
CDI
... En plus d'un parcours évolutif, nous vous proposons un package attractif : bonus mensuels, intéressements trimestriels,...
Voir l’offre
moins d'une heure",False,,2025-12-16T10:23:59.938290
Emploi Commerce,https://www.hellowork.com/fr-fr/emplois/73741123.html,73741123,Adjoint Responsable d'Affaires CFA H/F,OPTEOR IMMOTIC,42 000 - 49 000 € / an,CDI,42 000 - 49 000 € / an,moins d'une heure,"Adjoint Responsable d'Affaires CFA H/F
OPTEOR IMMOTIC
Nanterre - 92
CDI
42 000 - 49 000 € / an
Ø Autonome, organisé(e), astucieux(se), ponctuel(le), respectueux(se) des règles de travail, vous aimez le challenge ? Ø Une bonne...
Voir l’offre
moins d'une heure",False,,2025-12-16T10:24:00.385232
Emploi Commerce,https://www.hellowork.com/fr-fr/emplois/73741118.html,73741118,Alternance - Commercial H/F,Ecofac Business School Rennes,"486,49 - 1 801,80 € / mois",Alternance,"486,49 - 1 801,80 € / mois",moins d'une heure,"Alternance - Commercial H/F
Ecofac Business School Rennes
Cesson-Sévigné - 35
Alternance
486,49 - 1 801,80 € / mois
24 mois
- Polyvalence - Rigueur - Aisance relationnelle - Fibre commerciale - Esprit combatif - Capacité...
Voir l’offre
moins d'une heure",False,,2025-12-16T10:24:00.807766
Emploi Commerce,https://www.hellowork.com/fr-fr/emplois/73741109.html,73741109,Responsable de Portefeuille Comptable - Boulogne-Billancourt 92 H/F,ODAS CONSEIL,48 000 - 55 000 € / an,CDI,48 000 - 55 000 € / an,moins d'une heure,"Responsable de Portefeuille Comptable - Boulogne-Billancourt 92 H/F
ODAS CONSEIL
Boulogne-Billancourt - 92
CDI
48 000 - 55 000 € / an
Télétravail partiel
... rigoureux(se) et impliqué(e), vous aimez gérer vos dossiers de bout en bout et être force de proposition. ...
Voir l’offre
moins d'une heure",True,,2025-12-16T10:24:01.178719
Emploi Commerce,https://www.hellowork.com/fr-fr/emplois/73741087.html,73741087,Responsable de Portefeuille Comptable - Chartres 28 H/F,ODAS CONSEIL,37 000 - 42 000 € / an,CDI,37 000 - 42 000 € / an,moins d'une heure,"Responsable de Portefeuille Comptable - Chartres 28 H/F
ODAS CONSEIL
Chartres - 28
CDI
37 000 - 42 000 € / an
Télétravail partiel
... : CDI - Temps plein Rémunération fixe : 37-42K€ selon profil et expérience ...
Voir l’offre
moins d'une heure",True,,2025-12-16T10:24:01.655276
Emploi Commerce,https://www.hellowork.com/fr-fr/emplois/73741053.html,73741053,Commercial H/F,Securitas Technology,35 000 - 55 000 € / an,CDI,35 000 - 55 000 € / an,moins d'une heure,"Commercial H/F
Securitas Technology
Super recruteur
Metz - 57
CDI
35 000 - 55 000 € / an
Télétravail occasionnel
... et conquérir de nouveaux business, vous avez le sens des responsabilités et êtes autonome dans votre organisation de travail ainsi...
Voir l’offre
moins d'une heure",True,,2025-12-16T10:24:02.149191
Emploi Commerce,https://www.hellowork.com/fr-fr/emplois/73741042.html,73741042,Commercial H/F,Securitas Technology,35 000 - 55 000 € / an,CDI,35 000 - 55 000 € / an,moins d'une heure,"Commercial H/F
Securitas Technology
Super recruteur
Grenoble - 38
CDI
35 000 - 55 000 € / an
Télétravail occasionnel
... Vous êtes une personne ambitieuse, motivée par les défis et désireuse de conquérir de nouveaux marchés. Votre sens des responsabilités...
Voir l’offre
moins d'une heure",True,,2025-12-16T10:24:02.656164
Emploi Commerce,https://www.hellowork.com/fr-fr/emplois/73740895.html,73740895,Animateur Commercial - Rayon Liquides - Leclerc Concarneau - 26-27 - 12 H/F,Demosthene,Concarneau - 29,CDD,"11,88 € / heure",moins d'une heure,"Animateur Commercial - Rayon Liquides - Leclerc Concarneau - 26-27 - 12 H/F
Demosthene
Concarneau - 29
CDD
11,88 € / heure
2 jours
... Votre bonne humeur, dynamisme et sourire seront vos alliés pour réussir la mission ...
Voir l’offre
moins d'une heure",False,,2025-12-16T10:24:03.141560
Emploi Commerce,https://www.hellowork.com/fr-fr/emplois/73740871.html,73740871,Conseiller Commercial H/F,Groupama Centre Manche,Gaillon - 27,CDI,,moins d'une heure,"Conseiller Commercial H/F
Groupama Centre Manche
Gaillon - 27
CDI
L'indispensable pour être notre futur(e) collègue... Tu disposes d'une première expérience commerciale réussie et tu maitrises les techniques de vente....
Voir l’offre
moins d'une heure",False,,2025-12-16T10:24:03.535730
Emploi Commerce,https://www.hellowork.com/fr-fr/emplois/73740819.html,73740819,Responsable Commercial Grand Compte H/F,Dassault Systèmes,Meudon la Forêt - 92,CDI,,il y a 1 heure,"Responsable Commercial Grand Compte H/F
Dassault Systèmes
Meudon la Forêt - 92
CDI
… de les objectifs commerciaux Qualifications De formation supérieure (Ecole de commerce ou d'ingénieur), vous avez : - Au moins 8 ans…
Voir l’offre
il y a 1 heure",False,,2025-12-16T10:24:03.942685
Emploi Commerce,https://www.hellowork.com/fr-fr/emplois/73740776.html,73740776,Conseiller Commercial en Alternance H/F,Walter Learning,760 - 1 802 € / mois,Alternance,760 - 1 802 € / mois,il y a 1 heure,"Conseiller Commercial en Alternance H/F
Walter Learning
Tours - 37
Alternance
760 - 1 802 € / mois
18 mois
... sens du service client. - Vous êtes curieux(se), motivé(e) par les objectifs commerciaux et vous aimez relever des défis....
Voir l’offre
il y a 1 heure",False,,2025-12-16T10:24:04.420449
Emploi Commerce,https://www.hellowork.com/fr-fr/emplois/73740761.html,73740761,Conseiller Commercial en Alternance H/F,Walter Learning,760 - 1 802 € / mois,Alternance,760 - 1 802 € / mois,il y a 1 heure,"Conseiller Commercial en Alternance H/F
Walter Learning
Grenoble - 38
Alternance
760 - 1 802 € / mois
18 mois
... l'aise (ou avez envie de monter en compétence) avec les outils bureautiques, notamment Excel. - Vous vous exprimez avec...
Voir l’offre
il y a 1 heure",False,,2025-12-16T10:24:04.855198
Emploi Commerce,https://www.hellowork.com/fr-fr/emplois/73740746.html,73740746,Technico-Commercial Itinérant Chargé d'Affaires Btob Sécurité H/F,SSI SYSTEMES,,CDI,,il y a 1 heure,"Technico-Commercial Itinérant Chargé d'Affaires Btob Sécurité H/F
SSI SYSTEMES
Île-de-France - Normandie
CDI
Télétravail occasionnel
... - Autonomie, implication et rigueur font partie de votre ADN. - Vous appréciez le terrain, les déplacements et le...
Voir l’offre
il y a 1 heure",True,,2025-12-16T10:24:05.349375
Emploi Commerce,https://www.hellowork.com/fr-fr/emplois/73740733.html,73740733,Animateur Commercial - Rayon Liquides - Carrefour St Andre les Vergers - 20 - 12 H/F,Demosthene,Saint-André-les-Vergers - 10,CDD,"11,88 € / heure",il y a 1 heure,"Animateur Commercial - Rayon Liquides - Carrefour St Andre les Vergers - 20 - 12 H/F
Demosthene
Saint-André-les-Vergers - 10
CDD
11,88 € / heure
1 jour
... Nous attendons de vous : ponctualité, bonne présentation & sérieux Votre bonne humeur,...
Voir l’offre
il y a 1 heure",False,,2025-12-16T10:24:05.939273
Emploi Commerce,https://www.hellowork.com/fr-fr/emplois/73740732.html,73740732,Commercial H/F,Work 2000,2 100 - 2 500 € / mois,CDI,2 100 - 2 500 € / mois,il y a 1 heure,"Commercial H/F
Work 2000
Nantes - 44
CDI
2 100 - 2 500 € / mois
... challenge : vous aimez relever des défis et êtes motivé(e) par les objectifs à atteindre. - Un plus ?...
Voir l’offre
il y a 1 heure",False,,2025-12-16T10:24:06.459941
Emploi Commerce,https://www.hellowork.com/fr-fr/emplois/73740728.html,73740728,Assistant Commercial Grands Comptes - CDD 6 H/F,M&J TRUSTED RECRUITMENT,Paris 17e - 75,CDD,30 000 € / an,il y a 1 heure,"Assistant Commercial Grands Comptes - CDD 6 H/F
M&J TRUSTED RECRUITMENT
Super recruteur
Paris 17e - 75
CDD
30 000 € / an
7 mois
... - Temps de travail : Base 35h - Avantages : Prime de participation aux bénéfices, Mutuelle d'entreprise, Tickets...
Voir l’offre
il y a 1 heure",False,,2025-12-16T10:24:07.015744
Emploi Commerce,https://www.hellowork.com/fr-fr/emplois/73740720.html,73740720,Commercial Secteur Normandie H/F,Les Zelles,Caen - 14,CDI,,il y a 1 heure,"Commercial Secteur Normandie H/F
Les Zelles
Caen - 14
CDI
... Vous êtes titulaire d'un Bac +2 ou Bac +3 dans le domaine de technique ou commercial ? ...
Voir l’offre
il y a 1 heure",False,,2025-12-16T10:24:07.440404
Emploi Commerce,https://www.hellowork.com/fr-fr/emplois/73740718.html,73740718,Commercial H/F,Work 2000,2 100 - 2 500 € / mois,CDI,2 100 - 2 500 € / mois,il y a 1 heure,"Commercial H/F
Work 2000
Valence - 26
CDI
2 100 - 2 500 € / mois
... et avez une bonne connaissance de différents secteurs d'activité. - Esprit d'équipe et excellent relationnel sont des qualités qui...
Voir l’offre
il y a 1 heure",False,,2025-12-16T10:24:07.975467
Emploi Commerce,https://www.hellowork.com/fr-fr/emplois/73740664.html,73740664,Commercial France - Export Ingrédients et Pet Care H/F,Polaris,40 000 - 50 000 € / an,CDI,40 000 - 50 000 € / an,il y a 1 heure,"Commercial France - Export Ingrédients et Pet Care H/F
Polaris
Quimper - 29
CDI
40 000 - 50 000 € / an
Télétravail occasionnel
… la Compétences attendues : - Bac +4/5 ( commerce, agro, chimie, commerce - Anglais courant indispensable (2 langue -…
Voir l’offre
il y a 1 heure",True,,2025-12-16T10:24:23.559065
Emploi Commerce,https://www.hellowork.com/fr-fr/emplois/73740606.html,73740606,Animateur Commercial - Rayon Liquides - Leclerc Azay le Brule - 19-20 - 12 H/F,Demosthene,Azay-le-Brûlé - 79,CDD,"11,88 € / heure",il y a 1 heure,"Animateur Commercial - Rayon Liquides - Leclerc Azay le Brule - 19-20 - 12 H/F
Demosthene
Azay-le-Brûlé - 79
CDD
11,88 € / heure
2 jours
... la vente ou tout autre métier en contact avec des clients Nous attendons...
Voir l’offre
il y a 1 heure",False,,2025-12-16T10:24:24.153696
Emploi Commerce,https://www.hellowork.com/fr-fr/emplois/73740577.html,73740577,Conseiller Clientèle Particuliers H/F,FAB Group,Saint-Louis - 68,CDI,,il y a 1 heure,"Conseiller Clientèle Particuliers H/F
FAB Group
Saint-Louis - 68
CDI
Titulaire d'un Bac +2 à Bac +5, vous justifiez d'une expérience réussie en tant que Conseiller Particuliers. ...
Voir l’offre
il y a 1 heure",False,,2025-12-16T10:24:24.500930
Emploi Commerce,https://www.hellowork.com/fr-fr/emplois/73740551.html,73740551,Chargé d'Affaires H/F,360Ressources,Besançon - 25,CDI,,il y a 1 heure,"Chargé d'Affaires H/F
360Ressources
Super recruteur
Besançon - 25
CDI
... le travail en équipe ~ Bon communiquant, rigoureux, autonome ~ Capacité d'adaptation et d'anticipation
Voir l’offre
il y a 1 heure",False,,2025-12-16T10:24:24.865262
Emploi Commerce,https://www.hellowork.com/fr-fr/emplois/73740534.html,73740534,Commercial Itinérant H/F,Alessia,30 000 - 35 000 € / an,CDI,30 000 - 35 000 € / an,il y a 1 heure,"Commercial Itinérant H/F
Alessia
Avignon - 84
CDI
30 000 - 35 000 € / an
… +5), vous justifiez d'une première expérience réussie dans le commerce Au-delà de l'expérience, nous serons surtout attentifs à votre…
Voir l’offre
il y a 1 heure",False,,2025-12-16T10:24:25.218475
Emploi Commerce,https://www.hellowork.com/fr-fr/emplois/73740526.html,73740526,Solution Engineer H/F,Vusion Group,,CDI,,il y a 1 heure,"Solution Engineer H/F
Vusion Group
Londres - Royaume-uni
CDI
... - Engineering degree (IT specilialization is a plus) - Self-sufficient, self-starter with proven success taking ownership of project management -...
Voir l’offre
il y a 1 heure",False,,2025-12-16T10:24:25.662211
Emploi Commerce,https://www.hellowork.com/fr-fr/emplois/73740519.html,73740519,Chargé d'Affaires Commercial H/F,EDF Trading Logistics,Seine-Saint-Denis - 93,CDI,,il y a 1 heure,"Chargé d'Affaires Commercial H/F
EDF Trading Logistics
Seine-Saint-Denis - 93
CDI
… Diplômé(e) de formation Bac +4/Bac +5 (master, école de commerce ou commerce. Vous disposez d'une expérience minimum de 5…
Voir l’offre
il y a 1 heure",False,,2025-12-16T10:24:26.101285
Emploi Commerce,https://www.hellowork.com/fr-fr/emplois/73740483.html,73740483,Charge Support Commercial & Operations - Anglais Courant. H/F,Vista RH,40 000 - 45 000 € / an,CDI,40 000 - 45 000 € / an,il y a 1 heure,"Charge Support Commercial & Operations - Anglais Courant. H/F
Vista RH
Paris - 75
CDI
40 000 - 45 000 € / an
Télétravail partiel
… De formation minimum Bac +2 type BTS commerce les opérations clients ou le support commercial,…
Voir l’offre
il y a 1 heure",True,,2025-12-16T10:24:26.551695
Emploi Commerce,https://www.hellowork.com/fr-fr/emplois/73740421.html,73740421,Chargé du Développement Commercial H/F,Aftec Caen,26 000 - 30 000 € / an,CDI,26 000 - 30 000 € / an,il y a 1 heure,"Chargé du Développement Commercial H/F
Aftec Caen
Caen - 14
CDI
26 000 - 30 000 € / an
… : De formation supérieure (Bac +3 à Bac +5) dans le secteur du commerce , vous avez le goût du défi et le sens de la compétition, ce…
Voir l’offre
il y a 1 heure",False,,2025-12-16T10:24:27.021217
Emploi Commerce,https://www.hellowork.com/fr-fr/emplois/73740411.html,73740411,Technico-Commercial Btob H/F,,40 000 - 55 000 € / an,CDI,40 000 - 55 000 € / an,il y a 2 heures,"Technico-Commercial Btob H/F
Cette entreprise souhaite rester anonyme
Oyonnax - 01
CDI
40 000 - 55 000 € / an
Télétravail occasionnel
... - Vous êtes aussi à l'aise en prospection qu'en fidélisation - Vous êtes reconnu(e) pour votre autonomie, votre rigueur,...
Voir l’offre
il y a 2 heures",True,,2025-12-16T10:24:27.540280
Emploi Commerce,https://www.hellowork.com/fr-fr/emplois/73740353.html,73740353,Commercial Sédentaire H/F,SMMI Nacelles et Chariots,2 500 - 2 900 € / mois,CDI,2 500 - 2 900 € / mois,il y a 2 heures,"Commercial Sédentaire H/F
SMMI Nacelles et Chariots
Sassenage - 38
CDI
2 500 - 2 900 € / mois
... disposez d'une première expérience réussie dans la vente, idéalement en environnement technique en BtoB. Votre seul mot...
Voir l’offre
il y a 2 heures",False,,2025-12-16T10:24:28.017703
Emploi Commerce,https://www.hellowork.com/fr-fr/emplois/73740164.html,73740164,Commercial Agricole H/F,TSE Energy,35 000 - 45 000 € / an,CDI,35 000 - 45 000 € / an,il y a 2 heures,"Commercial Agricole H/F
TSE Energy
Laval - 53
CDI
35 000 - 45 000 € / an
Télétravail occasionnel
... interaction avec des interlocuteurs variés et de susciter leur adhésion. D'un naturel rigoureux et tenace, vous avez...
Voir l’offre
il y a 2 heures",True,,2025-12-16T10:24:28.450185
Emploi Commerce,https://www.hellowork.com/fr-fr/emplois/73740122.html,73740122,Responsable Commercial Assistance Respiratoire - 72 - CDI H/F,Aster Développement,40 000 - 48 000 € / an,CDI,40 000 - 48 000 € / an,il y a 2 heures,"Responsable Commercial Assistance Respiratoire - 72 - CDI H/F
Aster Développement
Le Mans - 72
CDI
40 000 - 48 000 € / an
... requises - Chasseur dans l'âme, vous aimez la prospection terrain, le challenge et...
Voir l’offre
il y a 2 heures",False,,2025-12-16T10:24:28.879762
Emploi Commerce,https://www.hellowork.com/fr-fr/emplois/73739964.html,73739964,Commercial Agricole H/F,TSE Energy,35 000 - 45 000 € / an,CDI,35 000 - 45 000 € / an,il y a 2 heures,"Commercial Agricole H/F
TSE Energy
Alençon - 61
CDI
35 000 - 45 000 € / an
Télétravail occasionnel
... - Des avantages CSE - Des espaces de travail modernes, agréables et conviviaux ...
Voir l’offre
il y a 2 heures",True,,2025-12-16T10:24:29.312462
Emploi Commerce,https://www.hellowork.com/fr-fr/emplois/73739641.html,73739641,Commercial Agricole H/F,TSE Energy,35 000 - 45 000 € / an,CDI,35 000 - 45 000 € / an,il y a 2 heures,"Commercial Agricole H/F
TSE Energy
Rennes - 35
CDI
35 000 - 45 000 € / an
Télétravail occasionnel
... relationnelle et vos capacités d'écoute, vous permettent d'être en interaction avec des interlocuteurs variés et de susciter leur adhésion. ...
Voir l’offre
il y a 2 heures",True,,2025-12-16T10:24:29.772397
Emploi Commerce,https://www.hellowork.com/fr-fr/emplois/73739586.html,73739586,Delegue Commercial Respiratoire - Alpes Maritimes H/F,Aster Développement,36 000 - 48 000 € / an,CDI,36 000 - 48 000 € / an,il y a 2 heures,"Delegue Commercial Respiratoire - Alpes Maritimes H/F
Aster Développement
Nice - 06
CDI
36 000 - 48 000 € / an
… du ... ... Talent commercial : - Passionné(e) par le commerce . - Vous êtes orienté(e) résultats et savez déployer des stratégies…
Voir l’offre
il y a 2 heures",False,,2025-12-16T10:24:30.244457
Emploi Commerce,https://www.hellowork.com/fr-fr/emplois/73739480.html,73739480,Chef de Projet International H/F,KALI Group,60 000 - 65 000 € / an,CDI,60 000 - 65 000 € / an,il y a 2 heures,"Chef de Projet International H/F
KALI Group
Égypte
CDI
60 000 - 65 000 € / an
... Nous recherchons avant tout un manager de projet, capable de structurer, prioriser et décider, plus qu'un expert technique pur.
Voir l’offre
il y a 2 heures",False,,2025-12-16T10:24:30.706769
Emploi Commerce,https://www.hellowork.com/fr-fr/emplois/73739448.html,73739448,Délégué Commercial Assistance Respiratoire - Nantes 44 - CDI H/F,Aster Développement,38 000 - 46 000 € / an,CDI,38 000 - 46 000 € / an,il y a 2 heures,"Délégué Commercial Assistance Respiratoire - Nantes 44 - CDI H/F
Aster Développement
Nantes - 44
CDI
38 000 - 46 000 € / an
… etc. Talent commercial : - Passionné(e) par le commerce . - Vous êtes orienté(e) résultats et savez déployer des stratégies vos…
Voir l’offre
il y a 2 heures",False,,2025-12-16T10:24:31.137664
Emploi Commerce,https://www.hellowork.com/fr-fr/emplois/73739368.html,73739368,Commercial Agricole H/F,TSE Energy,35 000 - 45 000 € / an,CDI,35 000 - 45 000 € / an,il y a 2 heures,"Commercial Agricole H/F
TSE Energy
Amiens - 80
CDI
35 000 - 45 000 € / an
Télétravail occasionnel
... - Des primes de naissance, de cooptation et de vacances - Une mutuelle...
Voir l’offre
il y a 2 heures",True,,2025-12-16T10:24:31.622282
Emploi Commerce,https://www.hellowork.com/fr-fr/emplois/73739282.html,73739282,Conseiller Funéraire - Bergerac Temps Partiel H/F,Groupe OGF,800 - 1 250 € / mois,Temps partiel,800 - 1 250 € / mois,il y a 2 heures,"Conseiller Funéraire - Bergerac Temps Partiel H/F
Groupe OGF
Bergerac - 24
CDI
Temps partiel
800 - 1 250 € / mois
... de l'écoute, de l'empathie, êtes soucieux de la qualité de service, et cherchez un métier unique, rejoignez OGF ! ...
Voir l’offre
il y a 2 heures",False,,2025-12-16T10:24:32.074495
Emploi Commerce,https://www.hellowork.com/fr-fr/emplois/73739163.html,73739163,Commercial Sédentaire H/F,Sup Interim,30 000 - 40 000 € / an,CDI,30 000 - 40 000 € / an,il y a 2 heures,"Commercial Sédentaire H/F
Sup Interim
Sarrebourg - 57
CDI
30 000 - 40 000 € / an
Travail de jour
… Vous êtes passionné(e) par le commerce Vous êtes reconnu(e) pour votre…
Voir l’offre
il y a 2 heures",False,,2025-12-16T10:24:45.908133
Emploi Commerce,https://www.hellowork.com/fr-fr/emplois/73739011.html,73739011,Commercial Terrain - Attaché Commercial H/F,Elis,1 800 - 1 900 € / mois,CDI,1 800 - 1 900 € / mois,il y a 2 heures,"Commercial Terrain - Attaché Commercial H/F
Elis
Super recruteur
Lille - 59
CDI
1 800 - 1 900 € / mois
... avez une formation commerciale type BTS, DUT ou une première expérience dans la vente de services, vous êtes autonome, persuasif...
Voir l’offre
il y a 2 heures",False,,2025-12-16T10:24:46.369414
Emploi Commerce,https://www.hellowork.com/fr-fr/emplois/73738942.html,73738942,Conseiller Client H/F,GPRH,Olivet - 45,CDI,,il y a 2 heures,"Conseiller Client H/F
GPRH
Olivet - 45
CDI
... Organisé, rigoureux et réactif, vous avez une appétence pour la relation client. ? Votre autonomie, votre sens des responsabilités...
Voir l’offre
il y a 2 heures",False,,2025-12-16T10:24:46.778628
Emploi Commerce,https://www.hellowork.com/fr-fr/emplois/73738903.html,73738903,Alternance Conseiller Clientele H/F,Groupe Actual,Basse-Terre - 971,Alternance,5 000 € / an,il y a 2 heures,"Alternance Conseiller Clientele H/F
Groupe Actual
Basse-Terre - 971
Alternance
5 000 € / an
Travail de jour
+ 1
… la vente et le commerce - Motivé, dynamique, ponctuel…
Voir l’offre
il y a 2 heures",False,,2025-12-16T10:24:47.235340
Emploi Commerce,https://www.hellowork.com/fr-fr/emplois/73737100.html,73737100,Conseiller Relation Client H/F,Supplay,13 - 14 € / heure,Intérim,13 - 14 € / heure,il y a 6 heures,"Conseiller Relation Client H/F
Supplay
Bailleul-Sir-Berthoult - 62
Intérim
13 - 14 € / heure
10 mois
votre expérience en call center sera fortement appréciée
Voir l’offre
il y a 6 heures",False,,2025-12-16T10:25:03.692489
Emploi Commerce,https://www.hellowork.com/fr-fr/emplois/73737085.html,73737085,Conseiller Clientele Distribution H/F,Supplay,14 - 15 € / heure,Intérim,14 - 15 € / heure,il y a 6 heures,"Conseiller Clientele Distribution H/F
Supplay
Isneauville - 76
Intérim
14 - 15 € / heure
18 mois
… ?? Formation - Bac à Bac +2/3 : Bac pro Métiers du commerce Digitalisation de la Relation Client) ou BTS MCO (Management Commercial -…
Voir l’offre
il y a 6 heures",False,,2025-12-16T10:25:04.101578
Emploi Commerce,https://www.hellowork.com/fr-fr/emplois/73737080.html,73737080,Conseiller Clients H/F,Supplay,22 000 - 25 000 € / an,CDI,22 000 - 25 000 € / an,il y a 6 heures,"Conseiller Clients H/F
Supplay
Saint-Herblain - 44
CDI
22 000 - 25 000 € / an
... Postulez ! Dès votre arrivée, vous êtes accompagnés au travers d'un parcours complet d'intégration. Tout au long de...
Voir l’offre
il y a 6 heures",False,,2025-12-16T10:25:04.450676
Emploi Commerce,https://www.hellowork.com/fr-fr/emplois/73737041.html,73737041,Assistant Commercial Vie du Réseau H/F,Orpi,Clichy - 92,CDI,,il y a 6 heures,"Assistant Commercial Vie du Réseau H/F
Orpi
Clichy - 92
CDI
... profil Formation : - BTS type Assistant(e) de Gestion Administrative et/ou Commerciale -...
Voir l’offre
il y a 6 heures",False,,2025-12-16T10:25:04.778669
Emploi Commerce,https://www.hellowork.com/fr-fr/emplois/73736976.html,73736976,Charge Relations Clients et Talents H/F,Appel Médical,Avignon - 84,CDD,2 041 € / mois,il y a 7 heures,"Charge Relations Clients et Talents H/F
Appel Médical
Avignon - 84
CDD
2 041 € / mois
6 mois
... de renommée internationale (Groupe Randstad). Pour postuler, merci d'adresser votre CV et votre lettre de motivation à l'adresse mail suivante...
Voir l’offre
il y a 7 heures",False,,2025-12-16T10:25:05.204023
Emploi Commerce,https://www.hellowork.com/fr-fr/emplois/73736904.html,73736904,Opportunité d'Emploi Chargé de Clientèle Entreprise H/F,Mistertemp',Chartres - 28,Intérim,"12,40 € / heure",il y a 8 heures,"Opportunité d'Emploi Chargé de Clientèle Entreprise H/F
Mistertemp'
Chartres - 28
Intérim
12,40 € / heure
62 jours
... Envie d'une expérience enrichissante au sein d'un acteur incontournable du service public ? La Poste, avec...
Voir l’offre
il y a 8 heures",False,,2025-12-16T10:25:05.640485
Emploi Commerce,https://www.hellowork.com/fr-fr/emplois/73736896.html,73736896,Chargé de Clientèle Entreprise H/F,Mistertemp',Auxerre - 89,Intérim,"12,40 € / heure",il y a 8 heures,"Chargé de Clientèle Entreprise H/F
Mistertemp'
Auxerre - 89
Intérim
12,40 € / heure
112 jours
... équipe dynamique et découvre un métier où l'humain est au centre de tout ! Vos missions ...
Voir l’offre
il y a 8 heures",False,,2025-12-16T10:25:06.093065
Emploi Commerce,https://www.hellowork.com/fr-fr/emplois/73736890.html,73736890,Chargé de Clientèle Entreprise H/F,Mistertemp',Orléans - 45,Intérim,"12,40 € / heure",il y a 8 heures,"Chargé de Clientèle Entreprise H/F
Mistertemp'
Orléans - 45
Intérim
12,40 € / heure
58 jours
... Profil recherché Le profil idéal : Tu es à l'aise avec...
Voir l’offre
il y a 8 heures",False,,2025-12-16T10:25:06.598138
Emploi Commerce,https://www.hellowork.com/fr-fr/emplois/73736876.html,73736876,Chargé de Clientèle Entreprise H/F,Mistertemp',Charleville-Mézières - 08,Intérim,"12,40 € / heure",il y a 8 heures,"Chargé de Clientèle Entreprise H/F
Mistertemp'
Charleville-Mézières - 08
Intérim
12,40 € / heure
112 jours
... Un job utile où tu rends service chaque jour Poste en situation debout Prolongée ...
Voir l’offre
il y a 8 heures",False,,2025-12-16T10:25:07.157529
Emploi Commerce,https://www.hellowork.com/fr-fr/emplois/73736875.html,73736875,Chargé de Clientèle Entreprise H/F,Mistertemp',Châtenoy-le-Royal - 71,Intérim,"12,40 € / heure",il y a 8 heures,"Chargé de Clientèle Entreprise H/F
Mistertemp'
Châtenoy-le-Royal - 71
Intérim
12,40 € / heure
87 jours
... La Poste et Mistertemp' ? Une équipe bienveillante qui t'accompagne dès le premier jour ...
Voir l’offre
il y a 8 heures",False,,2025-12-16T10:25:07.692105
Emploi Commerce,https://www.hellowork.com/fr-fr/emplois/73736869.html,73736869,Chargé de Clientèle Entreprise H/F,Mistertemp',Wissembourg - 67,Intérim,"12,40 € / heure",il y a 8 heures,"Chargé de Clientèle Entreprise H/F
Mistertemp'
Wissembourg - 67
Intérim
12,40 € / heure
112 jours
... Tu es curieux(se) et prêt(e) à apprendre Tu es à l'aise avec les outils numériques...
Voir l’offre
il y a 8 heures",False,,2025-12-16T10:25:08.188640
Emploi Commerce,https://www.hellowork.com/fr-fr/emplois/73736868.html,73736868,Chargé de Clientèle Entreprise H/F,Mistertemp',Pontivy - 56,Intérim,"12,40 € / heure",il y a 8 heures,"Chargé de Clientèle Entreprise H/F
Mistertemp'
Pontivy - 56
Intérim
12,40 € / heure
140 jours
... Une première expérience sur un poste similaire est indispensable. Profil recherché Tu es...
Voir l’offre
il y a 8 heures",False,,2025-12-16T10:25:08.645033
Emploi Commerce,https://www.hellowork.com/fr-fr/emplois/73736864.html,73736864,Opportunité d'Emploi Chargé de Clientèle Entreprise H/F,Mistertemp',Reims - 51,Intérim,"12,40 € / heure",il y a 8 heures,"Opportunité d'Emploi Chargé de Clientèle Entreprise H/F
Mistertemp'
Reims - 51
Intérim
12,40 € / heure
112 jours
... Profil recherché Le profil idéal : - Tu es à l'aise...
Voir l’offre
il y a 8 heures",False,,2025-12-16T10:25:09.119563
Emploi Commerce,https://www.hellowork.com/fr-fr/emplois/73736861.html,73736861,Chargé de Clientèle Entreprise H/F,Mistertemp',Épernay - 51,Intérim,"12,40 € / heure",il y a 8 heures,"Chargé de Clientèle Entreprise H/F
Mistertemp'
Épernay - 51
Intérim
12,40 € / heure
156 jours
... en back-office Pré-requis BAC / Bac +2 Une première expérience sur...
Voir l’offre
il y a 8 heures",False,,2025-12-16T10:25:09.627555
Emploi Commerce,https://www.hellowork.com/fr-fr/emplois/73736857.html,73736857,Conseiller en Service Relation Clients H/F,La Poste Groupe,26 000 - 29 000 € / an,CDI,26 000 - 29 000 € / an,il y a 8 heures,"Conseiller en Service Relation Clients H/F
La Poste Groupe
Nantes - 44
CDI
26 000 - 29 000 € / an
Télétravail partiel
... maintenant et devenez acteur d'une finance responsable et durable. « Chez nous, toutes les offres peuvent être envisagées à...
Voir l’offre
il y a 8 heures",True,,2025-12-16T10:25:10.074898
Emploi Commerce,https://www.hellowork.com/fr-fr/emplois/73736815.html,73736815,Technico Commercial Btob H/F,Jubil Intérim,2 500 - 3 300 € / mois,CDI,2 500 - 3 300 € / mois,il y a 8 heures,"Technico Commercial Btob H/F
Jubil Intérim
Chassieu - 69
CDI
2 500 - 3 300 € / mois
... en équipe, au sein d'un collectif et vous avez à coeur de satisfaire vos clients Vous faites preuve de rigueur
Voir l’offre
il y a 8 heures",False,,2025-12-16T10:25:27.387605
Emploi Commerce,https://www.hellowork.com/fr-fr/emplois/73736735.html,73736735,Commercial H/F,SOS Intérim,12 - 16 € / heure,Intérim,12 - 16 € / heure,il y a 8 heures,"Commercial H/F
SOS Intérim
Pont-Audemer - 27
Intérim
12 - 16 € / heure
9 mois
... une personne issue d'une formation Bac +2 ou équivalent dans une filière commerciale idéalement ayant des connaissances de la menuiserie...
Voir l’offre
il y a 8 heures",False,,2025-12-16T10:25:27.826677
Emploi Commerce,https://www.hellowork.com/fr-fr/emplois/73736687.html,73736687,Chargé d'Affaires en Mobilier de Luxe H/F,Tribay,16 - 17 € / heure,CDI,16 - 17 € / heure,il y a 8 heures,"Chargé d'Affaires en Mobilier de Luxe H/F
Tribay
Tarbes - 65
CDI
16 - 17 € / heure
... à l'étranger (usines, sites clients) Rejoignez une équipe dynamique où chaque projet est un nouveau défi à relever !
Voir l’offre
il y a 8 heures",False,,2025-12-16T10:25:28.253095
Emploi Commerce,https://www.hellowork.com/fr-fr/emplois/73736642.html,73736642,Business Développeur Digital en CDI Vers Toulouse 31 H/F,,35 000 - 45 000 € / an,CDI,35 000 - 45 000 € / an,il y a 8 heures,"Business Développeur Digital en CDI Vers Toulouse 31 H/F
Cette entreprise souhaite rester anonyme
Caraman - 31
CDI
35 000 - 45 000 € / an
Télétravail partiel
... et les outils numériques innovants (Zoho, Aircall, Leexi). Expérience préalable avec Zoho CRM fortement appréciée. Sens aigu de l'analyse.",True,,2025-12-16T10:25:28.723856
Emploi Commerce,https://www.hellowork.com/fr-fr/emplois/73736546.html,73736546,Responsable Clientèle de Proximité H/F,3F,30 000 - 35 000 € / an,CDI,30 000 - 35 000 € / an,il y a 8 heures,"Responsable Clientèle de Proximité H/F
3F
Dieppe - 76
CDI
30 000 - 35 000 € / an
Télétravail partiel
... le travail partenarial. Vous faites preuve de réactivité, de rigueur et d'organisation. De formation supérieure de type Bac +3/4...
Voir l’offre
il y a 8 heures",True,,2025-12-16T10:25:29.217316
Emploi Commerce,https://www.hellowork.com/fr-fr/emplois/73736536.html,73736536,Commercial B2b Itinérant H/F,UPTOO,45 000 - 55 000 € / an,CDI,45 000 - 55 000 € / an,il y a 8 heures,"Commercial B2b Itinérant H/F
UPTOO
Reims - 51
CDI
45 000 - 55 000 € / an
... : vous avez envie d'apprendre, de vous dépasser et d'évoluer dans un environnement dynamique. - Esprit d'équipe et sens...
Voir l’offre
il y a 8 heures",False,,2025-12-16T10:25:29.668291
Emploi Commerce,https://www.hellowork.com/fr-fr/emplois/73736493.html,73736493,Responsable de Compte Client en Sécurité Privée Bilingue Anglais Sam H/F,Securitas,56 000 - 57 000 € / an,CDI,56 000 - 57 000 € / an,il y a 8 heures,"Responsable de Compte Client en Sécurité Privée Bilingue Anglais Sam H/F
Securitas
Île-de-France
CDI
56 000 - 57 000 € / an
... aurez un 1er entretien de recrutement avec un.e professionnel.le du recrutement pour valider votre motivation et faire votre connaissance. ...
Voir l’offre
il y a 8 heures",False,,2025-12-16T10:25:30.113377
Emploi Commerce,https://www.hellowork.com/fr-fr/emplois/73736115.html,73736115,Chargé d 'Affaires H/F,Groupe Actual,45 000 - 55 000 € / an,CDI,45 000 - 55 000 € / an,il y a 8 heures,"Chargé d 'Affaires H/F
Groupe Actual
Saint-Chamond - 42
CDI
45 000 - 55 000 € / an
Travail de jour
... et les fidéliser. Vous êtes à l'aise avec l'exercice de la négociation. Vous êtes en capacité de coordonner les études...
Voir l’offre
il y a 8 heures",False,,2025-12-16T10:25:30.657795
Emploi Commerce,https://www.hellowork.com/fr-fr/emplois/73735661.html,73735661,Commercial Sédentaire H/F,Partnaire,30 000 - 40 000 € / an,CDI,30 000 - 40 000 € / an,il y a 8 heures,"Commercial Sédentaire H/F
Partnaire
Le Poiré-sur-Vie - 85
CDI
30 000 - 40 000 € / an
Travail de jour
… La technique dans la peau, le commerce ou maintenance TP/Agri) ? C'est un…
Voir l’offre
il y a 8 heures",False,,2025-12-16T10:25:31.245016
Emploi Commerce,https://www.hellowork.com/fr-fr/emplois/73735395.html,73735395,Directeur Commercial & Marketing H/F,Mercato de l'emploi,Allaire - 56,CDI,,il y a 8 heures,"Directeur Commercial & Marketing H/F
Mercato de l'emploi
Allaire - 56
CDI
… et des indicateurs de performance. Formation & expérience - Diplôme école de commerce - 10 ans minimum d'expérience, dont 5 ans en et…
Voir l’offre
il y a 8 heures",False,,2025-12-16T10:25:31.668080
Emploi Commerce,https://www.hellowork.com/fr-fr/emplois/73735378.html,73735378,Technico Commercial en Nutrition Animale H/F,Mercato de l'emploi,30 000 - 50 000 € / an,CDI,30 000 - 50 000 € / an,il y a 8 heures,"Technico Commercial en Nutrition Animale H/F
Mercato de l'emploi
Charente - 16
CDI
30 000 - 50 000 € / an
... en nutrition animale et d'une expériences commerciale terrain. Vous avez un excellent relationnel et vous êtes capable d'établir des...
Voir l’offre
il y a 8 heures",False,,2025-12-16T10:25:32.120627
Emploi Commerce,https://www.hellowork.com/fr-fr/emplois/73735350.html,73735350,Attaché Commercial 71 H/F,Piscines Waterair,40 000 - 100 000 € / an,CDI,40 000 - 100 000 € / an,il y a 8 heures,"Attaché Commercial 71 H/F
Piscines Waterair
Chalon-sur-Saône - 71
CDI
40 000 - 100 000 € / an
Et nous, qu'est-ce qu'on attend de vous ? Vous êtes sympa, positif, conquérant, impliqué, vous aimez les gens et êtes...
Voir l’offre
il y a 8 heures",False,,2025-12-16T10:25:32.586686
Emploi Commerce,https://www.hellowork.com/fr-fr/emplois/73735341.html,73735341,Chargé de Développement Commercial H/F,Isagri,Beauvais - 60,CDI,,il y a 8 heures,"Chargé de Développement Commercial H/F
Isagri
Beauvais - 60
CDI
Télétravail partiel
… de affinités et compétences vers le management, le marketing, le commerce auprès de clients grands comptes ou encore l'international.…
Voir l’offre
il y a 8 heures",True,,2025-12-16T10:25:33.077889
Emploi Commerce,https://www.hellowork.com/fr-fr/emplois/73735329.html,73735329,Chargé de Développement Commercial H/F,Isagri,Beauvais - 60,CDI,,il y a 8 heures,"Chargé de Développement Commercial H/F
Isagri
Beauvais - 60
CDI
Télétravail occasionnel
... commerciale (intérêt pour comprendre le produit, le marché et les enjeux du client) - Capacité à qualifier rapidement un...
Voir l’offre
il y a 8 heures",True,,2025-12-16T10:25:33.538020
Emploi Commerce,https://www.hellowork.com/fr-fr/emplois/73735326.html,73735326,Commercial Sédentaire - Solution Zoodiag - Secteur Vétérinaire Rural H/F,Isagri,Beauvais - 60,CDI,,il y a 8 heures,"Commercial Sédentaire - Solution Zoodiag - Secteur Vétérinaire Rural H/F
Isagri
Beauvais - 60
CDI
Télétravail partiel
… de affinités et compétences vers le management, le marketing, le commerce auprès de clients grands comptes ou encore l'international.…
Voir l’offre
il y a 8 heures",True,,2025-12-16T10:25:34.025449
Emploi Commerce,https://www.hellowork.com/fr-fr/emplois/73735322.html,73735322,Assistant Commercial H/F,Terrena,Mésanger - 44,CDI,,il y a 8 heures,"Assistant Commercial H/F
Terrena
Mésanger - 44
CDI
Au-delà de votre expertise, nous comptons sur votre motivation et votre personnalité. De formation Bac +2 en gestion, support...
Voir l’offre
il y a 8 heures",False,,2025-12-16T10:25:34.495983
Emploi Commerce,https://www.hellowork.com/fr-fr/emplois/73735101.html,73735101,Technico-Commercial H/F,Aquila RH,Chagny - 71,CDI,,il y a 8 heures,"Technico-Commercial H/F
Aquila RH
Chagny - 71
CDI
… Le candidat idéal ne nécessite pas d'être issu du commerce et une grande capacité de persuasion. Informations complémentaires Type de…
Voir l’offre
il y a 8 heures",False,,2025-12-16T10:25:34.931819
Emploi Commerce,https://www.hellowork.com/fr-fr/emplois/73734946.html,73734946,Animateur Commercial H/F,Lynx RH,43 000 - 46 000 € / an,CDI,43 000 - 46 000 € / an,il y a 8 heures,"Animateur Commercial H/F
Lynx RH
Toul - 54
CDI
43 000 - 46 000 € / an
… Compétences attendues - Formation Bac +2 minimum en commerce . - Expérience confirmée en management d'équipe commerciale, idéalement…
Voir l’offre
il y a 8 heures",False,,2025-12-16T10:25:35.377932
Emploi Commerce,https://www.hellowork.com/fr-fr/emplois/73734518.html,73734518,Technico-Commercial H/F,Aquila RH,Chalon-sur-Saône - 71,CDI,,il y a 9 heures,"Technico-Commercial H/F
Aquila RH
Chalon-sur-Saône - 71
CDI
... solutions telecom adaptées - Participer à des événements commerciaux - Assurer le suivi des ventes et des contrats...
Voir l’offre
il y a 9 heures",False,,2025-12-16T10:25:35.855533
Emploi Commerce,https://www.hellowork.com/fr-fr/emplois/73734434.html,73734434,Technico-Commercial H/F,Aquila RH,Beaune - 21,CDI,,il y a 9 heures,"Technico-Commercial H/F
Aquila RH
Beaune - 21
CDI
… Le candidat idéal ne nécessite pas d'être issu du commerce et une grande capacité de persuasion. Informations complémentaires Type de…
Voir l’offre
il y a 9 heures",False,,2025-12-16T10:25:36.349189
Emploi Commerce,https://www.hellowork.com/fr-fr/emplois/73733341.html,73733341,Conseiller Technico-Commercial - Chassieu H/F,Kiloutou,Chassieu - 69,CDI,,il y a 9 heures,"Conseiller Technico-Commercial - Chassieu H/F
Kiloutou
Chassieu - 69
CDI
... expérience. En plus d'un parcours évolutif, nous vous proposons un package attractif : bonus mensuels, intéressements...
Voir l’offre
il y a 9 heures",False,,2025-12-16T10:25:51.442704
Emploi Commerce,https://www.hellowork.com/fr-fr/emplois/73733257.html,73733257,Assistant Commercial H/F,Randstad,26 400 - 28 000 € / an,CDD,26 400 - 28 000 € / an,il y a 9 heures,"Assistant Commercial H/F
Randstad
Oyonnax - 01
CDD
26 400 - 28 000 € / an
5 mois
... autonome et vous avez de bonnes qualités relationnelles, alors ce poste est fait pour vous ! L'anglais est...
Voir l’offre
il y a 9 heures",False,,2025-12-16T10:25:51.950570
Emploi Commerce,https://www.hellowork.com/fr-fr/emplois/73733005.html,73733005,Commercial Impression H/F,Start People,30 000 - 33 000 € / an,CDI,30 000 - 33 000 € / an,il y a 9 heures,"Commercial Impression H/F
Start People
Nantes - 44
CDI
30 000 - 33 000 € / an
... conquête de nouveaux clients, leur apporter de nouvelles solutions avec leurs outils de communication vous anime au quotidien. ...
Voir l’offre
il y a 9 heures",False,,2025-12-16T10:25:52.478296
Emploi Commerce,https://www.hellowork.com/fr-fr/emplois/73732964.html,73732964,Commercial Sédentaire Bilingue Allemand H/F,Start People,Tain-l'Hermitage - 26,CDI,28 000 € / an,il y a 9 heures,"Commercial Sédentaire Bilingue Allemand H/F
Start People
Tain-l'Hermitage - 26
CDI
28 000 € / an
... et satisfaction client. Prêt à vous lancer ? Postulez ! Dans le cadre de sa politique Diversité,...
Voir l’offre
il y a 9 heures",False,,2025-12-16T10:25:53.011221
Emploi Commerce,https://www.hellowork.com/fr-fr/emplois/73732961.html,73732961,Business Developer H/F,Start People.,2 000 - 2 200 € / mois,Intérim,2 000 - 2 200 € / mois,il y a 9 heures,"Business Developer H/F
Start People.
Limas - 69
Intérim
2 000 - 2 200 € / mois
6 mois
... étudie à compétences égales toutes candidatures dont celles de personnes en situation de handicap Notre agence revient vers vous par...
Voir l’offre
il y a 9 heures",False,,2025-12-16T10:25:53.571264
Emploi Commerce,https://www.hellowork.com/fr-fr/emplois/73732821.html,73732821,Assistant·e Commercial·e H/F,Start People.,Lyon 3e - 69,Intérim,"12,12 € / heure",il y a 9 heures,"Assistant·e Commercial·e H/F
Start People.
Lyon 3e - 69
Intérim
12,12 € / heure
4 mois
... Prêt à vous lancer ? Postulez ! Dans le cadre de sa politique Diversité, Start People...
Voir l’offre
il y a 9 heures",False,,2025-12-16T10:25:54.032639
Emploi Commerce,https://www.hellowork.com/fr-fr/emplois/73732816.html,73732816,Charge d'Affaire Industriel H/F,Start People,Orléans - 45,CDI,35 000 € / an,il y a 9 heures,"Charge d'Affaire Industriel H/F
Start People
Orléans - 45
CDI
35 000 € / an
Vous possédez des bonnes bases techniques : électricité, mécanique industriel pour pouvoir effectuer vos devis et un bon relationnel. Etre...
Voir l’offre
il y a 9 heures",False,,2025-12-16T10:25:54.483414
Emploi Commerce,https://www.hellowork.com/fr-fr/emplois/73732804.html,73732804,Chargé de Clientèle Bilingue Allemand H/F,Start People.,15 - 20 € / heure,Intérim,15 - 20 € / heure,il y a 9 heures,"Chargé de Clientèle Bilingue Allemand H/F
Start People.
Villefranche-sur-Saône - 69
Intérim
15 - 20 € / heure
Télétravail partiel
+ 1
... la vente ou en administratif ? Vous maitrisez la langue allemande à l'écrit et à l'oral ? Dans le cadre...
Voir l’offre
il y a 9 heures",True,,2025-12-16T10:25:54.991249
Emploi Commerce,https://www.hellowork.com/fr-fr/emplois/73732793.html,73732793,Responsable d'Affaires Electricite H/F,Start People,Reims - 51,CDI,,il y a 9 heures,"Responsable d'Affaires Electricite H/F
Start People
Reims - 51
CDI
Dans le cadre de sa politique Diversité, Start People étudie à compétences égales toutes candidatures dont celles de personnes en...
Voir l’offre
il y a 9 heures",False,,2025-12-16T10:25:55.444667
Emploi Commerce,https://www.hellowork.com/fr-fr/emplois/73732734.html,73732734,Charge Developpement Export H/F,Start People.,Candillargues - 34,Intérim,"16,91 € / heure",il y a 9 heures,"Charge Developpement Export H/F
Start People.
Candillargues - 34
Intérim
16,91 € / heure
2 mois
... pourrez échanger avec un(e) chargé(e) de recrutement, afin qu'il valide l'adéquation de votre profil. Nous vous accueillerons ensuite en agence...
Voir l’offre
il y a 9 heures",False,,2025-12-16T10:25:55.939325
Emploi Commerce,https://www.hellowork.com/fr-fr/emplois/73732509.html,73732509,Commercial Export - Trilingue H/F,Start People,40 000 - 55 000 € / an,CDI,40 000 - 55 000 € / an,il y a 9 heures,"Commercial Export - Trilingue H/F
Start People
Concarneau - 29
CDI
40 000 - 55 000 € / an
... Dans le cadre de sa politique Diversité, Start People étudie à compétences égales toutes candidatures dont celles de personnes en...
Voir l’offre
il y a 9 heures",False,,2025-12-16T10:25:56.429222
Emploi Commerce,https://www.hellowork.com/fr-fr/emplois/73732426.html,73732426,Technico Commercial Electrotechnique H/F,Start People,2 000 - 2 300 € / mois,CDI,2 000 - 2 300 € / mois,il y a 9 heures,"Technico Commercial Electrotechnique H/F
Start People
Villefranche-sur-Saône - 69
CDI
2 000 - 2 300 € / mois
... afin qu'il valide l'adéquation de votre profil. Nous vous accueillerons ensuite en agence pour vous faire passer des tests sécurité...
Voir l’offre
il y a 9 heures",False,,2025-12-16T10:25:56.899729
Emploi Commerce,https://www.hellowork.com/fr-fr/emplois/73732253.html,73732253,Responsable Commercial H/F,Les Colettes,50 000 - 100 000 € / an,CDI,50 000 - 100 000 € / an,il y a 9 heures,"Responsable Commercial H/F
Les Colettes
Angers - 49
CDI
50 000 - 100 000 € / an
Télétravail complet
... des interlocuteurs de haut niveau (grands comptes, institutions...). - Appétence forte pour la prospection, l'ouverture de comptes et la...
Voir l’offre
il y a 9 heures",True,,2025-12-16T10:25:57.362941
Emploi Commerce,https://www.hellowork.com/fr-fr/emplois/73732247.html,73732247,Assistant Commercial H/F,Synergie,25 000 - 30 000 € / an,CDI,25 000 - 30 000 € / an,il y a 9 heures,"Assistant Commercial H/F
Synergie
Beaupréau-en-Mauges - 49
CDI
25 000 - 30 000 € / an
Début le 12 janv.
… La société spécialisée dans le commerce de renforcer ses équipes. Le…
Voir l’offre
il y a 9 heures",False,,2025-12-16T10:25:57.951563
Emploi Commerce,https://www.hellowork.com/fr-fr/emplois/73732245.html,73732245,Commercial Sédentaire H/F,Synergie,25 000 - 30 000 € / an,CDI,25 000 - 30 000 € / an,il y a 9 heures,"Commercial Sédentaire H/F
Synergie
Beaupréau-en-Mauges - 49
CDI
25 000 - 30 000 € / an
Début le 5 janv.
... Réglementations spécifiques à l'entreprise - Techniques de vente - Prospection commerciale - Techniques commerciales - Connaissance de l'offre de l'entreprise...
Voir l’offre
il y a 9 heures",False,,2025-12-16T10:25:58.503698
Emploi Commerce,https://www.hellowork.com/fr-fr/emplois/73732203.html,73732203,Conseiller - Conseillere de Clientele Particuliers H/F,Crédit Mutuel,28 000 - 33 000 € / an,CDI,28 000 - 33 000 € / an,il y a 9 heures,"Conseiller - Conseillere de Clientele Particuliers H/F
Crédit Mutuel
Stenay - 55
CDI
28 000 - 33 000 € / an
Télétravail partiel
... sociale encourageant le développement des compétences et la promotion interne, d'une protection sociale de haut niveau ainsi qu'une politique volontariste...
Voir l’off",True,,2025-12-16T10:25:58.989147
Emploi Commerce,https://www.hellowork.com/fr-fr/emplois/73732191.html,73732191,Commercial B2b H/F,Synergie,35 000 - 40 000 € / an,CDI,35 000 - 40 000 € / an,il y a 9 heures,"Commercial B2b H/F
Synergie
Douai - 59
CDI
35 000 - 40 000 € / an
Début le 12 janv.
... Variable 8 à 15 K€ (commissions calculées sur le CA, versées mensuellement) - Ticket restaurant 10€ pris en charge à...
Voir l’offre
il y a 9 heures",False,,2025-12-16T10:25:59.444348
Emploi Commerce,https://www.hellowork.com/fr-fr/emplois/73732157.html,73732157,Manager Relation Client en Alternance H/F,Auchan Retail France,17 294 - 21 618 € / an,Alternance,17 294 - 21 618 € / an,il y a 9 heures,"Manager Relation Client en Alternance H/F
Auchan Retail France
Leers - 59
Alternance
17 294 - 21 618 € / an
... Vous voulez en savoir plus sur nos engagements ? Nous nous mobilisons au quotidien autour de 4...
Voir l’offre
il y a 9 heures",False,,2025-12-16T10:25:59.919068
Emploi Commerce,https://www.hellowork.com/fr-fr/emplois/73732060.html,73732060,Commercial IT H/F,SCG Sourcing,35 000 - 45 000 € / an,CDI,35 000 - 45 000 € / an,il y a 9 heures,"Commercial IT H/F
SCG Sourcing
Lille - 59
CDI
35 000 - 45 000 € / an
... et aimez apporter vos idées ? Parfait, notre client est à la recherche d'un profil dynamique, curieux et investi qui...
Voir l’offre
il y a 9 heures",False,,2025-12-16T10:26:00.398723
Emploi Commerce,https://www.hellowork.com/fr-fr/emplois/73732059.html,73732059,Assistant Commercial - CDI - Brest 29 H/F,Fiducial,Brest - 29,CDI,,il y a 9 heures,"Assistant Commercial - CDI - Brest 29 H/F
Fiducial
Brest - 29
CDI
... intégrant une équipe conviviale et dynamique ! Travailler pour un groupe comme FIDUCIAL OFFICE SOLUTIONS, c'est bénéficier de formations...
Voir l’offre
il y a 9 heures",False,,2025-12-16T10:26:00.830177
Emploi Commerce,https://www.hellowork.com/fr-fr/emplois/73732055.html,73732055,Conseiller de Clientèle Particulier Expérimenté Bancaire H/F,Crédit Agricole d'Ile de France,2 400 - 2 750 € / mois,CDI,2 400 - 2 750 € / mois,il y a 9 heures,"Conseiller de Clientèle Particulier Expérimenté Bancaire H/F
Crédit Agricole d'Ile de France
Paris - 75
CDI
2 400 - 2 750 € / mois
Télétravail partiel
... de développement personnel. Avec plus de 140 métiers disponibles, vous avez l'opportunité de construire votre parcours de carrière, sur le...
Voi",True,,2025-12-16T10:26:16.816183
Emploi Commerce,https://www.hellowork.com/fr-fr/emplois/73732046.html,73732046,Assistant Commercial H/F,XEFI,26 400 - 36 000 € / an,CDI,26 400 - 36 000 € / an,il y a 9 heures,"Assistant Commercial H/F
XEFI
Rillieux-la-Pape - 69
CDI
26 400 - 36 000 € / an
... sont de rigueur. Nous avons à coeur de proposer à nos collaborateurs des carrières dans laquelle ils pourront concilier vie...
Voir l’offre
il y a 9 heures",False,,2025-12-16T10:26:17.298402
Emploi Commerce,https://www.hellowork.com/fr-fr/emplois/73732043.html,73732043,Alternance - Assistant Commercial H/F,Studi CFA,"486,49 - 1 801,80 € / mois",Alternance,"486,49 - 1 801,80 € / mois",il y a 9 heures,"Alternance - Assistant Commercial H/F
Studi CFA
Le Havre - 76
Alternance
486,49 - 1 801,80 € / mois
… à présent en suivant l'une de nos formations diplômantes en SOUS- Commerce Vente reconnue par l'État. Vous avez déjà postulé pour une…
Voir l’offre
il y a 9 heures",False,,2025-12-16T10:26:17.746618
Emploi Commerce,https://www.hellowork.com/fr-fr/emplois/73732029.html,73732029,Commercial Menuiserie H/F,Hexagon,35 000 - 55 000 € / an,CDI,35 000 - 55 000 € / an,il y a 9 heures,"Commercial Menuiserie H/F
Hexagon
Armentières - 59
CDI
35 000 - 55 000 € / an
Télétravail partiel
... L'expérience attendue Expérience de 3 à 5 ans minimum sur un poste de commercial terrain, idéalement dans...
Voir l’offre
il y a 9 heures",True,,2025-12-16T10:26:18.273967
Emploi Commerce,https://www.hellowork.com/fr-fr/emplois/73732011.html,73732011,Assistant Commercial H/F,Groupe Valeor,2 400 - 2 650 € / mois,CDI,2 400 - 2 650 € / mois,il y a 9 heures,"Assistant Commercial H/F
Groupe Valeor
Melesse - 35
CDI
2 400 - 2 650 € / mois
... et granulés, nous réchauffons des vies et transformons chaque projet client en une aventure conviviale. Si vous êtes prêt(e) à...
Voir l’offre
il y a 9 heures",False,,2025-12-16T10:26:18.687968
Emploi Commerce,https://www.hellowork.com/fr-fr/emplois/73732005.html,73732005,Conseiller Clientèle Particuliers H/F,Crédit Agricole des Régions du Centre,35 000 - 40 000 € / an,CDI,35 000 - 40 000 € / an,il y a 9 heures,"Conseiller Clientèle Particuliers H/F
Crédit Agricole des Régions du Centre
Montrichard Val de Cher - 41
CDI
35 000 - 40 000 € / an
… - à l'écoute des informations permettant de connaitre son fonds de commerce et son environnement, - Contribuer au développement de en…
Voir l’offre
il y a 9 heures",False,,2025-12-16T10:26:19.136479
Emploi Commerce,https://www.hellowork.com/fr-fr/emplois/73732003.html,73732003,Manager Commercial Impression - Creteil H/F,DFM,45 000 - 90 000 € / an,CDI,45 000 - 90 000 € / an,il y a 9 heures,"Manager Commercial Impression - Creteil H/F
DFM
Super recruteur
Créteil - 94
CDI
45 000 - 90 000 € / an
... - Salle de sport privée avec cours gratuits (Parce qu'un challenge commercial mérite aussi un challenge sportif !). -...
Voir l’offre
il y a 9 heures",False,,2025-12-16T10:26:19.609607
Emploi Commerce,https://www.hellowork.com/fr-fr/emplois/73731969.html,73731969,Alternant·e Assistant·e Commercial·e H/F,AFPA,"486,49 - 1 801,80 € / mois",Alternance,"486,49 - 1 801,80 € / mois",il y a 10 heures,"Alternant·e Assistant·e Commercial·e H/F
AFPA
Saint-Brieuc - 22
Alternance
486,49 - 1 801,80 € / mois
12 mois
... en alternance d'une durée de 12 à 18 mois vous suivrez une formation à distance avec Territoire Digital. ...
Voir l’offre
il y a 10 heures",False,,2025-12-16T10:26:20.127338
Emploi Commerce,https://www.hellowork.com/fr-fr/emplois/72666847.html,72666847,Technico-Commercial Itinérant H/F,ISERMA SEARCH,23 000 - 29 000 € / an,CDI,23 000 - 29 000 € / an,il y a 10 heures,"Technico-Commercial Itinérant H/F
ISERMA SEARCH
Savoie - 73
CDI
23 000 - 29 000 € / an
... l'automotive - connaissances en informatique : utilisation de tablette tactile + Excel - expérience...
Voir l’offre
il y a 10 heures",False,,2025-12-16T10:26:20.569661
Emploi Commerce,https://www.hellowork.com/fr-fr/emplois/71552055.html,71552055,Assistant Commercial Alternance H/F,Groupe Alternance Aix-en-Provence,774 - 1 801 € / mois,Alternance,774 - 1 801 € / mois,il y a 10 heures,"Assistant Commercial Alternance H/F
Groupe Alternance Aix-en-Provence
Vitrolles - 13
Alternance
774 - 1 801 € / mois
24 mois
… à l'oral et goût du contact - Motivation pour les métiers du commerce et de la relation client - Maîtrise des outils informatiques et…
Voir l’offre
il y a 10 heures",False,,2025-12-16T10:26:21.003205
Emploi Commerce,https://www.hellowork.com/fr-fr/emplois/71554804.html,71554804,Commercial - Cigarette Électronique H/F,DMF,Clichy - 92,CDD,,il y a 10 heures,"Commercial - Cigarette Électronique H/F
DMF
Clichy - 92
CDD
12 mois
... les objectifs fixés. -Présentation impeccable : Vous êtes une personne très présentable, capable de véhiculer une image...
Voir l’offre
il y a 10 heures",False,,2025-12-16T10:26:21.402475
Emploi Commerce,https://www.hellowork.com/fr-fr/emplois/71552598.html,71552598,Chef de Secteur Commerce H/F,Weldom S.A,2 850 - 3 000 € / mois,CDI,2 850 - 3 000 € / mois,il y a 10 heures,"Chef de Secteur Commerce H/F
Weldom S.A
Ploërmel - 56
CDI
2 850 - 3 000 € / mois
… la stratégie et le concept - Animer la relation clients, le commerce , l'offre de produits, les services et l'omnicanal - Développer …
Voir l’offre
il y a 10 heures",False,,2025-12-16T10:26:21.846971
Emploi Commerce,https://www.hellowork.com/fr-fr/emplois/71550192.html,71550192,Responsable Commercial France H/F,Lafarge France,Osny - 95,CDI,,il y a 10 heures,"Responsable Commercial France H/F
Lafarge France
Osny - 95
CDI
Télétravail partiel
... initiatives de vente intelligentes pour renforcer notre présence sur le marché - Présenter nos produits de haute qualité avec assurance,...
Voir l’offre
il y a 10 heures",True,,2025-12-16T10:26:22.258080
Emploi Commerce,https://www.hellowork.com/fr-fr/emplois/71550885.html,71550885,Commercial en Énergies Renouvelables en Alternance H/F,Groupe Alternance Toulon,Toulon - 83,Alternance,,il y a 10 heures,"Commercial en Énergies Renouvelables en Alternance H/F
Groupe Alternance Toulon
Toulon - 83
Alternance
24 mois
Grâce à un accompagnement personnalisé et un réseau de partenaires unique, c'est la garantie de démarrer votre alternance en apprentissage...
Voir l’offre
il y a 10 heures",False,,2025-12-16T10:26:22.730146
Emploi Commerce,https://www.hellowork.com/fr-fr/emplois/72578099.html,72578099,Chargé de Clientèle Particuliers H/F,Caisse d'Epargne Normandie,Trouville-sur-Mer - 14,CDI,,il y a 10 heures,"Chargé de Clientèle Particuliers H/F
Caisse d'Epargne Normandie
Trouville-sur-Mer - 14
CDI
… et requises Titulaire d'un diplôme de niveau Bac +3 en commerce d'une expérience dans la gestion d'un portefeuille de clients dans le…
Voir l’offre
il y a 10 heures",False,,2025-12-16T10:26:23.165833
Emploi Commerce,https://www.hellowork.com/fr-fr/emplois/71553674.html,71553674,Technico Commercial H/F,Sider,Canéjan - 33,CDI,2 300 € / mois,il y a 10 heures,"Technico Commercial H/F
Sider
Super recruteur
Canéjan - 33
CDI
2 300 € / mois
... plomberie et votre maîtrise des univers du catalogue sont des atouts majeurs. Nous recherchons une personne rigoureuse capable de respecter...
Voir l’offre
il y a 10 heures",False,,2025-12-16T10:26:23.769087
Emploi Commerce,https://www.hellowork.com/fr-fr/emplois/71553321.html,71553321,Commercial Tennis & Padel H/F,Jump,777 - 1 800 € / mois,Alternance,777 - 1 800 € / mois,il y a 10 heures,"Commercial Tennis & Padel H/F
Jump
Paris - 75
Alternance
777 - 1 800 € / mois
1 an
... relationnel et goût du challenge Dynamisme, autonomie et esprit d'équipe Permis B souhaité pour...
Voir l’offre
il y a 10 heures",False,,2025-12-16T10:26:24.272905
Emploi Commerce,https://www.hellowork.com/fr-fr/emplois/71550549.html,71550549,Technico-Commercial Engins Agricoles H/F,IHL DROME ARDECHE,30 000 - 40 000 € / an,CDI,30 000 - 40 000 € / an,il y a 10 heures,"Technico-Commercial Engins Agricoles H/F
IHL DROME ARDECHE
Bourg-lès-Valence - 26
CDI
30 000 - 40 000 € / an
… : - Tu as au moins 2 ans d'expérience dans la vente ou le commerce milieu matériel agri ? C'est un bon début. - Tu es autonome, et…
Voir l’offre
il y a 10 heures",False,2 ans d'expérience,2025-12-16T10:26:24.786949
Emploi Commerce,https://www.hellowork.com/fr-fr/emplois/71549092.html,71549092,Responsable d'Affaires - Normes Électriques - Lecture de Plans H/F,FAB Group,45 000 - 75 000 € / an,CDI,45 000 - 75 000 € / an,il y a 10 heures,"Responsable d'Affaires - Normes Électriques - Lecture de Plans H/F
FAB Group
Rungis - 94
CDI
45 000 - 75 000 € / an
Télétravail partiel
… Vous aimez gérer vos projets de A à Z, en alliant technique, commerce Vous appréciez la liberté et la réactivité d'une PME où vos…
Voir l’offre
il y a 10 heures",True,,2025-12-16T10:26:25.273708
Emploi Commerce,https://www.hellowork.com/fr-fr/emplois/71567376.html,71567376,Commercial dans le Secteur de l'Événementiel BTS N.D.R.C en Alternance H/F,Aurlom,400 - 1 700 € / mois,Alternance,400 - 1 700 € / mois,il y a 10 heures,"Commercial dans le Secteur de l'Événementiel BTS N.D.R.C en Alternance H/F
Aurlom
Paris - 75
Alternance
400 - 1 700 € / mois
2 ans
... du service et écoute active. - Adaptabilité rapide à un environnement dynamique de vente en boutique. - Rigueur,...
Voir l’offre
il y a 10 heures",False,,2025-12-16T10:26:25.833636
Emploi Commerce,https://www.hellowork.com/fr-fr/emplois/71567195.html,71567195,Chargé de Clientèle Itinérant BTS N.D.R.C en Alternance H/F,Aurlom,400 - 1 700 € / mois,Alternance,400 - 1 700 € / mois,il y a 10 heures,"Chargé de Clientèle Itinérant BTS N.D.R.C en Alternance H/F
Aurlom
Paris - 75
Alternance
400 - 1 700 € / mois
2 ans
... équipe - Aisance rédactionnelle et bonne maîtrise des outils bureautiques et Canva - Intérêt fort pour l'univers de...
Voir l’offre
il y a 10 heures",False,,2025-12-16T10:26:42.400190
Emploi Commerce,https://www.hellowork.com/fr-fr/emplois/71575280.html,71575280,Directeur Commercial H/F,Talents Croisés,Cholet - 49,CDI,,il y a 10 heures,"Directeur Commercial H/F
Talents Croisés
Cholet - 49
CDI
… à en sur les tendances du marché. · Diplôme supérieur en Commerce Ce poste de Directeur Commercial (H/F) est une occasion unique de…
Voir l’offre
il y a 10 heures",False,,2025-12-16T10:26:42.907347
Emploi Commerce,https://www.hellowork.com/fr-fr/emplois/71551733.html,71551733,Responsable d'Affaires Nucléaire H/F,John Cockerill,Briare - 45,CDI,,il y a 10 heures,"Responsable d'Affaires Nucléaire H/F
John Cockerill
Briare - 45
CDI
De formation supérieure (Bac +2 à Bac +5), vous disposez d'une connaissance pratique de la mécanique/chaudronnerie industrielle et d'une expérience...
Voir l’offre
il y a 10 heures",False,,2025-12-16T10:26:43.276836
Emploi Commerce,https://www.hellowork.com/fr-fr/emplois/71550682.html,71550682,Business Developer IT H/F,W HUB,33 000 - 40 000 € / an,CDI,33 000 - 40 000 € / an,il y a 10 heures,"Business Developer IT H/F
W HUB
Paris 1er - 75
CDI
33 000 - 40 000 € / an
... organisé(e) et persuasif(ve), avec une vraie culture du résultat. - Tu as une bonne compréhension des métiers IT ou...
Voir l’offre
il y a 10 heures",False,,2025-12-16T10:26:43.655652
Emploi Commerce,https://www.hellowork.com/fr-fr/emplois/71549746.html,71549746,Assistant Commercial et Marketing H/F,Logista France,30 000 - 35 000 € / an,CDI,30 000 - 35 000 € / an,il y a 10 heures,"Assistant Commercial et Marketing H/F
Logista France
Vincennes - 94
CDI
30 000 - 35 000 € / an
Télétravail partiel
... Maîtrise de la suite Office (Excel niveau avancé, PowerPoint niveau avancé) Connaissance de SAP et BW serait un plus
Voir l’offre
il y a 10 heures",True,,2025-12-16T10:26:44.246314
Emploi Commerce,https://www.hellowork.com/fr-fr/emplois/71546468.html,71546468,Responsable de Relations Clients H/F,Docaposte,Ballainvilliers - 91,CDI,,il y a 10 heures,"Responsable de Relations Clients H/F
Docaposte
Ballainvilliers - 91
CDI
De niveau Bac +2/3, vous disposez d'une expérience significative d'au moins 5 ans sur un poste similaire. Une première expérience...
Voir l’offre
il y a 10 heures",False,,2025-12-16T10:26:44.686243
Emploi Commerce,https://www.hellowork.com/fr-fr/emplois/71550399.html,71550399,Responsable de Marche Câbles de Commodité pour Courants Faibles et Centrales Photovoltaïques H/F,Omerin câbles,Andrézieux-Bouthéon - 42,CDI,,il y a 10 heures,"Responsable de Marche Câbles de Commodité pour Courants Faibles et Centrales Photovoltaïques H/F
Omerin câbles
Andrézieux-Bouthéon - 42
CDI
Télétravail occasionnel
… de des nouvelles solutions digitales et d'IA dans le domaine du commerce . Le poste nécessitera des déplacements à hauteur de 70% du…
",True,,2025-12-16T10:26:45.107556
Emploi Commerce,https://www.hellowork.com/fr-fr/emplois/66700256.html,66700256,Consultant Senior en Relation Client CDI H/F,Talan,Paris - 75,CDI,,il y a 10 heures,"Consultant Senior en Relation Client CDI H/F
Talan
Paris - 75
CDI
… Formation : Diplôme supérieur (Bac +5) en École de Commerce avec une spécialisation en marketing, systèmes d'information, gestion de …
Voir l’offre
il y a 10 heures",False,,2025-12-16T10:26:45.533348
Emploi Commerce,https://www.hellowork.com/fr-fr/emplois/65425847.html,65425847,Ingénieur Commercial IT H/F,Axido Apogea,Orléans - 45,CDI,,il y a 10 heures,"Ingénieur Commercial IT H/F
Axido Apogea
Orléans - 45
CDI
Télétravail partiel
... avec une appétence pour la vente de prestations informatiques Ton relationnel et ton implication Ta pugnacité Ton...
Voir l’offre
il y a 10 heures",True,,2025-12-16T10:26:45.996115
Emploi Commerce,https://www.hellowork.com/fr-fr/emplois/68994896.html,68994896,Responsable d'Affaires Travaux CVC H/F,Eiffage Energie Systèmes,Blois - 41,CDI,,il y a 10 heures,"Responsable d'Affaires Travaux CVC H/F
Eiffage Energie Systèmes
Blois - 41
CDI
... de 50 collaborateurs. - Uneexpertise locale reconnue: un ancrage territorial fort permettant une proximité avec nos clients et une...
Voir l’offre
il y a 10 heures",False,,2025-12-16T10:26:46.404818
Emploi Commerce,https://www.hellowork.com/fr-fr/emplois/66704902.html,66704902,Alternant Manager de Portefeuille de Projets H/F,CESI Nantes,"486,49 - 1 801,80 € / mois",Alternance,"486,49 - 1 801,80 € / mois",il y a 10 heures,"Alternant Manager de Portefeuille de Projets H/F
CESI Nantes
Nantes - 44
Alternance
486,49 - 1 801,80 € / mois
... d'un Bac +5, vous souhaitez obtenir un Mastère Spécalisé ® accrédité et labellisé par la Conférence des Grandes Ecoles, niveau...
Voir l’offre
il y a 10 heures",False,,2025-12-16T10:26:46.885724
Emploi Commerce,https://www.hellowork.com/fr-fr/emplois/72570499.html,72570499,Conseiller Clientèle en Agence - CDI H/F,GMF Assurances – Groupe Covéa,Montluçon - 03,CDI,32 290 € / an,il y a 10 heures,"Conseiller Clientèle en Agence - CDI H/F
GMF Assurances – Groupe Covéa
Montluçon - 03
CDI
32 290 € / an
... en postulant rapidement ! Et la suite ? A réception...
Voir l’offre
il y a 10 heures",False,,2025-12-16T10:26:47.278991
Emploi Commerce,https://www.hellowork.com/fr-fr/emplois/71538276.html,71538276,Technico-Commercial Sédentaire Atelier H/F,Rubix France,26 000 - 30 000 € / an,CDI,26 000 - 30 000 € / an,il y a 10 heures,"Technico-Commercial Sédentaire Atelier H/F
Rubix France
Saint-Étienne - 42
CDI
26 000 - 30 000 € / an
... - Rémunération Fixe + Variable - Carte Ticket restaurant (10€ Pris en charge à 60% par l'employeur), mutuelle Groupe -...
Voir l’offre
il y a 10 heures",False,,2025-12-16T10:26:47.740031
Emploi Commerce,https://www.hellowork.com/fr-fr/emplois/71565333.html,71565333,Gestionnaire Grands Comptes H/F,Würth France,Erstein - 67,CDI,,il y a 10 heures,"Gestionnaire Grands Comptes H/F
Würth France
Erstein - 67
CDI
... » - Rémunération motivante - Participation aux transports en commun - Restaurant d'entreprise -...
Voir l’offre
il y a 10 heures",False,,2025-12-16T10:26:48.182065
Emploi Commerce,https://www.hellowork.com/fr-fr/emplois/71562954.html,71562954,Business Developer - Mobilier de Travail et Environnements Collaboratifs H/F,Job2beDone,Aubervilliers - 93,CDI,,il y a 10 heures,"Business Developer - Mobilier de Travail et Environnements Collaboratifs H/F
Job2beDone
Aubervilliers - 93
CDI
... la prescription B2B, avec un solide réseau parisien (architectes, space planners, directions immobilières, facility management...). - Anglais professionnel (pour...
Voir l’offre
il y a ",False,,2025-12-16T10:26:48.622834
Emploi Commerce,https://www.hellowork.com/fr-fr/emplois/71563268.html,71563268,Assistant Commercial Innovation BTS N.D.R.C en Alternance H/F,Aurlom,400 - 1 700 € / mois,Alternance,400 - 1 700 € / mois,il y a 10 heures,"Assistant Commercial Innovation BTS N.D.R.C en Alternance H/F
Aurlom
Paris - 75
Alternance
400 - 1 700 € / mois
2 ans
... la rigueur et réactivité - Très bon relationnel et goût du travail en équipe - Aisance rédactionnelle et...
Voir l’offre
il y a 10 heures",False,,2025-12-16T10:26:49.104995
Emploi Commerce,https://www.hellowork.com/fr-fr/emplois/71561932.html,71561932,Commercial H/F,Kooi Security France,30 000 - 40 000 € / an,CDI,30 000 - 40 000 € / an,il y a 10 heures,"Commercial H/F
Kooi Security France
Lyon - 69
CDI
30 000 - 40 000 € / an
… tu as : - Un baccalauréat professionnel « Métiers du commerce Technique - Un bon relationnel. Tu es un(e) bon(ne) communicant(e) - -…
Voir l’offre
il y a 10 heures",False,,2025-12-16T10:26:49.591700
Emploi Commerce,https://www.hellowork.com/fr-fr/emplois/71538280.html,71538280,Technico-Commercial Sédentaire H/F,Rubix France,26 000 - 30 000 € / an,CDI,26 000 - 30 000 € / an,il y a 10 heures,"Technico-Commercial Sédentaire H/F
Rubix France
Chalon-sur-Saône - 71
CDI
26 000 - 30 000 € / an
... Un plan de carrière et de réelles perspectives d'évolution Si vous partagez nos valeurs et notre passion...
Voir l’offre
il y a 10 heures",False,,2025-12-16T10:26:50.069462
Emploi Commerce,https://www.hellowork.com/fr-fr/emplois/71536376.html,71536376,Assistant Responsable d'Affaires H/F,Equans France,La Roche-sur-Yon - 85,CDI,,il y a 10 heures,"Assistant Responsable d'Affaires H/F
Equans France
La Roche-sur-Yon - 85
CDI
... l'opportunité de participer à de beaux projets techniques, alliant confort, performance énergétique et excellence opérationnelle. Votre mission...
Voir l’offre
il y a 10 heures",False,,2025-12-16T10:26:50.511594
Emploi Commerce,https://www.hellowork.com/fr-fr/emplois/71554207.html,71554207,Responsable Développement Commercial Haut-Rhin H/F,Bouygues Construction,Mulhouse - 68,CDI,,il y a 10 heures,"Responsable Développement Commercial Haut-Rhin H/F
Bouygues Construction
Mulhouse - 68
CDI
... des contrats et la transmission aux équipes opérationnelles. - Interlocuteur(trice) privilégié(e) des clients, vous accompagnez leur évolution et anticipez leurs...
Voir l’offre
il y a 10 heures",False,,2025-12-16T10:26:50.994201
Emploi Commerce,https://www.hellowork.com/fr-fr/emplois/69214146.html,69214146,Technico-Commercial - Machines Spéciales H/F,FAB Group,40 000 - 55 000 € / an,CDI,40 000 - 55 000 € / an,il y a 10 heures,"Technico-Commercial - Machines Spéciales H/F
FAB Group
Aulnay-sous-Bois - 93
CDI
40 000 - 55 000 € / an
... - Expérience : 2 à 5 ans minimum sur un poste similaire, idéalement dans la vente de machines spéciales...
Voir l’offre
il y a 10 heures",False,,2025-12-16T10:27:06.953075
Emploi Commerce,https://www.hellowork.com/fr-fr/emplois/62894611.html,62894611,Business Developer en Alternance H/F,Institut F2I,"750 - 1 699,98 € / mois",Alternance,"750 - 1 699,98 € / mois",il y a 10 heures,"Business Developer en Alternance H/F
Institut F2I
Paris - 75
Alternance
750 - 1 699,98 € / mois
24 mois
… Vous êtes diplômé(e) d'un Bac +2 ou 3 en Commerce Vous avez une expérience significative sur un poste similaire…
Voir l’offre
il y a 10 heures",False,,2025-12-16T10:27:07.514780
Emploi Commerce,https://www.hellowork.com/fr-fr/emplois/62895045.html,62895045,Commercial en Alternance H/F,Institut F2I,751 - 1 747 € / mois,Alternance,751 - 1 747 € / mois,il y a 10 heures,"Commercial en Alternance H/F
Institut F2I
Paris - 75
Alternance
751 - 1 747 € / mois
24 mois
Vous êtes diplômé(e) du Baccalauréat et avez une expérience sur un poste similaire Vous faites preuve de...
Voir l’offre
il y a 10 heures",False,,2025-12-16T10:27:07.979689
Emploi Commerce,https://www.hellowork.com/fr-fr/emplois/60365898.html,60365898,Business Developer Secteur Bien-Être en Alternance H/F,Ipac Bachelor Factory Vannes,Vannes - 56,Alternance,,il y a 10 heures,"Business Developer Secteur Bien-Être en Alternance H/F
Ipac Bachelor Factory Vannes
Vannes - 56
Alternance
1 an
... à travailler de manière autonome et en équipe. - Orienté(e) résultats avec un bon esprit d'analyse. - Maîtrise...
Voir l’offre
il y a 10 heures",False,,2025-12-16T10:27:08.375137
Emploi Commerce,https://www.hellowork.com/fr-fr/emplois/62870913.html,62870913,Attaché Commercial H/F,Onet Propreté et Services,Montpellier - 34,CDI,,il y a 10 heures,"Attaché Commercial H/F
Onet Propreté et Services
Montpellier - 34
CDI
... office, CRM...). Onet est engagée depuis de nombreuses années en faveur de la diversité et du handicap. Onet recrute...
Voir l’offre
il y a 10 heures",False,,2025-12-16T10:27:08.776132
Emploi Commerce,https://www.hellowork.com/fr-fr/emplois/62867303.html,62867303,Responsable Commercial Endoscopie Ouest H/F,Arthrex France,Nantes - 44,CDI,,il y a 10 heures,"Responsable Commercial Endoscopie Ouest H/F
Arthrex France
Nantes - 44
CDI
... ainsi que pour votre excellent relationnel - Votre sens de l'engagement, ainsi que votre capacité de résilience et votre...
Voir l’offre
il y a 10 heures",False,,2025-12-16T10:27:09.154260
Emploi Commerce,https://www.hellowork.com/fr-fr/emplois/38546466.html,38546466,Commercial Itinérant Btoc H/F,Rafy Gold,2 200 - 3 200 € / mois,CDI,2 200 - 3 200 € / mois,il y a 10 heures,"Commercial Itinérant Btoc H/F
Rafy Gold
Seine-Maritime - 76
CDI
2 200 - 3 200 € / mois
… Doté(e) d'un bon sens du commerce vente auprès d'un public de…
Voir l’offre
il y a 10 heures",False,,2025-12-16T10:27:09.648140
Emploi Commerce,https://www.hellowork.com/fr-fr/emplois/51434569.html,51434569,Chargé d'Etudes Commerciales Transport H/F,Dachser France,Cergy - 95,CDI,,il y a 10 heures,"Chargé d'Etudes Commerciales Transport H/F
Dachser France
Cergy - 95
CDI
… de développer et de mettre en pratique votre expertise du commerce . Le groupe évoluant dans un contexte international, vous avez un…
Voir l’offre
il y a 10 heures",False,,2025-12-16T10:27:10.044683
Emploi Commerce,https://www.hellowork.com/fr-fr/emplois/39643457.html,39643457,Alternance Bac+2 BTS Mco - Commercial en Salle de Sport H/F,Groupe Alternance Toulon,Toulon - 83,Alternance,,il y a 10 heures,"Alternance Bac+2 BTS Mco - Commercial en Salle de Sport H/F
Groupe Alternance Toulon
Toulon - 83
Alternance
35 heures
... et être capable de répondre a leur demande - Assurer la gestion de la relation client en physique...
Voir l’offre
il y a 10 heures",False,,2025-12-16T10:27:10.540050
Emploi Commerce,https://www.hellowork.com/fr-fr/emplois/38546483.html,38546483,Commercial Itinérant H/F,Rafy Gold,2 200 - 3 200 € / mois,CDI,2 200 - 3 200 € / mois,il y a 10 heures,"Commercial Itinérant H/F
Rafy Gold
Haut-Rhin - 68
CDI
2 200 - 3 200 € / mois
… Profil recherché : - Expérience dans la vente ou le commerce - Excellentes compétences relationnelles et sens du service. -…
Voir l’offre
il y a 10 heures",False,,2025-12-16T10:27:10.972464
Emploi Commerce,https://www.hellowork.com/fr-fr/emplois/38546449.html,38546449,Commercial Itinérant Btoc H/F,Rafy Gold,2 000 - 3 000 € / mois,CDI,2 000 - 3 000 € / mois,il y a 10 heures,"Commercial Itinérant Btoc H/F
Rafy Gold
Creuse - 23
CDI
2 000 - 3 000 € / mois
… Doté(e) d'un bon sens du commerce vente auprès d'un public de…
Voir l’offre
il y a 10 heures",False,,2025-12-16T10:27:11.378926
Emploi Commerce,https://www.hellowork.com/fr-fr/emplois/58069836.html,58069836,Conseiller Commercial H/F,TRECOBAT,Saint-Nazaire - 44,CDI,,il y a 10 heures,"Conseiller Commercial H/F
TRECOBAT
Saint-Nazaire - 44
CDI
… Ce que nous attendons de vous ? - D'avoir le sens du commerce de vie - D'avoir un bon relationnel - D'être à l'écoute des…
Voir l’offre
il y a 10 heures",False,,2025-12-16T10:27:11.764246
Emploi Commerce,https://www.hellowork.com/fr-fr/emplois/38546536.html,38546536,Commercial Itinérant Btoc H/F,Rafy Gold,2 200 - 3 200 € / mois,CDI,2 200 - 3 200 € / mois,il y a 10 heures,"Commercial Itinérant Btoc H/F
Rafy Gold
Alpes-Maritimes - 06
CDI
2 200 - 3 200 € / mois
… Doté(e) d'un bon sens du commerce vente auprès d'un public de…
Voir l’offre
il y a 10 heures",False,,2025-12-16T10:27:12.286528
Emploi Commerce,https://www.hellowork.com/fr-fr/emplois/62922836.html,62922836,Technico Commercial Btob Itinérant H/F,Odyssée RH,Eure-et-Loir - 28,CDI,,il y a 10 heures,"Technico Commercial Btob Itinérant H/F
Odyssée RH
Eure-et-Loir - 28
CDI
... le goût de la satisfaction client - Le challenge et la persévérance vous animent - Vous êtes à...
Voir l’offre
il y a 10 heures",False,,2025-12-16T10:27:12.723117
Emploi Commerce,https://www.hellowork.com/fr-fr/emplois/66721529.html,66721529,Ingénieur d'Affaires - Business Manager en Alternance H/F,SELENE,,Alternance,,il y a 10 heures,"Ingénieur d'Affaires - Business Manager en Alternance H/F
SELENE
Île-de-France
Alternance
1 an
... Tu es passionné de technologies et curieux Tu as un sens de l'écoute et une bonne communication
Voir l’offre
il y a 10 heures",False,,2025-12-16T10:27:13.159369
Emploi Commerce,https://www.hellowork.com/fr-fr/emplois/38545649.html,38545649,Commercial Rachat d'Or H/F,Rafy Gold,2 000 - 3 000 € / mois,CDI,2 000 - 3 000 € / mois,il y a 10 heures,"Commercial Rachat d'Or H/F
Rafy Gold
Nord - 59
CDI
2 000 - 3 000 € / mois
… Doté(e) d'un bon sens du commerce vente auprès d'un public de…
Voir l’offre
il y a 10 heures",False,,2025-12-16T10:27:13.610257
Emploi Commerce,https://www.hellowork.com/fr-fr/emplois/58108276.html,58108276,Commercial Itinérant H/F,GROUPE SETIN,Charente - 16,CDI,,il y a 10 heures,"Commercial Itinérant H/F
GROUPE SETIN
Charente - 16
CDI
… À de toi : - Tu es débutant(e) avec une affinité pour le commerce facettes de ce métier au sein de nos équipes, - Ou expérimenté(e),…
Voir l’offre
il y a 10 heures",False,,2025-12-16T10:27:14.080343
Emploi Commerce,https://www.hellowork.com/fr-fr/emplois/65465872.html,65465872,Chargé d'Affaires H/F,Franchise Camif Habitat,30 000 - 35 000 € / an,,30 000 - 35 000 € / an,il y a 10 heures,"Chargé d'Affaires H/F
Franchise Camif Habitat
La Rochelle - 17
Indépendant
30 000 - 35 000 € / an
... l'immobilier - Excellente orientation client : vous placez la satisfaction au coeur de vos priorités ...
Voir l’offre
il y a 10 heures",False,,2025-12-16T10:27:14.631439
Emploi Commerce,https://www.hellowork.com/fr-fr/emplois/38546517.html,38546517,Commercial Itinérant Btoc H/F,Rafy Gold,2 200 - 3 200 € / mois,CDI,2 200 - 3 200 € / mois,il y a 10 heures,"Commercial Itinérant Btoc H/F
Rafy Gold
Sarthe - 72
CDI
2 200 - 3 200 € / mois
… Doté(e) d'un bon sens du commerce vente auprès d'un public de…
Voir l’offre
il y a 10 heures",False,,2025-12-16T10:27:15.102743
Emploi Commerce,https://www.hellowork.com/fr-fr/emplois/38546451.html,38546451,Commercial Itinérant Btoc H/F,Rafy Gold,2 000 - 3 000 € / mois,CDI,2 000 - 3 000 € / mois,il y a 10 heures,"Commercial Itinérant Btoc H/F
Rafy Gold
Maine-et-Loire - 49
CDI
2 000 - 3 000 € / mois
… Doté(e) d'un bon sens du commerce vente auprès d'un public de…
Voir l’offre
il y a 10 heures",False,,2025-12-16T10:27:15.603879
Emploi Commerce,https://www.hellowork.com/fr-fr/emplois/47282657.html,47282657,Commercial Marketing en Alternance - Mba Marketing Sportif H/F,WIN Sport School Vannes,Vannes - 56,Alternance,21 203 € / an,il y a 10 heures,"Commercial Marketing en Alternance - Mba Marketing Sportif H/F
WIN Sport School Vannes
Vannes - 56
Alternance
21 203 € / an
24 mois
… soucieux d'apprendre, d'évoluer et vous perfectionner dans le milieu du commerce . - Vous savez donner de votre temps pour performer…
Voir l’offre
il y a 10 heures",False,,2025-12-16T10:27:30.801865
Emploi Commerce,https://www.hellowork.com/fr-fr/emplois/38546500.html,38546500,Commercial Itinérant Btoc H/F,Rafy Gold,2 200 - 3 200 € / mois,CDI,2 200 - 3 200 € / mois,il y a 10 heures,"Commercial Itinérant Btoc H/F
Rafy Gold
Pyrénées-Atlantiques - 64
CDI
2 200 - 3 200 € / mois
… Doté(e) d'un bon sens du commerce vente auprès d'un public de…
Voir l’offre
il y a 10 heures",False,,2025-12-16T10:27:31.335225
Emploi Commerce,https://www.hellowork.com/fr-fr/emplois/38546317.html,38546317,Commercial Itinérant Btoc H/F,Rafy Gold,2 200 - 3 200 € / mois,CDI,2 200 - 3 200 € / mois,il y a 10 heures,"Commercial Itinérant Btoc H/F
Rafy Gold
Eure-et-Loir - 28
CDI
2 200 - 3 200 € / mois
… Doté(e) d'un bon sens du commerce vente auprès d'un public de…
Voir l’offre
il y a 10 heures",False,,2025-12-16T10:27:31.816726
Emploi Commerce,https://www.hellowork.com/fr-fr/emplois/69228131.html,69228131,Chargé de Clientèle H/F,Job Link,Marseille 11e - 13,Intérim,,il y a 10 heures,"Chargé de Clientèle H/F
Job Link
Marseille 11e - 13
Intérim
Pour ce poste nous recherchons un profil : - A l'aise au téléphone - Avec une capacité d'écoute...
Voir l’offre
il y a 10 heures",False,,2025-12-16T10:27:32.334314
Emploi Commerce,https://www.hellowork.com/fr-fr/emplois/71553439.html,71553439,Commercial H/F,Kooi Security France,30 000 - 40 000 € / an,CDI,30 000 - 40 000 € / an,il y a 10 heures,"Commercial H/F
Kooi Security France
Évry-Courcouronnes - 91
CDI
30 000 - 40 000 € / an
… tu as : - Un baccalauréat professionnel « Métiers du commerce Technique - Un bon relationnel. Tu es un(e) bon(ne) communicant(e) - -…
Voir l’offre
il y a 10 heures",False,,2025-12-16T10:27:32.770196
Emploi Commerce,https://www.hellowork.com/fr-fr/emplois/71553288.html,71553288,Commercial Terrain Région Nord Ouest - Rennes H/F,RGIS Inventaire,Rennes - 35,CDI,,il y a 10 heures,"Commercial Terrain Région Nord Ouest - Rennes H/F
RGIS Inventaire
Rennes - 35
CDI
… à de clients en démarchant un ensemble de prospects issus du commerce de détail (grande distribution, grandes et moyennes surfaces, À…
Voir l’offre
il y a 10 heures",False,,2025-12-16T10:27:33.254174
Emploi Commerce,https://www.hellowork.com/fr-fr/emplois/71553605.html,71553605,Responsable Développement MOE H/F,WAVY SERVICES,70 000 - 80 000 € / an,CDI,70 000 - 80 000 € / an,il y a 10 heures,"Responsable Développement MOE H/F
WAVY SERVICES
Nanterre - 92
CDI
70 000 - 80 000 € / an
Télétravail occasionnel
... du monde de la formation serait également appréciable. - Technique de conduite de projet, notamment en mode...
Voir l’offre
il y a 10 heures",True,,2025-12-16T10:27:33.684427
Emploi Commerce,https://www.hellowork.com/fr-fr/emplois/66715449.html,66715449,Equipier Relation Client H/F,Brico Dépôt,Vierzon - 18,CDI,,il y a 10 heures,"Equipier Relation Client H/F
Brico Dépôt
Vierzon - 18
CDI
... Missions Une mission en béton Facilitateur(trice) dans la réalisation...
Voir l’offre
il y a 10 heures",False,,2025-12-16T10:27:34.100438
Emploi Commerce,https://www.hellowork.com/fr-fr/emplois/71554047.html,71554047,Chef de Secteur Vape E-Cigarettes Vape-Shop & Débits de Tabac H/F,Marvesting,Paris - 75,CDI,,il y a 10 heures,"Chef de Secteur Vape E-Cigarettes Vape-Shop & Débits de Tabac H/F
Marvesting
Paris - 75
CDI
… : - De formation commerciale, Bac +2, BTS, école de commerce , ambassadeur, vendeur démonstrateur - Permis B obligatoire - Excellente…
Voir l’offre
il y a 10 heures",False,,2025-12-16T10:27:34.442001
Emploi Commerce,https://www.hellowork.com/fr-fr/emplois/71552679.html,71552679,Ingénieur d'Affaires - Business Manager H/F,Ingeliance Technologies,Vannes - 56,CDI,,il y a 10 heures,"Ingénieur d'Affaires - Business Manager H/F
Ingeliance Technologies
Vannes - 56
CDI
… Issu d'une formation Bac +5 de type école d'ingénieur ou de commerce dans le domaine de l'ingénierie et de l'industrie. Attiré par…
Voir l’offre
il y a 10 heures",False,,2025-12-16T10:27:34.803917
Emploi Commerce,https://www.hellowork.com/fr-fr/emplois/71552011.html,71552011,Assistant Commercial Alternance H/F,Groupe Alternance Aix-en-Provence,774 - 1 801 € / mois,Alternance,774 - 1 801 € / mois,il y a 10 heures,"Assistant Commercial Alternance H/F
Groupe Alternance Aix-en-Provence
Aix-en-Provence - 13
Alternance
774 - 1 801 € / mois
24 mois
… à l'oral et goût du contact - Motivation pour les métiers du commerce et de la relation client - Maîtrise des outils informatiques et…
Voir l’offre
il y a 10 heures",False,,2025-12-16T10:27:35.281774
Emploi Commerce,https://www.hellowork.com/fr-fr/emplois/71550290.html,71550290,Chargé d'Affaires Machines H/F,Apave,Cergy - 95,CDI,,il y a 10 heures,"Chargé d'Affaires Machines H/F
Apave
Cergy - 95
CDI
... prenez part à une histoire où la force du collectif est une réalité, où la notion d'accompagnement s'exprime au quotidien,...
Voir l’offre
il y a 10 heures",False,,2025-12-16T10:27:35.813653
Emploi Commerce,https://www.hellowork.com/fr-fr/emplois/71549653.html,71549653,Offre d'Alternance - Bachelor Responsable Développement Commercial H/F,Institut F2I,Vincennes - 94,Alternance,,il y a 10 heures,"Offre d'Alternance - Bachelor Responsable Développement Commercial H/F
Institut F2I
Vincennes - 94
Alternance
1 an
… Vous préparez un Bachelor RDC ou un diplôme équivalent dans le commerce , de la négociation et un réel goût pour le challenge…
Voir l’offre
il y a 10 heures",False,,2025-12-16T10:27:36.218445
Emploi Commerce,https://www.hellowork.com/fr-fr/emplois/71548953.html,71548953,Alternance - Conseiller Clientèle & Communication H/F,,Cannes - 06,Alternance,,il y a 10 heures,"Alternance - Conseiller Clientèle & Communication H/F
Cette entreprise souhaite rester anonyme
Cannes - 06
Alternance
3 ans
... Tu apprécies le travail en équipe, tout en étant autonome et proactif(ve). À l'aise avec les outils...
Voir l’offre
il y a 10 heures",False,,2025-12-16T10:27:36.651914
Emploi Commerce,https://www.hellowork.com/fr-fr/emplois/71549136.html,71549136,Commercial - Débutant Accepté H/F,,Lyon 3e - 69,,,il y a 10 heures,"Commercial - Débutant Accepté H/F
Cette entreprise souhaite rester anonyme
Lyon 3e - 69
Indépendant
... communication et de la négociation - Esprit collectif et entraide naturelle - Motivation à...
Voir l’offre
il y a 10 heures",False,,2025-12-16T10:27:37.034768
Emploi Commerce,https://www.hellowork.com/fr-fr/emplois/71567253.html,71567253,Commercial Btob Junior BTS N.D.R.C en Alternance H/F,Aurlom,400 - 1 700 € / mois,Alternance,400 - 1 700 € / mois,il y a 10 heures,"Commercial Btob Junior BTS N.D.R.C en Alternance H/F
Aurlom
Paris - 75
Alternance
400 - 1 700 € / mois
2 ans
... goût du travail en équipe - Aisance rédactionnelle et bonne maîtrise des outils bureautiques et Canva - Intérêt...
Voir l’offre
il y a 10 heures",False,,2025-12-16T10:27:37.487547
Emploi Commerce,https://www.hellowork.com/fr-fr/emplois/71541834.html,71541834,Attaché Technico-Commercial 08 H/F,Timac AGRO France,Charleville-Mézières - 08,CDI,,il y a 10 heures,"Attaché Technico-Commercial 08 H/F
Timac AGRO France
Charleville-Mézières - 08
CDI
Télétravail partiel
... poursuit avec une immersion terrain (journée type commerciale en binôme) avant de rencontrer votre directeur des ventes avec la RRH.
Voir l’offre
il y a 10 heures",True,,2025-12-16T10:27:37.920556
Emploi Commerce,https://www.hellowork.com/fr-fr/emplois/71563274.html,71563274,Alternance - Responsable de Développement Commercial - BTS N.D.R.C H/F,Aurlom,Paris - 75,Alternance,,il y a 10 heures,"Alternance - Responsable de Développement Commercial - BTS N.D.R.C H/F
Aurlom
Paris - 75
Alternance
2 ans
- Être titulaire du baccalauréat ou en cours. - Maturité et sens des responsabilités. ...
Voir l’offre
il y a 10 heures",False,,2025-12-16T10:27:38.348108
Emploi Commerce,https://www.hellowork.com/fr-fr/emplois/71536399.html,71536399,Chargé d'Affaires Ingénierie H/F,Expleo,Lyon 1er - 69,CDI,38 000 € / an,il y a 10 heures,"Chargé d'Affaires Ingénierie H/F
Expleo
Lyon 1er - 69
CDI
38 000 € / an
Télétravail partiel
... garantir la bonne avancée des opérations - Assurer le suivi terrain des travaux, dans le respect des exigences qualité,...
Voir l’offre
il y a 10 heures",True,,2025-12-16T10:27:38.814342
Emploi Commerce,https://www.hellowork.com/fr-fr/emplois/71562088.html,71562088,Assistant Commercial en Alternance - BTS N.D.R.C H/F,Aurlom,Paris - 75,Alternance,,il y a 10 heures,"Assistant Commercial en Alternance - BTS N.D.R.C H/F
Aurlom
Paris - 75
Alternance
2 ans
... - Maturité et sens des responsabilités. - Excellente organisation. - Orienté(e)...
Voir l’offre
il y a 10 heures",False,,2025-12-16T10:27:39.278044
Emploi Commerce,https://www.hellowork.com/fr-fr/emplois/71561920.html,71561920,Commercial H/F,Kooi Security France,30 000 - 40 000 € / an,CDI,30 000 - 40 000 € / an,il y a 10 heures,"Commercial H/F
Kooi Security France
Marseille - 13
CDI
30 000 - 40 000 € / an
… tu as : - Un baccalauréat professionnel « Métiers du commerce Technique - Un bon relationnel. Tu es un(e) bon(ne) communicant(e) - -…
Voir l’offre
il y a 10 heures",False,,2025-12-16T10:27:54.001486
Emploi Commerce,https://www.hellowork.com/fr-fr/emplois/71561902.html,71561902,Commercial H/F,Kooi Security France,30 000 - 40 000 € / an,CDI,30 000 - 40 000 € / an,il y a 10 heures,"Commercial H/F
Kooi Security France
Arras - 62
CDI
30 000 - 40 000 € / an
… tu as : - Un baccalauréat professionnel « Métiers du commerce Technique - Un bon relationnel. Tu es un(e) bon(ne) communicant(e) - -…
Voir l’offre
il y a 10 heures",False,,2025-12-16T10:27:54.436410
Emploi Commerce,https://www.hellowork.com/fr-fr/emplois/71560751.html,71560751,Commercial H/F,123 Pare-Brise,2 081 - 3 800 € / mois,CDI,2 081 - 3 800 € / mois,il y a 10 heures,"Commercial H/F
123 Pare-Brise
Super recruteur
Arras - 62
CDI
2 081 - 3 800 € / mois
... qu'il y a à connaître et démarrer sur de bonnes bases. - Une formation complète pour t'apprendre toutes les...
Voir l’offre
il y a 10 heures",False,,2025-12-16T10:27:54.822162
Emploi Commerce,https://www.hellowork.com/fr-fr/emplois/71565706.html,71565706,Chargé de Compte Senior Indemnisation Transport - CDI H/F,WTW,Puteaux - 92,CDI,,il y a 10 heures,"Chargé de Compte Senior Indemnisation Transport - CDI H/F
WTW
Puteaux - 92
CDI
Télétravail partiel
... Qui sommes-nous ? Depuis plus de 100 ans,WTW en France est le partenaire de ses clients PME,...
Voir l’offre
il y a 10 heures",True,,2025-12-16T10:27:55.172657
Emploi Commerce,https://www.hellowork.com/fr-fr/emplois/71565574.html,71565574,Chargé Relation Client Planification H/F,Bureau Veritas,Marcq-en-Barœul - 59,CDD,26 000 € / an,il y a 10 heures,"Chargé Relation Client Planification H/F
Bureau Veritas
Marcq-en-Barœul - 59
CDD
26 000 € / an
Télétravail partiel
... Veritas Exploitation (BVE) une/un Chargée relation client Planification / Chargé relation client Planification en CDD de 6 mois (avec renouvellement...
Voir l’offre
il y a 10 heures",True,,2025-12-16T10:27:55.578234
Emploi Commerce,https://www.hellowork.com/fr-fr/emplois/71563266.html,71563266,Conseiller Commercial en Magasin BTS N.D.R.C en Alternance H/F,Aurlom,400 - 1 700 € / mois,Alternance,400 - 1 700 € / mois,il y a 10 heures,"Conseiller Commercial en Magasin BTS N.D.R.C en Alternance H/F
Aurlom
Paris - 75
Alternance
400 - 1 700 € / mois
2 ans
- Titulaire d'un baccalauréat, en cours, ou en réorientation. - Excellente communication. - Sens du service et écoute...
Voir l’offre
il y a 10 heures",False,,2025-12-16T10:27:56.014606
Emploi Commerce,https://www.hellowork.com/fr-fr/emplois/71563232.html,71563232,Alternance Business Developer - Aurlom N.D.R.C. H/F,Aurlom,Paris - 75,Alternance,,il y a 10 heures,"Alternance Business Developer - Aurlom N.D.R.C. H/F
Aurlom
Paris - 75
Alternance
2 ans
... Tu es organisé(e) dans le travail. - Tu es proactif(ve) et tu prend des initiatives. - Tu as...
Voir l’offre
il y a 10 heures",False,,2025-12-16T10:27:56.452498
Emploi Commerce,https://www.hellowork.com/fr-fr/emplois/71561850.html,71561850,Responsable Commercial Régional H/F,Trigo,Rennes - 35,CDI,,il y a 10 heures,"Responsable Commercial Régional H/F
Trigo
Rennes - 35
CDI
... Les 3 raisons de rejoindre TRIGO : - Vous intégrez le leader de...
Voir l’offre
il y a 10 heures",False,,2025-12-16T10:27:56.824696
Emploi Commerce,https://www.hellowork.com/fr-fr/emplois/71562666.html,71562666,Commercial en Agence H/F,Une pièce en plus,1 900 - 2 600 € / mois,CDI,1 900 - 2 600 € / mois,il y a 10 heures,"Commercial en Agence H/F
Une pièce en plus
Gonesse - 95
CDI
1 900 - 2 600 € / mois
… Votre profil : Diplômé(e) d'un Bac +2 à Bac +5 (en vente, commerce plus qu'un premier emploi ? - Vous êtes motivé(e), curieux(se) et…
Voir l’offre
il y a 10 heures",False,,2025-12-16T10:27:57.258430
Emploi Commerce,https://www.hellowork.com/fr-fr/emplois/71560821.html,71560821,Technico-Commercial H/F,ADEIS RH,50 000 - 60 000 € / an,CDI,50 000 - 60 000 € / an,il y a 10 heures,"Technico-Commercial H/F
ADEIS RH
France
CDI
50 000 - 60 000 € / an
... performer : véhicule de fonction Ford Puma, mutuelle, prévoyance Autonomie et flexibilité : forfait 218 jours Mobilité requise sur le...
Voir l’offre
il y a 10 heures",False,,2025-12-16T10:27:57.689240
Emploi Commerce,https://www.hellowork.com/fr-fr/emplois/71562147.html,71562147,Attaché Clientèle 2 H/F,Kone,Noisy-le-Sec - 93,CDI,,il y a 10 heures,"Attaché Clientèle 2 H/F
Kone
Noisy-le-Sec - 93
CDI
... titre, les missions sont les suivantes: - Assurer la mise à jour des données clients et le reporting associé...
Voir l’offre
il y a 10 heures",False,,2025-12-16T10:27:58.160903
Emploi Commerce,https://www.hellowork.com/fr-fr/emplois/71562098.html,71562098,Commercial en Alternance - Aurlom BTS N.D.R.C H/F,Aurlom,Paris - 75,Alternance,,il y a 10 heures,"Commercial en Alternance - Aurlom BTS N.D.R.C H/F
Aurlom
Paris - 75
Alternance
2 ans
... vous avez les qualités suivantes : - Fort désir d'apprendre et dynamisme professionnel - Excellentes...
Voir l’offre
il y a 10 heures",False,,2025-12-16T10:27:58.602269
Emploi Commerce,https://www.hellowork.com/fr-fr/emplois/71556084.html,71556084,Chargée de Clientèle en Alternance H/F,AFTEC- Campus Brest,Brest - 29,Alternance,,il y a 10 heures,"Chargée de Clientèle en Alternance H/F
AFTEC- Campus Brest
Brest - 29
Alternance
2 ans
... recherché - Qualités relationnelles - Rigoureux et polyvalent - Organisé et autonome ...
Voir l’offre
il y a 10 heures",False,,2025-12-16T10:27:59.031405
Emploi Commerce,https://www.hellowork.com/fr-fr/emplois/71542023.html,71542023,Assistant Commercial H/F,AMV,Mérignac - 33,CDD,,il y a 10 heures,"Assistant Commercial H/F
AMV
Mérignac - 33
CDD
Télétravail partiel
... - Vous maîtrisez les outils bureautiques - Votre rigueur, votre sens de l'organisation et votre aisance rédactionnelle sont des atouts...
Voir l’offre
il y a 10 heures",True,,2025-12-16T10:27:59.464332
Emploi Commerce,https://www.hellowork.com/fr-fr/emplois/71540504.html,71540504,Conseiller Funéraire H/F,GIO Recrutement,23 000 - 24 000 € / an,CDI,23 000 - 24 000 € / an,il y a 10 heures,"Conseiller Funéraire H/F
GIO Recrutement
Mimizan - 40
CDI
23 000 - 24 000 € / an
Télétravail occasionnel
... Les profils débutants, motivés et bienveillants sont également les bienvenus. Réf : #LI-AK1 Ref: gaeajl4nvb
Voir l’offre
il y a 10 heures",True,,2025-12-16T10:27:59.936114
Emploi Commerce,https://www.hellowork.com/fr-fr/emplois/71554237.html,71554237,Technico Commercial - Chargé d'Affaires H/F,Mentech Annecy,40 000 - 50 000 € / an,CDI,40 000 - 50 000 € / an,il y a 10 heures,"Technico Commercial - Chargé d'Affaires H/F
Mentech Annecy
Dingy-Saint-Clair - 74
CDI
40 000 - 50 000 € / an
Télétravail partiel
... Equivalent Bac +2, par exemple BTS Étude et réalisation d'agencements, BTS Technico-commercial, BTS étude bâtiment - Expérience confirmée de...
Voir l’offre
il y a 10 ",True,,2025-12-16T10:28:00.440966
Emploi Commerce,https://www.hellowork.com/fr-fr/emplois/71540436.html,71540436,Responsable de Prescription H/F,Groupe Atlantic,Paris - 75,CDI,,il y a 10 heures,"Responsable de Prescription H/F
Groupe Atlantic
Paris - 75
CDI
... CVC. Vous avez une bonne connaissance des circuits décisionnels des affaires prescrites et des processus de vente complexes. ...
Voir l’offre
il y a 10 heures",False,,2025-12-16T10:28:00.945931
Emploi Commerce,https://www.hellowork.com/fr-fr/emplois/71553294.html,71553294,Commercial Terrain Région Centre Ouest - Bordeaux H/F,RGIS Inventaire,Bordeaux - 33,CDI,,il y a 10 heures,"Commercial Terrain Région Centre Ouest - Bordeaux H/F
RGIS Inventaire
Bordeaux - 33
CDI
… à de clients en démarchant un ensemble de prospects issus du commerce de détail (grande distribution, grandes et moyennes surfaces, À…
Voir l’offre
il y a 10 heures",False,,2025-12-16T10:28:01.365982
Emploi Commerce,https://www.hellowork.com/fr-fr/emplois/71551197.html,71551197,Technico-Commercial Industrialisation H/F,Maintenance Industrielle sur Site,35 000 - 40 000 € / an,CDI,35 000 - 40 000 € / an,il y a 10 heures,"Technico-Commercial Industrialisation H/F
Maintenance Industrielle sur Site
Beauvais - 60
CDI
35 000 - 40 000 € / an
... vous motivent dans votre mission ? Vous désirez évoluer au sein d'un collectif multi-métiers ? ...
Voir l’offre
il y a 10 heures",False,,2025-12-16T10:28:15.777548
Emploi Commerce,https://www.hellowork.com/fr-fr/emplois/71549968.html,71549968,Business Manager Ingénieur d'Affaires H/F,Leyvance,1 000 - 2 000 € / mois,Stage,1 000 - 2 000 € / mois,il y a 10 heures,"Business Manager Ingénieur d'Affaires H/F
Leyvance
Levallois-Perret - 92
Stage
1 000 - 2 000 € / mois
6 mois
… Formation : Diplômé(e) d'une école de commerce la double compétence technique / Ecole…
Voir l’offre
il y a 10 heures",False,,2025-12-16T10:28:16.292460
Emploi Commerce,https://www.hellowork.com/fr-fr/emplois/71550186.html,71550186,Technico Commercial Sédentaire H/F,Invenio,35 000 - 42 000 € / an,CDI,35 000 - 42 000 € / an,il y a 10 heures,"Technico Commercial Sédentaire H/F
Invenio
Super recruteur
Villefranche-sur-Saône - 69
CDI
35 000 - 42 000 € / an
... sein d'une société familiale avec de vraies valeurs de respect et de convivialité. Nous vous offrons un...
Voir l’offre
il y a 10 heures",False,,2025-12-16T10:28:16.775382
Emploi Commerce,https://www.hellowork.com/fr-fr/emplois/71549532.html,71549532,Responsable Commercial H/F,GROUPE HEPPNER,Bouguenais - 44,CDI,,il y a 10 heures,"Responsable Commercial H/F
GROUPE HEPPNER
Bouguenais - 44
CDI
... de manière à s'assurer de l'adéquation entre objectifs définis et réalisations et définir les plans d'action visant à atteindre les...
Voir l’offre
il y a 10 heures",False,,2025-12-16T10:28:17.141766
Emploi Commerce,https://www.hellowork.com/fr-fr/emplois/71549114.html,71549114,Key Account Manager H/F,Ex Nihilo,60 000 - 100 000 € / an,CDI,60 000 - 100 000 € / an,il y a 10 heures,"Key Account Manager H/F
Ex Nihilo
Île-de-France
CDI
60 000 - 100 000 € / an
Télétravail complet
... avez une bonne maîtrise des techniques de vente, de la gestion d'Appels d'Offres, de la négociation et du travail en...
Voir l’offre
il y a 10 heures",True,,2025-12-16T10:28:17.632609
Emploi Commerce,https://www.hellowork.com/fr-fr/emplois/71539336.html,71539336,Technico-Commercial Itinérant - Secteur Industriel - Nord-Est H/F,Lundi!,Reims - 51,CDI,43 000 € / an,il y a 10 heures,"Technico-Commercial Itinérant - Secteur Industriel - Nord-Est H/F
Lundi!
Reims - 51
CDI
43 000 € / an
Télétravail partiel
... - 3008 5 places), téléphone & ordinateur, carte société pour les frais professionnels. ...
Voir l’offre
il y a 10 heures",True,,2025-12-16T10:28:18.121378
Emploi Commerce,https://www.hellowork.com/fr-fr/emplois/71538275.html,71538275,Technico-Commerciale Itinérante - Technico-Commercial Itinérant H/F,Rubix France,31 000 - 35 000 € / an,CDI,31 000 - 35 000 € / an,il y a 10 heures,"Technico-Commerciale Itinérante - Technico-Commercial Itinérant H/F
Rubix France
Brest - 29
CDI
31 000 - 35 000 € / an
... valeurs et notre passion pour le monde industriel : rejoignez l'aventure #Rubix, une entreprise qui gagne à être connue !
Voir l’offre
il y a 10 heures",False,,2025-12-16T10:28:18.548430
Emploi Commerce,https://www.hellowork.com/fr-fr/emplois/71554803.html,71554803,Commercial - Cigarette Électronique H/F,DMF,Clichy - 92,CDD,,il y a 10 heures,"Commercial - Cigarette Électronique H/F
DMF
Clichy - 92
CDD
12 mois
... les objectifs fixés. -Présentation impeccable : Vous êtes une personne très présentable, capable de véhiculer une image...
Voir l’offre
il y a 10 heures",False,,2025-12-16T10:28:18.982975
Emploi Commerce,https://www.hellowork.com/fr-fr/emplois/71556204.html,71556204,Business Developper H/F,Randstad,Lyon 3e - 69,CDI,35 000 € / an,il y a 10 heures,"Business Developper H/F
Randstad
Lyon 3e - 69
CDI
35 000 € / an
... titulaire d'un Bac +2 et avoir au moins 1 année d'expérience sur un poste en développement commercial BTOB. Au delà...
Voir l’offre
il y a 10 heures",False,1 année d'expérience,2025-12-16T10:28:19.467907
Emploi Commerce,https://www.hellowork.com/fr-fr/emplois/71536464.html,71536464,Commercial Itinérant Laser H/F,Général Emploi Bourg,Perrex - 01,Intérim,,il y a 10 heures,"Commercial Itinérant Laser H/F
Général Emploi Bourg
Perrex - 01
Intérim
6 mois
... de 10% par an pour épargner une partie de votre salaire. CE POSTE VOUS INTÉRESSE ? ...
Voir l’offre
il y a 10 heures",False,,2025-12-16T10:28:19.931124
Emploi Commerce,https://www.hellowork.com/fr-fr/emplois/71567321.html,71567321,Business Developer en Startup BTS N.D.R.C en Alternance H/F,Aurlom,400 - 1 700 € / mois,Alternance,400 - 1 700 € / mois,il y a 10 heures,"Business Developer en Startup BTS N.D.R.C en Alternance H/F
Aurlom
Paris - 75
Alternance
400 - 1 700 € / mois
2 ans
- Titulaire d'un baccalauréat, en cours, ou en réorientation - Sens de l'organisation, de la rigueur et réactivité ...
Voir l’offre
il y a 10 heures",False,,2025-12-16T10:28:20.451141
Emploi Commerce,https://www.hellowork.com/fr-fr/emplois/71567307.html,71567307,Courtier en Crédits et Assurances H/F,Groupe Empruntis,Lyon 7e - 69,,,il y a 10 heures,"Courtier en Crédits et Assurances H/F
Groupe Empruntis
Lyon 7e - 69
Indépendant
... expérience en financement ou une réelle passion pour les projets immobiliers. À l'écoute, vous aimez créer un lien de confiance...
Voir l’offre
il y a 10 heures",False,,2025-12-16T10:28:20.909654
Emploi Commerce,https://www.hellowork.com/fr-fr/emplois/71566539.html,71566539,Business Developer Start-Up BTS N.D.R.C en Alternance H/F,Aurlom,Paris - 75,Alternance,,il y a 10 heures,"Business Developer Start-Up BTS N.D.R.C en Alternance H/F
Aurlom
Paris - 75
Alternance
2 ans
- Titulaire du baccalauréat ou en cours. - Esprit d'équipe et une éthique irréprochable - Sens du service...
Voir l’offre
il y a 10 heures",False,,2025-12-16T10:28:21.342885
Emploi Commerce,https://www.hellowork.com/fr-fr/emplois/71566385.html,71566385,Commercial en Tourisme et Loisirs BTS N.D.R.C en Alternance H/F,Aurlom,Paris - 75,Alternance,,il y a 10 heures,"Commercial en Tourisme et Loisirs BTS N.D.R.C en Alternance H/F
Aurlom
Paris - 75
Alternance
2 ans
... communication. - Maîtrise des outils numériques. - Capacité à travailler en équipe. - Adaptabilité à différents environnements....
Voir l’offre
il y a 10 heures",False,,2025-12-16T10:28:21.846121
Emploi Commerce,https://www.hellowork.com/fr-fr/emplois/71564842.html,71564842,Chargé de Clientèle Particuliers Renfort - Aubusson 23 H/F,Groupama d'Oc,Aubusson - 23,CDI,,il y a 10 heures,"Chargé de Clientèle Particuliers Renfort - Aubusson 23 H/F
Groupama d'Oc
Aubusson - 23
CDI
… la recommandation. Pour cela, être titulaire d'un Bac +2 en commerce Avoir une connaissance du bassin local et un fort attachement à…
Voir l’offre
il y a 10 heures",False,,2025-12-16T10:28:22.286050
Emploi Commerce,https://www.hellowork.com/fr-fr/emplois/71564981.html,71564981,Chef de Secteur Commerce H/F,Weldom S.A,Marseille - 13,CDI,2 499 € / mois,il y a 10 heures,"Chef de Secteur Commerce H/F
Weldom S.A
Marseille - 13
CDI
2 499 € / mois
… fièrement un concept de bricolage ancré dans les valeurs du commerce de proximité. Notre croissance continue nous a d'ailleurs valu…
Voir l’offre
il y a 10 heures",False,,2025-12-16T10:28:22.866906
Emploi Commerce,https://www.hellowork.com/fr-fr/emplois/71540313.html,71540313,Responsable de Prescription H/F,Groupe Atlantic,Poitiers - 86,CDI,,il y a 10 heures,"Responsable de Prescription H/F
Groupe Atlantic
Poitiers - 86
CDI
... l'adhésion et gagnez la confiance de vos interlocuteurs. Accessible et disponible, vous établissez rapidement des relations solides et durables...
Voir l’offre
il y a 10 heures",False,,2025-12-16T10:28:23.353688
Emploi Commerce,https://www.hellowork.com/fr-fr/emplois/71563263.html,71563263,Commercial Sédentaire Btob BTS N.D.R.C en Alternance H/F,Aurlom,400 - 1 700 € / mois,Alternance,400 - 1 700 € / mois,il y a 10 heures,"Commercial Sédentaire Btob BTS N.D.R.C en Alternance H/F
Aurlom
Paris - 75
Alternance
400 - 1 700 € / mois
2 ans
- Titulaire d'un baccalauréat, en cours, ou en réorientation. - Excellente communication. - Sens du service et écoute...
Voir l’offre
il y a 10 heures",False,,2025-12-16T10:28:23.975051
Emploi Commerce,https://www.hellowork.com/fr-fr/emplois/71563277.html,71563277,Commercial en Édition - Librairie BTS N.D.R.C en Alternance H/F,Aurlom,Paris - 75,Temps partiel,,il y a 10 heures,"Commercial en Édition - Librairie BTS N.D.R.C en Alternance H/F
Aurlom
Paris - 75
Alternance
Temps partiel
2 ans
… - Baccalauréat requis ou en cours. - Intérêt pour le commerce - Bonne capacité à travailler en équipe. - Bonne communication,…
Voir l’offre
il y a 10 heures",False,,2025-12-16T10:28:24.497018
Emploi Commerce,https://www.hellowork.com/fr-fr/emplois/71563245.html,71563245,Business Developer Junior BTS N.D.R.C en Alternance H/F,Aurlom,400 - 1 700 € / mois,Alternance,400 - 1 700 € / mois,il y a 10 heures,"Business Developer Junior BTS N.D.R.C en Alternance H/F
Aurlom
Paris - 75
Alternance
400 - 1 700 € / mois
2 ans
... rapide à un environnement dynamique de vente en boutique. - Rigueur, organisation, et gestion proactive des priorités. -...
Voir l’offre
il y a 10 heures",False,,2025-12-16T10:28:25.036452
Emploi Commerce,https://www.hellowork.com/fr-fr/emplois/71563095.html,71563095,Alternance - Chargé Clientèle - BTS N.D.R.C H/F,Aurlom,Paris - 75,Alternance,,il y a 10 heures,"Alternance - Chargé Clientèle - BTS N.D.R.C H/F
Aurlom
Paris - 75
Alternance
2 ans
... Excellentes compétences en communication et en travail d'équipe. - Orientation vers les résultats. - Intérêt pour la technologie...
Voir l’offre
il y a 10 heures",False,,2025-12-16T10:28:39.926806
Emploi Commerce,https://www.hellowork.com/fr-fr/emplois/71562066.html,71562066,Alternance- Assistant Commercial - N.D.R.C H/F,Aurlom,Paris - 75,Temps partiel,,il y a 10 heures,"Alternance- Assistant Commercial - N.D.R.C H/F
Aurlom
Paris - 75
Alternance
Temps partiel
2 ans
... sens de l'organisation et capacité à travailler en équipe. - Maîtrise des outils informatiques et des logiciels de gestion.
Voir l’offre
il y a 10 heures",False,,2025-12-16T10:28:40.398635
Emploi Commerce,https://www.hellowork.com/fr-fr/emplois/71562820.html,71562820,Attachée·e Clientèle Itinérant·e H/F,Les Assurances Mutuelles de Picardie,,CDI,,il y a 10 heures,"Attachée·e Clientèle Itinérant·e H/F
Les Assurances Mutuelles de Picardie
Hauts-de-France
CDI
Une expérience dans le secteur assurantiel est indispensable. Le Permis B est obligatoire Expérience...
Voir l’offre
il y a 10 heures",False,,2025-12-16T10:28:40.861935
Emploi Commerce,https://www.hellowork.com/fr-fr/emplois/71561909.html,71561909,Commercial H/F,Kooi Security France,30 000 - 40 000 € / an,CDI,30 000 - 40 000 € / an,il y a 10 heures,"Commercial H/F
Kooi Security France
Nantes - 44
CDI
30 000 - 40 000 € / an
… tu as : - Un baccalauréat professionnel « Métiers du commerce Technique - Un bon relationnel. Tu es un(e) bon(ne) communicant(e) - -…
Voir l’offre
il y a 10 heures",False,,2025-12-16T10:28:41.388267
Emploi Commerce,https://www.hellowork.com/fr-fr/emplois/66722956.html,66722956,Conseiller Commercial Agence H/F,BEHIVE,25 000 - 40 000 € / an,CDI,25 000 - 40 000 € / an,il y a 10 heures,"Conseiller Commercial Agence H/F
BEHIVE
Super recruteur
Val-de-Marne - 94
CDI
25 000 - 40 000 € / an
... de la formation est suivie en e-learning à l'agence, de manière interactive avec l'accompagnement d'un formateur interne. ...
Voir l’offre
il y a 10 heures",False,,2025-12-16T10:28:41.940961
Emploi Commerce,https://www.hellowork.com/fr-fr/emplois/38546543.html,38546543,Commercial Itinérant Btoc H/F,Rafy Gold,2 200 - 3 200 € / mois,CDI,2 200 - 3 200 € / mois,il y a 10 heures,"Commercial Itinérant Btoc H/F
Rafy Gold
Haute-Garonne - 31
CDI
2 200 - 3 200 € / mois
… Profil recherché : - Expérience dans la vente ou le commerce - Excellentes compétences relationnelles et sens du service. - rigueur,…
Voir l’offre
il y a 10 heures",False,,2025-12-16T10:28:42.522383
Emploi Commerce,https://www.hellowork.com/fr-fr/emplois/32127934.html,32127934,Animateur H/F,RMA,Besançon - 25,Temps partiel,"11,27 € / heure",il y a 10 heures,"Animateur H/F
RMA
Super recruteur
Besançon - 25
CDD
Temps partiel
11,27 € / heure
+ 1
… - Sens du commerce
Voir l’offre
il y a 10 heures",False,,2025-12-16T10:28:43.157920
Emploi Commerce,https://www.hellowork.com/fr-fr/emplois/38545639.html,38545639,Commercial Rachat d'Or H/F,Rafy Gold,2 000 - 3 000 € / mois,CDI,2 000 - 3 000 € / mois,il y a 10 heures,"Commercial Rachat d'Or H/F
Rafy Gold
Oise - 60
CDI
2 000 - 3 000 € / mois
… Profil recherché : - Expérience dans la vente ou le commerce - Excellentes compétences relationnelles et sens du service. -…
Voir l’offre
il y a 10 heures",False,,2025-12-16T10:28:43.657676
Emploi Commerce,https://www.hellowork.com/fr-fr/emplois/38546443.html,38546443,Commercial Itinérant Btoc H/F,Rafy Gold,2 200 - 3 200 € / mois,CDI,2 200 - 3 200 € / mois,il y a 10 heures,"Commercial Itinérant Btoc H/F
Rafy Gold
Charente - 16
CDI
2 200 - 3 200 € / mois
… Doté(e) d'un bon sens du commerce vente auprès d'un public de…
Voir l’offre
il y a 10 heures",False,,2025-12-16T10:28:44.182245
Emploi Commerce,https://www.hellowork.com/fr-fr/emplois/66729379.html,66729379,Assistant Commercial Alternance H/F,Groupe Alternance Marseille,774 - 1 801 € / mois,Alternance,774 - 1 801 € / mois,il y a 10 heures,"Assistant Commercial Alternance H/F
Groupe Alternance Marseille
Marseille - 13
Alternance
774 - 1 801 € / mois
24 mois
… à l'oral et goût du contact - Motivation pour les métiers du commerce et de la relation client - Maîtrise des outils informatiques et…
Voir l’offre
il y a 10 heures",False,,2025-12-16T10:28:44.763734
Emploi Commerce,https://www.hellowork.com/fr-fr/emplois/60379765.html,60379765,BTS Ndrc - Commercial H/F,Institut F2I,,Alternance,,il y a 10 heures,"BTS Ndrc - Commercial H/F
Institut F2I
Île-de-France
Alternance
2 ans
... maîtrisez les outils informatiques et avez une sensibilité aux nouvelles technologies. - Une première expérience commerciale serait un atout...
Voir l’offre
il y a 10 heures",False,,2025-12-16T10:28:45.277492
Emploi Commerce,https://www.hellowork.com/fr-fr/emplois/38546465.html,38546465,Commercial Rachat d'Or H/F,Rafy Gold,2 200 - 3 200 € / mois,CDI,2 200 - 3 200 € / mois,il y a 10 heures,"Commercial Rachat d'Or H/F
Rafy Gold
Eure - 27
CDI
2 200 - 3 200 € / mois
… Doté(e) d'un bon sens du commerce vente auprès d'un public de…
Voir l’offre
il y a 10 heures",False,,2025-12-16T10:28:45.841344
Emploi Commerce,https://www.hellowork.com/fr-fr/emplois/71540031.html,71540031,Chargés de Clientèle Bilingues Allemand H/F,Randstad,24 600 - 25 800 € / an,CDI,24 600 - 25 800 € / an,il y a 10 heures,"Chargés de Clientèle Bilingues Allemand H/F
Randstad
Lille - 59
CDI
24 600 - 25 800 € / an
... dynamique et motivé.e Vous maîtrisez les nouvelles technologies et disposez de bonnes compétences informatiques Idéalement, vous avez déjà une expérience...
Voir l’offre
il y a 10 heures",False,,2025-12-16T10:28:46.323929
Emploi Commerce,https://www.hellowork.com/fr-fr/emplois/60361107.html,60361107,Commercial en Alternance H/F,Aftec Vannes,22 000 - 24 000 € / an,Alternance,22 000 - 24 000 € / an,il y a 10 heures,"Commercial en Alternance H/F
Aftec Vannes
Vannes - 56
Alternance
22 000 - 24 000 € / an
24 mois
... confiance avec vos interlocuteurs. - Vous êtes autonome, vous savez organiser vos tournées et vos relances téléphoniques. -...
Voir l’offre
il y a 10 heures",False,,2025-12-16T10:28:46.830467
Emploi Commerce,https://www.hellowork.com/fr-fr/emplois/71538277.html,71538277,Technico-Commerciale - Technico-Commercial Sédentaire H/F,Rubix France,26 000 - 30 000 € / an,CDI,26 000 - 30 000 € / an,il y a 10 heures,"Technico-Commerciale - Technico-Commercial Sédentaire H/F
Rubix France
Blagnac - 31
CDI
26 000 - 30 000 € / an
... Ce que nous vous proposons : - Rémunération Fixe + Variable - Carte Ticket restaurant (10€ Pris en...
Voir l’offre
il y a 10 heures",False,,2025-12-16T10:28:47.276572
Emploi Commerce,https://www.hellowork.com/fr-fr/emplois/65471485.html,65471485,Apprenti Account Manager - Alternance - 78 H/F,Konica Minolta,"486,49 - 1 801,80 € / mois",Alternance,"486,49 - 1 801,80 € / mois",il y a 10 heures,"Apprenti Account Manager - Alternance - 78 H/F
Konica Minolta
Carrières-sur-Seine - 78
Alternance
486,49 - 1 801,80 € / mois
... Smartphone + Ordinateur portable + accès VPN - Locaux et cadre de travail modernes - Mutuelle d'entreprise - Prévoyance -...
Voir l’offre
il y a 10 heures",False,,2025-12-16T10:28:47.738415
Emploi Commerce,https://www.hellowork.com/fr-fr/emplois/51408602.html,51408602,Commercial en Alternance H/F,Aftec Vannes,21 203 - 23 000 € / an,Alternance,21 203 - 23 000 € / an,il y a 10 heures,"Commercial en Alternance H/F
Aftec Vannes
Lorient - 56
Alternance
21 203 - 23 000 € / an
24 mois
LE PROFIL RECHERCHÉ - Permis B requis - Vous êtes autonome, rigoureux - Vous...
Voir l’offre
il y a 10 heures",False,,2025-12-16T10:28:48.237397
Emploi Commerce,https://www.hellowork.com/fr-fr/emplois/71536537.html,71536537,Consultant Commercial H/F,Synergie,30 000 - 35 000 € / an,CDI,30 000 - 35 000 € / an,il y a 10 heures,"Consultant Commercial H/F
Synergie
Lagny-sur-Marne - 77
CDI
30 000 - 35 000 € / an
... nous sommes persuadés qu'avec une formation adaptée ainsi qu'une bonne intégration, vous pourrez vous épanouir et réussir sur ce poste.
Voir l’offre
il y a 10 heures",False,,2025-12-16T10:28:48.704699
Emploi Commerce,https://www.hellowork.com/fr-fr/emplois/65463947.html,65463947,Chargé d'Affaires Junior H/F,ForumJobs,24 000 - 36 000 € / an,CDI,24 000 - 36 000 € / an,il y a 10 heures,"Chargé d'Affaires Junior H/F
ForumJobs
Gravelines - 59
CDI
24 000 - 36 000 € / an
... sécurité et l'environnement sont plus que jamais au coeur des préoccupations sociétales. Dans le cadre de sa politique, la société...
Voir l’offre
il y a 10 heures",False,,2025-12-16T10:28:49.123971
Emploi Commerce,https://www.hellowork.com/fr-fr/emplois/38545643.html,38545643,Commercial Itinérant Btoc H/F,Rafy Gold,2 000 - 3 000 € / mois,CDI,2 000 - 3 000 € / mois,il y a 10 heures,"Commercial Itinérant Btoc H/F
Rafy Gold
Lozère - 48
CDI
2 000 - 3 000 € / mois
… Doté(e) d'un bon sens du commerce vente auprès d'un public de…
Voir l’offre
il y a 10 heures",False,,2025-12-16T10:28:49.603662
Emploi Distribution,https://www.hellowork.com/fr-fr/emplois/73741348.html,73741348,Hôte de Caisse Cqp en Alternance H/F,Carrefour,"486,49 - 1 801,80 € / mois",Alternance,"486,49 - 1 801,80 € / mois",moins d'une heure,"Hôte de Caisse Cqp en Alternance H/F
Carrefour
Coudekerque-Branche - 59
Alternance
486,49 - 1 801,80 € / mois
... esprit d'équipe seront des atouts. - Vos capacités d'organisation, des responsabilités, votre sens des priorités et de l'orientation client sont...
Voir l’offre
moins d'une heure",False,,2025-12-16T10:29:11.820995
Emploi Distribution,https://www.hellowork.com/fr-fr/emplois/73741344.html,73741344,Employé Commercial Rayon Boucherie H/F,Carrefour,Saint-Germain-du-Puy - 18,CDI,,moins d'une heure,"Employé Commercial Rayon Boucherie H/F
Carrefour
Saint-Germain-du-Puy - 18
CDI
… : sain, plus local, plus responsable. Leader mondial de la distribution digitale, tout en créant un environnement de travail inclusif…
Voir l’offre
moins d'une heure",False,,2025-12-16T10:29:12.231748
Emploi Distribution,https://www.hellowork.com/fr-fr/emplois/73741342.html,73741342,Employé de Libre-Service H/F,LINK RH Recrutement,Lognes - 77,CDD,,moins d'une heure,"Employé de Libre-Service H/F
LINK RH Recrutement
Lognes - 77
CDD
9 mois
... Tes journées varieront en fonction des besoins du magasin, impossible de t'ennuyer ! On a tous...
Voir l’offre
moins d'une heure",False,,2025-12-16T10:29:12.682125
Emploi Distribution,https://www.hellowork.com/fr-fr/emplois/73741335.html,73741335,Employé de Libre-Service H/F,LINK RH Recrutement,Dammartin-en-Goële - 77,CDD,,moins d'une heure,"Employé de Libre-Service H/F
LINK RH Recrutement
Dammartin-en-Goële - 77
CDD
9 mois
... lui garantissant la meilleure expérience possible, tant au niveau de la disponibilité des produits que de l'encaissement de ses achats,...
Voir l’offre
moins d'une heure",False,,2025-12-16T10:29:13.190680
Emploi Distribution,https://www.hellowork.com/fr-fr/emplois/73741334.html,73741334,Employé de Libre-Service H/F,LINK RH Recrutement,Chatou - 78,CDD,,moins d'une heure,"Employé de Libre-Service H/F
LINK RH Recrutement
Chatou - 78
CDD
9 mois
... emploi en moins d'une semaine ! Tu auras pour mission de garantir la satisfaction du client en...
Voir l’offre
moins d'une heure",False,,2025-12-16T10:29:13.691528
Emploi Distribution,https://www.hellowork.com/fr-fr/emplois/73741329.html,73741329,Employé de Libre-Service H/F,LINK RH Recrutement,Saint-Cloud - 92,CDD,,moins d'une heure,"Employé de Libre-Service H/F
LINK RH Recrutement
Saint-Cloud - 92
CDD
9 mois
... Tes journées varieront en fonction des besoins du magasin, impossible de t'ennuyer ! On a tous...
Voir l’offre
moins d'une heure",False,,2025-12-16T10:29:14.163490
Emploi Distribution,https://www.hellowork.com/fr-fr/emplois/73741328.html,73741328,Employé de Libre-Service H/F,LINK RH Recrutement,Chessy - 77,CDD,,moins d'une heure,"Employé de Libre-Service H/F
LINK RH Recrutement
Chessy - 77
CDD
9 mois
... emploi en moins d'une semaine ! Tu auras pour mission de garantir la satisfaction du client en...
Voir l’offre
moins d'une heure",False,,2025-12-16T10:29:14.576164
Emploi Distribution,https://www.hellowork.com/fr-fr/emplois/73741327.html,73741327,Employé de Libre-Service H/F,LINK RH Recrutement,Vaucresson - 92,CDD,,moins d'une heure,"Employé de Libre-Service H/F
LINK RH Recrutement
Vaucresson - 92
CDD
9 mois
... oublier ton sourire, ton dynamisme et ta bonne humeur ! Tes journées varieront en fonction des besoins...
Voir l’offre
moins d'une heure",False,,2025-12-16T10:29:14.973706
Emploi Distribution,https://www.hellowork.com/fr-fr/emplois/73741325.html,73741325,Employé de Libre-Service H/F,LINK RH Recrutement,Lagny-sur-Marne - 77,CDD,,moins d'une heure,"Employé de Libre-Service H/F
LINK RH Recrutement
Lagny-sur-Marne - 77
CDD
9 mois
... aimes le contact client ? Alors n'hésite pas : tente l'aventure G20 et obtiens un emploi en moins d'une semaine...
Voir l’offre
moins d'une heure",False,,2025-12-16T10:29:15.362835
Emploi Distribution,https://www.hellowork.com/fr-fr/emplois/73741323.html,73741323,Employé de Libre-Service H/F,LINK RH Recrutement,Paris - 75,CDD,,moins d'une heure,"Employé de Libre-Service H/F
LINK RH Recrutement
Paris - 75
CDD
9 mois
... au niveau de la disponibilité des produits que de l'encaissement de ses achats, sans oublier ton sourire, ton dynamisme et...
Voir l’offre
moins d'une heure",False,,2025-12-16T10:29:15.724017
Emploi Distribution,https://www.hellowork.com/fr-fr/emplois/73741322.html,73741322,Employé de Libre-Service H/F,LINK RH Recrutement,Bougival - 78,CDD,,moins d'une heure,"Employé de Libre-Service H/F
LINK RH Recrutement
Bougival - 78
CDD
9 mois
... es polyvalent(e), disponible immédiatement, et tu aimes le contact client ? Alors n'hésite pas : tente l'aventure CARREFOUR et obtiens...
Voir l’offre
moins d'une heure",False,,2025-12-16T10:29:16.130533
Emploi Distribution,https://www.hellowork.com/fr-fr/emplois/73741321.html,73741321,Employé de Libre-Service H/F,LINK RH Recrutement,La Courneuve - 93,CDD,,moins d'une heure,"Employé de Libre-Service H/F
LINK RH Recrutement
La Courneuve - 93
CDD
9 mois
... moins d'une semaine ! Tu auras pour mission de garantir la satisfaction du client en lui garantissant...
Voir l’offre
moins d'une heure",False,,2025-12-16T10:29:16.499996
Emploi Distribution,https://www.hellowork.com/fr-fr/emplois/73741320.html,73741320,Employé de Libre-Service H/F,LINK RH Recrutement,Gentilly - 94,CDD,,moins d'une heure,"Employé de Libre-Service H/F
LINK RH Recrutement
Gentilly - 94
CDD
9 mois
... n'hésite pas : tente l'aventure CARREFOUR et obtiens un emploi en moins d'une semaine ! Tu auras...
Voir l’offre
moins d'une heure",False,,2025-12-16T10:29:16.846358
Emploi Distribution,https://www.hellowork.com/fr-fr/emplois/73741319.html,73741319,Employé de Libre-Service H/F,LINK RH Recrutement,Marnes-la-Coquette - 92,CDD,,moins d'une heure,"Employé de Libre-Service H/F
LINK RH Recrutement
Marnes-la-Coquette - 92
CDD
9 mois
... Tu auras pour mission de garantir la satisfaction du client en lui garantissant la meilleure expérience possible,...
Voir l’offre
moins d'une heure",False,,2025-12-16T10:29:17.183679
Emploi Distribution,https://www.hellowork.com/fr-fr/emplois/73741296.html,73741296,Hote de Caisse H/F,Job Direct,Bellac - 87,Intérim,"11,88 € / heure",moins d'une heure,"Hote de Caisse H/F
Job Direct
Bellac - 87
Intérim
11,88 € / heure
5 jours
... à gérer les périodes d'affluence - Sens de l'organisation et rigueur dans la gestion des transactions financières...
Voir l’offre
moins d'une heure",False,,2025-12-16T10:29:17.529921
Emploi Distribution,https://www.hellowork.com/fr-fr/emplois/73741256.html,73741256,Employé de Rayon Marée H/F,NETWORK INTERIM ANTIBES,Villeneuve-Loubet - 06,Intérim,"11,88 € / heure",moins d'une heure,"Employé de Rayon Marée H/F
NETWORK INTERIM ANTIBES
Villeneuve-Loubet - 06
Intérim
11,88 € / heure
4 jours
Vous possédez idéalement une expérience en tant qu'employé(e) de rayon et possédez un très bon relationnel....
Voir l’offre
moins d'une heure",False,,2025-12-16T10:29:17.895336
Emploi Distribution,https://www.hellowork.com/fr-fr/emplois/73741203.html,73741203,Responsable de Boutique - Btq Saint Germain en Laye H/F,Comtesse du Barry,30 000 - 32 000 € / an,CDI,30 000 - 32 000 € / an,moins d'une heure,"Responsable de Boutique - Btq Saint Germain en Laye H/F
Comtesse du Barry
Saint-Germain-en-Laye - 78
CDI
30 000 - 32 000 € / an
... an d'ancienneté. - Rejoindre la communauté Comtesse du Barry c'est aussi bénéficier de réductions sur nos produits d'exception tout...
Voir l’offre
moins d'une heure",False,,2025-12-16T10:29:18.290112
Emploi Distribution,https://www.hellowork.com/fr-fr/emplois/73741099.html,73741099,Employé Libre-Service H/F,Temporis Interim,Nancy - 54,Intérim,"11,88 € / heure",moins d'une heure,"Employé Libre-Service H/F
Temporis Interim
Nancy - 54
Intérim
11,88 € / heure
... contrôler les livraisons afin de garantir la qualité, l'étiquetage et la fraîcheur des produits. Accueillir et conseiller les clients pour...
Voir l’offre
moins d'une heure",False,,2025-12-16T10:29:18.668431
Emploi Distribution,https://www.hellowork.com/fr-fr/emplois/73741074.html,73741074,Promoteur des Ventes en GSB H/F,Optimark,1 900 - 2 100 € / mois,CDD,1 900 - 2 100 € / mois,moins d'une heure,"Promoteur des Ventes en GSB H/F
Optimark
Toulon - 83
CDD
1 900 - 2 100 € / mois
9 mois
... de merchandising et de vente, vous êtes doté(e) de réelles qualités commerciales et relationnelles. Vous êtes autonome,...
Voir l’offre
moins d'une heure",False,,2025-12-16T10:29:19.040385
Emploi Distribution,https://www.hellowork.com/fr-fr/emplois/73741070.html,73741070,Promoteur des Ventes en GSB H/F,Optimark,1 900 - 2 100 € / mois,CDD,1 900 - 2 100 € / mois,moins d'une heure,"Promoteur des Ventes en GSB H/F
Optimark
Arras - 62
CDD
1 900 - 2 100 € / mois
9 mois
... Vous maîtrisez les techniques de merchandising et de vente, vous êtes doté(e) de réelles qualités commerciales et relationnelles. ...
Voir l’offre
moins d'une heure",False,,2025-12-16T10:29:19.426490
Emploi Distribution,https://www.hellowork.com/fr-fr/emplois/73741460.html,73741460,Hôte de Caisse H/F,LINK RH Recrutement,,,,,,False,,2025-12-16T10:29:33.720425
Emploi Distribution,https://www.hellowork.com/fr-fr/emplois/73741069.html,73741069,Promoteur des Ventes en GSB H/F,Optimark,,,,,,False,,2025-12-16T10:29:50.196195
Emploi Distribution,https://www.hellowork.com/fr-fr/emplois/73741068.html,73741068,Promoteur des Ventes en GSB H/F,Optimark,,,,,,False,,2025-12-16T10:29:50.701208
Emploi Distribution,https://www.hellowork.com/fr-fr/emplois/73741067.html,73741067,Promoteur des Ventes en GSB H/F,Optimark,1 900 - 2 100 € / mois,CDD,1 900 - 2 100 € / mois,moins d'une heure,"Promoteur des Ventes en GSB H/F
Optimark
Lyon - 69
CDD
1 900 - 2 100 € / mois
9 mois
... Vous maîtrisez les techniques de merchandising et de vente, vous êtes doté(e) de réelles qualités commerciales et...
Voir l’offre
moins d'une heure",False,,2025-12-16T10:29:51.112844
Emploi Distribution,https://www.hellowork.com/fr-fr/emplois/73741057.html,73741057,Promoteur des Ventes en GSB H/F,Optimark,1 900 - 2 100 € / mois,CDD,1 900 - 2 100 € / mois,moins d'une heure,"Promoteur des Ventes en GSB H/F
Optimark
Montigny-lès-Cormeilles - 95
CDD
1 900 - 2 100 € / mois
9 mois
... de promoteur des ventes sur les circuits Grandes Surfaces de Bricolage. Vous disposez de très bonnes connaissances...
Voir l’offre
moins d'une heure",False,,2025-12-16T10:29:51.536469
Emploi Distribution,https://www.hellowork.com/fr-fr/emplois/73740825.html,73740825,Ecailler H/F,Athena Interim,14 - 18 € / heure,CDI,14 - 18 € / heure,il y a 1 heure,"Ecailler H/F
Athena Interim
Montpellier - 34
CDI
14 - 18 € / heure
... crustacés - Connaissance des règles d'hygiène alimentaire - Bonne résistance physique et rapidité d'exécution...
Voir l’offre
il y a 1 heure",False,,2025-12-16T10:29:52.016435
Emploi Distribution,https://www.hellowork.com/fr-fr/emplois/73740594.html,73740594,Second de Rayon Frais Fresh. H/F,fresh.,Draguignan - 83,CDI,2 400 € / mois,il y a 1 heure,"Second de Rayon Frais Fresh. H/F
fresh.
Draguignan - 83
CDI
2 400 € / mois
Nous vous proposons : * Une prime individuelle pouvant atteindre 175 € bruts/mois, * Chaque heure supplémentaire...
Voir l’offre
il y a 1 heure",False,,2025-12-16T10:29:52.393168
Emploi Distribution,https://www.hellowork.com/fr-fr/emplois/73740531.html,73740531,Chef de Secteur GMS H/F,Havea,28 000 - 33 500 € / an,CDI,28 000 - 33 500 € / an,il y a 1 heure,"Chef de Secteur GMS H/F
Havea
La Rochelle - 17
CDI
28 000 - 33 500 € / an
... le secteur, les principaux clients et avez un affecte particulier pour l'univers de la Grande Distribution, alors rejoignez-nous sans plus...
Voir l’offre
il y a 1 heure",False,,2025-12-16T10:29:52.759283
Emploi Distribution,https://www.hellowork.com/fr-fr/emplois/73740529.html,73740529,Adjoint Magasin Confirmé H/F,Prest'All Colmar,Muhlbach-sur-Munster - 68,Intérim,2 100 € / mois,il y a 1 heure,"Adjoint Magasin Confirmé H/F
Prest'All Colmar
Muhlbach-sur-Munster - 68
Intérim
2 100 € / mois
6 mois
... BL, de l'encaissement, etc. Une première expérience sur poste similaire est demandée. Poste du lundi au vendredi...
Voir l’offre
il y a 1 heure",False,,2025-12-16T10:29:53.118527
Emploi Distribution,https://www.hellowork.com/fr-fr/emplois/73740424.html,73740424,Employé de Magasin Libre-Service H/F,Job Concept Transport et Logistique,Villefranche-sur-Saône - 69,CDI,"11,88 € / heure",il y a 1 heure,"Employé de Magasin Libre-Service H/F
Job Concept Transport et Logistique
Villefranche-sur-Saône - 69
CDI
11,88 € / heure
… aimez le terrain et le travail en équipe. Une première expérience en distribution Le poste Horaires et jours travaillés : du lundi au…
Voir l’offre
il y a 1 heure",False,,2025-12-16T10:29:53.517491
Emploi Distribution,https://www.hellowork.com/fr-fr/emplois/73739215.html,73739215,Employes Libre Service H/F,Triangle Intérim,"11,88 - 12 € / heure",Temps partiel,"11,88 - 12 € / heure",il y a 2 heures,"Employes Libre Service H/F
Triangle Intérim
Magny-les-Hameaux - 78
Intérim
Temps partiel
11,88 - 12 € / heure
+ 1
... des personnes disponibles, dynamiques et motivées. Vous êtes à l'aise avec le contact client. Une expérience dans la...
Voir l’offre
il y a 2 heures",False,,2025-12-16T10:29:54.016809
Emploi Distribution,https://www.hellowork.com/fr-fr/emplois/73738930.html,73738930,Responsable de Magasin H/F,Kaptiv,25 000 - 30 000 € / an,CDI,25 000 - 30 000 € / an,il y a 2 heures,"Responsable de Magasin H/F
Kaptiv
Sainte-Marie - 974
CDI
25 000 - 30 000 € / an
Travail de jour
... Maîtrise des outils de gestion et logiciels de caisse - Capacité à assurer la satisfaction client et résoudre les litiges
Voir l’offre
il y a 2 heures",False,,2025-12-16T10:29:54.467995
Emploi Distribution,https://www.hellowork.com/fr-fr/emplois/73738844.html,73738844,Responsable Zone Cms H/F,Groupe Actual,13 - 14 € / heure,Intérim,13 - 14 € / heure,il y a 2 heures,"Responsable Zone Cms H/F
Groupe Actual
Saint-Just-en-Chevalet - 42
Intérim
13 - 14 € / heure
Travail de jour
+ 1
... recherché pour le poste de responsable de zone CMS (h/f) doit posséder plusieurs compétences essentielles : - Formation technique...
Voir l’offre
il y a 2 heures",False,,2025-12-16T10:29:54.951368
Emploi Distribution,https://www.hellowork.com/fr-fr/emplois/73738795.html,73738795,Employé Libre-Service Fruits et Légumes H/F,Sup Interim,Saint-Vit - 25,Intérim,"11,88 € / heure",il y a 2 heures,"Employé Libre-Service Fruits et Légumes H/F
Sup Interim
Saint-Vit - 25
Intérim
11,88 € / heure
Travail de jour
+ 1
- Méthodique, dynamique, rigoureux, vous possédez idéalement une première expérience en mise en rayons - Vous êtes aptes au port...
Voir l’offre
il y a 2 heures",False,,2025-12-16T10:29:55.425695
Emploi Distribution,https://www.hellowork.com/fr-fr/emplois/73738708.html,73738708,Hôte de Caisse H/F,E.Leclerc,Bayonne - 64,Temps partiel,,il y a 2 heures,"Hôte de Caisse H/F
E.Leclerc
Bayonne - 64
CDD
Temps partiel
3 mois
Profil recherché : Vendeur de détail/guichet Une expérience sur un poste d'encaissement est souhaitée ...
Voir l’offre
il y a 2 heures",False,,2025-12-16T10:29:55.846561
Emploi Distribution,https://www.hellowork.com/fr-fr/emplois/73738706.html,73738706,Employe Commercial Épicerie - CDI Temps Plein - Bugnicourt 59 H/F,E.Leclerc,Bugnicourt - 59,CDI,,il y a 2 heures,"Employe Commercial Épicerie - CDI Temps Plein - Bugnicourt 59 H/F
E.Leclerc
Bugnicourt - 59
CDI
Profil recherché : Approvisionnements/Gestion Fournisseurs Nous recherchons une personne motivée, dynamique et faisant preuve de rigueur dans...
Voir l’offre
il y a 2 heures",False,,2025-12-16T10:29:56.276969
Emploi Distribution,https://www.hellowork.com/fr-fr/emplois/73738703.html,73738703,Employe Commercial Liquides - CDI Temps Plein - Bugnicourt 59 H/F,E.Leclerc,Bugnicourt - 59,CDI,,il y a 2 heures,"Employe Commercial Liquides - CDI Temps Plein - Bugnicourt 59 H/F
E.Leclerc
Bugnicourt - 59
CDI
... de gratification sous condition d'ancienneté ; - > 13ème mois sous condition d'ancienneté ; - > Avantages CSE.
Voir l’offre
il y a 2 heures",False,,2025-12-16T10:29:56.691091
Emploi Distribution,https://www.hellowork.com/fr-fr/emplois/73738658.html,73738658,Employé Libre Service - Employé Commercial Bazar H/F,E.Leclerc,Bayonne - 64,CDD,,il y a 2 heures,"Employé Libre Service - Employé Commercial Bazar H/F
E.Leclerc
Bayonne - 64
CDD
6 mois
Profil recherché : Approvisionnements/Gestion Fournisseurs Ponctuel, rigoureux, méthodique, esprit d'équipe. Une expérience d'au moins...
Voir l’offre
il y a 2 heures",False,,2025-12-16T10:29:57.102267
Emploi Distribution,https://www.hellowork.com/fr-fr/emplois/73738548.html,73738548,Chef de Secteur H/F,Keylink,40 000 - 50 000 € / an,CDI,40 000 - 50 000 € / an,il y a 2 heures,"Chef de Secteur H/F
Keylink
Paris 1er - 75
CDI
40 000 - 50 000 € / an
... commerce, vous justifiez d'une expérience réussie de 2 ans minimum sur une fonction similaire. Vous êtes reconnu pour vos...
Voir l’offre
il y a 2 heures",False,,2025-12-16T10:29:57.574282
Emploi Distribution,https://www.hellowork.com/fr-fr/emplois/73738445.html,73738445,Chef de Secteur H/F,Keylink,40 000 - 50 000 € / an,CDI,40 000 - 50 000 € / an,il y a 2 heures,"Chef de Secteur H/F
Keylink
Toulouse - 31
CDI
40 000 - 50 000 € / an
... Vous êtes reconnu pour vos qualités de communication et négociation et savez préparer vos tournées afin d'optimiser votre prospection et...
Voir l’offre
il y a 2 heures",False,,2025-12-16T10:29:58.035294
Emploi Distribution,https://www.hellowork.com/fr-fr/emplois/73738209.html,73738209,Chef,Temporis Interim,Hambach - 57,Intérim,,il y a 3 heures,"Chef - Cheffe de Rayon Fruits et Légumes H/F
Temporis Interim
Hambach - 57
Intérim
... REJOIGNEZ-NOUS DÈS MAINTENANT ! Si cette offre correspond à vos aspirations professionnelles, ne perdez pas une minute de plus...
Voir l’offre
il y a 3 heures",False,,2025-12-16T10:30:14.750411
Emploi Distribution,https://www.hellowork.com/fr-fr/emplois/73737074.html,73737074,Hôte de Caisse H/F,Supplay,"11,88 - 12 € / heure",CDI,"11,88 - 12 € / heure",il y a 6 heures,"Hôte de Caisse H/F
Supplay
Wittenheim - 68
CDI
11,88 - 12 € / heure
... - Vous maîtrisez les outils d'encaissement - Fiable, réactif(ve) et organisé(e), vous savez gérer les situations avec calme et professionnalisme.
Voir l’offre
il y a 6 heures",False,,2025-12-16T10:30:15.200063
Emploi Distribution,https://www.hellowork.com/fr-fr/emplois/73736754.html,73736754,Employé Libre Service Fruits et Légumes H/F,Tikerné RH,12 - 13 € / heure,Intérim,12 - 13 € / heure,il y a 8 heures,"Employé Libre Service Fruits et Légumes H/F
Tikerné RH
Châteaulin - 29
Intérim
12 - 13 € / heure
3 mois
... réactif(ve) Ce poste vous correspond ? N'attendez plus et postulez à l'adresse suivante : ****@****.** ou appelez-nous au **.**.**.**.**.
Voir l’offre
il y a 8 heures",False,,2025-12-16T10:30:15.662055
Emploi Distribution,https://www.hellowork.com/fr-fr/emplois/73736749.html,73736749,Responsable Caisse - Accueil - GMS H/F,Servagroupe Laval,2 000 - 2 500 € / mois,CDI,2 000 - 2 500 € / mois,il y a 8 heures,"Responsable Caisse - Accueil - GMS H/F
Servagroupe Laval
Laval - 53
CDI
2 000 - 2 500 € / mois
Vous avez envie de vous investir et d'évoluer au sein d'une équipe de passionnés et qui saura reconnaître votre talent...
Voir l’offre
il y a 8 heures",False,,2025-12-16T10:30:16.097875
Emploi Distribution,https://www.hellowork.com/fr-fr/emplois/73736620.html,73736620,Employé Libre Service H/F,Arobase Emploi,Fleurance - 32,Intérim,"11,88 € / heure",il y a 8 heures,"Employé Libre Service H/F
Arobase Emploi
Fleurance - 32
Intérim
11,88 € / heure
1 mois
... bon sens du service client et une première expérience en grande distribution ou en métiers de bouche seraient un plus.
Voir l’offre
il y a 8 heures",False,,2025-12-16T10:30:16.519744
Emploi Distribution,https://www.hellowork.com/fr-fr/emplois/73736550.html,73736550,Hote de Caisse H/F,Jubil Intérim,Solliès-Pont - 83,Intérim,"11,88 € / heure",il y a 8 heures,"Hote de Caisse H/F
Jubil Intérim
Solliès-Pont - 83
Intérim
11,88 € / heure
1 mois
... sur un poste similaire - Véhiculée -Disponible en journée et le samedi si besoin -Etre polyvalente
Voir l’offre
il y a 8 heures",False,,2025-12-16T10:30:16.972338
Emploi Distribution,https://www.hellowork.com/fr-fr/emplois/73736541.html,73736541,Opticien H/F,Tribay,2 500 - 2 900 € / mois,CDI,2 500 - 2 900 € / mois,il y a 8 heures,"Opticien H/F
Tribay
Pau - 64
CDI
2 500 - 2 900 € / mois
... - Excellente présentation et aisance relationnelle Vous voyez grand et vous aimez les défis ? Envoyez-nous votre candidature !
Voir l’offre
il y a 8 heures",False,,2025-12-16T10:30:17.406051
Emploi Distribution,https://www.hellowork.com/fr-fr/emplois/73736133.html,73736133,Responsable de Caisse H/F,Mr Bricolage,Strasbourg - 67,CDI,21 622 € / an,il y a 8 heures,"Responsable de Caisse H/F
Mr Bricolage
Strasbourg - 67
CDI
21 622 € / an
... ! Grâce à l'accueil et à la sympathie de ton équipe, nos clients passeront une belle journée ! ...
Voir l’offre
il y a 8 heures",False,,2025-12-16T10:30:17.829514
Emploi Distribution,https://www.hellowork.com/fr-fr/emplois/73736110.html,73736110,Responsable Magasin H/F,Sup Interim,"11,88 - 12 € / heure",Intérim,"11,88 - 12 € / heure",il y a 8 heures,"Responsable Magasin H/F
Sup Interim
Thise - 25
Intérim
11,88 - 12 € / heure
Travail de jour
+ 1
... à l'aise en commerce, animation, approvisionnement et magasinage. - Rigoureux(se) et organisé(e) : des qualités essentielles...
Voir l’offre
il y a 8 heures",False,,2025-12-16T10:30:18.296265
Emploi Distribution,https://www.hellowork.com/fr-fr/emplois/73736059.html,73736059,Employé Libre Service H/F,SENSACE Temporaire,Valdahon - 25,CDI,"11,88 € / heure",il y a 9 heures,"Employé Libre Service H/F
SENSACE Temporaire
Valdahon - 25
CDI
11,88 € / heure
... première rencontre et votre prise de poste), - Et surtout, un vrai bon match entre vos envies, la mission...
Voir l’offre
il y a 9 heures",False,,2025-12-16T10:30:18.730486
Emploi Distribution,https://www.hellowork.com/fr-fr/emplois/73735970.html,73735970,Adjoint Responsable Magasin H/F,Partnaire,2 500 - 3 300 € / mois,CDI,2 500 - 3 300 € / mois,il y a 9 heures,"Adjoint Responsable Magasin H/F
Partnaire
Belfort - 90
CDI
2 500 - 3 300 € / mois
Travail de jour
... management commercial sont reconnues. Si vous vous reconnaissez, contactez nous au **.**.**.**.** ou par mail sur ****@****.** ...
Voir l’offre
il y a 9 heures",False,,2025-12-16T10:30:19.224463
Emploi Distribution,https://www.hellowork.com/fr-fr/emplois/73735819.html,73735819,Employé Libre Service Polyvalent H/F,Sup Interim,Aiserey - 21,Intérim,"11,88 € / heure",il y a 9 heures,"Employé Libre Service Polyvalent H/F
Sup Interim
Aiserey - 21
Intérim
11,88 € / heure
Travail de jour
+ 1
... préalable dans la vente au détail appréciée, Savoir-être : Souriant(e), Bon sens de l'organisationCapacité à travailler...
Voir l’offre
il y a 9 heures",False,,2025-12-16T10:30:19.697249
Emploi Distribution,https://www.hellowork.com/fr-fr/emplois/73735539.html,73735539,Employe Service Client H/F,Sup Interim,22 000 - 25 000 € / an,Intérim,22 000 - 25 000 € / an,il y a 9 heures,"Employe Service Client H/F
Sup Interim
Argentan - 61
Intérim
22 000 - 25 000 € / an
Travail de jour
+ 1
Connaissance - R2000x - Stats R2000X - Transit - Microsoft Office - Noa - Outlook - Eliot Première...
Voir l’offre
il y a 9 heures",False,,2025-12-16T10:30:20.183416
Emploi Distribution,https://www.hellowork.com/fr-fr/emplois/73735483.html,73735483,Employé de Rayon Fruits et Légumes H/F,SENSACE Temporaire,Saint-Vit - 25,Temps partiel,"11,88 € / heure",il y a 9 heures,"Employé de Rayon Fruits et Légumes H/F
SENSACE Temporaire
Saint-Vit - 25
Intérim
Temps partiel
11,88 € / heure
+ 1
... Rue des Belles Ouvrières, 25410 Saint-Vit Avec notre agence, vous n'êtes pas qu'un CV : - On vous...
Voir l’offre
il y a 9 heures",False,,2025-12-16T10:30:20.663669
Emploi Distribution,https://www.hellowork.com/fr-fr/emplois/73735296.html,73735296,Merchandiser H/F,Top Selling,Narbonne - 11,Temps partiel,"11,88 € / heure",il y a 9 heures,"Merchandiser H/F
Top Selling
Narbonne - 11
CDD
Temps partiel
11,88 € / heure
+ 1
... - Dynamique, sociable - Motivé et tenace - Aimant le challenge Vous pensez avoir le profil idéal...
Voir l’offre
il y a 9 heures",False,,2025-12-16T10:30:21.100072
Emploi Distribution,https://www.hellowork.com/fr-fr/emplois/73734944.html,73734944,Responsable de Secteur H/F,Aquila RH,Cessieu - 38,Intérim,15 € / heure,il y a 9 heures,"Responsable de Secteur H/F
Aquila RH
Cessieu - 38
Intérim
15 € / heure
416 jours
... Capacité à gérer les imprévus et à prioriser les tâches Profil recherché Expérience confirmée...
Voir l’offre
il y a 9 heures",False,,2025-12-16T10:30:21.583777
Emploi Distribution,https://www.hellowork.com/fr-fr/emplois/73734942.html,73734942,Employé de Rayon H/F,Aquila RH,Le Havre - 76,Intérim,12 € / heure,il y a 9 heures,"Employé de Rayon H/F
Aquila RH
Le Havre - 76
Intérim
12 € / heure
60 jours
... Vous bénéficiez d'un réel sens du commerce. Ce poste est ouvert aux personnes en situation de handicap....
Voir l’offre
il y a 9 heures",False,,2025-12-16T10:30:22.027326
Emploi Distribution,https://www.hellowork.com/fr-fr/emplois/73734842.html,73734842,Employé de Rayon H/F,Lynx RH,Saint-Paul-sur-Save - 31,CDI,,il y a 9 heures,"Employé de Rayon H/F
Lynx RH
Saint-Paul-sur-Save - 31
CDI
... client recherche un employé commercial polyvalent pour son rayon frais (produits laitiers, charcuterie, traiteur, etc.). Vos missions...
Voir l’offre
il y a 9 heures",False,,2025-12-16T10:30:22.417743
Emploi Distribution,https://www.hellowork.com/fr-fr/emplois/73734354.html,73734354,Chef de Rayon Produits Frais H/F,Lynx RH,Saint-Paul-sur-Save - 31,CDI,,il y a 9 heures,"Chef de Rayon Produits Frais H/F
Lynx RH
Saint-Paul-sur-Save - 31
CDI
... que Chef de Secteur, vous serez garant de la performance commerciale, de l'organisation opérationnelle et du management de votre périmètre....
Voir l’offre
il y a 9 heures",False,,2025-12-16T10:30:22.825405
Emploi Distribution,https://www.hellowork.com/fr-fr/emplois/73734302.html,73734302,Employé Rayon Charcuterie Traiteur H/F,Aquila RH,Aizenay - 85,Intérim,"11,88 € / heure",il y a 9 heures,"Employé Rayon Charcuterie Traiteur H/F
Aquila RH
Aizenay - 85
Intérim
11,88 € / heure
513 jours
... De formation CAP/BEP Vente, vous justifiez d'une expérience sur un poste similaire. Vous aimez échanger...
Voir l’offre
il y a 9 heures",False,,2025-12-16T10:30:23.279570
Emploi Distribution,https://www.hellowork.com/fr-fr/emplois/73733204.html,73733204,Manager de Rayon H/F,Randstad,30 000 - 32 000 € / an,CDI,30 000 - 32 000 € / an,il y a 9 heures,"Manager de Rayon H/F
Randstad
Plérin - 22
CDI
30 000 - 32 000 € / an
... preuve de créativité pour développer activement votre rayon. Votre orientation client, votre capacité à animer une équipe, votre organisation,...
Voir l’offre
il y a 9 heures",False,,2025-12-16T10:30:40.018604
Emploi Distribution,https://www.hellowork.com/fr-fr/emplois/73732764.html,73732764,Responsable Magasin H/F,Start People,Cholet - 49,CDI,2 200 € / mois,il y a 9 heures,"Responsable Magasin H/F
Start People
Cholet - 49
CDI
2 200 € / mois
... de personnes en situation de handicap Cette mission vous intéresse ? Lancez-vous et postulez dès maintenant ! Notre agence revient...
Voir l’offre
il y a 9 heures",False,,2025-12-16T10:30:40.470293
Emploi Distribution,https://www.hellowork.com/fr-fr/emplois/73732609.html,73732609,Adjoint Responsable Caisse H/F,Start People.,"11,88 - 12,50 € / heure",Intérim,"11,88 - 12,50 € / heure",il y a 9 heures,"Adjoint Responsable Caisse H/F
Start People.
Cognac - 16
Intérim
11,88 - 12,50 € / heure
1 mois
Votre profilVous disposez d'une première expérience réussie en caisse, idéalement dans la grande distribution ou le commerce alimentaire Une...
Voir l’offre
il y a 9 heures",False,,2025-12-16T10:30:40.989106
Emploi Distribution,https://www.hellowork.com/fr-fr/emplois/73732602.html,73732602,Employe de Libre Service H/F,Start People.,Guerlédan - 22,Intérim,"11,88 € / heure",il y a 9 heures,"Employe de Libre Service H/F
Start People.
Guerlédan - 22
Intérim
11,88 € / heure
7 jours
... vous pourrez échanger avec un(e) chargé(e) de recrutement, afin qu'il valide l'adéquation de votre profil. Nous vous accueillerons ensuite en...
Voir l’offre
il y a 9 heures",False,,2025-12-16T10:30:41.473282
Emploi Distribution,https://www.hellowork.com/fr-fr/emplois/73732538.html,73732538,Responsable Magasin H/F,Start People,2 000 - 2 300 € / mois,CDI,2 000 - 2 300 € / mois,il y a 9 heures,"Responsable Magasin H/F
Start People
Colmar - 68
CDI
2 000 - 2 300 € / mois
... -Dynamique -Rigoureux -A l'aise avec le relationnel -A l'aise avec le management -Organisé -Maitrise...
Voir l’offre
il y a 9 heures",False,,2025-12-16T10:30:41.944713
Emploi Distribution,https://www.hellowork.com/fr-fr/emplois/73732511.html,73732511,Hote de Caisse H/F,Start People.,Montluçon - 03,Intérim,"11,88 € / heure",il y a 9 heures,"Hote de Caisse H/F
Start People.
Montluçon - 03
Intérim
11,88 € / heure
18 mois
... de votre profil. Nous vous accueillerons ensuite en agence pour vous faire passer des tests sécurité et finaliser votre inscription.
Voir l’offre
il y a 9 heures",False,,2025-12-16T10:30:42.363868
Emploi Distribution,https://www.hellowork.com/fr-fr/emplois/73732255.html,73732255,Responsable de Boutique à la Ferme - 77 H/F,Join Us,28 000 - 30 000 € / an,CDI,28 000 - 30 000 € / an,il y a 9 heures,"Responsable de Boutique à la Ferme - 77 H/F
Join Us
Super recruteur
Lagny-sur-Marne - 77
CDI
28 000 - 30 000 € / an
... est exigée (min. 5 ans) - tout comme une première expérience de gestion administrative en boutique & management d'équipe. L'expérience...
Voir l’offre
il y a 9 heures",False,,2025-12-16T10:30:42.857910
Emploi Distribution,https://www.hellowork.com/fr-fr/emplois/73732227.html,73732227,Adjoint Responsable Drive H/F,Auchan Retail France,29 250 - 35 100 € / an,CDI,29 250 - 35 100 € / an,il y a 9 heures,"Adjoint Responsable Drive H/F
Auchan Retail France
La Seyne-sur-Mer - 83
CDI
29 250 - 35 100 € / an
... Chez Auchan, nous sommes convaincus que la diversité fait la richesse d'une entreprise. Nous étudions à compétences égales chaque candidature...
Voir l’offre
il y a 9 heures",False,,2025-12-16T10:30:43.324227
Emploi Distribution,https://www.hellowork.com/fr-fr/emplois/73732226.html,73732226,Equipier Magasin Droguerie Parfumerief - H H/F,Auchan Retail France,23 910 - 24 160 € / an,CDI,23 910 - 24 160 € / an,il y a 9 heures,"Equipier Magasin Droguerie Parfumerief - H H/F
Auchan Retail France
Châteauroux - 36
CDI
23 910 - 24 160 € / an
Chez Auchan, nous sommes convaincus que la diversité fait la richesse d'une entreprise. Nous étudions à compétences égales chaque candidature...
Voir l’offre
il y a 9 heures",False,,2025-12-16T10:30:43.744372
Emploi Distribution,https://www.hellowork.com/fr-fr/emplois/73732215.html,73732215,Manager de Rayons Frais ou Pgc - Zone de Vie Caen H/F,Auchan Retail France,32 000 - 38 000 € / an,CDI,32 000 - 38 000 € / an,il y a 9 heures,"Manager de Rayons Frais ou Pgc - Zone de Vie Caen H/F
Auchan Retail France
Caen - 14
CDI
32 000 - 38 000 € / an
... Nous nous mobilisons au quotidien autour de 4 piliers de responsabilité sociétale et environnementale majeurs : Offre...
Voir l’offre
il y a 9 heures",False,,2025-12-16T10:30:44.240641
Emploi Distribution,https://www.hellowork.com/fr-fr/emplois/73732197.html,73732197,Equipier Commerce H/F,Auchan Retail France,23 910 - 24 160 € / an,CDI,23 910 - 24 160 € / an,il y a 9 heures,"Equipier Commerce H/F
Auchan Retail France
Louvroil - 59
CDI
23 910 - 24 160 € / an
... plus sur nos engagements ? Nous nous mobilisons au quotidien autour de 4 piliers de responsabilité sociétale...
Voir l’offre
il y a 9 heures",False,,2025-12-16T10:30:44.718727
Emploi Distribution,https://www.hellowork.com/fr-fr/emplois/73732182.html,73732182,Responsable de Magasin H/F,Jacadi,24 180 - 31 200 € / an,CDI,24 180 - 31 200 € / an,il y a 9 heures,"Responsable de Magasin H/F
Jacadi
Saint-Genis-Laval - 69
CDI
24 180 - 31 200 € / an
… : d'expériences managériales significatives dans le prêt-à-porter ou la distribution spécialisée. Vous faites preuve de leadership et…
Voir l’offre
il y a 9 heures",False,,2025-12-16T10:30:45.283565
Emploi Distribution,https://www.hellowork.com/fr-fr/emplois/73732171.html,73732171,CDD Equipier de Commerce H/F,Auchan Retail France,23 712 - 24 661 € / an,CDD,23 712 - 24 661 € / an,il y a 9 heures,"CDD Equipier de Commerce H/F
Auchan Retail France
Crest - 26
CDD
23 712 - 24 661 € / an
1 mois
... de handicap - #tous égaux, tous différents ! Vous voulez en savoir plus sur nos engagements ?...
Voir l’offre
il y a 9 heures",False,,2025-12-16T10:30:45.813773
Emploi Distribution,https://www.hellowork.com/fr-fr/emplois/73732167.html,73732167,Equipier de Commerce Fruits et Legumes H/F,Auchan Retail France,23 910 - 24 160 € / an,CDI,23 910 - 24 160 € / an,il y a 9 heures,"Equipier de Commerce Fruits et Legumes H/F
Auchan Retail France
Bordeaux - 33
CDI
23 910 - 24 160 € / an
... piliers de responsabilité sociétale et environnementale majeurs : Offre responsable, Environnement, Solidarité, Humain. Rendez-vous sur : https://www.auchan-agit.fr.
Voir l’offre
il y a 9 heu",False,,2025-12-16T10:30:46.263998
Emploi Distribution,https://www.hellowork.com/fr-fr/emplois/73732117.html,73732117,Responsable de Magasin - Prêt-À-Porter H/F,Talents Commerciaux,31 000 - 34 000 € / an,CDI,31 000 - 34 000 € / an,il y a 9 heures,"Responsable de Magasin - Prêt-À-Porter H/F
Talents Commerciaux
Thonon-les-Bains - 74
CDI
31 000 - 34 000 € / an
... les moyens en oeuvre pour atteindre vos objectifs. Rémunération fixe + variable En déposant votre CV, vous acceptez...
Voir l’offre
il y a 9 heures",False,,2025-12-16T10:30:46.710764
Emploi Distribution,https://www.hellowork.com/fr-fr/emplois/73732050.html,73732050,Directeur de Magasin - Magasin de Sport H/F,SKIILL RECRUTEMENT,2 800 - 3 200 € / mois,CDI,2 800 - 3 200 € / mois,il y a 9 heures,"Directeur de Magasin - Magasin de Sport H/F
SKIILL RECRUTEMENT
Sedan - 08
CDI
2 800 - 3 200 € / mois
… Notre client, une grande enseigne spécialisée dans la distribution DIRECTEUR DE MAGASIN H/F sur Sedan (08). Magasin…
Voir l’offre
il y a 9 heures",False,,2025-12-16T10:30:47.124092
Emploi Distribution,https://www.hellowork.com/fr-fr/emplois/72435019.html,72435019,Manager de Rayon Frais H/F,Groupement Mousquetaires,Bozouls - 12,CDI,,il y a 10 heures,"Manager de Rayon Frais H/F
Groupement Mousquetaires
Bozouls - 12
CDI
... votre expérience, composée d'un salaire fixe + prime + participation + mutuelle, 5 semaines de congés payés et 5% de...
Voir l’offre
il y a 10 heures",False,,2025-12-16T10:30:47.600201
Emploi Distribution,https://www.hellowork.com/fr-fr/emplois/72578421.html,72578421,Hote de Caisse H/F,E.Leclerc,Alès - 30,CDD,,il y a 10 heures,"Hote de Caisse H/F
E.Leclerc
Alès - 30
CDD
3 mois
... détail/guichet Vous avez une personnalité rigoureuse et motivée par le métier de caisse ? Alors postulez !
Voir l’offre
il y a 10 heures",False,,2025-12-16T10:30:48.044372
Emploi Distribution,https://www.hellowork.com/fr-fr/emplois/71030734.html,71030734,Manager de Magasin Junior H/F,Carrefour,Annœullin - 59,CDI,,il y a 10 heures,"Manager de Magasin Junior H/F
Carrefour
Annœullin - 59
CDI
… : sain, plus local, plus responsable. Leader mondial de la distribution digitale, tout en créant un environnement de travail inclusif…
Voir l’offre
il y a 10 heures",False,,2025-12-16T10:30:48.431795
Emploi Distribution,https://www.hellowork.com/fr-fr/emplois/72668785.html,72668785,Intermarché - Employé Commercial en Alternance H/F,Groupement Mousquetaires,"486,49 - 1 801,80 € / mois",Alternance,"486,49 - 1 801,80 € / mois",il y a 10 heures,"Intermarché - Employé Commercial en Alternance H/F
Groupement Mousquetaires
Issy-les-Moulineaux - 92
Alternance
486,49 - 1 801,80 € / mois
... votre talent ? Grâce à vos qualités relationnelles, et commerçant dans l'âme, vous savez créer avec vos clients des liens...
Voir l’offre
il y a 10 heures",False,,2025-12-16T10:30:48.861045
Emploi Distribution,https://www.hellowork.com/fr-fr/emplois/71141999.html,71141999,Employé Libre Service H/F,E.Leclerc,,,,,,False,,2025-12-16T10:31:04.481123
Emploi Distribution,https://www.hellowork.com/fr-fr/emplois/71553302.html,71553302,Responsable Departement Services Industriels H/F,Daher,,,,,,False,,2025-12-16T10:31:04.922992
Emploi Distribution,https://www.hellowork.com/fr-fr/emplois/71553795.html,71553795,Manager Drive H/F,Carrefour,L'Isle-Adam - 95,CDI,,il y a 10 heures,"Manager Drive H/F
Carrefour
L'Isle-Adam - 95
CDI
... omnicanale. Vous pilotez l'activité Drive, en assurez l'excellence opérationnelle et la qualité produit pour garantir une expérience client irréprochable. Votre...
Voir l’offre
il y a 10 heures",False,,2025-12-16T10:31:05.332527
Emploi Distribution,https://www.hellowork.com/fr-fr/emplois/71553836.html,71553836,Manager Drive H/F,Carrefour,Nîmes - 30,CDI,,il y a 10 heures,"Manager Drive H/F
Carrefour
Nîmes - 30
CDI
... de notre stratégie omnicanale. Vous pilotez l'activité Drive, en assurez l'excellence opérationnelle et la qualité produit pour garantir une expérience...
Voir l’offre
il y a 10 heures",False,,2025-12-16T10:31:05.720777
Emploi Distribution,https://www.hellowork.com/fr-fr/emplois/71553793.html,71553793,Manager Drive H/F,Carrefour,Saint-Pierre-des-Corps - 37,CDI,,il y a 10 heures,"Manager Drive H/F
Carrefour
Saint-Pierre-des-Corps - 37
CDI
... assurez l'excellence opérationnelle et la qualité produit pour garantir une expérience client irréprochable. Votre succès se mesure à la croissance...
Voir l’offre
il y a 10 heures",False,,2025-12-16T10:31:06.162110
Emploi Distribution,https://www.hellowork.com/fr-fr/emplois/71554865.html,71554865,Responsable de Magasin H/F,Cleor,27 500 - 28 750 € / an,CDI,27 500 - 28 750 € / an,il y a 10 heures,"Responsable de Magasin H/F
Cleor
Nantes - 44
CDI
27 500 - 28 750 € / an
... affirmé et excellentes compétences en travail d'équipe ; - Passion pour les bijoux, les montres et envie constante d'apprentissage.
Voir l’offre
il y a 10 heures",False,,2025-12-16T10:31:06.513437
Emploi Distribution,https://www.hellowork.com/fr-fr/emplois/71549556.html,71549556,Independant - Inventoriste - Merchandiser H/F,Groupe Les Comptoirs Du Monde,Alpes-de-Haute-Provence - 04,,26 € / heure,il y a 10 heures,"Independant - Inventoriste - Merchandiser H/F
Groupe Les Comptoirs Du Monde
Alpes-de-Haute-Provence - 04
Indépendant
26 € / heure
... et êtes organisé(e). Indispensable : - Vous disposez obligatoirement d'un statut d'INDEPENDANT (ex :...
Voir l’offre
il y a 10 heures",False,,2025-12-16T10:31:06.873536
Emploi Distribution,https://www.hellowork.com/fr-fr/emplois/71547409.html,71547409,Employé de Libre-Service H/F,PRO DISTRIBUTION,,CDI,"21 621,60 € / an",il y a 10 heures,"Employé de Libre-Service H/F
PRO DISTRIBUTION
Île-de-France
CDI
21 621,60 € / an
... vous être proposées. Le poste est basé en île de France A pourvoir immédiatement.
Voir l’offre
il y a 10 heures",False,,2025-12-16T10:31:07.230864
Emploi Distribution,https://www.hellowork.com/fr-fr/emplois/71546382.html,71546382,Manager Drive H/F,Carrefour,Tourcoing - 59,CDI,,il y a 10 heures,"Manager Drive H/F
Carrefour
Tourcoing - 59
CDI
... entreprise, Plan Epargne Retraite Collectif et Compte Epargne Temps - 12 jours RTT/an - Perspectives d'évolution avec formation...
Voir l’offre
il y a 10 heures",False,,2025-12-16T10:31:07.602553
Emploi Distribution,https://www.hellowork.com/fr-fr/emplois/67094420.html,67094420,Manager de Rayon Épicerie Junior H/F,Carrefour,École-Valentin - 25,CDI,,il y a 10 heures,"Manager de Rayon Épicerie Junior H/F
Carrefour
École-Valentin - 25
CDI
… : sain, plus local, plus responsable. Leader mondial de la distribution digitale, tout en créant un environnement de travail inclusif…
Voir l’offre
il y a 10 heures",False,,2025-12-16T10:31:08.039258
Emploi Distribution,https://www.hellowork.com/fr-fr/emplois/71544950.html,71544950,Chef de Rayon Produits Pgc H/F,Changoy Conseil,3 000 - 3 200 € / mois,CDI,3 000 - 3 200 € / mois,il y a 10 heures,"Chef de Rayon Produits Pgc H/F
Changoy Conseil
Super recruteur
Albertville - 73
CDI
3 000 - 3 200 € / mois
Chef de rayons expérimenter dans le domaine de la grande distribution alimentaire.
Voir l’offre
il y a 10 heures",False,,2025-12-16T10:31:08.523079
Emploi Distribution,https://www.hellowork.com/fr-fr/emplois/71024374.html,71024374,Manager Drive - CDI - Agent de Maîtrise Experience Exigée dans le Drive H/F,U Magasins,Le Grau-du-Roi - 30,CDI,,il y a 10 heures,"Manager Drive - CDI - Agent de Maîtrise Experience Exigée dans le Drive H/F
U Magasins
Le Grau-du-Roi - 30
CDI
... authentique de confiance avec la clientèle - Grandir au sein d'un magasin dont vous êtes fier...
Voir l’offre
il y a 10 heures",False,,2025-12-16T10:31:08.902989
Emploi Distribution,https://www.hellowork.com/fr-fr/emplois/53873221.html,53873221,Responsable Adjoint de Magasin H/F,Action France,Bourg-en-Bresse - 01,Temps partiel,,il y a 10 heures,"Responsable Adjoint de Magasin H/F
Action France
Bourg-en-Bresse - 01
CDI
Temps partiel
Chez Action ce n'est pas comme ailleurs, tu verras ! Avec plus de 50% d'évolution en interne, nous te proposons...
Voir l’offre
il y a 10 heures",False,,2025-12-16T10:31:09.299852
Emploi Distribution,https://www.hellowork.com/fr-fr/emplois/71548808.html,71548808,Adjoint Responsable de Magasin H/F,Screwfix,Metz - 57,CDI,30 766 € / an,il y a 10 heures,"Adjoint Responsable de Magasin H/F
Screwfix
Super recruteur
Metz - 57
CDI
30 766 € / an
... managériales - Ta maîtrise des outils informatiques - Ta maîtrise de l'Anglais - Ton leadership et ton...
Voir l’offre
il y a 10 heures",False,,2025-12-16T10:31:09.747321
Emploi Distribution,https://www.hellowork.com/fr-fr/emplois/65416051.html,65416051,Employé Commercial - Alternance H/F,Mon Campus,580 - 1 802 € / mois,Alternance,580 - 1 802 € / mois,il y a 10 heures,"Employé Commercial - Alternance H/F
Mon Campus
Normandie
Alternance
580 - 1 802 € / mois
12 mois
... - Ta motivation, ton sens du contact et ton envie d'apprendre - Une personne fiable, curieuse, proactive, qui aime...
Voir l’offre
il y a 10 heures",False,,2025-12-16T10:31:10.217193
Emploi Distribution,https://www.hellowork.com/fr-fr/emplois/66715415.html,66715415,Vendeur - Caissier H/F,Brico Dépôt,Odos - 65,CDI,,il y a 10 heures,"Vendeur - Caissier H/F
Brico Dépôt
Odos - 65
CDI
... Si vous vous reconnaissez dans cette offre, n'hésitez pas à postuler ! - Vous serez contacté(e)...
Voir l’offre
il y a 10 heures",False,,2025-12-16T10:31:10.683442
Emploi Distribution,https://www.hellowork.com/fr-fr/emplois/72453480.html,72453480,Hôte de Caisse en Contrat Etudiant H/F,Groupement Mousquetaires,Bonchamp-lès-Laval - 53,Temps partiel,"21 621,60 € / an",il y a 10 heures,"Hôte de Caisse en Contrat Etudiant H/F
Groupement Mousquetaires
Bonchamp-lès-Laval - 53
CDI
Temps partiel
21 621,60 € / an
Dynamique et enthousiaste, vous avez un réel sens du contact client et grâce à vos qualités relationnelles, vous savez créer...
Voir l’offre
il y a 10 heures",False,,2025-12-16T10:31:11.168013
Emploi Distribution,https://www.hellowork.com/fr-fr/emplois/71536838.html,71536838,Chef de Secteur Frais H/F,E.Leclerc,Mâcon - 71,CDI,,il y a 10 heures,"Chef de Secteur Frais H/F
E.Leclerc
Mâcon - 71
CDI
… et Profil recherché - Formation Bac +2/3 en commerce, distribution , agroalimentaire ou expérience équivalente. - Expérience réussie…
Voir l’offre
il y a 10 heures",False,,2025-12-16T10:31:11.571441
Emploi Distribution,https://www.hellowork.com/fr-fr/emplois/70272075.html,70272075,Directeur de Magasin Junior H/F,Carrefour,Reims - 51,CDI,,il y a 10 heures,"Directeur de Magasin Junior H/F
Carrefour
Reims - 51
CDI
… d'équipe et le sens du service client (dans le domaine de la distribution ). - Vous êtes diplômé d'unBac +5 et/ou vous avez une de 3…
Voir l’offre
il y a 10 heures",False,,2025-12-16T10:31:11.951552
Emploi Distribution,https://www.hellowork.com/fr-fr/emplois/72450450.html,72450450,Equipier Polyvalent 35H H/F,Lidl,Saint-Louis - 68,CDI,1 932 € / mois,il y a 10 heures,"Equipier Polyvalent 35H H/F
Lidl
Saint-Louis - 68
CDI
1 932 € / mois
... Missions En tant qu'Equipier Polyvalent en CDI 35H, tu contribues à une expérience d'achat satisfaisante...
Voir l’offre
il y a 10 heures",False,,2025-12-16T10:31:12.436526
Emploi Distribution,https://www.hellowork.com/fr-fr/emplois/71263055.html,71263055,Responsable de Magasin,Nemours H/F,,,,,,False,,2025-12-16T10:31:28.389019
Emploi Distribution,https://www.hellowork.com/fr-fr/emplois/71262948.html,71262948,Responsable Adjoint de Magasin H/F,Action France,Pierre-Bénite - 69,Temps partiel,25 392 € / an,il y a 10 heures,"Responsable Adjoint de Magasin H/F
Action France
Pierre-Bénite - 69
CDI
Temps partiel
25 392 € / an
... Une prime « cout de la vie » pour les magasins éligibles - Des avantages sociaux tels que : -...
Voir l’offre
il y a 10 heures",False,,2025-12-16T10:31:28.875563
Emploi Distribution,https://www.hellowork.com/fr-fr/emplois/71262880.html,71262880,Responsable Adjoint de Magasin H/F,Action France,Saint-Priest - 69,Temps partiel,25 392 € / an,il y a 10 heures,"Responsable Adjoint de Magasin H/F
Action France
Saint-Priest - 69
CDI
Temps partiel
25 392 € / an
... y compris certains dimanches et jours fériés. - Tu possèdes un esprit pragmatique, entreprenant et tu sais gérer des coûts...
Voir l’offre
il y a 10 heures",False,,2025-12-16T10:31:29.357466
Emploi Distribution,https://www.hellowork.com/fr-fr/emplois/71566294.html,71566294,Responsable de Magasin Eram H/F,Eram magasin,2 300 - 2 400 € / mois,CDI,2 300 - 2 400 € / mois,il y a 10 heures,"Responsable de Magasin Eram H/F
Eram magasin
Grenoble - 38
CDI
2 300 - 2 400 € / mois
... Vous avez l'âme d'un manager et l'avez exprimée au travers de votre expérience de responsable, d'adjoint voire en votre...
Voir l’offre
il y a 10 heures",False,,2025-12-16T10:31:29.814487
Emploi Distribution,https://www.hellowork.com/fr-fr/emplois/71565033.html,71565033,Apprentissage - Employé Libre-Service Alimentaire H/F,CFA IFCDis,"486,49 - 1 801,80 € / mois",Alternance,"486,49 - 1 801,80 € / mois",il y a 10 heures,"Apprentissage - Employé Libre-Service Alimentaire H/F
CFA IFCDis
Pau - 64
Alternance
486,49 - 1 801,80 € / mois
12 mois
Pour nous ce qui compte c'est que tu puisses t'épanouir tous les jours dans ton magasin et pour ça il...
Voir l’offre
il y a 10 heures",False,,2025-12-16T10:31:30.217896
Emploi Distribution,https://www.hellowork.com/fr-fr/emplois/71560989.html,71560989,Directeur de Magasin - Toulouse Purpan et Portet Garonne H/F,Armand Thiery,Toulouse - 31,CDI,,il y a 10 heures,"Directeur de Magasin - Toulouse Purpan et Portet Garonne H/F
Armand Thiery
Toulouse - 31
CDI
... outils de gestion commerciale. Vous justifiez d'une expérience réussie de la vente et du management d'équipe, idéalement dans le secteur...
Voir l’offre
il y a 10 heures",False,,2025-12-16T10:31:30.530738
Emploi Distribution,https://www.hellowork.com/fr-fr/emplois/72667582.html,72667582,Adjoint Cheffe Caisse H/F,Groupement Mousquetaires,Emmerin - 59,CDI,,il y a 10 heures,"Adjoint Cheffe Caisse H/F
Groupement Mousquetaires
Emmerin - 59
CDI
... expérience de management d'équipe en contact avec le client, en tant que responsable ou adjoint, est requise pour le poste.
Voir l’offre
il y a 10 heures",False,,2025-12-16T10:31:30.897564
Emploi Distribution,https://www.hellowork.com/fr-fr/emplois/71560946.html,71560946,Employé Commercial - Assistant Manager au Drive - Alternance H - Fcil - Lens H/F,Cil - Lens,Flers-en-Escrebieux - 59,Alternance,"21 621,60 € / an",il y a 10 heures,"Employé Commercial - Assistant Manager au Drive - Alternance H - Fcil - Lens H/F
Cil - Lens
Flers-en-Escrebieux - 59
Alternance
21 621,60 € / an
1 an
Réactivité et organisation Esprit d'équipe et sens du service client ...
Voir l’offre
il y a 10 heures",False,,2025-12-16T10:31:31.358124
Emploi Distribution,https://www.hellowork.com/fr-fr/emplois/71560976.html,71560976,Directeur·ice de Magasin - Echirolles H/F,Armand Thiery,Échirolles - 38,CDD,,il y a 10 heures,"Directeur·ice de Magasin - Echirolles H/F
Armand Thiery
Échirolles - 38
CDD
6 mois
... de ses métiers, N'hésitez plus, postulez ! Ce poste est à pourvoir en CDD pour un contrat de 6 mois.
Voir l’offre
il y a 10 heures",False,,2025-12-16T10:31:31.758374
Emploi Distribution,https://www.hellowork.com/fr-fr/emplois/71560995.html,71560995,Directeur·ice de Magasin - Lomme H/F,Armand Thiery,Lille - 59,CDI,,il y a 10 heures,"Directeur·ice de Magasin - Lomme H/F
Armand Thiery
Lille - 59
CDI
... Prêt-à-Porter. Si vous souhaitez rejoindre un groupe familial, pragmatique et agile, au savoir faire reconnu, qui place la transmission au...
Voir l’offre
il y a 10 heures",False,,2025-12-16T10:31:32.164672
Emploi Distribution,https://www.hellowork.com/fr-fr/emplois/71560691.html,71560691,Employé Libre-Service H/F,Work 2000 Narbonne,Montbazens - 12,Intérim,"11,88 € / heure",il y a 10 heures,"Employé Libre-Service H/F
Work 2000 Narbonne
Montbazens - 12
Intérim
11,88 € / heure
6 mois
... Mail: ****@****.** Envoyez-nous votre CV et rejoignez une équipe dynamique prête à relever tous les défis.
Voir l’offre
il y a 10 heures",False,,2025-12-16T10:31:32.646055
Emploi Distribution,https://www.hellowork.com/fr-fr/emplois/71536825.html,71536825,Directeur de Magasin H/F,E.Leclerc,Mâcon - 71,CDI,,il y a 10 heures,"Directeur de Magasin H/F
E.Leclerc
Mâcon - 71
CDI
... possédez des qualités de gestionnaire, de leadership, de prise de responsabilités et de communication. Vous êtes rigoureux, motivé et faites...
Voir l’offre
il y a 10 heures",False,,2025-12-16T10:31:33.063303
Emploi Distribution,https://www.hellowork.com/fr-fr/emplois/60379600.html,60379600,Chargé de Merchandising en Stage H/F,WIN Sport School Vannes,Vannes - 56,Stage,,il y a 10 heures,"Chargé de Merchandising en Stage H/F
WIN Sport School Vannes
Vannes - 56
Stage
- Passionné(e) par le sport, tu sais ce que signifie l'engagement sur le terrain et en dehors. - Étudiant(e)...
Voir l’offre
il y a 10 heures",False,,2025-12-16T10:31:33.494631
Emploi Distribution,https://www.hellowork.com/fr-fr/emplois/36035101.html,36035101,Hôte de Caisse H/F,U Magasins,Pontarlier - 25,CDI,,il y a 10 heures,"Hôte de Caisse H/F
U Magasins
Pontarlier - 25
CDI
... pour un commerce local responsable et de qualité, dont vous pouvez être fier. Chez nous, chaque collaborateur...
Voir l’offre
il y a 10 heures",False,,2025-12-16T10:31:33.918453
Emploi Distribution,https://www.hellowork.com/fr-fr/emplois/33568175.html,33568175,Promoteur des Ventes GMS H/F,DMF,1 900 - 2 050 € / mois,CDD,1 900 - 2 050 € / mois,il y a 10 heures,"Promoteur des Ventes GMS H/F
DMF
Chambéry - 73
CDD
1 900 - 2 050 € / mois
3 mois
Vous justifiez d'une première expérience en tant que promoteur ou merchandiseur expert dans le secteur de la grande distribution et...
Voir l’offre
il y a 10 heures",False,,2025-12-16T10:31:34.382122
Emploi Distribution,https://www.hellowork.com/fr-fr/emplois/65466006.html,65466006,Chef de Rayon Pâtisserie H/F,E.Leclerc,Schiltigheim - 67,CDI,,il y a 10 heures,"Chef de Rayon Pâtisserie H/F
E.Leclerc
Schiltigheim - 67
CDI
... du service client et votre capacité à communiquer sont de véritables atouts pour interagir avec la clientèle du Leclerc Schiltigheim....
Voir l’offre
il y a 10 heures",False,,2025-12-16T10:31:34.776320
Emploi Distribution,https://www.hellowork.com/fr-fr/emplois/61656147.html,61656147,Hôte de Caisse et d'Accueil H/F,Intersport,Avignon - 84,CDI,,il y a 10 heures,"Hôte de Caisse et d'Accueil H/F
Intersport
Avignon - 84
CDI
… expérience similaire, idéalement acquise au sein d'une enseigne de distribution où le client est une priorité. Si cette formidable !…
Voir l’offre
il y a 10 heures",False,,2025-12-16T10:31:35.178782
Emploi Distribution,https://www.hellowork.com/fr-fr/emplois/38543709.html,38543709,Employé Libre Service H/F,U Magasins,Roissy-en-Brie - 77,CDI,,il y a 10 heures,"Employé Libre Service H/F
U Magasins
Roissy-en-Brie - 77
CDI
... Dynamisme, rapidité et capacité à travailler efficacement en équipe - Flexibilité (Horaire variables du lundi au dimanche...
Voir l’offre
il y a 10 heures",False,,2025-12-16T10:31:35.616883
Emploi Distribution,https://www.hellowork.com/fr-fr/emplois/69227680.html,69227680,Responsable Libre-Service H/F,Groupe Samse,Aubagne - 13,CDI,25 000 € / an,il y a 10 heures,"Responsable Libre-Service H/F
Groupe Samse
Super recruteur
Aubagne - 13
CDI
25 000 € / an
… est de la région PACA du Groupe SAMSE (spécialisé dans la distribution de matériaux et produits destinés à l'habitat et aux travaux ;…
Voir l’offre
il y a 10 heures",False,,2025-12-16T10:31:36.090171
Emploi Distribution,https://www.hellowork.com/fr-fr/emplois/71553824.html,71553824,Manager Drive H/F,Carrefour,École-Valentin - 25,CDI,,il y a 10 heures,"Manager Drive H/F
Carrefour
École-Valentin - 25
CDI
... à la culture client. · Garantir la collaboration: Communiquer quotidiennement avec les Chefs de Rayon et le...
Voir l’offre
il y a 10 heures",False,,2025-12-16T10:31:36.487859
Emploi Distribution,https://www.hellowork.com/fr-fr/emplois/68017383.html,68017383,Hote de Caisse H/F,E.Leclerc,Gonesse - 95,Temps partiel,,il y a 10 heures,"Hote de Caisse H/F
E.Leclerc
Gonesse - 95
CDI
Temps partiel
... présentation, sens de l'écoute, patience. - Disponibilité : Vous êtes disponible pour travailler en horaires décalés, y compris le...
Voir l’offre
il y a 10 heures",False,,2025-12-16T10:31:53.510089
Emploi Distribution,https://www.hellowork.com/fr-fr/emplois/70371818.html,70371818,Equipier Polyvalent Etudiant H/F,Lidl,Saint-Aignan - 41,CDI,,il y a 10 heures,"Equipier Polyvalent Etudiant H/F
Lidl
Saint-Aignan - 41
CDI
... Rejoindre Lidl Nous reconnaissons le travail et l'investissement de chacun en te proposant : ...
Voir l’offre
il y a 10 heures",False,,2025-12-16T10:31:53.858373
Emploi Distribution,https://www.hellowork.com/fr-fr/emplois/71554184.html,71554184,Hôte de Caisse H/F,Job Link,Bordeaux - 33,Intérim,"11,98 € / heure",il y a 10 heures,"Hôte de Caisse H/F
Job Link
Bordeaux - 33
Intérim
11,98 € / heure
... êtes souriant, rigoureux et avez le sens du service client. Vous avez un bon esprit d'équipe et...
Voir l’offre
il y a 10 heures",False,,2025-12-16T10:31:54.208875
Emploi Distribution,https://www.hellowork.com/fr-fr/emplois/67884711.html,67884711,Manager de Rayonzone Marché H/F,Carrefour,Toulouse - 31,CDI,,il y a 10 heures,"Manager de Rayonzone Marché H/F
Carrefour
Toulouse - 31
CDI
… à 3 ans minimum en management dans le domaine de la distribution qui vous apporte un sens de l'organisation élevé ainsi qu'une prise…
Voir l’offre
il y a 10 heures",False,,2025-12-16T10:31:54.544108
Emploi Distribution,https://www.hellowork.com/fr-fr/emplois/71553815.html,71553815,Manager Drive H/F,Carrefour,Saint-Brice-sous-Forêt - 95,CDI,,il y a 10 heures,"Manager Drive H/F
Carrefour
Saint-Brice-sous-Forêt - 95
CDI
... le respect strict des procédures de contrôle qualité (DLC, aspect) et de la chaîne du froid. ·...
Voir l’offre
il y a 10 heures",False,,2025-12-16T10:31:54.891370
Emploi Distribution,https://www.hellowork.com/fr-fr/emplois/71550407.html,71550407,Responsable de Magasin H/F,Kiko,2 400 - 2 600 € / mois,CDD,2 400 - 2 600 € / mois,il y a 10 heures,"Responsable de Magasin H/F
Kiko
Annemasse - 74
CDD
2 400 - 2 600 € / mois
5 mois
... performance - Tu es exemplaire, organisé(e), proactif(ve) et doté(e) d'un excellent sens du service - Tu es passionné(e)...
Voir l’offre
il y a 10 heures",False,,2025-12-16T10:31:55.277503
Emploi Distribution,https://www.hellowork.com/fr-fr/emplois/71549318.html,71549318,Employé de Libre-Service H/F,Eureka,Istres - 13,Intérim,,il y a 10 heures,"Employé de Libre-Service H/F
Eureka
Istres - 13
Intérim
1 mois
- Sens de l'organisation et attention aux détails. - Capacité à travailler en équipe et bonnes compétences en communication....
Voir l’offre
il y a 10 heures",False,,2025-12-16T10:31:55.675184
Emploi Distribution,https://www.hellowork.com/fr-fr/emplois/71560833.html,71560833,Alternance - Employé Libre-Service H/F,RETRAVAILLER DANS L'OUEST,"486,49 - 1 801,80 € / mois",Alternance,"486,49 - 1 801,80 € / mois",il y a 10 heures,"Alternance - Employé Libre-Service H/F
RETRAVAILLER DANS L'OUEST
Beaufort-en-Anjou - 49
Alternance
486,49 - 1 801,80 € / mois
11 mois
Ton profil : Tu es lycéen, étudiants et/ou demandeurs d'emploi, à l'écoute et bien organisé(e). ...
Voir l’offre
il y a 10 heures",False,,2025-12-16T10:31:56.179511
Emploi Distribution,https://www.hellowork.com/fr-fr/emplois/71560665.html,71560665,Adjoint Directeur de Supermarché H/F,Supermarchés Match,Maubeuge - 59,CDI,,il y a 10 heures,"Adjoint Directeur de Supermarché H/F
Supermarchés Match
Maubeuge - 59
CDI
... Plan Epargne Retraite Collectif et Compte Epargne Temps - 15 jours RTT/an Chez Supermarché Match, nous...
Voir l’offre
il y a 10 heures",False,,2025-12-16T10:31:56.571366
Emploi Distribution,https://www.hellowork.com/fr-fr/emplois/66715438.html,66715438,Caissier - Vendeur H/F,Brico Dépôt,Lattes - 34,Temps partiel,,il y a 10 heures,"Caissier - Vendeur H/F
Brico Dépôt
Lattes - 34
CDI
Temps partiel
... équipes Brico Dépôt et vous suivrez un parcours d'intégration adapté afin de vous sentir bien chez nous dès votre arrivée....
Voir l’offre
il y a 10 heures",False,,2025-12-16T10:31:56.956444
Emploi Distribution,https://www.hellowork.com/fr-fr/emplois/70375369.html,70375369,Hôte de Caisse H/F,Artus Interim,Fort-de-France - 972,Intérim,"11,88 € / heure",il y a 10 heures,"Hôte de Caisse H/F
Artus Interim
Fort-de-France - 972
Intérim
11,88 € / heure
... les clients - Renseigner et orienter les clients - Rangements des produits - Connaissance des techniques d'encaissement - Sens de...
Voir l’offre
il y a 10 heures",False,,2025-12-16T10:31:57.410357
Emploi Distribution,https://www.hellowork.com/fr-fr/emplois/71565272.html,71565272,Adjoint Directeur de Supermarché H/F,Carrefour,Maubeuge - 59,CDI,,il y a 10 heures,"Adjoint Directeur de Supermarché H/F
Carrefour
Maubeuge - 59
CDI
... Vous co-définissez une offre en phase avec votre clientèle et leurs habitudes de consommation. Vous participez à l'animation commerciale de...
Voir l’offre
il y a 10 heures",False,,2025-12-16T10:31:57.822033
Emploi Distribution,https://www.hellowork.com/fr-fr/emplois/71563832.html,71563832,Manager Adjoint - BTS Mco H/F,ESIC,,Alternance,"21 621,60 € / an",il y a 10 heures,"Manager Adjoint - BTS Mco H/F
ESIC
Île-de-France
Alternance
21 621,60 € / an
Télétravail occasionnel
+ 1
... vous soyez en reconversion, tout juste sorti du lycée, ou déjà expérimenté, nos parcours et nos entreprises partenaires s'adaptent à...
Voir l’offre
il y a 10 heures",True,,2025-12-16T10:31:58.345249
Emploi Distribution,https://www.hellowork.com/fr-fr/emplois/71562649.html,71562649,Opticien H/F,VYV3 – SAS Optique et Audition Ecouter Voir,Annemasse - 74,CDI,,il y a 10 heures,"Opticien H/F
VYV3 – SAS Optique et Audition Ecouter Voir
Annemasse - 74
CDI
- Titulaire du BTS Opticien-Lunetier. - Esprit d'équipe et bon relationnel Dans le cadre de notre politique handicap,...
Voir l’offre
il y a 10 heures",False,,2025-12-16T10:31:58.785823
Emploi Distribution,https://www.hellowork.com/fr-fr/emplois/71542042.html,71542042,Directeur Magasin H/F,LHH Recruitment Solutions,40 000 - 50 000 € / an,CDI,40 000 - 50 000 € / an,il y a 10 heures,"Directeur Magasin H/F
LHH Recruitment Solutions
Laxou - 54
CDI
40 000 - 50 000 € / an
... d'équipe, l'innovation et la satisfaction client. Vos principales missions seront : - Définir et mettre en oeuvre...
Voir l’offre
il y a 10 heures",False,,2025-12-16T10:31:59.226362
Emploi Distribution,https://www.hellowork.com/fr-fr/emplois/71536828.html,71536828,Responsable Rayon Bazar H/F,E.Leclerc,Figeac - 46,CDI,,il y a 10 heures,"Responsable Rayon Bazar H/F
E.Leclerc
Figeac - 46
CDI
... 35 KEUR + intéressement + participation + prime de bilan individuelle Statut : Agent de Maitrise
Voir l’offre
il y a 10 heures",False,,2025-12-16T10:31:59.605269
Emploi Distribution,https://www.hellowork.com/fr-fr/emplois/69205655.html,69205655,Equipier de Commerce et Caisses H/F,Auchan Retail France,24 088 - 24 450 € / an,Temps partiel,24 088 - 24 450 € / an,il y a 10 heures,"Equipier de Commerce et Caisses H/F
Auchan Retail France
Forcalquier - 04
CDI
Temps partiel
24 088 - 24 450 € / an
… Nous sommes... Auchan Retail France, une entreprise de distribution de clients chaque année. Ce que nous voulons,…
Voir l’offre
il y a 10 heures",False,,2025-12-16T10:32:00.122958
Emploi Distribution,https://www.hellowork.com/fr-fr/emplois/68017382.html,68017382,Responsable Adjoint Caisse H/F,E.Leclerc,Gonesse - 95,CDI,,il y a 10 heures,"Responsable Adjoint Caisse H/F
E.Leclerc
Gonesse - 95
CDI
… expérience réussie en management d'équipe dans le secteur de la distribution , idéalement sur un poste similaire. - Compétences : du…
Voir l’offre
il y a 10 heures",False,,2025-12-16T10:32:00.561624
Emploi Distribution,https://www.hellowork.com/fr-fr/emplois/68017614.html,68017614,Hôte de Caisse et d'Accueil H/F,Intersport,Lieusaint - 77,CDI,"1 337,40 € / mois",il y a 10 heures,"Hôte de Caisse et d'Accueil H/F
Intersport
Lieusaint - 77
CDI
1 337,40 € / mois
… expérience similaire, idéalement acquise au sein d'une enseigne de distribution où le client est une priorité. Si cette formidable !…
Voir l’offre
il y a 10 heures",False,,2025-12-16T10:32:01.014616
Emploi Distribution,https://www.hellowork.com/fr-fr/emplois/71554635.html,71554635,Adjoint Responsable Boucherie CDI H/F,E.Leclerc,Le Neubourg - 27,CDI,,il y a 10 heures,"Adjoint Responsable Boucherie CDI H/F
E.Leclerc
Le Neubourg - 27
CDI
... être en mesure de respecter les normes d'hygiène et de sécurité alimentaire. Vous devez également être capable de gérer les...
Voir l’offre
il y a 10 heures",False,,2025-12-16T10:32:01.402810
Emploi Distribution,https://www.hellowork.com/fr-fr/emplois/71563338.html,71563338,Responsable Poissonnerie H/F,ENGP Conseil,32 500 - 39 000 € / an,CDI,32 500 - 39 000 € / an,il y a 10 heures,"Responsable Poissonnerie H/F
ENGP Conseil
Berd'huis - 61
CDI
32 500 - 39 000 € / an
... Pourquoi rejoindre ce magasin ? - Envie de challenge : développement du rayon, du chiffre d'affaires et...
Voir l’offre
il y a 10 heures",False,,2025-12-16T10:32:16.513031
Emploi Distribution,https://www.hellowork.com/fr-fr/emplois/71562366.html,71562366,Opticien H/F,VYV3 – SAS Optique et Audition Ecouter Voir,Annecy - 74,CDI,,il y a 10 heures,"Opticien H/F
VYV3 – SAS Optique et Audition Ecouter Voir
Annecy - 74
CDI
... politique handicap, SASOA VYV3 s'engage pour l'intégration des personnes en situation de handicap. Nos postes sont ouverts à tous !...
Voir l’offre
il y a 10 heures",False,,2025-12-16T10:32:16.895725
Emploi Distribution,https://www.hellowork.com/fr-fr/emplois/71538405.html,71538405,Hôte de Caisse H/F,Nocibé,Hyères - 83,CDD,,il y a 10 heures,"Hôte de Caisse H/F
Nocibé
Hyères - 83
CDD
1 mois
… Rattaché au groupe international Douglas et spécialisé en Distribution de Parfumerie Sélective, NOCIBE représente un réseau de plus…
Voir l’offre
il y a 10 heures",False,,2025-12-16T10:32:17.350970
Emploi Distribution,https://www.hellowork.com/fr-fr/emplois/69217442.html,69217442,Equipier Magasin Equipe Transverse H/F,Auchan Retail France,23 910 - 24 160 € / an,CDI,23 910 - 24 160 € / an,il y a 10 heures,"Equipier Magasin Equipe Transverse H/F
Auchan Retail France
Grasse - 06
CDI
23 910 - 24 160 € / an
… Nous sommes... Auchan Retail France, une entreprise de distribution de clients chaque année. Ce que nous voulons,…
Voir l’offre
il y a 10 heures",False,,2025-12-16T10:32:17.746927
Emploi Distribution,https://www.hellowork.com/fr-fr/emplois/66729511.html,66729511,Employé Polyvalent Alternance H/F,Groupe Alternance Marseille,774 - 1 801 € / mois,Alternance,774 - 1 801 € / mois,il y a 10 heures,"Employé Polyvalent Alternance H/F
Groupe Alternance Marseille
Marseille - 13
Alternance
774 - 1 801 € / mois
24 mois
... et assurer son entretien. - Effectuer les encaissements et gérer les flux de la caisse. - Participer à...
Voir l’offre
il y a 10 heures",False,,2025-12-16T10:32:18.144615
Emploi Distribution,https://www.hellowork.com/fr-fr/emplois/66742919.html,66742919,Manager de Rayon Non Alimentaire H/F,Carrefour,Coquelles - 62,CDI,,il y a 10 heures,"Manager de Rayon Non Alimentaire H/F
Carrefour
Coquelles - 62
CDI
… : sain, plus local, plus responsable. Leader mondial de la distribution digitale, tout en créant un environnement de travail inclusif…
Voir l’offre
il y a 10 heures",False,,2025-12-16T10:32:18.539978
Emploi Distribution,https://www.hellowork.com/fr-fr/emplois/38587484.html,38587484,Employé Libre Service H/F,U Magasins,Couilly-Pont-aux-Dames - 77,CDI,,il y a 10 heures,"Employé Libre Service H/F
U Magasins
Couilly-Pont-aux-Dames - 77
CDI
- Dynamisme, rapidité et capacité à travailler efficacement en équipe - Flexibilité (Horaire variables du lundi au...
Voir l’offre
il y a 10 heures",False,,2025-12-16T10:32:18.952043
Emploi Distribution,https://www.hellowork.com/fr-fr/emplois/71542114.html,71542114,Employe Libre Service H/F,Stokomani,Ruaudin - 72,CDI,,il y a 10 heures,"Employe Libre Service H/F
Stokomani
Ruaudin - 72
CDI
... des travailleurs handicapés. Devenez ambassadeur Stokomani : Il n'y a pas que nos produits qui bénéficient de promotions...
Voir l’offre
il y a 10 heures",False,,2025-12-16T10:32:19.395676
Emploi Distribution,https://www.hellowork.com/fr-fr/emplois/71539824.html,71539824,Equipier Magasin au Frais Industriel H/F,Auchan Retail France,Isère - 38,CDI,24 089 € / an,il y a 10 heures,"Equipier Magasin au Frais Industriel H/F
Auchan Retail France
Isère - 38
CDI
24 089 € / an
... étudions à compétences égales chaque candidature et toutes nos offres peuvent faire l'objet d'aménagements spécifiques en cas de handicap -...
Voir l’offre
il y a 10 heures",False,,2025-12-16T10:32:19.841659
Emploi Distribution,https://www.hellowork.com/fr-fr/emplois/71539813.html,71539813,Equipier Commerce Boulangerie H/F,Auchan Retail France,23 910 - 24 160 € / an,CDI,23 910 - 24 160 € / an,il y a 10 heures,"Equipier Commerce Boulangerie H/F
Auchan Retail France
Semécourt - 57
CDI
23 910 - 24 160 € / an
Chez Auchan, nous sommes convaincus que la diversité fait la richesse d'une entreprise. Nous étudions à compétences égales chaque candidature...
Voir l’offre
il y a 10 heures",False,,2025-12-16T10:32:20.310171
Emploi Distribution,https://www.hellowork.com/fr-fr/emplois/69213567.html,69213567,Hôte de Caisse H/F,E.Leclerc,Templeuve-en-Pévèle - 59,Temps partiel,,il y a 10 heures,"Hôte de Caisse H/F
E.Leclerc
Templeuve-en-Pévèle - 59
CDD
Temps partiel
1 mois
... agréable. Une bonne adaptabilité et le sens du travail en équipe sont nécessaires pour réussir dans ce poste de contact.
Voir l’offre
il y a 10 heures",False,,2025-12-16T10:32:20.765728
Emploi Distribution,https://www.hellowork.com/fr-fr/emplois/71536848.html,71536848,Employé Polyvalent Commercial H/F,E.Leclerc,Blain - 44,CDI,,il y a 10 heures,"Employé Polyvalent Commercial H/F
E.Leclerc
Blain - 44
CDI
... ? N'hésitez pas à nous adresser votre candidature dès maintenant. dans votre centre E.Leclerc de Blain, tout...
Voir l’offre
il y a 10 heures",False,,2025-12-16T10:32:21.163129
Emploi Distribution,https://www.hellowork.com/fr-fr/emplois/64283205.html,64283205,Equipier de Commerce H/F,Auchan Retail France,23 850 - 23 870 € / an,CDI,23 850 - 23 870 € / an,il y a 10 heures,"Equipier de Commerce H/F
Auchan Retail France
Montrouge - 92
CDI
23 850 - 23 870 € / an
… Nous sommes... Auchan Retail France, une entreprise de distribution de clients chaque année. Ce que nous voulons,…
Voir l’offre
il y a 10 heures",False,,2025-12-16T10:32:21.578461
Emploi Distribution,https://www.hellowork.com/fr-fr/emplois/66723592.html,66723592,Equipier Polyvalent 35H H/F,Lidl,Gap - 05,CDI,2 000 € / mois,il y a 10 heures,"Equipier Polyvalent 35H H/F
Lidl
Gap - 05
CDI
2 000 € / mois
... - Tu as le goût du challenge et de la performance ? Si tu as répondu...
Voir l’offre
il y a 10 heures",False,,2025-12-16T10:32:21.992554
Emploi Distribution,https://www.hellowork.com/fr-fr/emplois/36034938.html,36034938,Employé Commercial H/F,U Magasins,Pontarlier - 25,CDI,,il y a 10 heures,"Employé Commercial H/F
U Magasins
Pontarlier - 25
CDI
... Cette offre vous ressemble et correspond aux défis que vous vous êtes fixés ? N'hésitez plus, adresser...
Voir l’offre
il y a 10 heures",False,,2025-12-16T10:32:22.411653
Emploi Distribution,https://www.hellowork.com/fr-fr/emplois/60360943.html,60360943,Coordinateur Caisse Accueil 35H H/F,Lidl,Châteauneuf-les-Martigues - 13,CDI,2 181 € / mois,il y a 10 heures,"Coordinateur Caisse Accueil 35H H/F
Lidl
Châteauneuf-les-Martigues - 13
CDI
2 181 € / mois
... es un véritable ambassadeur de la satisfaction client en étant garant de la gestion de la ligne des caisses et...
Voir l’offre
il y a 10 heures",False,,2025-12-16T10:32:22.821727
Emploi Distribution,https://www.hellowork.com/fr-fr/emplois/55585850.html,55585850,Equipier Polyvalent Etudiant H/F,Lidl,Saint-Jean-de-Maurienne - 73,CDI,,il y a 10 heures,"Equipier Polyvalent Etudiant H/F
Lidl
Saint-Jean-de-Maurienne - 73
CDI
... samedi. Missions En tant qu'Equipier Polyvalent Etudiant, tu contribues à une expérience d'achat...
Voir l’offre
il y a 10 heures",False,,2025-12-16T10:32:23.213761
Emploi Distribution,https://www.hellowork.com/fr-fr/emplois/69234990.html,69234990,Employé Commercial Libre-Service H/F,U Magasins,Lavardac - 47,CDI,,il y a 10 heures,"Employé Commercial Libre-Service H/F
U Magasins
Lavardac - 47
CDI
... sein du magasin - Autorisations d'absences pour événements familiaux Vous vous reconnaissez et vous...
Voir l’offre
il y a 10 heures",False,,2025-12-16T10:32:23.704992
Emploi Distribution,https://www.hellowork.com/fr-fr/emplois/66768762.html,66768762,Directeur de Supermarché H/F,Jean-François Philippe | Cabinet de recrutement | Grande Distribution,4 500 - 4 800 € / mois,CDI,4 500 - 4 800 € / mois,il y a 10 heures,"Directeur de Supermarché H/F
Jean-François Philippe | Cabinet de recrutement | Grande Distribution
Isère - 38
CDI
4 500 - 4 800 € / mois
… Votre expérience de la distribution reste indispensable, votre passion…
Voir l’offre
il y a 10 heures",False,,2025-12-16T10:32:24.110292
Emploi Distribution,https://www.hellowork.com/fr-fr/emplois/62870925.html,62870925,Responsable de Secteur H/F,Onet Propreté et Services,Reims - 51,CDI,,il y a 10 heures,"Responsable de Secteur H/F
Onet Propreté et Services
Reims - 51
CDI
... de directeur d'agence, de commerce, de BE...). Permis B indispensable. Onet est engagée depuis de nombreuses années en...
Voir l’offre
il y a 10 heures",False,,2025-12-16T10:32:24.469713
Emploi Distribution,https://www.hellowork.com/fr-fr/emplois/66766426.html,66766426,Employé Commercial Balme de Sillingy CDI H/F,E.Leclerc,Annecy - 74,CDI,,il y a 10 heures,"Employé Commercial Balme de Sillingy CDI H/F
E.Leclerc
Annecy - 74
CDI
... plusieurs personnes, vous avez le goût du travail en groupe et êtes disponible. ...
Voir l’offre
il y a 10 heures",False,,2025-12-16T10:32:39.785055
Emploi Distribution,https://www.hellowork.com/fr-fr/emplois/33629903.html,33629903,Promoteur des Ventes GMS H/F,DMF,1 900 - 2 050 € / mois,CDD,1 900 - 2 050 € / mois,il y a 10 heures,"Promoteur des Ventes GMS H/F
DMF
Landerneau - 29
CDD
1 900 - 2 050 € / mois
3 mois
... dans un univers nécessitant de déplacer des charges lourdes (boisson, eaux, lessives...). Vous êtes...
Voir l’offre
il y a 10 heures",False,,2025-12-16T10:32:40.249350
Emploi Distribution,https://www.hellowork.com/fr-fr/emplois/69216678.html,69216678,Responsable Magasin H/F,DistriCenter,Saint-Ouen-l'Aumône - 95,CDI,2 339 € / mois,il y a 10 heures,"Responsable Magasin H/F
DistriCenter
Saint-Ouen-l'Aumône - 95
CDI
2 339 € / mois
… : - Vous disposez d'une première expérience managériale dans la distribution spécialisée. - Vous êtes reconnu pour votre leadership -…
Voir l’offre
il y a 10 heures",False,,2025-12-16T10:32:40.702970
Emploi Distribution,https://www.hellowork.com/fr-fr/emplois/69220489.html,69220489,Employé Commercial en Alternance H/F,Formavenir et Recrutement,"486,49 - 1 801,80 € / mois",Alternance,"486,49 - 1 801,80 € / mois",il y a 10 heures,"Employé Commercial en Alternance H/F
Formavenir et Recrutement
Marles-les-Mines - 62
Alternance
486,49 - 1 801,80 € / mois
12 mois
... Vos atouts sont : - Polyvalent(e) - Ponctuel(le) -...
Voir l’offre
il y a 10 heures",False,,2025-12-16T10:32:41.260095
Emploi Distribution,https://www.hellowork.com/fr-fr/emplois/69210075.html,69210075,Chef d'Équipe Drive H/F,E.Leclerc,Wattrelos - 59,CDI,,il y a 10 heures,"Chef d'Équipe Drive H/F
E.Leclerc
Wattrelos - 59
CDI
… d'euros (hors carburant) en 2023 et est le leader de la distribution française avec une part de marché de 23.5%. Employeurs engagés,…
Voir l’offre
il y a 10 heures",False,,2025-12-16T10:32:41.612425
Emploi Distribution,https://www.hellowork.com/fr-fr/emplois/62917897.html,62917897,Responsable Boucherie H/F,Randstad,23 000 - 26 000 € / an,CDI,23 000 - 26 000 € / an,il y a 10 heures,"Responsable Boucherie H/F
Randstad
Lure - 70
CDI
23 000 - 26 000 € / an
... consultant(e)s vous contactera pour vérifier vos compétences et vos objectifs de carrière. Si votre candidature est acceptée, nous vous fournirons...
Voir l’offre
il y a 10 heures",False,,2025-12-16T10:32:42.038189
Emploi Distribution,https://www.hellowork.com/fr-fr/emplois/59212009.html,59212009,Equipier Polyvalent Etudiant H/F,Lidl,Bourg-Saint-Maurice - 73,CDI,,il y a 10 heures,"Equipier Polyvalent Etudiant H/F
Lidl
Bourg-Saint-Maurice - 73
CDI
... le samedi. Missions En tant qu'Equipier Polyvalent Etudiant, tu contribues à une expérience...
Voir l’offre
il y a 10 heures",False,,2025-12-16T10:32:42.495536
Emploi Distribution,https://www.hellowork.com/fr-fr/emplois/65444875.html,65444875,Responsable Adjoint H/F,Nocibé,Metz - 57,CDD,,il y a 10 heures,"Responsable Adjoint H/F
Nocibé
Metz - 57
CDD
… - Metz Rattaché au groupe international Douglas et spécialisé en Distribution de Parfumerie Sélective, NOCIBE représente un réseau de…
Voir l’offre
il y a 10 heures",False,,2025-12-16T10:32:42.942172
Emploi Distribution,https://www.hellowork.com/fr-fr/emplois/64301088.html,64301088,Hôte de Caisse et d'Accueil H/F,Intersport,Dechy - 59,CDD,,il y a 10 heures,"Hôte de Caisse et d'Accueil H/F
Intersport
Dechy - 59
CDD
5 mois
… expérience similaire, idéalement acquise au sein d'une enseigne de distribution où le client est une priorité. Si cette formidable !…
Voir l’offre
il y a 10 heures",False,,2025-12-16T10:32:43.373193
Emploi Distribution,https://www.hellowork.com/fr-fr/emplois/71540300.html,71540300,Equipier Magasin H/F,Cabinet de recrutement de travailleurs handicapés,Cholet - 49,CDI,,il y a 10 heures,"Equipier Magasin H/F
Cabinet de recrutement de travailleurs handicapés
Cholet - 49
CDI
… à première expérience dans la grande distribution et/ou la distribution spécialisée. Polyvalent(e) et dynamique, vous avez le sens du…
Voir l’offre
il y a 10 heures",False,,2025-12-16T10:32:43.791356
Emploi Distribution,https://www.hellowork.com/fr-fr/emplois/71553800.html,71553800,Manager Drive H/F,Carrefour,Sevran - 93,CDI,,il y a 10 heures,"Manager Drive H/F
Carrefour
Sevran - 93
CDI
... mesure à la croissance de CA, la productivité du picking et à la satisfaction client. Vos Missions...
Voir l’offre
il y a 10 heures",False,,2025-12-16T10:32:44.255254
Emploi Distribution,https://www.hellowork.com/fr-fr/emplois/71551223.html,71551223,Employé Polyvalent Alternance H/F,Groupe Alternance Aix-en-Provence,774 - 1 801 € / mois,Alternance,774 - 1 801 € / mois,il y a 10 heures,"Employé Polyvalent Alternance H/F
Groupe Alternance Aix-en-Provence
Marignane - 13
Alternance
774 - 1 801 € / mois
24 mois
... l'alternance et certifiée Qualiopi, vous propose une opportunité en alternance pour préparer un BTS Management Commercial Opérationnel (MCO). ...
Voir l’offre
il y a 10 heur",False,,2025-12-16T10:32:44.776954
Emploi Distribution,https://www.hellowork.com/fr-fr/emplois/71536822.html,71536822,Responsable Textile H/F,E.Leclerc,Mâcon - 71,CDI,,il y a 10 heures,"Responsable Textile H/F
E.Leclerc
Mâcon - 71
CDI
Profil recherché : Autres métiers, Encadrement et Généralistes Le/la candidat(e) idéal(e) pour ce poste de Responsable Textile...
Voir l’offre
il y a 10 heures",False,,2025-12-16T10:32:45.254567
Emploi Distribution,https://www.hellowork.com/fr-fr/emplois/69234737.html,69234737,Merchandiseur Els H/F,DistriCom,Marmande - 47,CDD,12 € / heure,il y a 10 heures,"Merchandiseur Els H/F
DistriCom
Marmande - 47
CDD
12 € / heure
Vous êtes autonome et dynamique, vous n'aimez pas la routine et vous souhaitez maîtriser votre emploi du temps. ...
Voir l’offre
il y a 10 heures",False,,2025-12-16T10:32:45.746668
Emploi Distribution,https://www.hellowork.com/fr-fr/emplois/66715340.html,66715340,Vendeur - Caissier H/F,Brico Dépôt,Tournon - 73,CDI,,il y a 10 heures,"Vendeur - Caissier H/F
Brico Dépôt
Tournon - 73
CDI
... simples ; - Un parcours de formation adapté pour accompagner votre réussite ; - Des opportunités d'évolution et...
Voir l’offre
il y a 10 heures",False,,2025-12-16T10:32:46.126977
Emploi Distribution,https://www.hellowork.com/fr-fr/emplois/71553821.html,71553821,Manager Drive H/F,Carrefour,Marzy - 58,CDI,,il y a 10 heures,"Manager Drive H/F
Carrefour
Marzy - 58
CDI
... Suivre activement les indicateurs clés (CA, Productivité, Taux de Rupture, conformité) et établir des plans d'action immédiats. ...
Voir l’offre
il y a 10 heures",False,,2025-12-16T10:32:46.549888
Emploi Distribution,https://www.hellowork.com/fr-fr/emplois/71549319.html,71549319,Personne de Caisse Caissier H/F,Eureka,Istres - 13,Intérim,,il y a 10 heures,"Personne de Caisse Caissier H/F
Eureka
Istres - 13
Intérim
1 mois
... - Caisse informatisée - Caisse enregistreuse - Flexibilité pour travailler selon des horaires variés, incluant les weekends.
Voir l’offre
il y a 10 heures",False,,2025-12-16T10:32:46.949343
Emploi Distribution,https://www.hellowork.com/fr-fr/emplois/71553803.html,71553803,Manager Drive Junior H/F,Carrefour,Aix-en-Provence - 13,CDI,,il y a 10 heures,"Manager Drive Junior H/F
Carrefour
Aix-en-Provence - 13
CDI
... dans les décisions du quotidien Ce que nous vous proposons · Rémunération sur 13...
Voir l’offre
il y a 10 heures",False,,2025-12-16T10:32:47.330710
Emploi Distribution,https://www.hellowork.com/fr-fr/emplois/70381181.html,70381181,Opticien Diplomé CDI H/F,Viou Lunettier,Brest - 29,CDI,,il y a 10 heures,"Opticien Diplomé CDI H/F
Viou Lunettier
Brest - 29
CDI
... -Sens esthétique et goût pour les lunettes de créateurs, designers -Excellent relationnel, rigueur, sens du détail
Voir l’offre
il y a 10 heures",False,,2025-12-16T10:32:47.742047
Emploi Distribution,https://www.hellowork.com/fr-fr/emplois/71551706.html,71551706,Chef de Secteur H/F,Salesfactory,25 000 - 30 000 € / an,CDI,25 000 - 30 000 € / an,il y a 10 heures,"Chef de Secteur H/F
Salesfactory
Clermont-Ferrand - 63
CDI
25 000 - 30 000 € / an
... Capacité relationnelle Capacité à convaincre Exigence de résultats Analyse & Rigueur
Voir l’offre
il y a 10 heures",False,,2025-12-16T10:32:48.164266
Emploi Distribution,https://www.hellowork.com/fr-fr/emplois/71550770.html,71550770,Employé Polyvalent en Alternance H/F,Groupe Alternance Toulon,,,,,,False,,2025-12-16T10:33:02.662005
Emploi Distribution,https://www.hellowork.com/fr-fr/emplois/71575084.html,71575084,Responsable des Rayons Liquides H/F,U Magasins,,,,,,False,,2025-12-16T10:33:03.123161
Emploi Distribution,https://www.hellowork.com/fr-fr/emplois/69210071.html,69210071,Adjoint Chef de Rayon Alternance H/F,E.Leclerc,"486,49 - 1 801,80 € / mois",Alternance,"486,49 - 1 801,80 € / mois",il y a 10 heures,"Adjoint Chef de Rayon Alternance H/F
E.Leclerc
Saint-Astier - 24
Alternance
486,49 - 1 801,80 € / mois
24 mois
... client et travailler en équipe. Avoir le goût du commerce est un préalable. Pour le reste, nous vous accompagnerons...
Voir l’offre
il y a 10 heures",False,,2025-12-16T10:33:03.585642
Emploi Distribution,https://www.hellowork.com/fr-fr/emplois/72627843.html,72627843,Equipier Polyvalent 30H CDD H/F,Lidl,Charmes - 88,CDD,1 656 € / mois,il y a 10 heures,"Equipier Polyvalent 30H CDD H/F
Lidl
Charmes - 88
CDD
1 656 € / mois
... Tu aimes travailler en équipe pour progresser ensemble ? - Tu es organisé(e) et tu sais prioriser tes actions...
Voir l’offre
il y a 10 heures",False,,2025-12-16T10:33:04.040410
Emploi Distribution,https://www.hellowork.com/fr-fr/emplois/71550977.html,71550977,Employé Polyvalent Alternance H/F,Groupe Alternance Aix-en-Provence,774 - 1 801 € / mois,Alternance,774 - 1 801 € / mois,il y a 10 heures,"Employé Polyvalent Alternance H/F
Groupe Alternance Aix-en-Provence
Aix-en-Provence - 13
Alternance
774 - 1 801 € / mois
24 mois
... présentation et bon relationnel client. - Sens du service et de l'organisation. - Dynamisme, esprit d'équipe et polyvalence....
Voir l’offre
il y a 10 heures",False,,2025-12-16T10:33:04.487020
Emploi Distribution,https://www.hellowork.com/fr-fr/emplois/69203962.html,69203962,Employe Commercial - Libre Service H/F,E.Leclerc,Raon-l'Étape - 88,CDI,,il y a 10 heures,"Employe Commercial - Libre Service H/F
E.Leclerc
Raon-l'Étape - 88
CDI
... autonome, polyvalent et organisé. Dynamique, vous aimez le travail en équipe et avez le goût du commerce.
Voir l’offre
il y a 10 heures",False,,2025-12-16T10:33:04.855269
Emploi Distribution,https://www.hellowork.com/fr-fr/emplois/69203930.html,69203930,Preparateur de Commande Drive H/F,E.Leclerc,Digoin - 71,CDI,,il y a 10 heures,"Preparateur de Commande Drive H/F
E.Leclerc
Digoin - 71
CDI
… produits commandés à l'aide de la scannette) et assurez leur distribution lors de la livraison (assemblage des différents éléments de…
Voir l’offre
il y a 10 heures",False,,2025-12-16T10:33:05.170125
Emploi Distribution,https://www.hellowork.com/fr-fr/emplois/65471259.html,65471259,Manager de Rayon - Mayotte H/F,Carrefour,Mamoudzou - 976,CDI,,il y a 10 heures,"Manager de Rayon - Mayotte H/F
Carrefour
Mamoudzou - 976
CDI
… ensemble. Rejoignez-nous. Nous recherchons pour notre périmètre de Distribution Rattaché au Manager de département, votre mission est…
Voir l’offre
il y a 10 heures",False,,2025-12-16T10:33:05.578133
Emploi Distribution,https://www.hellowork.com/fr-fr/emplois/65471243.html,65471243,Chef de Département Alimentaire - Hf - le Lamentin - Martinique H/F,Carrefour,Le Lamentin - 972,CDI,,il y a 10 heures,"Chef de Département Alimentaire - Hf - le Lamentin - Martinique H/F
Carrefour
Le Lamentin - 972
CDI
… pôle structuré autour de la distribution automobile, de la location, de la distribution de pneumatiques et de pièces…
Voir l’offre
il y a 10 heures",False,,2025-12-16T10:33:05.975898
Emploi Distribution,https://www.hellowork.com/fr-fr/emplois/60365674.html,60365674,Employe Polyvalent en Alternance H/F,Groupe Alternance Aix-en-Provence,763 - 1 774 € / mois,Alternance,763 - 1 774 € / mois,il y a 10 heures,"Employe Polyvalent en Alternance H/F
Groupe Alternance Aix-en-Provence
Aix-en-Provence - 13
Alternance
763 - 1 774 € / mois
24 mois
Diplôme minimum obligatoire : Baccalauréat Recherche : contrat en alternance
Voir l’offre
il y a 10 heures",False,,2025-12-16T10:33:06.403554
Emploi Distribution,https://www.hellowork.com/fr-fr/emplois/60360862.html,60360862,Equipier Polyvalent 35H H/F,Lidl,Saint-Martin-de-Queyrières - 05,CDI,2 000 € / mois,il y a 10 heures,"Equipier Polyvalent 35H H/F
Lidl
Saint-Martin-de-Queyrières - 05
CDI
2 000 € / mois
... de 3 ans et au-delà, - Une prime de participation et/ou d'intéressement (en fonction des résultats de l'entreprise), ...
Voir l’offre
il y a 10 heures",False,,2025-12-16T10:33:06.821735
Emploi Distribution,https://www.hellowork.com/fr-fr/emplois/65443079.html,65443079,Employé Polyvalent de Nuit - Paris H/F,Big Fernand,Paris - 75,CDI,"1 801,80 € / mois",il y a 10 heures,"Employé Polyvalent de Nuit - Paris H/F
Big Fernand
Super recruteur
Paris - 75
CDI
1 801,80 € / mois
... Alors, tu es déjà un(e) Fernand(e) qui s'ignore et nous avons hâte de te le faire découvrir !
Voir l’offre
il y a 10 heures",False,,2025-12-16T10:33:07.287590
Emploi Distribution,https://www.hellowork.com/fr-fr/emplois/33582201.html,33582201,Promoteur des Ventes GMS H/F,DMF,1 900 - 2 050 € / mois,CDD,1 900 - 2 050 € / mois,il y a 10 heures,"Promoteur des Ventes GMS H/F
DMF
Castanet-Tolosan - 31
CDD
1 900 - 2 050 € / mois
3 mois
... tire-palette et avez une bonne connaissance de la GMS. Vous êtes basé idéalement à Toulouse (couverture de 2...
Voir l’offre
il y a 10 heures",False,,2025-12-16T10:33:07.777387
Emploi Distribution,https://www.hellowork.com/fr-fr/emplois/71565261.html,71565261,Manager de Rayon Boucherie H/F,Carrefour,Bouzonville - 57,CDI,,il y a 10 heures,"Manager de Rayon Boucherie H/F
Carrefour
Bouzonville - 57
CDI
… rayon boucherie, idéalement acquise dans le milieu de la distribution alimentaire. Vous avez une parfaite connaissance de la chaine à…
Voir l’offre
il y a 10 heures",False,,2025-12-16T10:33:08.194662
Emploi Distribution,https://www.hellowork.com/fr-fr/emplois/58075509.html,58075509,Chef de Secteur en Alternance H/F,Ipac Bachelor Factory Laval,Laval - 53,Alternance,"1 801,80 € / mois",il y a 10 heures,"Chef de Secteur en Alternance H/F
Ipac Bachelor Factory Laval
Laval - 53
Alternance
1 801,80 € / mois
12 mois
… lors des campagnes d'animation - Réaliser ponctuellement des animations / distributions de coupons sur l'heure du déjeuner - Faire le…
Voir l’offre
il y a 10 heures",False,,2025-12-16T10:33:08.707076
Emploi Distribution,https://www.hellowork.com/fr-fr/emplois/71565097.html,71565097,Stage - Modélisation de la Position d'Équilibre d'Assemblages de Carters Turbomoteurs d'Hélicoptères H/F,Safran,Bordes - 64,Stage,,il y a 10 heures,"Stage - Modélisation de la Position d'Équilibre d'Assemblages de Carters Turbomoteurs d'Hélicoptères H/F
Safran
Bordes - 64
Stage
6 mois
... mécanique, mécanique des solides, dimensionnement statique), en mathématiques appliquées et en programmation (Python 3.12 sera privilégié). - Des connaissances",False,,2025-12-16T10:33:09.184975
Emploi Distribution,https://www.hellowork.com/fr-fr/emplois/71564871.html,71564871,Apprentissage - Employé Libre-Service Alimentaire H/F,CFA IFCDis,"486,49 - 1 801,89 € / mois",Alternance,"486,49 - 1 801,89 € / mois",il y a 10 heures,"Apprentissage - Employé Libre-Service Alimentaire H/F
CFA IFCDis
La Rochelle - 17
Alternance
486,49 - 1 801,89 € / mois
12 mois
... tous les jours dans ton magasin et pour ça il faut que tu sois dynamique, souriant, accueillant et que tu...
Voir l’offre
il y a 10 heures",False,,2025-12-16T10:33:09.678423
Emploi Distribution,https://www.hellowork.com/fr-fr/emplois/65259636.html,65259636,Equipier Polyvalent 35H H/F,Lidl,Corbeil-Essonnes - 91,CDI,2 000 € / mois,il y a 10 heures,"Equipier Polyvalent 35H H/F
Lidl
Corbeil-Essonnes - 91
CDI
2 000 € / mois
... fonctionnement du supermarché. Le poste nécessite d'être disponible le samedi et certains dimanches. Missions...
Voir l’offre
il y a 10 heures",False,,2025-12-16T10:33:10.116815
Emploi Distribution,https://www.hellowork.com/fr-fr/emplois/71564701.html,71564701,Responsable de Magasin H/F,Gamm Vert - Groupe Oxyane,Lozanne - 69,CDI,,il y a 10 heures,"Responsable de Magasin H/F
Gamm Vert - Groupe Oxyane
Lozanne - 69
CDI
... univers stimulant, au coeur du végétal. - De vraies perspectives d'évolution dans un groupe qui valorise ses talents. ...
Voir l’offre
il y a 10 heures",False,,2025-12-16T10:33:10.523978
Emploi Distribution,https://www.hellowork.com/fr-fr/emplois/71563425.html,71563425,Contrat de Professionnalisation - Employé Libre-Service H/F,CFA IFCDis,"1 040,54 - 1 891,89 € / mois",Alternance,"1 040,54 - 1 891,89 € / mois",il y a 10 heures,"Contrat de Professionnalisation - Employé Libre-Service H/F
CFA IFCDis
Merville - 31
Alternance
1 040,54 - 1 891,89 € / mois
6 mois
... souhait de te former. Alors prépare tes arguments pour convaincre nos équipes admission et avoir la chance d'intégrer nos formations.
Voir l’offre
il y a 10 heures",False,,2025-12-16T10:33:25.106543
Emploi Distribution,https://www.hellowork.com/fr-fr/emplois/71563918.html,71563918,Responsable de Rayon - Guadeloupe H/F,Talented International,38 000 - 45 000 € / an,CDI,38 000 - 45 000 € / an,il y a 10 heures,"Responsable de Rayon - Guadeloupe H/F
Talented International
Baie-Mahault - 971
CDI
38 000 - 45 000 € / an
Profil recherché : - Vous êtes titulaire d'un Bac +2/3 et avez une expérience significative dans la...
Voir l’offre
il y a 10 heures",False,,2025-12-16T10:33:25.565368
Emploi Distribution,https://www.hellowork.com/fr-fr/emplois/71563390.html,71563390,Apprentissage - Employé Libre-Service Alimentaire H/F,CFA IFCDis,"486,49 - 1 801,80 € / mois",Alternance,"486,49 - 1 801,80 € / mois",il y a 10 heures,"Apprentissage - Employé Libre-Service Alimentaire H/F
CFA IFCDis
Moissac - 82
Alternance
486,49 - 1 801,80 € / mois
12 mois
Pour nous ce qui compte c'est que tu puisses t'épanouir tous les jours dans ton magasin et pour ça il...
Voir l’offre
il y a 10 heures",False,,2025-12-16T10:33:25.967179
Emploi Distribution,https://www.hellowork.com/fr-fr/emplois/71562733.html,71562733,Fileteur H/F,Arhémis Cherbourg,Cherbourg-en-Cotentin - 50,Intérim,,il y a 10 heures,"Fileteur H/F
Arhémis Cherbourg
Cherbourg-en-Cotentin - 50
Intérim
4 mois
... an d'expérience sur le poste de fileteur - Vous êtes dynamique et le rythme de travail soutenu ne vous...
Voir l’offre
il y a 10 heures",False,,2025-12-16T10:33:26.322621
Emploi Distribution,https://www.hellowork.com/fr-fr/emplois/23807656.html,23807656,Chef de Département Rayons Marée Trads + LS Département 69 Nord H/F,Jean-François Philippe | Cabinet de recrutement | Grande Distribution,2 400 - 2 600 € / mois,CDI,2 400 - 2 600 € / mois,il y a 10 heures,"Chef de Département Rayons Marée Trads + LS Département 69 Nord H/F
Jean-François Philippe | Cabinet de recrutement | Grande Distribution
Rhône - 69
CDI
2 400 - 2 600 € / mois
... et efficace dans la gestion des rayons. Expérience exigée : 4 / 8 ans, réussie sur le...
Voir l’offre
il y a 10 heures",False,,2025-12-16T10:33:26.720042
Emploi Distribution,https://www.hellowork.com/fr-fr/emplois/62901490.html,62901490,Employe Commercial Mise en Rayon H/F,E.Leclerc,Chalon-sur-Saône - 71,CDI,,il y a 10 heures,"Employe Commercial Mise en Rayon H/F
E.Leclerc
Chalon-sur-Saône - 71
CDI
Profil recherché : Approvisionnements/Gestion Fournisseurs Dynamique, autonome et réactif(ve), vous saurez démontrer votre professionnalisme par votre rigueur...
Voir l’offre
il y a 10 heures",False,,2025-12-16T10:33:27.175201
Emploi Distribution,https://www.hellowork.com/fr-fr/emplois/66723573.html,66723573,Coordinateur Caisse Accueil 35H H/F,Lidl,Albertville - 73,CDI,2 181 € / mois,il y a 10 heures,"Coordinateur Caisse Accueil 35H H/F
Lidl
Albertville - 73
CDI
2 181 € / mois
... Profil Que tu aies de l'expérience dans le commerce ou non, nous recherchons avant tout...
Voir l’offre
il y a 10 heures",False,,2025-12-16T10:33:27.704037
Emploi Distribution,https://www.hellowork.com/fr-fr/emplois/71561693.html,71561693,Alternance - Employé Libre-Service Drive H/F,RETRAVAILLER DANS L'OUEST,"486,49 - 1 801,80 € / mois",Alternance,"486,49 - 1 801,80 € / mois",il y a 10 heures,"Alternance - Employé Libre-Service Drive H/F
RETRAVAILLER DANS L'OUEST
Durtal - 49
Alternance
486,49 - 1 801,80 € / mois
11 mois
... : Tu es lycéen, étudiants et/ou demandeurs d'emploi, à l'écoute et bien organisé(e). De...
Voir l’offre
il y a 10 heures",False,,2025-12-16T10:33:28.247242
Emploi Distribution,https://www.hellowork.com/fr-fr/emplois/69233153.html,69233153,Employé Service Traiteur H/F,E.Leclerc,Rivery - 80,CDD,,il y a 10 heures,"Employé Service Traiteur H/F
E.Leclerc
Rivery - 80
CDD
1 mois
... rigoureux, méthodique. Vous avez l'esprit d'initiative et le sens du commerce et de la relation client. Rejoignez-nous...
Voir l’offre
il y a 10 heures",False,,2025-12-16T10:33:28.720684
Emploi Distribution,https://www.hellowork.com/fr-fr/emplois/69205686.html,69205686,Equipier de Commerce Secteur Frais - Liquide H/F,Auchan Retail France,23 850 - 23 870 € / an,CDI,23 850 - 23 870 € / an,il y a 10 heures,"Equipier de Commerce Secteur Frais - Liquide H/F
Auchan Retail France
Cournon-d'Auvergne - 63
CDI
23 850 - 23 870 € / an
... 4 piliers de responsabilité sociétale et environnementale majeurs : Offre responsable, Environnement, Solidarité, Humain. Rendez-vous sur :...
Voir l’offre
il y a 10 heures",False,,2025-12-16T10:33:29.157314
Emploi Distribution,https://www.hellowork.com/fr-fr/emplois/71565384.html,71565384,Responsable de Rayon Charcuterie H/F,E.Leclerc,Strasbourg - 67,CDI,,il y a 10 heures,"Responsable de Rayon Charcuterie H/F
E.Leclerc
Strasbourg - 67
CDI
... de manière autonome tout en collaborant efficacement avec les autres services. Une formation en commerce, gestion ou dans un domaine...
Voir l’offre
il y a 10 heures",False,,2025-12-16T10:33:29.567433
Emploi Distribution,https://www.hellowork.com/fr-fr/emplois/71561015.html,71561015,Directeur·ice de Magasin Femme - Compiègne H/F,Armand Thiery,Compiègne - 60,CDI,,il y a 10 heures,"Directeur·ice de Magasin Femme - Compiègne H/F
Armand Thiery
Compiègne - 60
CDI
Passionné(e) par la mode, vous maîtrisez les outils de gestion commerciale. Vous justifiez d'une expérience réussie de la vente et...
Voir l’offre
il y a 10 heures",False,,2025-12-16T10:33:30.014391
Emploi Distribution,https://www.hellowork.com/fr-fr/emplois/68012416.html,68012416,Responsable Rayon Textile Chaussures H/F,E.Leclerc,Villers-Cotterêts - 02,CDI,,il y a 10 heures,"Responsable Rayon Textile Chaussures H/F
E.Leclerc
Villers-Cotterêts - 02
CDI
… vous avez une expérience significative et réussie dans la distribution (grande ou spécialisée) et les capacités à manager une équipe.…
Voir l’offre
il y a 10 heures",False,,2025-12-16T10:33:30.453036
Emploi Distribution,https://www.hellowork.com/fr-fr/emplois/66743007.html,66743007,Manager Alimentaire H/F,Carrefour,Nord - 59,CDI,,il y a 10 heures,"Manager Alimentaire H/F
Carrefour
Nord - 59
CDI
… : sain, plus local, plus responsable. Leader mondial de la distribution digitale, tout en créant un environnement de travail inclusif…
Voir l’offre
il y a 10 heures",False,,2025-12-16T10:33:30.967155
Emploi Distribution,https://www.hellowork.com/fr-fr/emplois/59286373.html,59286373,Alternance - Employé Commercial en Grande Distribution H/F,Groupe Alternance Niort,"486,49 - 1 801,80 € / mois",Alternance,"486,49 - 1 801,80 € / mois",il y a 10 heures,"Alternance - Employé Commercial en Grande Distribution H/F
Groupe Alternance Niort
Parthenay - 79
Alternance
486,49 - 1 801,80 € / mois
12 mois
- Être organisé et sérieux - Vous êtes polyvalent et flexible
Voir l’offre
il y a 10 heures",False,,2025-12-16T10:33:31.463668
Emploi Distribution,https://www.hellowork.com/fr-fr/emplois/56815467.html,56815467,Equipier Polyvalent Etudiant H/F,Lidl,Pontorson - 50,CDI,,il y a 10 heures,"Equipier Polyvalent Etudiant H/F
Lidl
Pontorson - 50
CDI
... produits, - Garantir la qualité et la fraîcheur des produits, - Participer à la production des produits du...
Voir l’offre
il y a 10 heures",False,,2025-12-16T10:33:31.869717
Emploi Distribution,https://www.hellowork.com/fr-fr/emplois/60345641.html,60345641,Adjoint Responsable Produits Frais H/F,E.Leclerc,Étampes - 91,CDI,,il y a 10 heures,"Adjoint Responsable Produits Frais H/F
E.Leclerc
Étampes - 91
CDI
... métiers, Encadrement et Généralistes De formation Bac à Bac +2 (commerciale/gestion), vous êtes fort de plusieurs...
Voir l’offre
il y a 10 heures",False,,2025-12-16T10:33:32.289030
Emploi Distribution,https://www.hellowork.com/fr-fr/emplois/60360832.html,60360832,Equipier Polyvalent 30H H/F,Lidl,Aixe-sur-Vienne - 87,CDD,,il y a 10 heures,"Equipier Polyvalent 30H H/F
Lidl
Aixe-sur-Vienne - 87
CDD
... 3 ans et au-delà, - Une prime de participation et/ou d'intéressement (en fonction des résultats de l'entreprise), -...
Voir l’offre
il y a 10 heures",False,,2025-12-16T10:33:32.671545
Emploi Distribution,https://www.hellowork.com/fr-fr/emplois/66715465.html,66715465,Caissier - Vendeur H/F,Brico Dépôt,Pavie - 32,Temps partiel,,il y a 10 heures,"Caissier - Vendeur H/F
Brico Dépôt
Pavie - 32
CDD
Temps partiel
... ; - Vous veillerez à la qualité des encaissements et au respect des procédures ; - Vous gérerez...
Voir l’offre
il y a 10 heures",False,,2025-12-16T10:33:33.083400
Emploi Distribution,https://www.hellowork.com/fr-fr/emplois/71553808.html,71553808,Manager Drive H/F,Carrefour,Athis-Mons - 91,CDI,,il y a 10 heures,"Manager Drive H/F
Carrefour
Athis-Mons - 91
CDI
... et ajuster les parcours de collecte, les outils de préparation et les ressources humaines pour maximiser l'efficacité et la vitesse...
Voir l’offre
il y a 10 heures",False,,2025-12-16T10:33:33.522992
Emploi Distribution,https://www.hellowork.com/fr-fr/emplois/66756311.html,66756311,Chef de Secteur,CDI H/F,,,,il y a 10 heures,"Chef de Secteur - CDI H/F
Hozelock Exel
Clermont-Ferrand - 63
CDI
Télétravail partiel
… les métiers de la vente et du commerce sur le terrain et de la distribution . ou Bac +3 avec 2 ans minimum d'expérience en qualité de…
Voir l’offre
il y a 10 heures",True,,2025-12-16T10:33:49.948884
Emploi Distribution,https://www.hellowork.com/fr-fr/emplois/69206419.html,69206419,Adjoint Directeur de Magasin H/F,Nextgen RH,26 000 - 32 800 € / an,CDI,26 000 - 32 800 € / an,il y a 10 heures,"Adjoint Directeur de Magasin H/F
Nextgen RH
Super recruteur
Compiègne - 60
CDI
26 000 - 32 800 € / an
... long du processus de recrutement à travers une approche fondamentalement humaine : un seul interlocuteur tout au long...
Voir l’offre
il y a 10 heures",False,,2025-12-16T10:33:50.428821
Emploi Distribution,https://www.hellowork.com/fr-fr/emplois/61656638.html,61656638,Equipier Commerce Boutique du Frais H/F,Auchan Retail France,22 775 - 22 776 € / an,CDI,22 775 - 22 776 € / an,il y a 10 heures,"Equipier Commerce Boutique du Frais H/F
Auchan Retail France
Vineuil - 41
CDI
22 775 - 22 776 € / an
… Nous sommes... Auchan Retail France, une entreprise de distribution de clients chaque année. Ce que nous voulons,…
Voir l’offre
il y a 10 heures",False,,2025-12-16T10:33:50.914414
Emploi Distribution,https://www.hellowork.com/fr-fr/emplois/66728202.html,66728202,Gerant de Magasin dans l'Herault 34 H/F,Carrefour Proximité,25 000 - 28 000 € / an,,25 000 - 28 000 € / an,il y a 10 heures,"Gerant de Magasin dans l'Herault 34 H/F
Carrefour Proximité
Super recruteur
Hérault - 34
Franchise
25 000 - 28 000 € / an
… et à votre clientèle. - Vous avez une expérience réussie en distribution pour votre compte, - Vous rêvez d'entreprendre, mais votre…
Voir l’offre
il y a 10 heures",False,,2025-12-16T10:33:51.311798
Emploi Distribution,https://www.hellowork.com/fr-fr/emplois/66715484.html,66715484,Hôte de Caisse - Accueil Expert H/F,Brico Dépôt,Beaucouzé - 49,CDI,,il y a 10 heures,"Hôte de Caisse - Accueil Expert H/F
Brico Dépôt
Beaucouzé - 49
CDI
... proposés à nos clients, carte Brico Dépôt, location de véhicules, solution de paiement...tout en respectant le concept commercial Brico Dépôt...
Voir l’offre
il y a 10 heures",False,,2025-12-16T10:33:51.656729
Emploi Distribution,https://www.hellowork.com/fr-fr/emplois/62922413.html,62922413,Alternant Directeur·rice de Supermarché H/F,Digital School of Paris,,Alternance,,il y a 10 heures,"Alternant Directeur·rice de Supermarché H/F
Digital School of Paris
Île-de-France
Alternance
2 ans
… d'une délivrant un Bac +5, idéalement en commerce, management ou distribution . - Dynamique, vous avez le sens des responsabilités et…
Voir l’offre
il y a 10 heures",False,,2025-12-16T10:33:51.996670
Emploi Distribution,https://www.hellowork.com/fr-fr/emplois/62917826.html,62917826,Employé Libre Service . H/F,Randstad,Vire Normandie - 14,CDI,21 000 € / an,il y a 10 heures,"Employé Libre Service . H/F
Randstad
Vire Normandie - 14
CDI
21 000 € / an
Vous devez être titulaire d'un Bac et avoir au moins 3 années d'expérience. Une première expérience sur un poste similaire...
Voir l’offre
il y a 10 heures",False,3 années d'expérience,2025-12-16T10:33:52.350166
Emploi Distribution,https://www.hellowork.com/fr-fr/emplois/66704913.html,66704913,Equipier de Commerce Temps Partiel H/F,Auchan Retail France,23 850 - 23 870 € / an,CDI,23 850 - 23 870 € / an,il y a 10 heures,"Equipier de Commerce Temps Partiel H/F
Auchan Retail France
Paris - 75
CDI
23 850 - 23 870 € / an
… Nous sommes... Auchan Retail France, une entreprise de distribution de clients chaque année. Ce que nous voulons,…
Voir l’offre
il y a 10 heures",False,,2025-12-16T10:33:52.795651
Emploi Distribution,https://www.hellowork.com/fr-fr/emplois/69241740.html,69241740,Merchandiseur Els H/F,DistriCom,Saint-Jean-de-Luz - 64,CDD,12 € / heure,il y a 10 heures,"Merchandiseur Els H/F
DistriCom
Saint-Jean-de-Luz - 64
CDD
12 € / heure
... pour réussir votre mission. Ce qui nous rend unique c'est vous, alors rejoignez nous !
Voir l’offre
il y a 10 heures",False,,2025-12-16T10:33:53.259704
Emploi Distribution,https://www.hellowork.com/fr-fr/emplois/69215411.html,69215411,Employé Polyvalent Alternance H/F,Groupe Alternance Marseille,774 - 1 801 € / mois,Alternance,774 - 1 801 € / mois,il y a 10 heures,"Employé Polyvalent Alternance H/F
Groupe Alternance Marseille
Cabriès - 13
Alternance
774 - 1 801 € / mois
24 mois
... en juillet 2025 pour être prêt(e) à la rentrée de septembre et une véritable opportunité d'embauche après l'alternance. 80 %...
Voir l’offre
il y a 10 heures",False,,2025-12-16T10:33:53.741631
Emploi Distribution,https://www.hellowork.com/fr-fr/emplois/69219612.html,69219612,Responsable de Magasin H/F,Boulangerie Louise,Nœux-les-Mines - 62,CDI,2 200 € / mois,il y a 10 heures,"Responsable de Magasin H/F
Boulangerie Louise
Nœux-les-Mines - 62
CDI
2 200 € / mois
... centre de profit dans le milieu du commerce, ou de la restauration traditionnelle ou rapide (2 ans d'expérience souhaitée) ;...
Voir l’offre
il y a 10 heures",False,2 ans d'expérience,2025-12-16T10:33:54.202253
Emploi Distribution,https://www.hellowork.com/fr-fr/emplois/69220309.html,69220309,Employé Libre Service H/F,Stokomani,Orange - 84,CDD,,il y a 10 heures,"Employé Libre Service H/F
Stokomani
Orange - 84
CDD
... appréciant le travail d'équipe. Notre entreprise s'engage en faveur de la diversité culturelle, l'égalité femmes-hommes et l'emploi des travailleurs...
Voir l’offre
il y a 10 heures",False,,2025-12-16T10:33:54.631555
Emploi Distribution,https://www.hellowork.com/fr-fr/emplois/72627720.html,72627720,Adjoint Manager de Supermarché - Parcours Certifiant H/F,Lidl,Toulouse - 31,CDI,32 942 € / an,il y a 10 heures,"Adjoint Manager de Supermarché - Parcours Certifiant H/F
Lidl
Toulouse - 31
CDI
32 942 € / an
… dans le domaine du commerce, du management ou de la distribution Rejoindre Lidl Nous reconnaissons le travail et l'investissement de…
Voir l’offre
il y a 10 heures",False,,2025-12-16T10:33:55.070485
Emploi Distribution,https://www.hellowork.com/fr-fr/emplois/66526784.html,66526784,Manager de Rayon Boulangerie Pâtisserie H/F,U Magasins,Hambach - 57,CDI,,il y a 10 heures,"Manager de Rayon Boulangerie Pâtisserie H/F
U Magasins
Hambach - 57
CDI
... du magasin - Autorisations d'absences pour événements familiaux Vous vous reconnaissez et...
Voir l’offre
il y a 10 heures",False,,2025-12-16T10:33:55.458360
Emploi Distribution,https://www.hellowork.com/fr-fr/emplois/64283193.html,64283193,Employé Qualifié Libre Service N2 Boucherie H/F,Auchan Retail France,23 910 - 24 160 € / an,CDI,23 910 - 24 160 € / an,il y a 10 heures,"Employé Qualifié Libre Service N2 Boucherie H/F
Auchan Retail France
La Trinité - 06
CDI
23 910 - 24 160 € / an
… Nous sommes... Auchan Retail France, une entreprise de distribution de clients chaque année. Ce que nous voulons,…
Voir l’offre
il y a 10 heures",False,,2025-12-16T10:33:55.936922
Emploi Distribution,https://www.hellowork.com/fr-fr/emplois/71561023.html,71561023,Directeur·ice de Magasin - Varennes sur Seine H/F,Armand Thiery,Varennes-sur-Seine - 77,CDI,,il y a 10 heures,"Directeur·ice de Magasin - Varennes sur Seine H/F
Armand Thiery
Varennes-sur-Seine - 77
CDI
... pragmatique et agile, au savoir faire reconnu, qui place la transmission au coeur de ses métiers, N'hésitez plus, postulez !
Voir l’offre
il y a 10 heures",False,,2025-12-16T10:33:56.390792
Emploi Distribution,https://www.hellowork.com/fr-fr/emplois/68015864.html,68015864,Hôte de Caisse - Accueil H/F,Truffaut,Plaisir - 78,CDI,,il y a 10 heures,"Hôte de Caisse - Accueil H/F
Truffaut
Plaisir - 78
CDI
Issu d'une formation en comptabilité / gestion, vous avez idéalement une première expérience professionnelle à un poste similaire. Vous êtes...
Voir l’offre
il y a 10 heures",False,,2025-12-16T10:33:56.803031
Emploi Distribution,https://www.hellowork.com/fr-fr/emplois/71557118.html,71557118,Responsable de Secteur H/F,Kuribay,Ambert - 63,CDI,,il y a 10 heures,"Responsable de Secteur H/F
Kuribay
Ambert - 63
CDI
... dans le domaine de la Banque/Assurance. Vous avez par ailleurs une expérience d'au moins 2 ans comme...
Voir l’offre
il y a 10 heures",False,,2025-12-16T10:33:57.224925
Emploi Distribution,https://www.hellowork.com/fr-fr/emplois/71554628.html,71554628,Employe Libre Service - E Leclerc Montaigu Vendee 85 H/F,E.Leclerc,Montaigu-Vendée - 85,CDI,,il y a 10 heures,"Employe Libre Service - E Leclerc Montaigu Vendee 85 H/F
E.Leclerc
Montaigu-Vendée - 85
CDI
Profil recherché : Approvisionnements/Gestion Fournisseurs - Une première expérience est un plus, mais les débutants sont les...
Voir l’offre
il y a 10 heures",False,,2025-12-16T10:33:57.645723
Emploi Distribution,https://www.hellowork.com/fr-fr/emplois/62918245.html,62918245,Responsable Magasin ou Magasinier Confirmé H/F,Randstad,30 000 - 31 000 € / an,CDI,30 000 - 31 000 € / an,il y a 10 heures,"Responsable Magasin ou Magasinier Confirmé H/F
Randstad
Chaumont - 52
CDI
30 000 - 31 000 € / an
... responsabilité d'un magasinier) Vous êtes à l'aise avec l'outil informatique (SAGE ou équivalent, Excel...) Anglais appréciée Vous êtes autonome,...
Voir l’offre
il y a 10 heures",False,,2025-12-16T10:33:58.096988
Emploi Distribution,https://www.hellowork.com/fr-fr/emplois/71560670.html,71560670,Manager de Rayon Boucherie H/F,Supermarchés Match,Bouzonville - 57,CDI,,il y a 10 heures,"Manager de Rayon Boucherie H/F
Supermarchés Match
Bouzonville - 57
CDI
… rayon boucherie, idéalement acquise dans le milieu de la distribution alimentaire. Vous avez une parfaite connaissance de la chaine…
Voir l’offre
il y a 10 heures",False,,2025-12-16T10:34:12.515407
Emploi Distribution,https://www.hellowork.com/fr-fr/emplois/71553818.html,71553818,Manager Drive H/F,Carrefour,La Ville-du-Bois - 91,CDI,,il y a 10 heures,"Manager Drive H/F
Carrefour
La Ville-du-Bois - 91
CDI
... · Piloter les Flux: Superviser la gestion des commandes, de la préparation au retrait/livraison, pour garantir la fiabilité...
Voir l’offre
il y a 10 heures",False,,2025-12-16T10:34:12.869730
Emploi Distribution,https://www.hellowork.com/fr-fr/emplois/71553845.html,71553845,Manager Drive H/F,Carrefour,Drancy - 93,CDI,,il y a 10 heures,"Manager Drive H/F
Carrefour
Drancy - 93
CDI
... e-commerce de la zone. · Assurerla meilleure proposition de substitution possible en cas d'indisponibilité. ...
Voir l’offre
il y a 10 heures",False,,2025-12-16T10:34:13.218076
Emploi Distribution,https://www.hellowork.com/fr-fr/emplois/71553811.html,71553811,Manager Drive H/F,Carrefour,Quimper - 29,CDI,,il y a 10 heures,"Manager Drive H/F
Carrefour
Quimper - 29
CDI
... Flux: Superviser la gestion des commandes, de la préparation au retrait/livraison, pour garantir la fiabilité et le respect des délais....
Voir l’offre
il y a 10 heures",False,,2025-12-16T10:34:13.561301
Emploi Distribution,https://www.hellowork.com/fr-fr/emplois/71551246.html,71551246,Responsable Adjoint en Alternance H/F,Groupe Alternance Toulon,Toulon - 83,Alternance,,il y a 10 heures,"Responsable Adjoint en Alternance H/F
Groupe Alternance Toulon
Toulon - 83
Alternance
24 mois
... d'embauche après l'alternance. 80 % de nos étudiants décrochent un CDI ou un CDD. Les conditions d'admission : Titulaire...
Voir l’offre
il y a 10 heures",False,,2025-12-16T10:34:13.975746
Emploi Distribution,https://www.hellowork.com/fr-fr/emplois/71551010.html,71551010,Employé Polyvalent Alternance H/F,Groupe Alternance Aix-en-Provence,774 - 1 801 € / mois,Alternance,774 - 1 801 € / mois,il y a 10 heures,"Employé Polyvalent Alternance H/F
Groupe Alternance Aix-en-Provence
Cabriès - 13
Alternance
774 - 1 801 € / mois
24 mois
... un CDD. Ne ratez pas cette opportunité, postulez dès maintenant et boostez votre carrière en alternance !
Voir l’offre
il y a 10 heures",False,,2025-12-16T10:34:14.436023
Emploi Distribution,https://www.hellowork.com/fr-fr/emplois/73730193.html,73730193,Adjoint Responsable de Magasin H/F,Olivier Mery,26 000 - 27 000 € / an,CDI,26 000 - 27 000 € / an,il y a 10 heures,"Adjoint Responsable de Magasin H/F
Olivier Mery
Super recruteur
Paris 13e - 75
CDI
26 000 - 27 000 € / an
... votre passion du commerce et votre leadership au service d'une belle enseigne, alors écrivons ensemble la prochaine étape de votre...
Voir l’offre
il y a 10 heures",False,,2025-12-16T10:34:14.896904
Emploi Distribution,https://www.hellowork.com/fr-fr/emplois/73730186.html,73730186,Responsable de Secteur Paris 11 Ième H/F,ONELA,Paris 11e - 75,CDI,2 000 € / mois,il y a 10 heures,"Responsable de Secteur Paris 11 Ième H/F
ONELA
Super recruteur
Paris 11e - 75
CDI
2 000 € / mois
... fragile et dépendant (personnes âgées, personnes en situation de handicap). Vous maîtrisez idéalement le secteur médico-social...
Voir l’offre
il y a 10 heures",False,,2025-12-16T10:34:15.322498
Emploi Distribution,https://www.hellowork.com/fr-fr/emplois/73730032.html,73730032,Chef de Rayon Aménagement H/F,Castorama,Chambourcy - 78,CDI,,il y a 10 heures,"Chef de Rayon Aménagement H/F
Castorama
Chambourcy - 78
CDI
… à +4, avec une expérience indispensable dans le secteur de la Distribution En magasin, tu bénéficies d'avantages tels que la mutuelle…
Voir l’offre
il y a 10 heures",False,,2025-12-16T10:34:15.711037
Emploi Distribution,https://www.hellowork.com/fr-fr/emplois/73729952.html,73729952,Responsable de Secteur Paris 16 H/F,ONELA,Paris 16e - 75,CDI,2 000 € / mois,il y a 10 heures,"Responsable de Secteur Paris 16 H/F
ONELA
Super recruteur
Paris 16e - 75
CDI
2 000 € / mois
Titulaire d'un diplôme de niveau Bac +2 minimum (BTS SP3S, BTS ESF, Services à la Personne, Management, Commercial, Ressources Humaines),...
Voir l’offre
il y a 10 heures",False,,2025-12-16T10:34:16.155801
Emploi Distribution,https://www.hellowork.com/fr-fr/emplois/73729918.html,73729918,Alternance Employé Polyvalent et Commercial - Voiron H/F,ISCOD,"486,49 - 1 801,80 € / mois",Alternance,"486,49 - 1 801,80 € / mois",il y a 10 heures,"Alternance Employé Polyvalent et Commercial - Voiron H/F
ISCOD
Voiron - 38
Alternance
486,49 - 1 801,80 € / mois
... clients ; - Participer à la bonne tenue du restaurant. Profil : Vous êtes...
Voir l’offre
il y a 10 heures",False,,2025-12-16T10:34:16.636294
Emploi Distribution,https://www.hellowork.com/fr-fr/emplois/73729722.html,73729722,Alternance Employé Polyvalent et Commercial - Genay H/F,ISCOD,"486,49 - 1 801,80 € / mois",Alternance,"486,49 - 1 801,80 € / mois",il y a 10 heures,"Alternance Employé Polyvalent et Commercial - Genay H/F
ISCOD
Genay - 69
Alternance
486,49 - 1 801,80 € / mois
... Vous assurez les missions suivantes : - Préparer et servir dans les règles ; - Assurer un...
Voir l’offre
il y a 10 heures",False,,2025-12-16T10:34:17.105994
Emploi Distribution,https://www.hellowork.com/fr-fr/emplois/73729623.html,73729623,Alternance Employé Polyvalent et Commercial - Riorges H/F,ISCOD,"486,49 - 1 801,80 € / mois",Alternance,"486,49 - 1 801,80 € / mois",il y a 10 heures,"Alternance Employé Polyvalent et Commercial - Riorges H/F
ISCOD
Riorges - 42
Alternance
486,49 - 1 801,80 € / mois
... par l'Etat de niveau 5 à niveau 7 (Bac +2, Bachelor/Bac +3 ou Mastère/Bac +5). Choisissez l'alternance nouvelle génération...
Voir l’offre
il y a 10 heures",False,,2025-12-16T10:34:17.516831
Emploi Distribution,https://www.hellowork.com/fr-fr/emplois/73729607.html,73729607,Responsable de Secteur la Garenne Colombes H/F,ONELA,La Garenne-Colombes - 92,CDD,2 000 € / mois,il y a 10 heures,"Responsable de Secteur la Garenne Colombes H/F
ONELA
Super recruteur
La Garenne-Colombes - 92
CDD
2 000 € / mois
... Vous avez le sens des responsabilités, des priorités et du service notamment auprès d'un public fragile et dépendant (personnes âgées,...
Voir l’offre
il y a 10 heures",False,,2025-12-16T10:34:17.978704
Emploi Distribution,https://www.hellowork.com/fr-fr/emplois/73729595.html,73729595,Alternance Employé Polyvalent et Commercial - Saint-Égrève H/F,ISCOD,"486,49 - 1 801,80 € / mois",Alternance,"486,49 - 1 801,80 € / mois",il y a 10 heures,"Alternance Employé Polyvalent et Commercial - Saint-Égrève H/F
ISCOD
Saint-Égrève - 38
Alternance
486,49 - 1 801,80 € / mois
... pour son entreprise partenaire, une société spécialisée dans la restauration rapide, un Employé polyvalent et commercial polyvalent en contrat d'apprentissage,...
Voir l’o",False,,2025-12-16T10:34:18.474206
Emploi Distribution,https://www.hellowork.com/fr-fr/emplois/73729486.html,73729486,Responsable de Zone H/F,CALYPSO RH,3 500 - 4 000 € / mois,CDI,3 500 - 4 000 € / mois,il y a 10 heures,"Responsable de Zone H/F
CALYPSO RH
Super recruteur
Colmar - 68
CDI
3 500 - 4 000 € / mois
Télétravail occasionnel
Votre Profil : - Formation et Expérience : De formation Bac +2 à Bac +5 minimum, vous...
Voir l’offre
il y a 10 heures",True,,2025-12-16T10:34:18.974014
Emploi Distribution,https://www.hellowork.com/fr-fr/emplois/73729471.html,73729471,Hôte de Caisse - Employé Polyvalent H/F,U Magasins,Uzerche - 19,Temps partiel,,il y a 10 heures,"Hôte de Caisse - Employé Polyvalent H/F
U Magasins
Uzerche - 19
CDD
Temps partiel
3 mois
... Vous, qui êtes... - Toujours souriant, avec une bonne humeur qui fait...
Voir l’offre
il y a 10 heures",False,,2025-12-16T10:34:19.435893
Emploi Distribution,https://www.hellowork.com/fr-fr/emplois/73729417.html,73729417,Employe Commercial CDI H/F,Groupement Mousquetaires,Cadaujac - 33,CDI,"21 621,60 € / an",il y a 12 heures,"Employe Commercial CDI H/F
Groupement Mousquetaires
Cadaujac - 33
CDI
21 621,60 € / an
Vous avez envie de vous investir et d'évoluer au sein d'une équipe de passionnés et qui saura reconnaître votre talent...
Voir l’offre
il y a 12 heures",False,,2025-12-16T10:34:19.843358
Emploi Distribution,https://www.hellowork.com/fr-fr/emplois/73729418.html,73729418,Employe Commercial - Temps Partiel H/F,Groupement Mousquetaires,Toulouse - 31,Temps partiel,,il y a 12 heures,"Employe Commercial - Temps Partiel H/F
Groupement Mousquetaires
Toulouse - 31
CDI
Temps partiel
... Vivez votre passion et engagez-vous à nos côtés au sein d'une équipe humaine et conviviale !
Voir l’offre
il y a 12 heures",False,,2025-12-16T10:34:20.268906
Emploi Distribution,https://www.hellowork.com/fr-fr/emplois/73729142.html,73729142,Employé de Rayon Boucherie - Volaille H/F,Monoprix - Magasins,Dijon - 21,Temps partiel,,il y a 13 heures,"Employé de Rayon Boucherie - Volaille H/F
Monoprix - Magasins
Dijon - 21
CDD
Temps partiel
3 mois
... pour satisfaire une clientèle exigeante. Autonome, organisé(e) et flexible, vous êtes à l'aise avec les chiffres. Vos capacités d'analyse et...
Voir l’offre
il y a 13 heures",False,,2025-12-16T10:34:20.696644
Emploi Distribution,https://www.hellowork.com/fr-fr/emplois/73729139.html,73729139,Employé de Rayon Parapharmacie H/F,Monoprix - Magasins,Dijon - 21,Temps partiel,,il y a 13 heures,"Employé de Rayon Parapharmacie H/F
Monoprix - Magasins
Dijon - 21
CDD
Temps partiel
3 mois
... pour satisfaire une clientèle exigeante et développer le chiffre d'affaires de votre secteur. Vous disposez d'une...
Voir l’offre
il y a 13 heures",False,,2025-12-16T10:34:35.608802
Emploi Distribution,https://www.hellowork.com/fr-fr/emplois/73729133.html,73729133,Employé de Caisse Accueil H/F,Monoprix - Magasins,Cannes - 06,Temps partiel,,il y a 13 heures,"Employé de Caisse Accueil H/F
Monoprix - Magasins
Cannes - 06
CDD
Temps partiel
1 mois
... seront des atouts pour votre mission. 100% souriant(e) et positif(ve), postulez !
Voir l’offre
il y a 13 heures",False,,2025-12-16T10:34:35.979583
Emploi Distribution,https://www.hellowork.com/fr-fr/emplois/73729132.html,73729132,Employé de Caisse Accueil H/F,Monoprix - Magasins,Cannes - 06,Temps partiel,,il y a 13 heures,"Employé de Caisse Accueil H/F
Monoprix - Magasins
Cannes - 06
CDD
Temps partiel
1 mois
Vous êtes enthousiaste, flexible, autonome et organisé(e), votre sens de l'analyse et votre esprit d'équipe seront des atouts pour votre...
Voir l’offre
il y a 13 heures",False,,2025-12-16T10:34:36.356377
Emploi Distribution,https://www.hellowork.com/fr-fr/emplois/73729130.html,73729130,Employé de Rayon Boucherie - Volaille H/F,Monoprix - Magasins,Dijon - 21,CDD,,il y a 13 heures,"Employé de Rayon Boucherie - Volaille H/F
Monoprix - Magasins
Dijon - 21
CDD
3 mois
Vous avez de l'expérience et vous avez développé votre sens du service. Vous avez les qualités relationnelles essentielles pour satisfaire...
Voir l’offre
il y a 13 heures",False,,2025-12-16T10:34:36.697852
Emploi Distribution,https://www.hellowork.com/fr-fr/emplois/73729129.html,73729129,Employé de Rayon Boucherie - Volaille H/F,Monoprix - Magasins,Auxerre - 89,Temps partiel,,il y a 13 heures,"Employé de Rayon Boucherie - Volaille H/F
Monoprix - Magasins
Auxerre - 89
CDD
Temps partiel
1 mois
... vous avez développé votre sens du service. Vous avez les qualités relationnelles essentielles pour satisfaire une clientèle exigeante. Autonome, organisé(e)...
Voir l’offre
il y a 13 heures",False,,2025-12-16T10:34:37.199035
Emploi Distribution,https://www.hellowork.com/fr-fr/emplois/73729128.html,73729128,Employé de Rayons Crèmerie et Surgelés H/F,Monoprix - Magasins,Dijon - 21,Temps partiel,,il y a 13 heures,"Employé de Rayons Crèmerie et Surgelés H/F
Monoprix - Magasins
Dijon - 21
CDD
Temps partiel
3 mois
... la manutention, vous avez le sens du service et vos qualités relationnelles savent satisfaire une clientèle exigeante. Vous êtes autonome,...
Voir l’offre
il y a 13 heures",False,,2025-12-16T10:34:37.660981
Emploi Distribution,https://www.hellowork.com/fr-fr/emplois/73729126.html,73729126,Employé de Rayon Épicerie - Entretien H/F,Monoprix - Magasins,Dijon - 21,Temps partiel,,il y a 13 heures,"Employé de Rayon Épicerie - Entretien H/F
Monoprix - Magasins
Dijon - 21
CDD
Temps partiel
3 mois
... clientèle exigeante. Vous êtes autonome, organisé(e), motivé(e) par les projets novateurs, vous avez une bonne maîtrise des calculs. Vos...
Voir l’offre
il y a 13 heures",False,,2025-12-16T10:34:38.152370
Emploi Distribution,https://www.hellowork.com/fr-fr/emplois/73729123.html,73729123,Responsable Rayon Épicerie H/F,E.Leclerc,Normanville - 27,CDI,,il y a 13 heures,"Responsable Rayon Épicerie H/F
E.Leclerc
Normanville - 27
CDI
... 3 Mois d'ancienneté sur exercice comptable Mais aussi : - Une mutuelle avec 50%...
Voir l’offre
il y a 13 heures",False,,2025-12-16T10:34:38.628212
Emploi Distribution,https://www.hellowork.com/fr-fr/emplois/73729122.html,73729122,Responsable Bvp H/F,E.Leclerc,Normanville - 27,CDI,,il y a 13 heures,"Responsable Bvp H/F
E.Leclerc
Normanville - 27
CDI
... Le sens du commerce et des responsabilités, de bonnes qualités relationnelles et un esprit d'équipe lui permettent d'appréhender le...
Voir l’offre
il y a 13 heures",False,,2025-12-16T10:34:39.090169
Emploi Distribution,https://www.hellowork.com/fr-fr/emplois/73729119.html,73729119,Employé de Caisse Accueil H/F,Monoprix - Magasins,Marseille 1er - 13,CDD,,il y a 13 heures,"Employé de Caisse Accueil H/F
Monoprix - Magasins
Marseille 1er - 13
CDD
1 mois
... seront des atouts pour votre mission. 100% souriant(e) et positif(ve), postulez !
Voir l’offre
il y a 13 heures",False,,2025-12-16T10:34:39.564770
Emploi Distribution,https://www.hellowork.com/fr-fr/emplois/73729117.html,73729117,Preparateur·rice de Commandes Drive H/F,E.Leclerc,Lux - 71,CDI,,il y a 13 heures,"Preparateur·rice de Commandes Drive H/F
E.Leclerc
Lux - 71
CDI
… produits commandés à l'aide de la scannette) et assurez leur distribution lors de la livraison (assemblage des différents éléments de…
Voir l’offre
il y a 13 heures",False,,2025-12-16T10:34:39.971539
Emploi Distribution,https://www.hellowork.com/fr-fr/emplois/73729114.html,73729114,Employé de Caisse Accueil H/F,Monoprix - Magasins,Auxerre - 89,Temps partiel,,il y a 13 heures,"Employé de Caisse Accueil H/F
Monoprix - Magasins
Auxerre - 89
CDD
Temps partiel
1 mois
... et votre esprit d'équipe seront des atouts pour votre mission. 100% souriant(e)...
Voir l’offre
il y a 13 heures",False,,2025-12-16T10:34:40.394911
Emploi Distribution,https://www.hellowork.com/fr-fr/emplois/73729112.html,73729112,Préparateur de Commandes - Drive H/F,E.Leclerc,Ploudalmézeau - 29,CDI,,il y a 13 heures,"Préparateur de Commandes - Drive H/F
E.Leclerc
Ploudalmézeau - 29
CDI
… produits commandés à l'aide de la scannette) - Assurer la distribution des commandes lors de la livraison (assemblage des différents…
Voir l’offre
il y a 13 heures",False,,2025-12-16T10:34:40.898573
Emploi Distribution,https://www.hellowork.com/fr-fr/emplois/73729109.html,73729109,Opticien Diplômé H/F,Alain Afflelou,Venette - 60,CDI,,il y a 13 heures,"Opticien Diplômé H/F
Alain Afflelou
Venette - 60
CDI
... ? N'attendez plus, et rejoignez la grande famille Afflelou ! Votre talent fera la différence ! ...
Voir l’offre
il y a 13 heures",False,,2025-12-16T10:34:41.275333
Emploi Distribution,https://www.hellowork.com/fr-fr/emplois/73729107.html,73729107,Employé de Caisse Accueil H/F,Monoprix - Magasins,Auxerre - 89,Temps partiel,,il y a 13 heures,"Employé de Caisse Accueil H/F
Monoprix - Magasins
Auxerre - 89
CDD
Temps partiel
1 mois
... esprit d'équipe seront des atouts pour votre mission. 100% souriant(e) et positif(ve),...
Voir l’offre
il y a 13 heures",False,,2025-12-16T10:34:41.718664
Emploi Distribution,https://www.hellowork.com/fr-fr/emplois/73729094.html,73729094,Employé de Rayon Textile H/F,Monoprix - Magasins,Dijon - 21,Temps partiel,,il y a 13 heures,"Employé de Rayon Textile H/F
Monoprix - Magasins
Dijon - 21
CDD
Temps partiel
3 mois
... première expérience réussie dans le textile ou la mise en rayon. Créatif(ve) et rigoureux(se) ? Rejoignez-nous !
Voir l’offre
il y a 13 heures",False,,2025-12-16T10:34:42.158973
Emploi Distribution,https://www.hellowork.com/fr-fr/emplois/73728692.html,73728692,Hôte de Caisse H/F,Artus Interim,"11,88 - 12 € / heure",Intérim,"11,88 - 12 € / heure",il y a 14 heures,"Hôte de Caisse H/F
Artus Interim
Châtellerault - 86
Intérim
11,88 - 12 € / heure
... Expérience : 1 ans d'expériences...
Voir l’offre
il y a 14 heures",False,1 ans d'expérience,2025-12-16T10:34:42.657326
Emploi Distribution,https://www.hellowork.com/fr-fr/emplois/73728576.html,73728576,Employé de Libre-Service H/F,Gifi Réseau,Beynost - 01,CDD,"21 621,60 € / an",il y a 14 heures,"Employé de Libre-Service H/F
Gifi Réseau
Beynost - 01
CDD
21 621,60 € / an
2 mois
... Capacité à travailler en équipe - Connaissance des techniques de vente - Maîtrise des...
Voir l’offre
il y a 14 heures",False,,2025-12-16T10:34:43.139749
Emploi Distribution,https://www.hellowork.com/fr-fr/emplois/73728543.html,73728543,Employe Commercial Emploi Saisonnier Periode Estivale 2026 H/F,Groupement Mousquetaires,Bozouls - 12,CDD,,il y a 14 heures,"Employe Commercial Emploi Saisonnier Periode Estivale 2026 H/F
Groupement Mousquetaires
Bozouls - 12
CDD
... ou sans formation, avec ou sans expérience, vous aimez faire plaisir et valoriser des produits qui vous tiennent à coeur.
Voir l’offre
il y a 14 heures",False,,2025-12-16T10:34:43.598769
Emploi Distribution,https://www.hellowork.com/fr-fr/emplois/73728541.html,73728541,- Hôte de Caisse H/F,Groupement Mousquetaires,Auzances - 23,Temps partiel,,il y a 14 heures,"- Hôte de Caisse H/F
Groupement Mousquetaires
Auzances - 23
CDI
Temps partiel
Chez Intermarché, l'audace et l'envie d'entreprendre sont un véritable état d'esprit. Vous avez envie de vous investir et d'évoluer au...
Voir l’offre
il y a 14 heures",False,,2025-12-16T10:34:43.999265
Emploi Comptabilité,https://www.hellowork.com/fr-fr/emplois/73741279.html,73741279,Responsable Comptabilité et Finance H/F,Fonction:Support,40 000 - 50 000 € / an,CDI,40 000 - 50 000 € / an,moins d'une heure,"Responsable Comptabilité et Finance H/F
Fonction:Support
Nantes - 44
CDI
40 000 - 50 000 € / an
… - Bac +5 en Comptabilité (RAF, responsable comptable, comptable...)…
Voir l’offre
moins d'une heure",False,,2025-12-16T10:35:05.778572
Emploi Comptabilité,https://www.hellowork.com/fr-fr/emplois/73741269.html,73741269,Manager Expertise Comptable H/F,Exco,45 000 - 55 000 € / an,CDI,45 000 - 55 000 € / an,moins d'une heure,"Manager Expertise Comptable H/F
Exco
France
CDI
45 000 - 55 000 € / an
Télétravail partiel
… / Vous avez au minimum 5 à 7 ans d'expérience dans la comptabilité et 1 année d'expérience en tant que manager expertise comptable en…
Voir l’offre
moins d'une heure",True,7 ans d'expérience,2025-12-16T10:35:06.232408
Emploi Comptabilité,https://www.hellowork.com/fr-fr/emplois/73741181.html,73741181,Comptable Général Confirmé H/F,Comptalents,40 000 - 45 000 € / an,CDI,40 000 - 45 000 € / an,moins d'une heure,"Comptable Général Confirmé H/F
Comptalents
Paris - 75
CDI
40 000 - 45 000 € / an
Télétravail partiel
... 14.58 mois. Cadre - RTT TR Télétravail possible Transport : Métro 11 -...
Voir l’offre
moins d'une heure",True,,2025-12-16T10:35:06.771755
Emploi Comptabilité,https://www.hellowork.com/fr-fr/emplois/73741149.html,73741149,Collaborateur Comptable Confirmé - Évry 91 H/F,ODAS CONSEIL,35 000 - 42 000 € / an,CDI,35 000 - 42 000 € / an,moins d'une heure,"Collaborateur Comptable Confirmé - Évry 91 H/F
ODAS CONSEIL
Évry-Courcouronnes - 91
CDI
35 000 - 42 000 € / an
Télétravail partiel
… Et vous ? - Vous êtes diplômé(e) d'une formation en comptabilité - Vous justifiez de 2 à 4 périodes fiscales complètes…
Voir l’offre
moins d'une heure",True,,2025-12-16T10:35:07.243898
Emploi Comptabilité,https://www.hellowork.com/fr-fr/emplois/73741147.html,73741147,Collaborateur Comptable Confirmé H/F,Club Comptable,35 000 - 42 500 € / an,CDI,35 000 - 42 500 € / an,moins d'une heure,"Collaborateur Comptable Confirmé H/F
Club Comptable
Super recruteur
Mandelieu-la-Napoule - 06
CDI
35 000 - 42 500 € / an
… Et vous ? Issu d'une formation en comptabilité comptable réussie. Vous êtes organisé(e), polyvalent(e), rigoureux(se)…
Voir l’offre
moins d'une heure",False,,2025-12-16T10:35:07.891233
Emploi Comptabilité,https://www.hellowork.com/fr-fr/emplois/73741144.html,73741144,Expert-Comptable Salarié - Association Possible - Puteaux 92 H/F,ODAS CONSEIL,48 000 - 55 000 € / an,CDI,48 000 - 55 000 € / an,moins d'une heure,"Expert-Comptable Salarié - Association Possible - Puteaux 92 H/F
ODAS CONSEIL
Puteaux - 92
CDI
48 000 - 55 000 € / an
Télétravail partiel
... une vision long terme et une perspective d'association réelle. Pourquoi rejoindre ce cabinet ? ...
Voir l’offre
moins d'une heure",True,,2025-12-16T10:35:08.391945
Emploi Comptabilité,https://www.hellowork.com/fr-fr/emplois/73741135.html,73741135,Chef de Mission Expertise Comptable - Expert-Comptable Stagiaire - Mémorialiste - Saint-Gaudens 31 H/F,ODAS CONSEIL,46 000 - 50 000 € / an,CDI,46 000 - 50 000 € / an,moins d'une heure,"Chef de Mission Expertise Comptable - Expert-Comptable Stagiaire - Mémorialiste - Saint-Gaudens 31 H/F
ODAS CONSEIL
Saint-Gaudens - 31
CDI
46 000 - 50 000 € / an
Télétravail partiel
... Avantages - Mutuelle 100% prise en charge - Tickets restaurant - Plan...
Voir l’offre
moins d'une heure",True,,2025-12-16T10:35:08.815370
Emploi Comptabilité,https://www.hellowork.com/fr-fr/emplois/73741131.html,73741131,Chef de Mission Expertise Comptable - Toulouse Montaudran 31 H/F,ODAS CONSEIL,48 000 - 52 000 € / an,CDI,48 000 - 52 000 € / an,moins d'une heure,"Chef de Mission Expertise Comptable - Toulouse Montaudran 31 H/F
ODAS CONSEIL
Toulouse - 31
CDI
48 000 - 52 000 € / an
Télétravail partiel
… Et vous ? - Diplômé(e) d'une formation en comptabilité 5 ans en cabinet d'expertise comptable - Maîtrise…
Voir l’offre
moins d'une heure",True,,2025-12-16T10:35:09.302218
Emploi Comptabilité,https://www.hellowork.com/fr-fr/emplois/73741096.html,73741096,Collaborateur Comptable Confirmé - Balma 31 H/F,ODAS CONSEIL,35 000 - 38 000 € / an,CDI,35 000 - 38 000 € / an,moins d'une heure,"Collaborateur Comptable Confirmé - Balma 31 H/F
ODAS CONSEIL
Pin-Balma - 31
CDI
35 000 - 38 000 € / an
Télétravail partiel
… Et vous ? - Diplômé(e) d'une formation en comptabilité minimum 3 ans en cabinet d'expertise comptable -…
Voir l’offre
moins d'une heure",True,,2025-12-16T10:35:09.734330
Emploi Comptabilité,https://www.hellowork.com/fr-fr/emplois/73741093.html,73741093,Chef de Mission Expertise Comptable - le Chesnay 78 H/F,ODAS CONSEIL,55 000 - 65 000 € / an,CDI,55 000 - 65 000 € / an,moins d'une heure,"Chef de Mission Expertise Comptable - le Chesnay 78 H/F
ODAS CONSEIL
Le Chesnay-Rocquencourt - 78
CDI
55 000 - 65 000 € / an
Télétravail partiel
... structuré(e) et organisé(e), vous appréciez les environnements exigeants et les dossiers complexes. Pourquoi rejoindre ce cabinet ?...
Voir l’offre
moi",True,,2025-12-16T10:35:10.214647
Emploi Comptabilité,https://www.hellowork.com/fr-fr/emplois/73741054.html,73741054,Comptable Fournisseurs H/F,Elma Recrutement,35 000 - 45 000 € / an,CDI,35 000 - 45 000 € / an,moins d'une heure,"Comptable Fournisseurs H/F
Elma Recrutement
Paris - 75
CDI
35 000 - 45 000 € / an
Télétravail occasionnel
… - Formation supérieure en comptabilité - Expérience confirmée (au…
Voir l’offre
moins d'une heure",True,,2025-12-16T10:35:10.669813
Emploi Comptabilité,https://www.hellowork.com/fr-fr/emplois/73741039.html,73741039,Comptable Gestion Locative H/F,CREDIT AGRICOLE IMMOBILIER,26 000 - 32 000 € / an,CDD,26 000 - 32 000 € / an,moins d'une heure,"Comptable Gestion Locative H/F
CREDIT AGRICOLE IMMOBILIER
Toulouse - 31
CDD
26 000 - 32 000 € / an
Télétravail partiel
+ 1
… - Vous avez une formation en comptabilité - Une première expérience sur un…
Voir l’offre
moins d'une heure",True,,2025-12-16T10:35:11.159320
Emploi Comptabilité,https://www.hellowork.com/fr-fr/emplois/73740753.html,73740753,Comptable Fournisseurs H/F,Valexane,27 000 - 31 000 € / an,CDI,27 000 - 31 000 € / an,moins d'une heure,"Comptable Fournisseurs H/F
Valexane
Super recruteur
Valence - 26
CDI
27 000 - 31 000 € / an
… option Finance-Comptabilité, vous disposez d'une première expérience en comptabilité Vous maîtrisez les fondamentaux du cycle ainsi À…
Voir l’offre
moins d'une heure",False,,2025-12-16T10:35:11.616365
Emploi Comptabilité,https://www.hellowork.com/fr-fr/emplois/73740668.html,73740668,Chargé de Gestion Comptable - Budgétaire et Affaires Générales H/F,Voies Navigables de France,Lyon 7e - 69,CDD,,moins d'une heure,"Chargé de Gestion Comptable - Budgétaire et Affaires Générales H/F
Voies Navigables de France
Lyon 7e - 69
CDD
... curieux.se ; le travail en équipe et le sens du contact sont une seconde nature chez vous, alors rejoignez-nous !
Voir l’offre
moins d'une heure",False,,2025-12-16T10:35:12.028515
Emploi Comptabilité,https://www.hellowork.com/fr-fr/emplois/73740652.html,73740652,Comptable H/F,Neodif,29 000 - 30 000 € / an,CDI,29 000 - 30 000 € / an,moins d'une heure,"Comptable H/F
Neodif
Bouguenais - 44
CDI
29 000 - 30 000 € / an
… +2 (de type BTS / DUT) dans la comptabilité ; - Maîtriser les outils numériques et informatiques…
Voir l’offre
moins d'une heure",False,,2025-12-16T10:35:12.466095
Emploi Comptabilité,https://www.hellowork.com/fr-fr/emplois/73740599.html,73740599,Comptable Général Confirmé H/F,MEOGROUP,48 000 - 60 000 € / an,CDI,48 000 - 60 000 € / an,moins d'une heure,"Comptable Général Confirmé H/F
MEOGROUP
Boulogne-Billancourt - 92
CDI
48 000 - 60 000 € / an
Télétravail occasionnel
… as une formation en comptabilité ou finance (DCG, DSCG, Master CCA ou équivalent) La comptabilité générale n'a plus…
Voir l’offre
moins d'une heure",True,,2025-12-16T10:35:12.963034
Emploi Comptabilité,https://www.hellowork.com/fr-fr/emplois/73740595.html,73740595,Manager Comptable H/F,FAB Group,40 000 - 45 000 € / an,CDI,40 000 - 45 000 € / an,moins d'une heure,"Manager Comptable H/F
FAB Group
Orléans - 45
CDI
40 000 - 45 000 € / an
Télétravail occasionnel
... : * Rémunération : 40 à 45 K€ selon profil * Statut cadre au forfait jours ...
Voir l’offre
moins d'une heure",True,,2025-12-16T10:35:13.436320
Emploi Comptabilité,https://www.hellowork.com/fr-fr/emplois/73740555.html,73740555,Comptable Confirmé H/F,AECD,Marignane - 13,CDD,,moins d'une heure,"Comptable Confirmé H/F
AECD
Marignane - 13
CDD
6 mois
… de la préparation du bilan comptable - Maîtrise d'un logiciel de comptabilité (Quadratus minimum 5 ans d'expérience ) et des outils -…
Voir l’offre
moins d'une heure",False,5 ans d'expérience,2025-12-16T10:35:13.922457
Emploi Comptabilité,https://www.hellowork.com/fr-fr/emplois/73740524.html,73740524,Comptable H/F,L'Industrie recrute,Béziers - 34,CDI,,moins d'une heure,"Comptable H/F
L'Industrie recrute
Béziers - 34
CDI
… utilise diverses technologies telles que des logiciels de comptabilité cloud, pour optimiser leurs processus, limiter les erreurs aux…
Voir l’offre
moins d'une heure",False,,2025-12-16T10:35:14.302586
Emploi Comptabilité,https://www.hellowork.com/fr-fr/emplois/73740429.html,73740429,Référent Comptable SAP et Reporting Groupe H/F,ATE,Château-Gontier-sur-Mayenne - 53,CDI,,il y a 1 heure,"Référent Comptable SAP et Reporting Groupe H/F
ATE
Château-Gontier-sur-Mayenne - 53
CDI
Télétravail occasionnel
… Femme ou homme expérimenté(e) ayant exercé en comptabilité dans un groupe multi-sociétés, vous faites preuve…
Voir l’offre
il y a 1 heure",True,,2025-12-16T10:35:14.745298
Emploi Comptabilité,https://www.hellowork.com/fr-fr/emplois/73740414.html,73740414,Chargé de Recouvrement Contentieux H/F,SCP GMBG,Marseille - 13,CDI,26 864 € / an,il y a 2 heures,"Chargé de Recouvrement Contentieux H/F
SCP GMBG
Marseille - 13
CDI
26 864 € / an
... Qualités professionnelles recherchées - Rigueur - Sens de l'organisation - Qualités relationnelles...
Voir l’offre
il y a 2 heures",False,,2025-12-16T10:35:30.241377
Emploi Comptabilité,https://www.hellowork.com/fr-fr/emplois/73739065.html,73739065,Aide Comptable H/F,Groupe Actual,Muret - 31,Intérim,,il y a 2 heures,"Aide Comptable H/F
Groupe Actual
Muret - 31
Intérim
Travail de jour
1 mois
… Pour ce poste, vous devez posséder des compétences en comptabilité Une expérience dans la gestion des factures et des…
Voir l’offre
il y a 2 heures",False,,2025-12-16T10:35:45.548289
Emploi Comptabilité,https://www.hellowork.com/fr-fr/emplois/73738887.html,73738887,Comptable H/F,Adwork’s Travail Temporaire,20 000 - 25 000 € / an,CDI,20 000 - 25 000 € / an,il y a 2 heures,"Comptable H/F
Adwork’s Travail Temporaire
Lamotte-Beuvron - 41
CDI
20 000 - 25 000 € / an
Vous avez une expérience significative en comptabilité générale Vous êtes rigoureux et consciencieux
Voir l’offre
il y a 2 heures",False,,2025-12-16T10:35:46.020617
Emploi Comptabilité,https://www.hellowork.com/fr-fr/emplois/73738821.html,73738821,Assistant Comptable H/F,Groupe Actual,25 000 - 35 000 € / an,Intérim,25 000 - 35 000 € / an,il y a 2 heures,"Assistant Comptable H/F
Groupe Actual
Plaisance-du-Touch - 31
Intérim
25 000 - 35 000 € / an
Travail de jour
+ 1
… vous souhaitez mettre à profit vos compétences en comptabilité , n'hésitez pas à postuler dès maintenant !…
Voir l’offre
il y a 2 heures",False,,2025-12-16T10:35:46.418718
Emploi Comptabilité,https://www.hellowork.com/fr-fr/emplois/73738572.html,73738572,Commissaire aux Comptes - Expert-Comptable H/F,Baker Tilly,Rennes - 35,CDI,,il y a 3 heures,"Commissaire aux Comptes - Expert-Comptable H/F
Baker Tilly
Rennes - 35
CDI
Télétravail partiel
... diverses et variées et à l'écoute des salariés ; Formations ; Et vous ? Vous êtes diplômé du...
Voir l’offre
il y a 3 heures",True,,2025-12-16T10:35:46.744751
Emploi Comptabilité,https://www.hellowork.com/fr-fr/emplois/73738538.html,73738538,Manager Expertise Comptable H/F,Baker Tilly,Strasbourg - 67,CDI,,il y a 3 heures,"Manager Expertise Comptable H/F
Baker Tilly
Strasbourg - 67
CDI
Télétravail partiel
… qui en ont le projet. Et vous ? Vous êtes diplômé en comptabilité ; Vous êtes animé par la gestion d'entreprise et l'accompagnement ;…
Voir l’offre
il y a 3 heures",True,,2025-12-16T10:35:47.144374
Emploi Comptabilité,https://www.hellowork.com/fr-fr/emplois/73738478.html,73738478,Chargé de Mission Expertise Comptable Sénior H/F,Baker Tilly,Amboise - 37,CDI,,il y a 3 heures,"Chargé de Mission Expertise Comptable Sénior H/F
Baker Tilly
Amboise - 37
CDI
Télétravail partiel
… qui en ont le projet. Et vous ? Vous êtes diplômé en comptabilité ; Vous êtes animé par la gestion d'entreprise et l'accompagnement ;…
Voir l’offre
il y a 3 heures",True,,2025-12-16T10:35:47.553228
Emploi Comptabilité,https://www.hellowork.com/fr-fr/emplois/73738465.html,73738465,Comptable - Charge de Recouvrement H/F,Initial RH,2 000 - 2 500 € / mois,Intérim,2 000 - 2 500 € / mois,il y a 3 heures,"Comptable - Charge de Recouvrement H/F
Initial RH
Morières-lès-Avignon - 84
Intérim
2 000 - 2 500 € / mois
6 mois
… Titulaire d'un diplôme Bac PRO Comptabilité et/ou BTS Comptabilité Expérience exigée sur un poste…
Voir l’offre
il y a 3 heures",False,,2025-12-16T10:35:48.024520
Emploi Comptabilité,https://www.hellowork.com/fr-fr/emplois/73738427.html,73738427,Collaborateur Comptable - Responsable de Dossiers H/F,Harry Hope,30 000 - 35 000 € / an,CDI,30 000 - 35 000 € / an,il y a 3 heures,"Collaborateur Comptable - Responsable de Dossiers H/F
Harry Hope
Hœrdt - 67
CDI
30 000 - 35 000 € / an
... formation Comptable avec au moins 2-3 années d'expérience en cabinet d'expertise comptable. Vous êtes relativement autonome sur vos tâches et...
Voir l’offre
il y a 3 heures",False,3 années d'expérience,2025-12-16T10:35:48.509134
Emploi Comptabilité,https://www.hellowork.com/fr-fr/emplois/73738372.html,73738372,Chargé de Mission Expertise Comptable Sénior H/F,Baker Tilly,Rambouillet - 78,CDI,,il y a 3 heures,"Chargé de Mission Expertise Comptable Sénior H/F
Baker Tilly
Rambouillet - 78
CDI
Télétravail partiel
… qui en ont le projet. Et vous ? Vous êtes diplômé en comptabilité ; Vous êtes animé par la gestion d'entreprise et l'accompagnement ;…
Voir l’offre
il y a 3 heures",True,,2025-12-16T10:35:48.967731
Emploi Comptabilité,https://www.hellowork.com/fr-fr/emplois/73738367.html,73738367,Chargé de Mission Expertise Comptable Sénior H/F,Baker Tilly,Schiltigheim - 67,CDI,,il y a 3 heures,"Chargé de Mission Expertise Comptable Sénior H/F
Baker Tilly
Schiltigheim - 67
CDI
Télétravail partiel
… qui en ont le projet. Et vous ? Vous êtes diplômé en comptabilité ; Vous êtes animé par la gestion d'entreprise et l'accompagnement ;…
Voir l’offre
il y a 3 heures",True,,2025-12-16T10:35:49.427615
Emploi Comptabilité,https://www.hellowork.com/fr-fr/emplois/73738322.html,73738322,Chargé de Mission Expertise Comptable Junior H/F,Baker Tilly,Lille - 59,CDI,,il y a 3 heures,"Chargé de Mission Expertise Comptable Junior H/F
Baker Tilly
Lille - 59
CDI
Télétravail partiel
… qui en ont le projet. Et vous ? Vous êtes diplômé en comptabilité ; Vous êtes animé par la gestion d'entreprise et l'accompagnement ;…
Voir l’offre
il y a 3 heures",True,,2025-12-16T10:35:49.876581
Emploi Comptabilité,https://www.hellowork.com/fr-fr/emplois/73738267.html,73738267,Collaborateur Comptable Confirmé H/F,Temporis Experts et Cadres,33 000 - 35 000 € / an,CDI,33 000 - 35 000 € / an,il y a 3 heures,"Collaborateur Comptable Confirmé H/F
Temporis Experts et Cadres
Toulon - 83
CDI
33 000 - 35 000 € / an
… - - de déclaration trimestrielle Profil : Vous êtes titulaire d'un BTS Compta ou DCG DSCG, vous avez 4/5 d'expérience réussis sur un…
Voir l’offre
il y a 3 heures",False,,2025-12-16T10:35:50.327016
Emploi Comptabilité,https://www.hellowork.com/fr-fr/emplois/73738259.html,73738259,Assistant Comptable H/F,Temporis Interim,"14 - 15,20 € / heure",CDD,"14 - 15,20 € / heure",il y a 3 heures,"Assistant Comptable H/F
Temporis Interim
Aÿ-Champagne - 51
CDD
14 - 15,20 € / heure
… un poste similaire. Tu possède de l'expérience sur les logiciels de comptabilité Lieu : Aÿ, au coeur du vignoble. Salaire : entre 14€…
Voir l’offre
il y a 3 heures",False,,2025-12-16T10:35:50.815426
Emploi Comptabilité,https://www.hellowork.com/fr-fr/emplois/73738254.html,73738254,Comptable H/F,Temporis Experts et Cadres,Toulon - 83,Intérim,,il y a 3 heures,"Comptable H/F
Temporis Experts et Cadres
Toulon - 83
Intérim
… et un comptable H/F. Missions : - Gestion de la comptabilité généraux et des immobilisations, jusqu'à la préparation des règlements ;…
Voir l’offre
il y a 3 heures",False,,2025-12-16T10:35:51.234257
Emploi Comptabilité,https://www.hellowork.com/fr-fr/emplois/73738233.html,73738233,Assistant - Assistante Comptable H/F,Temporis Experts et Cadres,Toulon - 83,Intérim,,il y a 3 heures,"Assistant - Assistante Comptable H/F
Temporis Experts et Cadres
Toulon - 83
Intérim
… les sociétés Profil : Diplômé.e d'un Bac +2 minimum en comptabilité , vous êtes autonome sur la saisie. Idéalement vous avez des de…
Voir l’offre
il y a 3 heures",False,,2025-12-16T10:35:51.617767
Emploi Comptabilité,https://www.hellowork.com/fr-fr/emplois/73738205.html,73738205,Aide-Comptable H/F,Temporis Experts et Cadres,12 - 14 € / heure,Intérim,12 - 14 € / heure,il y a 3 heures,"Aide-Comptable H/F
Temporis Experts et Cadres
La Garde - 83
Intérim
12 - 14 € / heure
... remplacement, vous gérez la facturation et l'exportation des factures pour les clients et le cabinet comptable sur le logiciel PMI....
Voir l’offre
il y a 3 heures",False,,2025-12-16T10:35:52.066890
Emploi Comptabilité,https://www.hellowork.com/fr-fr/emplois/73738163.html,73738163,Assistant - Assistante Comptable en Cabinet H/F,Temporis Experts et Cadres,1 802 - 2 100 € / mois,Intérim,1 802 - 2 100 € / mois,il y a 3 heures,"Assistant - Assistante Comptable en Cabinet H/F
Temporis Experts et Cadres
Toulon - 83
Intérim
1 802 - 2 100 € / mois
… tant comptable, vous êtes diplomé d'un Bac +2 dans le domaine comptabilité et vous souhaitez poursuivre votre chemin chez l'un de nos…
Voir l’offre
il y a 3 heures",False,,2025-12-16T10:35:52.576067
Emploi Comptabilité,https://www.hellowork.com/fr-fr/emplois/73738148.html,73738148,Assistant Comptable - Intégrateur de Données H/F,HR Link,28 000 - 30 000 € / an,CDI,28 000 - 30 000 € / an,il y a 3 heures,"Assistant Comptable - Intégrateur de Données H/F
HR Link
Super recruteur
Vienne - 38
CDI
28 000 - 30 000 € / an
… Titulaire d'un BTS en comptabilité ACD). Vous justifiez d'une…
Voir l’offre
il y a 3 heures",False,,2025-12-16T10:35:53.034702
Emploi Comptabilité,https://www.hellowork.com/fr-fr/emplois/73737976.html,73737976,Comptable Frais Généraux H/F,Page Personnel,23 000 - 24 000 € / an,CDI,23 000 - 24 000 € / an,il y a 3 heures,"Comptable Frais Généraux H/F
Page Personnel
Lucé - 28
CDI
23 000 - 24 000 € / an
Poste ouvert aux candidats en situation de handicap. Issu d'une formation en comptabilité/finance, vous possédez au moins une première expérience.
Voir l’offre
il y a 3 heures",False,,2025-12-16T10:35:53.466547
Emploi Comptabilité,https://www.hellowork.com/fr-fr/emplois/73737972.html,73737972,Comptable Auxiliaire H/F,Page Personnel,25 000 - 32 000 € / an,Intérim,25 000 - 32 000 € / an,il y a 3 heures,"Comptable Auxiliaire H/F
Page Personnel
Colomiers - 31
Intérim
25 000 - 32 000 € / an
6 mois
… Clients et Fournisseurs, vos missions : * Gestion de la comptabilité et immobilisation, * Veiller à la bonne imputation des avances…
Voir l’offre
il y a 3 heures",False,,2025-12-16T10:35:53.930024
Emploi Comptabilité,https://www.hellowork.com/fr-fr/emplois/73737970.html,73737970,Comptable Temps Partiel H/F,Page Personnel,28 000 - 32 000 € / an,Intérim,28 000 - 32 000 € / an,il y a 3 heures,"Comptable Temps Partiel H/F
Page Personnel
Mérignac - 33
Intérim
28 000 - 32 000 € / an
2 mois
De formation en comptabilité, vous justifiez d'une expérience significative en comptabilité Vous maîtrisez la…
Voir l’offre
il y a 3 heures",False,,2025-12-16T10:36:07.925499
Emploi Comptabilité,https://www.hellowork.com/fr-fr/emplois/73737960.html,73737960,Comptable Fournisseurs - Aide Comptable H/F,Page Personnel,24 000 - 26 000 € / an,CDI,24 000 - 26 000 € / an,il y a 3 heures,"Comptable Fournisseurs - Aide Comptable H/F
Page Personnel
Toulouse - 31
CDI
24 000 - 26 000 € / an
* Formation en comptabilité en comptabilité fournisseurs, *…
Voir l’offre
il y a 3 heures",False,,2025-12-16T10:36:08.414357
Emploi Comptabilité,https://www.hellowork.com/fr-fr/emplois/73737950.html,73737950,Collaborateur Comptable Confirmé H/F,Page Personnel,32 000 - 39 000 € / an,CDI,32 000 - 39 000 € / an,il y a 3 heures,"Collaborateur Comptable Confirmé H/F
Page Personnel
Dunkerque - 59
CDI
32 000 - 39 000 € / an
… Issu d'une formation de type Bac +2 minimum en comptabilité sur un poste similaire en cabinet d'expertise comptable sur…
Voir l’offre
il y a 3 heures",False,,2025-12-16T10:36:08.916276
Emploi Comptabilité,https://www.hellowork.com/fr-fr/emplois/73737945.html,73737945,Comptable H/F,Page Personnel,35 000 - 40 000 € / an,CDI,35 000 - 40 000 € / an,il y a 3 heures,"Comptable H/F
Page Personnel
Bordeaux - 33
CDI
35 000 - 40 000 € / an
… De formation Bac +3 minimum spécialisé en Comptabilité professionnelle de 5 ans sur un poste…
Voir l’offre
il y a 3 heures",False,,2025-12-16T10:36:09.267501
Emploi Comptabilité,https://www.hellowork.com/fr-fr/emplois/73737907.html,73737907,Assistant Comptable H/F,Page Personnel,28 000 - 35 000 € / an,CDI,28 000 - 35 000 € / an,il y a 3 heures,"Assistant Comptable H/F
Page Personnel
Cestas - 33
CDI
28 000 - 35 000 € / an
... * Bonne maîtrise d'Excel (TCD). * Logique et curiosité informatique. * Langues : Anglais est...
Voir l’offre
il y a 3 heures",False,,2025-12-16T10:36:09.660947
Emploi Comptabilité,https://www.hellowork.com/fr-fr/emplois/73737898.html,73737898,Collaborateur Comptable H/F,Page Personnel,28 000 - 34 000 € / an,CDI,28 000 - 34 000 € / an,il y a 3 heures,"Collaborateur Comptable H/F
Page Personnel
Licques - 62
CDI
28 000 - 34 000 € / an
… issu d'une formation de type Bac +3 minimum en comptabilité première expérience en cabinet comptable et vous souhaitez continuer de…
Voir l’offre
il y a 3 heures",False,,2025-12-16T10:36:10.114432
Emploi Comptabilité,https://www.hellowork.com/fr-fr/emplois/73737876.html,73737876,Adjoint Responsable Comptable H/F,Page Personnel,35 000 - 40 000 € / an,Intérim,35 000 - 40 000 € / an,il y a 3 heures,"Adjoint Responsable Comptable H/F
Page Personnel
Nantes - 44
Intérim
35 000 - 40 000 € / an
2 mois
… * Bac +5 minimum en comptabilité , succursales...), * Anglais courant…
Voir l’offre
il y a 3 heures",False,,2025-12-16T10:36:10.593352
Emploi Comptabilité,https://www.hellowork.com/fr-fr/emplois/73737858.html,73737858,Assistant Comptable Trésorerie H/F,Page Personnel,29 000 - 30 000 € / an,Intérim,29 000 - 30 000 € / an,il y a 3 heures,"Assistant Comptable Trésorerie H/F
Page Personnel
Nanterre - 92
Intérim
29 000 - 30 000 € / an
3 mois
... à l'aise avec les systèmes d'information. Vous êtes volontaire, impliqué, rigoureux, dynamique et avez un excellent relationnel. Postulez.
Voir l’offre
il y a 3 heures",False,,2025-12-16T10:36:11.037165
Emploi Comptabilité,https://www.hellowork.com/fr-fr/emplois/73737846.html,73737846,Comptable Clients et Fournisseurs H/F,Page Personnel,30 000 - 34 000 € / an,Intérim,30 000 - 34 000 € / an,il y a 3 heures,"Comptable Clients et Fournisseurs H/F
Page Personnel
Livry-Gargan - 93
Intérim
30 000 - 34 000 € / an
4 mois
… du plan de comptes. * Très bonne maîtrise des techniques de comptabilité * Maîtrise des outils Office (Excel, Word). * Esprit travail…
Voir l’offre
il y a 3 heures",False,,2025-12-16T10:36:11.517520
Emploi Comptabilité,https://www.hellowork.com/fr-fr/emplois/73737810.html,73737810,Expert Comptable Diplomé H/F,Skills Rennes,70 000 - 90 000 € / an,CDI,70 000 - 90 000 € / an,il y a 4 heures,"Expert Comptable Diplomé H/F
Skills Rennes
Mayet - 72
CDI
70 000 - 90 000 € / an
... Maîtrise approfondie des normes comptables, fiscales et juridiques - Aptitude à superviser, conseiller et sécuriser les prises de...
Voir l’offre
il y a 4 heures",False,,2025-12-16T10:36:11.925112
Emploi Comptabilité,https://www.hellowork.com/fr-fr/emplois/73737804.html,73737804,Collaborateur Comptable H/F,Skills Rennes,25 000 - 29 000 € / an,CDI,25 000 - 29 000 € / an,il y a 4 heures,"Collaborateur Comptable H/F
Skills Rennes
Évron - 53
CDI
25 000 - 29 000 € / an
… et des normes fiscales. Vous disposez idéalement d'une formation en comptabilité ) et justifiez d'une expérience d'au moins 1 à 3 ans…
Voir l’offre
il y a 4 heures",False,,2025-12-16T10:36:12.359779
Emploi Comptabilité,https://www.hellowork.com/fr-fr/emplois/73737802.html,73737802,Collborateur Comptable H/F,Skills Bordeaux,30 000 - 36 000 € / an,CDI,30 000 - 36 000 € / an,il y a 4 heures,"Collborateur Comptable H/F
Skills Bordeaux
Peyrehorade - 40
CDI
30 000 - 36 000 € / an
… compétences attendues incluent : - Une formation supérieure en comptabilité , DSCG ou équivalent). - Une première expérience réussie…
Voir l’offre
il y a 4 heures",False,,2025-12-16T10:36:12.806147
Emploi Comptabilité,https://www.hellowork.com/fr-fr/emplois/73737794.html,73737794,Collaborateur Comptable H/F,Skills Paris,42 000 - 50 000 € / an,CDI,42 000 - 50 000 € / an,il y a 4 heures,"Collaborateur Comptable H/F
Skills Paris
Paris 16e - 75
CDI
42 000 - 50 000 € / an
Télétravail partiel
… seront pleinement valorisés. Idéalement issu(e) d'une formation supérieure en comptabilité en cabinet et démontrez une grande rigueur…
Voir l’offre
il y a 4 heures",True,,2025-12-16T10:36:13.336385
Emploi Comptabilité,https://www.hellowork.com/fr-fr/emplois/73737793.html,73737793,Collaborateur Comptable Confirmé H/F,Skills Grenoble,30 000 - 40 000 € / an,CDI,30 000 - 40 000 € / an,il y a 4 heures,"Collaborateur Comptable Confirmé H/F
Skills Grenoble
Crolles - 38
CDI
30 000 - 40 000 € / an
… 5 Compétences et qualités requises : -Titulaire d'un Bac +3 minimum en comptabilité ). -Expérience significative de 3 à 5 ans en tant…
Voir l’offre
il y a 4 heures",False,,2025-12-16T10:36:13.859195
Emploi Comptabilité,https://www.hellowork.com/fr-fr/emplois/73737790.html,73737790,Collaborateur Comptable H/F,Skills Grenoble,30 000 - 33 000 € / an,CDI,30 000 - 33 000 € / an,il y a 4 heures,"Collaborateur Comptable H/F
Skills Grenoble
Chatte - 38
CDI
30 000 - 33 000 € / an
… comptable des clients. Compétences requises : - Formation en comptabilité ans en cabinet d'expertise comptable - Maîtrise des outils…
Voir l’offre
il y a 4 heures",False,,2025-12-16T10:36:14.307243
Emploi Comptabilité,https://www.hellowork.com/fr-fr/emplois/73737787.html,73737787,Collaborateur Comptable Confirmé H/F,Skills Lyon,40 000 - 44 000 € / an,CDI,40 000 - 44 000 € / an,il y a 4 heures,"Collaborateur Comptable Confirmé H/F
Skills Lyon
Craponne - 69
CDI
40 000 - 44 000 € / an
… comptable. Profil : ·Vous possédez une formation supérieure en comptabilité ·Vous justifiez d'une expérience réussie d'au moins 3 ans…
Voir l’offre
il y a 4 heures",False,,2025-12-16T10:36:14.733575
Emploi Comptabilité,https://www.hellowork.com/fr-fr/emplois/73737786.html,73737786,Collaborateur Comptable Ba H/F,Skills Lille,28 000 - 35 000 € / an,CDI,28 000 - 35 000 € / an,il y a 4 heures,"Collaborateur Comptable Ba H/F
Skills Lille
Avesnelles - 59
CDI
28 000 - 35 000 € / an
… Voici ce qui fera la différence : - Une formation en comptabilité une expérience solide dans le domaine. - Une première expérience …
Voir l’offre
il y a 4 heures",False,,2025-12-16T10:36:15.164870
Emploi Comptabilité,https://www.hellowork.com/fr-fr/emplois/73737780.html,73737780,Assistant Comptable H/F,Skills Grenoble,25 000 - 29 000 € / an,CDI,25 000 - 29 000 € / an,il y a 4 heures,"Assistant Comptable H/F
Skills Grenoble
Voiron - 38
CDI
25 000 - 29 000 € / an
… Vous êtes diplômé(e) d'une formation de niveau Bac +2 en comptabilité évoluer dans un environnement stimulant. Si vous êtes prêt(e) à…
Voir l’offre
il y a 4 heures",False,,2025-12-16T10:36:15.653241
Emploi Comptabilité,https://www.hellowork.com/fr-fr/emplois/73737778.html,73737778,Collaborateur Comptable Confirmé H/F,Skills Grenoble,30 000 - 40 000 € / an,CDI,30 000 - 40 000 € / an,il y a 4 heures,"Collaborateur Comptable Confirmé H/F
Skills Grenoble
Moirans - 38
CDI
30 000 - 40 000 € / an
… d'un cabinet à taille humaine. Compétences requises : - Diplôme en comptabilité d'au moins 3 ans en cabinet d'expertise comptable. -…
Voir l’offre
il y a 4 heures",False,,2025-12-16T10:36:16.128861
Emploi Comptabilité,https://www.hellowork.com/fr-fr/emplois/73737777.html,73737777,Collaborateur Comptable H/F,Skills Nantes,30 000 - 38 000 € / an,CDI,30 000 - 38 000 € / an,il y a 4 heures,"Collaborateur Comptable H/F
Skills Nantes
Saint-Herblain - 44
CDI
30 000 - 38 000 € / an
… Nous un(e) Collaborateur(trice) Comptable diplômé(e) d'un Bac +2/3 en comptabilité , avec une première expérience réussie en cabinet…
Voir l’offre
il y a 4 heures",False,,2025-12-16T10:36:16.664483
Emploi Comptabilité,https://www.hellowork.com/fr-fr/emplois/73737775.html,73737775,Expert-Comptable Stagiaire H/F,Skills Vendée Poitou-Charentes,27 000 - 37 000 € / an,CDI,27 000 - 37 000 € / an,il y a 4 heures,"Expert-Comptable Stagiaire H/F
Skills Vendée Poitou-Charentes
Poitiers - 86
CDI
27 000 - 37 000 € / an
... management d'équipe et de participer au développement commercial Notre client vous offre un environnement valorisant, un collectif...
Voir l’offre
il y a 4 heures",False,,2025-12-16T10:36:31.594442
Emploi Comptabilité,https://www.hellowork.com/fr-fr/emplois/73737774.html,73737774,Collaborateur Confirmé H/F,Skills Vendée Poitou-Charentes,30 000 - 37 000 € / an,CDI,30 000 - 37 000 € / an,il y a 4 heures,"Collaborateur Confirmé H/F
Skills Vendée Poitou-Charentes
Luçon - 85
CDI
30 000 - 37 000 € / an
Télétravail partiel
… et de - Bonne connaissance des outils informatiques et logiciels de comptabilité (idéalement : Cegid, Quadra, ACD ou équivalents) - à…
Voir l’offre
il y a 4 heures",True,,2025-12-16T10:36:31.964521
Emploi Comptabilité,https://www.hellowork.com/fr-fr/emplois/73737772.html,73737772,Collaborateur Comptable Confirmé H/F,Skills Lyon,38 000 - 45 000 € / an,CDI,38 000 - 45 000 € / an,il y a 4 heures,"Collaborateur Comptable Confirmé H/F
Skills Lyon
Villefranche-sur-Saône - 69
CDI
38 000 - 45 000 € / an
… développement du cabinet. - De formation Bac +3 minimum en comptabilité années en cabinet d'expertise comptable - Maîtrise des normes…
Voir l’offre
il y a 4 heures",False,,2025-12-16T10:36:32.363819
Emploi Comptabilité,https://www.hellowork.com/fr-fr/emplois/73737771.html,73737771,Comptable Général H/F,Skills Vendée Poitou-Charentes,35 000 - 42 000 € / an,CDI,35 000 - 42 000 € / an,il y a 4 heures,"Comptable Général H/F
Skills Vendée Poitou-Charentes
La Roche-sur-Yon - 85
CDI
35 000 - 42 000 € / an
Télétravail partiel
... - Reconnu pour votre aisance relationnelle, vous savez travailler en équipe aussi bien en proximité qu'à distance. - Vous aimez...
Voir l’offre
il y a 4 heures",True,,2025-12-16T10:36:32.876696
Emploi Comptabilité,https://www.hellowork.com/fr-fr/emplois/73737769.html,73737769,Collaborateur Comptable H/F,Skills Grenoble,30 000 - 35 000 € / an,CDI,30 000 - 35 000 € / an,il y a 4 heures,"Collaborateur Comptable H/F
Skills Grenoble
Voglans - 73
CDI
30 000 - 35 000 € / an
… Vous êtes diplômé(e) d'une formation supérieure en comptabilité justifiez d'une première expérience réussie (2 ans…
Voir l’offre
il y a 4 heures",False,,2025-12-16T10:36:33.334113
Emploi Comptabilité,https://www.hellowork.com/fr-fr/emplois/73737768.html,73737768,Collaborateur Comptable H/F,Skills Vendée Poitou-Charentes,30 000 - 35 000 € / an,CDI,30 000 - 35 000 € / an,il y a 4 heures,"Collaborateur Comptable H/F
Skills Vendée Poitou-Charentes
Rouillé - 86
CDI
30 000 - 35 000 € / an
Télétravail partiel
… du quotidien. Vous êtes diplômé(e) d'une formation supérieure en comptabilité d'au moins 3 années d'expérience réussie en cabinet. -…
Voir l’offre
il y a 4 heures",True,3 années d'expérience,2025-12-16T10:36:33.825592
Emploi Comptabilité,https://www.hellowork.com/fr-fr/emplois/73737767.html,73737767,Comptable Général H/F,Skills Vendée Poitou-Charentes,30 000 - 35 000 € / an,CDI,30 000 - 35 000 € / an,il y a 4 heures,"Comptable Général H/F
Skills Vendée Poitou-Charentes
Le Poiré-sur-Vie - 85
CDI
30 000 - 35 000 € / an
… / DCG, DSCG ou équivalent) - Vous disposez d'une expérience confirmée en comptabilité (5 à 10 ans) - Vous êtes doté(e) d'un esprit et…
Voir l’offre
il y a 4 heures",False,,2025-12-16T10:36:34.345114
Emploi Comptabilité,https://www.hellowork.com/fr-fr/emplois/73737764.html,73737764,Collaborateur Comptable H/F,Skills Nice,27 600 - 28 800 € / an,CDI,27 600 - 28 800 € / an,il y a 4 heures,"Collaborateur Comptable H/F
Skills Nice
La Colle-sur-Loup - 06
CDI
27 600 - 28 800 € / an
… en cabinet comptable ; - Une bonne maîtrise des bases de la comptabilité générale ; - Un esprit analytique et une capacité à gérer …
Voir l’offre
il y a 4 heures",False,,2025-12-16T10:36:34.850519
Emploi Comptabilité,https://www.hellowork.com/fr-fr/emplois/73737763.html,73737763,Collaborateur Comptable H/F,Skills Vendée Poitou-Charentes,32 000 - 40 000 € / an,CDI,32 000 - 40 000 € / an,il y a 4 heures,"Collaborateur Comptable H/F
Skills Vendée Poitou-Charentes
Chauvigny - 86
CDI
32 000 - 40 000 € / an
… favoriser votre réussite. Idéalement issu·e d'une formation en comptabilité expérience d'environ deux ans en cabinet comptable ou un…
Voir l’offre
il y a 4 heures",False,,2025-12-16T10:36:35.345067
Emploi Comptabilité,https://www.hellowork.com/fr-fr/emplois/73737762.html,73737762,Collaborateur Comptable H/F,Skills Vendée Poitou-Charentes,30 000 - 35 000 € / an,CDI,30 000 - 35 000 € / an,il y a 4 heures,"Collaborateur Comptable H/F
Skills Vendée Poitou-Charentes
Rouillé - 86
CDI
30 000 - 35 000 € / an
Télétravail partiel
… du quotidien. Vous êtes diplômé(e) d'une formation supérieure en comptabilité d'au moins 3 années d'expérience réussie en cabinet. -…
Voir l’offre
il y a 4 heures",True,3 années d'expérience,2025-12-16T10:36:35.785023
Emploi Comptabilité,https://www.hellowork.com/fr-fr/emplois/73737758.html,73737758,Chef de Mission Comptable H/F,Skills Rennes,40 000 - 50 000 € / an,CDI,40 000 - 50 000 € / an,il y a 4 heures,"Chef de Mission Comptable H/F
Skills Rennes
Rennes - 35
CDI
40 000 - 50 000 € / an
Télétravail partiel
… Issu(e) d'une formation supérieure en comptabilité d'une expérience significative d'au moins…
Voir l’offre
il y a 4 heures",True,,2025-12-16T10:36:36.233400
Emploi Comptabilité,https://www.hellowork.com/fr-fr/emplois/73737759.html,73737759,Collaborateur Comptable Ba H/F,Skills Lille,28 000 - 35 000 € / an,CDI,28 000 - 35 000 € / an,il y a 4 heures,"Collaborateur Comptable Ba H/F
Skills Lille
Arras - 62
CDI
28 000 - 35 000 € / an
… ! que nous aimerions retrouver chez vous : - Formation en comptabilité première expérience en cabinet ou sur un portefeuille agricole…
Voir l’offre
il y a 4 heures",False,,2025-12-16T10:36:36.691267
Emploi Comptabilité,https://www.hellowork.com/fr-fr/emplois/73737757.html,73737757,Comptable Clients H/F,Skills Paris,28 000 - 30 000 € / an,CDI,28 000 - 30 000 € / an,il y a 4 heures,"Comptable Clients H/F
Skills Paris
Paris 1er - 75
CDI
28 000 - 30 000 € / an
… des comptables (Excel, ERP) - Bonne connaissance des règles de comptabilité clients et des procédures de recouvrement - Rigueur, et -…
Voir l’offre
il y a 4 heures",False,,2025-12-16T10:36:37.246476
Emploi Comptabilité,https://www.hellowork.com/fr-fr/emplois/73737756.html,73737756,Chef de Mission H/F,Skills Grenoble,40 000 - 45 000 € / an,CDI,40 000 - 45 000 € / an,il y a 4 heures,"Chef de Mission H/F
Skills Grenoble
Échirolles - 38
CDI
40 000 - 45 000 € / an
… CDI : Compétences requises : - Diplôme de niveau Bac +5 en Comptabilité , Expertise comptable ou équivalent (DSCG ou DEC souhaité) -…
Voir l’offre
il y a 4 heures",False,,2025-12-16T10:36:37.783426
Emploi Comptabilité,https://www.hellowork.com/fr-fr/emplois/73737754.html,73737754,Responsable de Dossiers Clients H/F,Skills Grenoble,34 000 - 36 000 € / an,CDI,34 000 - 36 000 € / an,il y a 4 heures,"Responsable de Dossiers Clients H/F
Skills Grenoble
La Tronche - 38
CDI
34 000 - 36 000 € / an
… complexes. Compétences requises : - Titulaire d'un diplôme en comptabilité justifiez d'une expérience significative d'au moins 3 ans…
Voir l’offre
il y a 4 heures",False,,2025-12-16T10:36:38.280664
Emploi Comptabilité,https://www.hellowork.com/fr-fr/emplois/73737751.html,73737751,Collaborateur Comptable H/F,Skills Grenoble,30 000 - 40 000 € / an,CDI,30 000 - 40 000 € / an,il y a 4 heures,"Collaborateur Comptable H/F
Skills Grenoble
Le Bourg-d'Oisans - 38
CDI
30 000 - 40 000 € / an
… dynamique et autonome, dotée d'une solide formation en comptabilité et d'une expérience significative en cabinet. Le candidat idéal…
Voir l’offre
il y a 4 heures",False,,2025-12-16T10:36:38.730000
Emploi Comptabilité,https://www.hellowork.com/fr-fr/emplois/73737748.html,73737748,Expert-Comptable Stagiare Dec H/F,Skills Vendée Poitou-Charentes,40 000 - 50 000 € / an,CDI,40 000 - 50 000 € / an,il y a 4 heures,"Expert-Comptable Stagiare Dec H/F
Skills Vendée Poitou-Charentes
La Roche-sur-Yon - 85
CDI
40 000 - 50 000 € / an
Télétravail partiel
... Prime de participation o Comité d'animation : défis, concours, tournois sportifs... Bref, de nombreux moments de convivialité !
Voir l’offre
il y a 4 heures",True,,2025-12-16T10:36:39.167826
Emploi Comptabilité,https://www.hellowork.com/fr-fr/emplois/73737746.html,73737746,Chef de Mission H/F,Skills Grenoble,37 000 - 42 000 € / an,CDI,37 000 - 42 000 € / an,il y a 4 heures,"Chef de Mission H/F
Skills Grenoble
Cluses - 74
CDI
37 000 - 42 000 € / an
… Nous recherchons un(e) professionnel(le) de la comptabilité et ayant démontré des capacités à…
Voir l’offre
il y a 4 heures",False,,2025-12-16T10:36:39.590731
Emploi Comptabilité,https://www.hellowork.com/fr-fr/emplois/73737747.html,73737747,Assistant Comptable H/F,Skills Grenoble,24 000 - 30 000 € / an,CDI,24 000 - 30 000 € / an,il y a 4 heures,"Assistant Comptable H/F
Skills Grenoble
Meylan - 38
CDI
24 000 - 30 000 € / an
… suivantes : - Formation en comptabilité, de type BTS Comptabilité Expérience significative en cabinet comptable ou en entreprise dans…
Voir l’offre
il y a 4 heures",False,,2025-12-16T10:36:40.034542
Emploi Comptabilité,https://www.hellowork.com/fr-fr/emplois/73737745.html,73737745,Collaborateur Comptable H/F,Skills Nice,35 000 - 42 000 € / an,CDI,35 000 - 42 000 € / an,il y a 4 heures,"Collaborateur Comptable H/F
Skills Nice
Toulon - 83
CDI
35 000 - 42 000 € / an
… Vous disposez idéalement d'une formation supérieure en comptabilité et justifiez d'une première expérience en cabinet…
Voir l’offre
il y a 4 heures",False,,2025-12-16T10:36:40.485986
Emploi Comptabilité,https://www.hellowork.com/fr-fr/emplois/73737739.html,73737739,Comptable Général H/F,Skills Rennes,30 000 - 35 000 € / an,CDI,30 000 - 35 000 € / an,il y a 4 heures,"Comptable Général H/F
Skills Rennes
Laval - 53
CDI
30 000 - 35 000 € / an
… Vous avez une première expérience réussie (2 à 5 ans) en comptabilité françaises, ainsi que la gestion des déclarations fiscales et -…
Voir l’offre
il y a 4 heures",False,,2025-12-16T10:36:54.514455
Emploi Comptabilité,https://www.hellowork.com/fr-fr/emplois/73737741.html,73737741,Chef de Mission H/F,Skills Grenoble,45 000 - 55 000 € / an,CDI,45 000 - 55 000 € / an,il y a 4 heures,"Chef de Mission H/F
Skills Grenoble
Seyssinet-Pariset - 38
CDI
45 000 - 55 000 € / an
... sont les suivantes : - Diplôme supérieur en expertise comptable (DEC, DSCG ou équivalent) validé - Expérience réussie de...
Voir l’offre
il y a 4 heures",False,,2025-12-16T10:36:54.887947
Emploi Comptabilité,https://www.hellowork.com/fr-fr/emplois/73737740.html,73737740,Collaborateur Comptable H/F,Skills Vendée Poitou-Charentes,28 000 - 32 000 € / an,CDI,28 000 - 32 000 € / an,il y a 4 heures,"Collaborateur Comptable H/F
Skills Vendée Poitou-Charentes
Saint-Junien - 87
CDI
28 000 - 32 000 € / an
… solide formation comptable, idéalement un diplôme de type BTS Comptabilité et Gestion, DCG ou équivalent, complétée par une première…
Voir l’offre
il y a 4 heures",False,,2025-12-16T10:36:55.403879
Emploi Comptabilité,https://www.hellowork.com/fr-fr/emplois/73737738.html,73737738,Responsable de Dossiers H/F,Skills Vendée Poitou-Charentes,40 000 - 50 000 € / an,CDI,40 000 - 50 000 € / an,il y a 4 heures,"Responsable de Dossiers H/F
Skills Vendée Poitou-Charentes
Périgny - 17
CDI
40 000 - 50 000 € / an
… des compétences et qualités suivantes : - Diplôme supérieur en comptabilité (DCG, DSCG, Master CCA ou équivalent) ; - Expérience de 3…
Voir l’offre
il y a 4 heures",False,,2025-12-16T10:36:55.857751
Emploi Comptabilité,https://www.hellowork.com/fr-fr/emplois/73737735.html,73737735,Collaborateur Comptable H/F,Skills Vendée Poitou-Charentes,26 000 - 30 000 € / an,CDI,26 000 - 30 000 € / an,il y a 4 heures,"Collaborateur Comptable H/F
Skills Vendée Poitou-Charentes
Royan - 17
CDI
26 000 - 30 000 € / an
… ! Votre profil idéal : - Titulaire d'un diplôme en comptabilité Une première expérience en cabinet (stage ou alternance acceptés) un…
Voir l’offre
il y a 4 heures",False,,2025-12-16T10:36:56.340328
Emploi Comptabilité,https://www.hellowork.com/fr-fr/emplois/73737733.html,73737733,Collaborateur Comptable Confirmé H/F,Skills Vendée Poitou-Charentes,35 000 - 45 000 € / an,CDI,35 000 - 45 000 € / an,il y a 4 heures,"Collaborateur Comptable Confirmé H/F
Skills Vendée Poitou-Charentes
Poitiers - 86
CDI
35 000 - 45 000 € / an
… à clients en autonomie. - Solides connaissances en fiscalité, comptabilité générale et révision. - Rigueur, sens de l'organisation et…
Voir l’offre
il y a 4 heures",False,,2025-12-16T10:36:56.830446
Emploi Comptabilité,https://www.hellowork.com/fr-fr/emplois/73737731.html,73737731,Collaborateur Comptable Acs H/F,Skills Vendée Poitou-Charentes,27 000 - 38 000 € / an,CDI,27 000 - 38 000 € / an,il y a 4 heures,"Collaborateur Comptable Acs H/F
Skills Vendée Poitou-Charentes
Angles - 85
CDI
27 000 - 38 000 € / an
… de Comptable ACS. Vous justifiez d'une formation en comptabilité expérience significative dans un cabinet d'expertise comptable. Les…
Voir l’offre
il y a 4 heures",False,,2025-12-16T10:36:57.314655
Emploi Comptabilité,https://www.hellowork.com/fr-fr/emplois/73737730.html,73737730,Expert-Comptable Stagiare Dec H/F,Skills Vendée Poitou-Charentes,40 000 - 50 000 € / an,CDI,40 000 - 50 000 € / an,il y a 4 heures,"Expert-Comptable Stagiare Dec H/F
Skills Vendée Poitou-Charentes
La Roche-sur-Yon - 85
CDI
40 000 - 50 000 € / an
Télétravail partiel
... qui vous accompagne tout au long de votre parcours et vous offre des possibilités d'évolution. o Vous aimez...
Voir l’offre
il y a 4 heures",True,,2025-12-16T10:36:57.777606
Emploi Comptabilité,https://www.hellowork.com/fr-fr/emplois/73737726.html,73737726,Collaborateur Comptable H/F,Skills Lyon,35 000 - 40 000 € / an,CDI,35 000 - 40 000 € / an,il y a 4 heures,"Collaborateur Comptable H/F
Skills Lyon
Lyon 4e - 69
CDI
35 000 - 40 000 € / an
Télétravail partiel
… Vos incluront: ·Prendre en charge la gestion complète de la comptabilité clients. ·Effectuer les révisions comptables et établir les…
Voir l’offre
il y a 4 heures",True,,2025-12-16T10:36:58.322133
Emploi Comptabilité,https://www.hellowork.com/fr-fr/emplois/73737727.html,73737727,Chargé de Mission H/F,Skills Rennes,38 000 - 45 000 € / an,CDI,38 000 - 45 000 € / an,il y a 4 heures,"Chargé de Mission H/F
Skills Rennes
Cesson-Sévigné - 35
CDI
38 000 - 45 000 € / an
… d'une Profil recherché : - Diplômé(e) d'une formation supérieure en comptabilité équivalent) - Expérience de 3 ans minimum en cabinet…
Voir l’offre
il y a 4 heures",False,,2025-12-16T10:36:58.839304
Emploi Comptabilité,https://www.hellowork.com/fr-fr/emplois/73737723.html,73737723,Collaborateur Comptable Confirmé H/F,Skills Grenoble,32 000 - 39 000 € / an,CDI,32 000 - 39 000 € / an,il y a 4 heures,"Collaborateur Comptable Confirmé H/F
Skills Grenoble
Crolles - 38
CDI
32 000 - 39 000 € / an
Télétravail partiel
… et la sont des qualités indispensables. Une formation supérieure en comptabilité . La connaissance de logiciels comptables tels que…
Voir l’offre
il y a 4 heures",True,,2025-12-16T10:36:59.366083
Emploi Comptabilité,https://www.hellowork.com/fr-fr/emplois/73737720.html,73737720,Chef de Mission H/F,Skills Grenoble,30 000 - 35 000 € / an,CDI,30 000 - 35 000 € / an,il y a 4 heures,"Chef de Mission H/F
Skills Grenoble
Annecy - 74
CDI
30 000 - 35 000 € / an
… profil répond aux attentes suivantes : - Diplôme supérieur en comptabilité , DSCG ou équivalent) - Expérience significative en audit,…
Voir l’offre
il y a 4 heures",False,,2025-12-16T10:36:59.896761
Emploi Comptabilité,https://www.hellowork.com/fr-fr/emplois/73737719.html,73737719,Collaborateur Comptable Agricole H/F,Skills Vendée Poitou-Charentes,30 000 - 45 000 € / an,CDI,30 000 - 45 000 € / an,il y a 4 heures,"Collaborateur Comptable Agricole H/F
Skills Vendée Poitou-Charentes
Limoges - 87
CDI
30 000 - 45 000 € / an
Télétravail partiel
… Vous êtes titulaire d'une formation supérieure en comptabilité , BTSA, etc.) et disposez d'une expérience…
Voir l’offre
il y a 4 heures",True,,2025-12-16T10:37:00.473400
Emploi Comptabilité,https://www.hellowork.com/fr-fr/emplois/73737715.html,73737715,Comptable Fournisseurs H/F,Skills Paris,27 000 - 35 000 € / an,CDI,27 000 - 35 000 € / an,il y a 4 heures,"Comptable Fournisseurs H/F
Skills Paris
Paris 1er - 75
CDI
27 000 - 35 000 € / an
… De formation Bac +2 en Comptabilité réussie dans un poste similaire,…
Voir l’offre
il y a 4 heures",False,,2025-12-16T10:37:00.955245
Emploi Comptabilité,https://www.hellowork.com/fr-fr/emplois/73737716.html,73737716,Collaborateur Comptable Ba H/F,Skills Lille,28 000 - 35 000 € / an,CDI,28 000 - 35 000 € / an,il y a 4 heures,"Collaborateur Comptable Ba H/F
Skills Lille
Lorgies - 62
CDI
28 000 - 35 000 € / an
… ! Voici ce que nous attendons de vous : - Formation en comptabilité - Une première expérience réussie en cabinet, idéalement sur des …
Voir l’offre
il y a 4 heures",False,,2025-12-16T10:37:01.403995
Emploi Comptabilité,https://www.hellowork.com/fr-fr/emplois/73737714.html,73737714,Assistant Recouvrement H/F,Skills Nantes,24 000 - 25 000 € / an,CDD,24 000 - 25 000 € / an,il y a 4 heures,"Assistant Recouvrement H/F
Skills Nantes
Nantes - 44
CDD
24 000 - 25 000 € / an
… ou vous disposez au minimum d'une première expérience réussie en comptabilité , stages et alternances compris. - Vous avez de bonnes…
Voir l’offre
il y a 4 heures",False,,2025-12-16T10:37:01.857639
Emploi Comptabilité,https://www.hellowork.com/fr-fr/emplois/73737713.html,73737713,Chef de Mission H/F,Skills Grenoble,40 000 - 55 000 € / an,CDI,40 000 - 55 000 € / an,il y a 4 heures,"Chef de Mission H/F
Skills Grenoble
Saint-Marcellin - 38
CDI
40 000 - 55 000 € / an
… Nous recherchons un(e) candidat(e) diplômé(e) d'un Bac +5 en comptabilité une expérience réussie d'au moins 3 ans dans un…
Voir l’offre
il y a 4 heures",False,,2025-12-16T10:37:02.321125
Emploi Comptabilité,https://www.hellowork.com/fr-fr/emplois/73737710.html,73737710,Comptable Général H/F,Skills Paris,48 000 - 55 000 € / an,CDI,48 000 - 55 000 € / an,il y a 4 heures,"Comptable Général H/F
Skills Paris
Colombes - 92
CDI
48 000 - 55 000 € / an
… motivé(e) et rigoureux(se), titulaire d'un Bac +3 à Bac +5 en Comptabilité ou en Finance, avec une expérience de 3 à 5 ans minimum un…
Voir l’offre
il y a 4 heures",False,,2025-12-16T10:37:02.855878
Emploi Comptabilité,https://www.hellowork.com/fr-fr/emplois/73737707.html,73737707,Chef de Missions H/F,Skills Grenoble,40 000 - 50 000 € / an,CDI,40 000 - 50 000 € / an,il y a 4 heures,"Chef de Missions H/F
Skills Grenoble
Échirolles - 38
CDI
40 000 - 50 000 € / an
… synthèse. Votre profil se caractérise par : - Diplôme supérieur en comptabilité ) - Expérience professionnelle confirmée de 3 à 5 ans…
Voir l’offre
il y a 4 heures",False,,2025-12-16T10:37:03.308191
Emploi Comptabilité,https://www.hellowork.com/fr-fr/emplois/73737709.html,73737709,Directeur de Mission - Expert-Comptable H/F,Skills Vendée Poitou-Charentes,45 000 - 70 000 € / an,CDI,45 000 - 70 000 € / an,il y a 4 heures,"Directeur de Mission - Expert-Comptable H/F
Skills Vendée Poitou-Charentes
Poitiers - 86
CDI
45 000 - 70 000 € / an
... - Esprit d'initiative et adaptabilité face aux évolutions technologiques et réglementaires. - Vous partagez les valeurs d'une entreprise responsable, impliquée...
Voir l’offre
il y",False,,2025-12-16T10:37:03.799954
Emploi Comptabilité,https://www.hellowork.com/fr-fr/emplois/73737708.html,73737708,Collaborateur Comptable H/F,Skills Vendée Poitou-Charentes,30 000 - 40 000 € / an,CDI,30 000 - 40 000 € / an,il y a 4 heures,"Collaborateur Comptable H/F
Skills Vendée Poitou-Charentes
Les Sables-d'Olonne - 85
CDI
30 000 - 40 000 € / an
… le idéal : - Vous êtes titulaire d'un Bac +2 à Bac +5 en comptabilité , Master CCA, etc.) - Vous avez une expérience d'au moins 2 ans…
Voir l’offre
il y a 4 heures",False,,2025-12-16T10:37:19.351318
Emploi Comptabilité,https://www.hellowork.com/fr-fr/emplois/73737705.html,73737705,Expert Comptable - Directeur de Missions H/F,Skills Vendée Poitou-Charentes,45 000 - 65 000 € / an,CDI,45 000 - 65 000 € / an,il y a 4 heures,"Expert Comptable - Directeur de Missions H/F
Skills Vendée Poitou-Charentes
Périgny - 17
CDI
45 000 - 65 000 € / an
… comptable ; - Maîtrise des outils informatiques liés à la comptabilité et à la gestion de cabinet ; - Capacités managériales avérées…
Voir l’offre
il y a 4 heures",False,,2025-12-16T10:37:19.721392
Emploi Comptabilité,https://www.hellowork.com/fr-fr/emplois/73737704.html,73737704,Comptable Général H/F,Skills Lyon,26 000 - 32 000 € / an,CDI,26 000 - 32 000 € / an,il y a 4 heures,"Comptable Général H/F
Skills Lyon
Metz - 57
CDI
26 000 - 32 000 € / an
… Le/la candidat(e) idéal(e) doit justifier d'une formation en comptabilité d'une première expérience significative sur un poste Une :…
Voir l’offre
il y a 4 heures",False,,2025-12-16T10:37:20.176994
Emploi Comptabilité,https://www.hellowork.com/fr-fr/emplois/73737702.html,73737702,Collaborateur Comptable Confirmé H/F,Skills Rennes,30 000 - 40 000 € / an,CDI,30 000 - 40 000 € / an,il y a 4 heures,"Collaborateur Comptable Confirmé H/F
Skills Rennes
Laval - 53
CDI
30 000 - 40 000 € / an
… en développement basé à Laval. Issu(e) d'une formation supérieure en comptabilité expérience d'au moins 3 ans en cabinet d'expertise…
Voir l’offre
il y a 4 heures",False,,2025-12-16T10:37:20.705370
Emploi Comptabilité,https://www.hellowork.com/fr-fr/emplois/73737701.html,73737701,Collaborateur Comptable H/F,Skills Grenoble,30 000 - 33 000 € / an,CDI,30 000 - 33 000 € / an,il y a 4 heures,"Collaborateur Comptable H/F
Skills Grenoble
La Tour-du-Pin - 38
CDI
30 000 - 33 000 € / an
… les qualifications et compétences suivantes : - Diplôme en comptabilité (BTS, DCG, ou équivalent). - Expérience réussie d'au moins 2…
Voir l’offre
il y a 4 heures",False,,2025-12-16T10:37:21.170137
Emploi Comptabilité,https://www.hellowork.com/fr-fr/emplois/73737699.html,73737699,Assistant Comptable H/F,Skills Nice,27 000 - 29 000 € / an,CDI,27 000 - 29 000 € / an,il y a 4 heures,"Assistant Comptable H/F
Skills Nice
Nice - 06
CDI
27 000 - 29 000 € / an
… gestion ou DUT GEA). - Une première expérience réussie en comptabilité - Une bonne maîtrise des outils bureautiques (Excel, Word) et…
Voir l’offre
il y a 4 heures",False,,2025-12-16T10:37:21.622027
Emploi Comptabilité,https://www.hellowork.com/fr-fr/emplois/73737697.html,73737697,Assistant Comptable H/F,Skills Nice,25 000 - 28 000 € / an,CDI,25 000 - 28 000 € / an,il y a 4 heures,"Assistant Comptable H/F
Skills Nice
Nice - 06
CDI
25 000 - 28 000 € / an
… - Expérience d'au moins 2 ans sur un poste similaire en comptabilité ou dans un environnement d'audit. - Maîtrise des outils Excel et…
Voir l’offre
il y a 4 heures",False,,2025-12-16T10:37:22.135071
Emploi Comptabilité,https://www.hellowork.com/fr-fr/emplois/73737698.html,73737698,Comptable Général H/F,Skills Vendée Poitou-Charentes,26 000 - 28 000 € / an,CDI,26 000 - 28 000 € / an,il y a 4 heures,"Comptable Général H/F
Skills Vendée Poitou-Charentes
Saint-Benoît - 86
CDI
26 000 - 28 000 € / an
… d'une formation Bac +2 (BTS comptabilité et gestion) / Bac +3 (Diplôme de Comptabilité et Gestion), vous disposez au…
Voir l’offre
il y a 4 heures",False,,2025-12-16T10:37:22.668899
Emploi Comptabilité,https://www.hellowork.com/fr-fr/emplois/73737695.html,73737695,Collaborateur Comptable H/F,Skills Grenoble,28 000 - 32 000 € / an,CDI,28 000 - 32 000 € / an,il y a 4 heures,"Collaborateur Comptable H/F
Skills Grenoble
Échirolles - 38
CDI
28 000 - 32 000 € / an
… - Maîtrise des normes comptables et fiscales - Gestion de la comptabilité générale et des déclarations fiscales - Capacité à établir…
Voir l’offre
il y a 4 heures",False,,2025-12-16T10:37:23.125319
Emploi Comptabilité,https://www.hellowork.com/fr-fr/emplois/73737694.html,73737694,Collaborateur Comptable H/F,Skills Lyon,35 000 - 38 000 € / an,CDI,35 000 - 38 000 € / an,il y a 4 heures,"Collaborateur Comptable H/F
Skills Lyon
Dardilly - 69
CDI
35 000 - 38 000 € / an
Télétravail partiel
… un haut niveau de qualité et de satisfaction client. - Diplôme en comptabilité - Expérience d'au moins 2 ans en cabinet d'expertise …
Voir l’offre
il y a 4 heures",True,,2025-12-16T10:37:23.576069
Emploi Comptabilité,https://www.hellowork.com/fr-fr/emplois/73737692.html,73737692,Collaborateur Comptable H/F,Skills Lyon,35 000 - 38 000 € / an,CDI,35 000 - 38 000 € / an,il y a 4 heures,"Collaborateur Comptable H/F
Skills Lyon
Brignais - 69
CDI
35 000 - 38 000 € / an
Télétravail partiel
… en pleine croissance. - Diplômé(e) d'un Bac +3 minimum en comptabilité une première expérience en cabinet appréciée - Connaissance …
Voir l’offre
il y a 4 heures",True,,2025-12-16T10:37:24.062802
Emploi Comptabilité,https://www.hellowork.com/fr-fr/emplois/73737691.html,73737691,Collaborateur Comptable Agricole H/F,Skills Rennes,33 000 - 36 000 € / an,CDI,33 000 - 36 000 € / an,il y a 4 heures,"Collaborateur Comptable Agricole H/F
Skills Rennes
Guichen - 35
CDI
33 000 - 36 000 € / an
… Vous êtes titulaire d'une formation supérieure en comptabilité d'une première expérience réussie en cabinet comptable,…
Voir l’offre
il y a 4 heures",False,,2025-12-16T10:37:24.541211
Emploi Comptabilité,https://www.hellowork.com/fr-fr/emplois/73737687.html,73737687,Assistant Comptable Confirmé H/F,Skills Vendée Poitou-Charentes,24 000 - 27 000 € / an,CDI,24 000 - 27 000 € / an,il y a 4 heures,"Assistant Comptable Confirmé H/F
Skills Vendée Poitou-Charentes
Cognac - 16
CDI
24 000 - 27 000 € / an
… Compétences requises : - Maîtrise des bases de la comptabilité des outils bureautiques, notamment Excel - Expérience préalable sur un…
Voir l’offre
il y a 4 heures",False,,2025-12-16T10:37:25.016443
Emploi Comptabilité,https://www.hellowork.com/fr-fr/emplois/73737688.html,73737688,Directeur de Missions H/F,Skills Lyon,60 000 - 70 000 € / an,CDI,60 000 - 70 000 € / an,il y a 4 heures,"Directeur de Missions H/F
Skills Lyon
Saint-Didier-au-Mont-d'Or - 69
CDI
60 000 - 70 000 € / an
... en communication et relation client. Vous êtes à la recherche d'un cabinet qui valorise à la fois l'équilibre vie...
Voir l’offre
il y a 4 heures",False,,2025-12-16T10:37:25.490690
Emploi Comptabilité,https://www.hellowork.com/fr-fr/emplois/73737685.html,73737685,Collaborateur Comptable H/F,Skills Grenoble,15 000 - 23 000 € / an,Alternance,15 000 - 23 000 € / an,il y a 4 heures,"Collaborateur Comptable H/F
Skills Grenoble
Villard-de-Lans - 38
Alternance
15 000 - 23 000 € / an
Nous recherchons un(e) candidat(e) motivé(e) et curieux(se), désireux(se) de développer ses compétences dans le domaine de l'audit et de l'expertise...
Voir l’offre
il y a 4 heures",False,,2025-12-16T10:37:25.974968
Emploi Comptabilité,https://www.hellowork.com/fr-fr/emplois/73737681.html,73737681,Collaborateur Comptable Confirmé H/F,Skills Grenoble,32 000 - 40 000 € / an,CDI,32 000 - 40 000 € / an,il y a 4 heures,"Collaborateur Comptable Confirmé H/F
Skills Grenoble
Échirolles - 38
CDI
32 000 - 40 000 € / an
Télétravail partiel
… Les compétences et qualités attendues sont : - Formation en comptabilité BTS, DCG, DSCG ou équivalent). - Expérience confirmée d'au 3…
Voir l’offre
il y a 4 heures",True,,2025-12-16T10:37:26.474522
Emploi Comptabilité,https://www.hellowork.com/fr-fr/emplois/73737682.html,73737682,Collaborateur Comptable H/F,Skills Nantes,30 000 - 38 000 € / an,CDI,30 000 - 38 000 € / an,il y a 4 heures,"Collaborateur Comptable H/F
Skills Nantes
Nantes - 44
CDI
30 000 - 38 000 € / an
… candidat(e) doté(e) des compétences suivantes : - Diplôme en comptabilité , DSCG, ou équivalent) - Expérience préalable d'au moins 2…
Voir l’offre
il y a 4 heures",False,,2025-12-16T10:37:26.935572
Emploi Comptabilité,https://www.hellowork.com/fr-fr/emplois/73737680.html,73737680,Chef de Mission Comptable H/F,Skills Grenoble,40 000 - 45 000 € / an,CDI,40 000 - 45 000 € / an,il y a 4 heures,"Chef de Mission Comptable H/F
Skills Grenoble
Meylan - 38
CDI
40 000 - 45 000 € / an
… recherchons un(e) candidat(e) possédant une solide formation en comptabilité et justifiant d'une expérience significative dans un…
Voir l’offre
il y a 4 heures",False,,2025-12-16T10:37:27.424873
Emploi Comptabilité,https://www.hellowork.com/fr-fr/emplois/73737679.html,73737679,Collaborateur Comptable H/F,Skills Grenoble,28 000 - 37 000 € / an,CDI,28 000 - 37 000 € / an,il y a 4 heures,"Collaborateur Comptable H/F
Skills Grenoble
Meylan - 38
CDI
28 000 - 37 000 € / an
… atouts suivants : - Maîtrise des principes de base de la comptabilité fiscales courantes. - Expérience dans la tenue et la révision -…
Voir l’offre
il y a 4 heures",False,,2025-12-16T10:37:27.868318
Emploi Comptabilité,https://www.hellowork.com/fr-fr/emplois/73737674.html,73737674,Responsable de Dossiers H/F,Skills Grenoble,36 000 - 43 000 € / an,CDI,36 000 - 43 000 € / an,il y a 4 heures,"Responsable de Dossiers H/F
Skills Grenoble
Saint-Clair-de-la-Tour - 38
CDI
36 000 - 43 000 € / an
… Vous êtes diplômé(e) d'un Bac +3 minimum en comptabilité significative dans le domaine de l'audit et de…
Voir l’offre
il y a 4 heures",False,,2025-12-16T10:37:28.357983
Emploi Comptabilité,https://www.hellowork.com/fr-fr/emplois/73737669.html,73737669,Responsable Dossier H/F,Skills Rennes,33 000 - 40 000 € / an,CDI,33 000 - 40 000 € / an,il y a 4 heures,"Responsable Dossier H/F
Skills Rennes
Laval - 53
CDI
33 000 - 40 000 € / an
… équipe confirmée. Idéalement issu(e) d'une formation supérieure en comptabilité ), vous justifiez d'une première expérience réussie à…
Voir l’offre
il y a 4 heures",False,,2025-12-16T10:37:43.827306
Emploi Comptabilité,https://www.hellowork.com/fr-fr/emplois/73737666.html,73737666,Collaborateur Comptable H/F,Skills Rennes,25 000 - 32 000 € / an,CDI,25 000 - 32 000 € / an,il y a 4 heures,"Collaborateur Comptable H/F
Skills Rennes
Saint-Grégoire - 35
CDI
25 000 - 32 000 € / an
Télétravail partiel
… professionnel(le) répondant au profil suivant : - Titulaire d'un diplôme en comptabilité de niveau Bac +2 à Bac +3 (BTS CG, DUT GEA,…
Voir l’offre
il y a 4 heures",True,,2025-12-16T10:37:44.254395
Emploi Comptabilité,https://www.hellowork.com/fr-fr/emplois/73737665.html,73737665,Responsable Comptable H/F,Skills Massy,50 000 - 55 000 € / an,CDI,50 000 - 55 000 € / an,il y a 4 heures,"Responsable Comptable H/F
Skills Massy
Rungis - 94
CDI
50 000 - 55 000 € / an
… commerce ou ingénieur Bac +5, avec une expérience confirmée en comptabilité Responsable Comptable) ou en cabinet en tant que Manager…
Voir l’offre
il y a 4 heures",False,,2025-12-16T10:37:44.678244
Emploi Comptabilité,https://www.hellowork.com/fr-fr/emplois/73737663.html,73737663,Collaborateur Comptable H/F,Skills Bordeaux,35 000 - 45 000 € / an,CDI,35 000 - 45 000 € / an,il y a 4 heures,"Collaborateur Comptable H/F
Skills Bordeaux
Bayonne - 64
CDI
35 000 - 45 000 € / an
… au profil si vous présentez les atouts suivants : - Formation supérieure en comptabilité , audit ou gestion (Bac +2 à Bac +5). - en …
Voir l’offre
il y a 4 heures",False,,2025-12-16T10:37:45.165166
Emploi Comptabilité,https://www.hellowork.com/fr-fr/emplois/73737659.html,73737659,Collaborateur Comptable Ba H/F,Skills Lille,28 000 - 35 000 € / an,CDI,28 000 - 35 000 € / an,il y a 4 heures,"Collaborateur Comptable Ba H/F
Skills Lille
Hazebrouck - 59
CDI
28 000 - 35 000 € / an
… Les qualités et atouts recherchés : - Formation supérieure en comptabilité expérience en cabinet, idéalement dédiée à des dossiers BA…
Voir l’offre
il y a 4 heures",False,,2025-12-16T10:37:45.683729
Emploi Comptabilité,https://www.hellowork.com/fr-fr/emplois/73737658.html,73737658,Collaborateur Comptable H/F,Skills Vendée Poitou-Charentes,34 000 - 39 000 € / an,CDI,34 000 - 39 000 € / an,il y a 4 heures,"Collaborateur Comptable H/F
Skills Vendée Poitou-Charentes
Brive-la-Gaillarde - 19
CDI
34 000 - 39 000 € / an
Télétravail partiel
… en cabinet d'expertise comptable, ou d'un Bac +2/3 (DCG, BTS/IUT compta Vous êtes reconnu(e) pour votre rigueur et votre sens de Vous…
Voir l’offre
il y a 4 heures",True,,2025-12-16T10:37:46.202235
Emploi Comptabilité,https://www.hellowork.com/fr-fr/emplois/73737656.html,73737656,Chef de Mission Comptable H/F,Skills Grenoble,40 000 - 47 000 € / an,CDI,40 000 - 47 000 € / an,il y a 4 heures,"Chef de Mission Comptable H/F
Skills Grenoble
Montbonnot-Saint-Martin - 38
CDI
40 000 - 47 000 € / an
… Issu(e) d'une formation supérieure en comptabilité expérience réussie d'au moins 4…
Voir l’offre
il y a 4 heures",False,,2025-12-16T10:37:46.710589
Emploi Comptabilité,https://www.hellowork.com/fr-fr/emplois/73737655.html,73737655,Directeur de Mission - Expert-Comptable H/F,Skills Vendée Poitou-Charentes,45 000 - 70 000 € / an,CDI,45 000 - 70 000 € / an,il y a 4 heures,"Directeur de Mission - Expert-Comptable H/F
Skills Vendée Poitou-Charentes
Loudun - 86
CDI
45 000 - 70 000 € / an
Télétravail partiel
... et savez conjuguer rigueur technique et sens commercial. Votre profil conjugue compétences techniques pointues, leadership naturel et excellentes qualités...
Voir",True,,2025-12-16T10:37:47.287034
Emploi Comptabilité,https://www.hellowork.com/fr-fr/emplois/73737652.html,73737652,Collaborateur Comptable H/F,Skills Grenoble,29 000 - 35 000 € / an,CDI,29 000 - 35 000 € / an,il y a 4 heures,"Collaborateur Comptable H/F
Skills Grenoble
Grenoble - 38
CDI
29 000 - 35 000 € / an
… poste de Collaborateur(trice) Comptable dispose d'une formation supérieure en comptabilité , finance ou gestion, de type BTS CG, DCG…
Voir l’offre
il y a 4 heures",False,,2025-12-16T10:37:47.727525
Emploi Comptabilité,https://www.hellowork.com/fr-fr/emplois/73737653.html,73737653,Responsable de Dossiers H/F,Skills Bordeaux,30 000 - 38 000 € / an,CDI,30 000 - 38 000 € / an,il y a 4 heures,"Responsable de Dossiers H/F
Skills Bordeaux
Bordeaux - 33
CDI
30 000 - 38 000 € / an
… êtes diplômé(e) d'une formation supérieure en comptabilité, type BTS Comptabilité DSCG, et justifiez d'une première …
Voir l’offre
il y a 4 heures",False,,2025-12-16T10:37:48.229715
Emploi Comptabilité,https://www.hellowork.com/fr-fr/emplois/73737651.html,73737651,Comptable Bras Droit du Dirigeant H/F,Skills Vendée Poitou-Charentes,30 000 - 35 000 € / an,CDI,30 000 - 35 000 € / an,il y a 4 heures,"Comptable Bras Droit du Dirigeant H/F
Skills Vendée Poitou-Charentes
Le Poiré-sur-Vie - 85
CDI
30 000 - 35 000 € / an
… / DCG, DSCG ou équivalent) - Vous disposez d'une expérience confirmée en comptabilité (5 à 10 ans) - Vous êtes doté(e) d'un esprit et…
Voir l’offre
il y a 4 heures",False,,2025-12-16T10:37:48.732462
Emploi Comptabilité,https://www.hellowork.com/fr-fr/emplois/73737649.html,73737649,Comptable Générale H/F,Skills Lyon,28 000 - 38 000 € / an,CDI,28 000 - 38 000 € / an,il y a 4 heures,"Comptable Générale H/F
Skills Lyon
Nancy - 54
CDI
28 000 - 38 000 € / an
… - d'au moins 3 ans dans un poste similaire en comptabilité générale, idéalement dans le secteur Banque-Finance-Assurance. - Maîtrise…
Voir l’offre
il y a 4 heures",False,,2025-12-16T10:37:49.305986
Emploi Comptabilité,https://www.hellowork.com/fr-fr/emplois/73737648.html,73737648,Collaborateur Comptable H/F,Skills Bordeaux,32 000 - 36 000 € / an,CDI,32 000 - 36 000 € / an,il y a 4 heures,"Collaborateur Comptable H/F
Skills Bordeaux
Cenon - 33
CDI
32 000 - 36 000 € / an
… - Formation et diplôme : titulaire d'un diplôme en comptabilité : première expérience réussie en cabinet comptable, avec gestion d'un…
Voir l’offre
il y a 4 heures",False,,2025-12-16T10:37:49.826193
Emploi Comptabilité,https://www.hellowork.com/fr-fr/emplois/73737646.html,73737646,Collaborateur Comptable H/F,Skills Rennes,30 000 - 35 000 € / an,CDI,30 000 - 35 000 € / an,il y a 4 heures,"Collaborateur Comptable H/F
Skills Rennes
Mayet - 72
CDI
30 000 - 35 000 € / an
… De formation Bac +3 à Bac +5 en Comptabilité moins 3 ans en cabinet d'expertise comptable, où…
Voir l’offre
il y a 4 heures",False,,2025-12-16T10:37:50.305717
Emploi Comptabilité,https://www.hellowork.com/fr-fr/emplois/73737645.html,73737645,Assistant Comptable H/F,Skills Nice,33 000 - 38 000 € / an,CDI,33 000 - 38 000 € / an,il y a 4 heures,"Assistant Comptable H/F
Skills Nice
La Garde - 83
CDI
33 000 - 38 000 € / an
… répondre aux critères suivants : - Titulaire d'un diplôme en comptabilité (BTS, DUT, DCG ou équivalent). - Expérience préalable en…
Voir l’offre
il y a 4 heures",False,,2025-12-16T10:37:50.841551
Emploi Comptabilité,https://www.hellowork.com/fr-fr/emplois/73737643.html,73737643,Assistant Comptable H/F,Skills Vendée Poitou-Charentes,24 000 - 26 000 € / an,CDI,24 000 - 26 000 € / an,il y a 4 heures,"Assistant Comptable H/F
Skills Vendée Poitou-Charentes
Poitiers - 86
CDI
24 000 - 26 000 € / an
Télétravail partiel
… DCG ou équivalent) - Expérience de deux ans minimum en comptabilité des outils bureautiques - Connaissances solides en fiscalité et…
Voir l’offre
il y a 4 heures",True,,2025-12-16T10:37:51.294552
Emploi Comptabilité,https://www.hellowork.com/fr-fr/emplois/73737644.html,73737644,Expert Comptable Salarié H/F,Skills Lyon,65 000 - 80 000 € / an,CDI,65 000 - 80 000 € / an,il y a 4 heures,"Expert Comptable Salarié H/F
Skills Lyon
Vourles - 69
CDI
65 000 - 80 000 € / an
… en sur un poste d'encadrement ; - Excellente maîtrise technique en comptabilité , fiscalité et audit légal ; - Goût prononcé pour le…
Voir l’offre
il y a 4 heures",False,,2025-12-16T10:37:51.818858
Emploi Comptabilité,https://www.hellowork.com/fr-fr/emplois/73737641.html,73737641,Collaborateur Comptable H/F,Skills Vendée Poitou-Charentes,32 000 - 38 000 € / an,CDI,32 000 - 38 000 € / an,il y a 4 heures,"Collaborateur Comptable H/F
Skills Vendée Poitou-Charentes
Poitiers - 86
CDI
32 000 - 38 000 € / an
… atout déterminant. Titulaire d'une formation Bac +2 minimum en comptabilité d'une première expérience au sein d'un cabinet comptable …
Voir l’offre
il y a 4 heures",False,,2025-12-16T10:37:52.303781
Emploi Comptabilité,https://www.hellowork.com/fr-fr/emplois/73737640.html,73737640,Collaborateur Comptable H/F,Skills Nice,28 000 - 36 000 € / an,CDI,28 000 - 36 000 € / an,il y a 4 heures,"Collaborateur Comptable H/F
Skills Nice
Brignoles - 83
CDI
28 000 - 36 000 € / an
… y compris en alternance - Maîtrise des bases de la comptabilité - Aisance avec les outils numériques et les logiciels comptables -…
Voir l’offre
il y a 4 heures",False,,2025-12-16T10:37:52.859364
Emploi Comptabilité,https://www.hellowork.com/fr-fr/emplois/73737638.html,73737638,Collaborateur Comptable H/F,Skills Rennes,30 000 - 38 000 € / an,CDI,30 000 - 38 000 € / an,il y a 4 heures,"Collaborateur Comptable H/F
Skills Rennes
Le Mans - 72
CDI
30 000 - 38 000 € / an
… autour des éléments suivants : - Formation supérieure en comptabilité (BTS, DCG, DSCG ou équivalent). - Expérience confirmée en (au 3…
Voir l’offre
il y a 4 heures",False,,2025-12-16T10:37:53.355760
Emploi Comptabilité,https://www.hellowork.com/fr-fr/emplois/73737637.html,73737637,Collaborateur Comptable H/F,Skills Nice,33 000 - 38 000 € / an,CDI,33 000 - 38 000 € / an,il y a 4 heures,"Collaborateur Comptable H/F
Skills Nice
La Garde - 83
CDI
33 000 - 38 000 € / an
… ou audit. Vous maîtrisez les outils informatiques dédiés à la comptabilité chiffres et la production de reportings. Vos qualités et…
Voir l’offre
il y a 4 heures",False,,2025-12-16T10:38:07.211474
Emploi Comptabilité,https://www.hellowork.com/fr-fr/emplois/73737631.html,73737631,Collaborateur Comptable H/F,Skills Grenoble,30 000 - 40 000 € / an,CDI,30 000 - 40 000 € / an,il y a 4 heures,"Collaborateur Comptable H/F
Skills Grenoble
Échirolles - 38
CDI
30 000 - 40 000 € / an
… doit aux critères suivants : - Diplôme de niveau Bac +2 minimum en comptabilité (BTS, DCG, etc.) - Expérience de 2 à 5 ans en cabinet…
Voir l’offre
il y a 4 heures",False,,2025-12-16T10:38:07.701163
Emploi Comptabilité,https://www.hellowork.com/fr-fr/emplois/73737630.html,73737630,Collaborateur Comptable H/F,Skills Bordeaux,30 000 - 45 000 € / an,CDI,30 000 - 45 000 € / an,il y a 4 heures,"Collaborateur Comptable H/F
Skills Bordeaux
Mérignac - 33
CDI
30 000 - 45 000 € / an
… vos dans un environnement évolutif. - Formation supérieure en comptabilité comptable, idéalement sur un portefeuille en autonomie - …
Voir l’offre
il y a 4 heures",False,,2025-12-16T10:38:08.150494
Emploi Comptabilité,https://www.hellowork.com/fr-fr/emplois/73737629.html,73737629,Collaborateur Comptable H/F,Skills Vendée Poitou-Charentes,30 000 - 35 000 € / an,CDI,30 000 - 35 000 € / an,il y a 4 heures,"Collaborateur Comptable H/F
Skills Vendée Poitou-Charentes
Limoges - 87
CDI
30 000 - 35 000 € / an
… ou équivalent) - Expérience confirmée de 5 ans minimum en comptabilité et logiciels comptables - Capacité d'analyse et de synthèse …
Voir l’offre
il y a 4 heures",False,,2025-12-16T10:38:08.661318
Emploi Comptabilité,https://www.hellowork.com/fr-fr/emplois/73737627.html,73737627,Manager Comptable H/F,Skills Grenoble,40 000 - 50 000 € / an,CDI,40 000 - 50 000 € / an,il y a 4 heures,"Manager Comptable H/F
Skills Grenoble
Grenoble - 38
CDI
40 000 - 50 000 € / an
… de Comptable ou équivalent. Votre formation supérieure en comptabilité l'ensemble des techniques comptables, fiscales et sociales. -…
Voir l’offre
il y a 4 heures",False,,2025-12-16T10:38:09.135873
Emploi Comptabilité,https://www.hellowork.com/fr-fr/emplois/73737624.html,73737624,Collaborateur Comptable H/F,Skills Grenoble,30 000 - 33 000 € / an,CDI,30 000 - 33 000 € / an,il y a 4 heures,"Collaborateur Comptable H/F
Skills Grenoble
Beaurepaire - 38
CDI
30 000 - 33 000 € / an
... concrètes à ses clients, et prête à évoluer dans un environnement professionnel où la collaboration et le développement sont valorisés.
Voir l’offre
il y a 4 heures",False,,2025-12-16T10:38:09.627885
Emploi Comptabilité,https://www.hellowork.com/fr-fr/emplois/73737623.html,73737623,Chef de Mission H/F,Skills Montigny,45 000 - 48 000 € / an,CDI,45 000 - 48 000 € / an,il y a 4 heures,"Chef de Mission H/F
Skills Montigny
Jouars-Pontchartrain - 78
CDI
45 000 - 48 000 € / an
... une équipe où la collaboration et l'initiative sont valorisées, et où vos ambitions seront soutenues, ce poste vous attend !
Voir l’offre
il y a 4 heures",False,,2025-12-16T10:38:10.100779
Emploi Comptabilité,https://www.hellowork.com/fr-fr/emplois/73737622.html,73737622,Collaborateur Comptable H/F,Skills Grenoble,30 000 - 39 000 € / an,CDI,30 000 - 39 000 € / an,il y a 4 heures,"Collaborateur Comptable H/F
Skills Grenoble
Échirolles - 38
CDI
30 000 - 39 000 € / an
… recherchons un(e) Collaborateur(rice) Comptable ayant une formation en comptabilité équivalent (BTS, DCG, DSCG, Master CCA). Vous…
Voir l’offre
il y a 4 heures",False,,2025-12-16T10:38:10.565377
Emploi Comptabilité,https://www.hellowork.com/fr-fr/emplois/73737620.html,73737620,Collaborateur Comptable H/F,Skills Grenoble,30 000 - 40 000 € / an,CDI,30 000 - 40 000 € / an,il y a 4 heures,"Collaborateur Comptable H/F
Skills Grenoble
Voiron - 38
CDI
30 000 - 40 000 € / an
… Nous recherchons un(e) candidat(e) ayant une solide formation en comptabilité / DCG ou équivalent, et une première expérience en…
Voir l’offre
il y a 4 heures",False,,2025-12-16T10:38:11.057489
Emploi Comptabilité,https://www.hellowork.com/fr-fr/emplois/73737618.html,73737618,Collaborateur Comptable H/F,Skills Grenoble,30 000 - 36 000 € / an,CDI,30 000 - 36 000 € / an,il y a 4 heures,"Collaborateur Comptable H/F
Skills Grenoble
Échirolles - 38
CDI
30 000 - 36 000 € / an
… requises pour ce poste sont les suivantes : - Une formation en comptabilité , type Bac +2 minimum (BTS Comptabilité, DUT GEA, DCG ou…
Voir l’offre
il y a 4 heures",False,,2025-12-16T10:38:11.534108
Emploi Comptabilité,https://www.hellowork.com/fr-fr/emplois/73737617.html,73737617,Collaborateur Comptable H/F,Skills Bordeaux,25 000 - 32 000 € / an,CDI,25 000 - 32 000 € / an,il y a 4 heures,"Collaborateur Comptable H/F
Skills Bordeaux
Mérignac - 33
CDI
25 000 - 32 000 € / an
… pour sa culture d'entreprise inclusive. - Formation supérieure en comptabilité en cabinet comptable, alternance incluse - Maîtrise …
Voir l’offre
il y a 4 heures",False,,2025-12-16T10:38:11.973268
Emploi Comptabilité,https://www.hellowork.com/fr-fr/emplois/73737616.html,73737616,Comptable Fournisseurs H/F,Skills Lyon,28 000 - 38 000 € / an,CDI,28 000 - 38 000 € / an,il y a 4 heures,"Comptable Fournisseurs H/F
Skills Lyon
Nancy - 54
CDI
28 000 - 38 000 € / an
… à dans le secteur industriel. Vous êtes titulaire d'un diplôme en comptabilité 5 ans dans un poste similaire. Une maîtrise des outils…
Voir l’offre
il y a 4 heures",False,,2025-12-16T10:38:12.407709
Emploi Comptabilité,https://www.hellowork.com/fr-fr/emplois/73737614.html,73737614,Collaborateur Comptable H/F,Skills Grenoble,34 000 - 39 000 € / an,CDI,34 000 - 39 000 € / an,il y a 4 heures,"Collaborateur Comptable H/F
Skills Grenoble
Gières - 38
CDI
34 000 - 39 000 € / an
… un(e) Collaborateur(trice) Comptable de formation Bac +2 minimum en comptabilité ou audit, avec une première expérience réussie en ou…
Voir l’offre
il y a 4 heures",False,,2025-12-16T10:38:12.905389
Emploi Comptabilité,https://www.hellowork.com/fr-fr/emplois/73737612.html,73737612,Collaborateur Comptable H/F,Skills Vendée Poitou-Charentes,35 000 - 40 000 € / an,CDI,35 000 - 40 000 € / an,il y a 4 heures,"Collaborateur Comptable H/F
Skills Vendée Poitou-Charentes
Angoulême - 16
CDI
35 000 - 40 000 € / an
... moderne, attentive au développement professionnel de ses équipes. Le profil attendu inclut : - Une expérience significative en cabinet...
Voir l’offre
il y a 4 heures",False,,2025-12-16T10:38:13.383246
Emploi Comptabilité,https://www.hellowork.com/fr-fr/emplois/73737609.html,73737609,Collaborateur Comptable H/F,Skills Rennes,33 000 - 37 000 € / an,CDI,33 000 - 37 000 € / an,il y a 4 heures,"Collaborateur Comptable H/F
Skills Rennes
Chantepie - 35
CDI
33 000 - 37 000 € / an
… un(e) collaborateur(trice) comptable disposant d'une formation supérieure en comptabilité (type BTS CG, DCG, ou équivalent), et d'une…
Voir l’offre
il y a 4 heures",False,,2025-12-16T10:38:13.852893
Emploi Comptabilité,https://www.hellowork.com/fr-fr/emplois/73737607.html,73737607,Collaborateur·rice Comptable H/F,Skills Montigny,34 000 - 40 000 € / an,CDI,34 000 - 40 000 € / an,il y a 4 heures,"Collaborateur·rice Comptable H/F
Skills Montigny
Saint-Germain-en-Laye - 78
CDI
34 000 - 40 000 € / an
… la pour ce poste devra justifier d'une formation supérieure en comptabilité (DCG, DSCG ou équivalent) et d'une première expérience en…
Voir l’offre
il y a 4 heures",False,,2025-12-16T10:38:14.324954
Emploi Comptabilité,https://www.hellowork.com/fr-fr/emplois/73737605.html,73737605,Expert Comptable - Stagiaire Dec H/F,Skills Vendée Poitou-Charentes,50 000 - 60 000 € / an,CDI,50 000 - 60 000 € / an,il y a 4 heures,"Expert Comptable - Stagiaire Dec H/F
Skills Vendée Poitou-Charentes
Challans - 85
CDI
50 000 - 60 000 € / an
... à Challans pour vivre une expérience professionnelle enrichissante avec un salaire attractif entre 50 000 € et 60 000 €...
Voir l’offre
il y a 4 heures",False,,2025-12-16T10:38:14.806602
Emploi Comptabilité,https://www.hellowork.com/fr-fr/emplois/73737604.html,73737604,Comptable Général H/F,Skills Grenoble,28 000 - 30 000 € / an,CDI,28 000 - 30 000 € / an,il y a 4 heures,"Comptable Général H/F
Skills Grenoble
Voiron - 38
CDI
28 000 - 30 000 € / an
… équivalent). - Justifiez d'une première expérience significative en comptabilité . - Maîtrisez les principes comptables et fiscaux …
Voir l’offre
il y a 4 heures",False,,2025-12-16T10:38:15.271710
Emploi Comptabilité,https://www.hellowork.com/fr-fr/emplois/73737603.html,73737603,Assistant Comptable H/F,Skills Vendée Poitou-Charentes,23 000 - 25 000 € / an,CDI,23 000 - 25 000 € / an,il y a 4 heures,"Assistant Comptable H/F
Skills Vendée Poitou-Charentes
Limoges - 87
CDI
23 000 - 25 000 € / an
… - bureautiques (Excel, Word) et idéalement des logiciels de comptabilité - Bonne connaissance des principes comptables et fiscaux en …
Voir l’offre
il y a 4 heures",False,,2025-12-16T10:38:15.732997
Emploi Comptabilité,https://www.hellowork.com/fr-fr/emplois/73737601.html,73737601,Collaborateur Comptable H/F,Skills Rennes,30 000 - 38 000 € / an,CDI,30 000 - 38 000 € / an,il y a 4 heures,"Collaborateur Comptable H/F
Skills Rennes
Sablé-sur-Sarthe - 72
CDI
30 000 - 38 000 € / an
… leurs enjeux comptables et financiers. - Formation supérieure en comptabilité - Expérience en cabinet d'expertise comptable appréciée…
Voir l’offre
il y a 4 heures",False,,2025-12-16T10:38:16.191189
Emploi Comptabilité,https://www.hellowork.com/fr-fr/emplois/73737598.html,73737598,Collaborateur Comptable H/F,Skills Vendée Poitou-Charentes,30 000 - 40 000 € / an,CDI,30 000 - 40 000 € / an,il y a 4 heures,"Collaborateur Comptable H/F
Skills Vendée Poitou-Charentes
Niort - 79
CDI
30 000 - 40 000 € / an
… les délais. Vous êtes un(e) professionnel(le) passionné(e) par la comptabilité où la collaboration et la confiance sont primordiales.…
Voir l’offre
il y a 4 heures",False,,2025-12-16T10:38:30.941766
Emploi Comptabilité,https://www.hellowork.com/fr-fr/emplois/73737595.html,73737595,Collaborateur Comptable Agricole H/F,Skills Rennes,33 000 - 36 000 € / an,CDI,33 000 - 36 000 € / an,il y a 4 heures,"Collaborateur Comptable Agricole H/F
Skills Rennes
Janzé - 35
CDI
33 000 - 36 000 € / an
… Vous êtes titulaire d'une formation supérieure en comptabilité d'une première expérience réussie en cabinet comptable,…
Voir l’offre
il y a 4 heures",False,,2025-12-16T10:38:31.485750
Emploi Comptabilité,https://www.hellowork.com/fr-fr/emplois/73737594.html,73737594,Collaborateur Comptable H/F,Skills Vendée Poitou-Charentes,30 000 - 40 000 € / an,CDI,30 000 - 40 000 € / an,il y a 4 heures,"Collaborateur Comptable H/F
Skills Vendée Poitou-Charentes
Niort - 79
CDI
30 000 - 40 000 € / an
… Vous êtes titulaire d'un diplôme en comptabilité expérience réussie de 3 à 5…
Voir l’offre
il y a 4 heures",False,,2025-12-16T10:38:32.042080
Emploi Comptabilité,https://www.hellowork.com/fr-fr/emplois/73737591.html,73737591,Chef de Mission H/F,Skills Rennes,45 000 - 50 000 € / an,CDI,45 000 - 50 000 € / an,il y a 4 heures,"Chef de Mission H/F
Skills Rennes
Changé - 53
CDI
45 000 - 50 000 € / an
… Titulaire d'une formation supérieure en comptabilité école de commerce), vous justifiez…
Voir l’offre
il y a 4 heures",False,,2025-12-16T10:38:32.610046
Emploi Comptabilité,https://www.hellowork.com/fr-fr/emplois/73737585.html,73737585,Collaborateur Comptable H/F,Skills Grenoble,36 000 - 45 000 € / an,CDI,36 000 - 45 000 € / an,il y a 4 heures,"Collaborateur Comptable H/F
Skills Grenoble
Bourgoin-Jallieu - 38
CDI
36 000 - 45 000 € / an
… et fiscales, ainsi que des outils bureautiques (Excel, logiciels de comptabilité ). - Capacité à gérer un portefeuille client de et à…
Voir l’offre
il y a 4 heures",False,,2025-12-16T10:38:33.155555
Emploi Comptabilité,https://www.hellowork.com/fr-fr/emplois/73737586.html,73737586,Expert Comptable - Stagiaire Dec H/F,Skills Vendée Poitou-Charentes,50 000 - 60 000 € / an,CDI,50 000 - 60 000 € / an,il y a 4 heures,"Expert Comptable - Stagiaire Dec H/F
Skills Vendée Poitou-Charentes
Les Sables-d'Olonne - 85
CDI
50 000 - 60 000 € / an
Télétravail partiel
... à moyen terme - De travailler dans une ville agréable à vivre, entre océan et nature Ici, on ne...
Voir l’offre
il y a 4 heures",True,,2025-12-16T10:38:33.720333
Emploi Comptabilité,https://www.hellowork.com/fr-fr/emplois/73737582.html,73737582,Responsable de Dossiers Comptables H/F,Skills Vendée Poitou-Charentes,38 000 - 50 000 € / an,CDI,38 000 - 50 000 € / an,il y a 4 heures,"Responsable de Dossiers Comptables H/F
Skills Vendée Poitou-Charentes
Angoulême - 16
CDI
38 000 - 50 000 € / an
… Issu(e) d'une formation en comptabilité réussie d'au moins 3…
Voir l’offre
il y a 4 heures",False,,2025-12-16T10:38:34.266763
Emploi Comptabilité,https://www.hellowork.com/fr-fr/emplois/73737581.html,73737581,Collaborateur Comptable H/F,Skills Vendée Poitou-Charentes,28 000 - 36 000 € / an,CDI,28 000 - 36 000 € / an,il y a 4 heures,"Collaborateur Comptable H/F
Skills Vendée Poitou-Charentes
Cognac - 16
CDI
28 000 - 36 000 € / an
Télétravail partiel
… Titulaire d'une formation supérieure en comptabilité expérience confirmée en cabinet d'expertise…
Voir l’offre
il y a 4 heures",True,,2025-12-16T10:38:34.808193
Emploi Comptabilité,https://www.hellowork.com/fr-fr/emplois/73737548.html,73737548,Comptable Service des Tutelles H/F,Croix-Rouge française,Saint-Pierre - 974,CDI,,il y a 5 heures,"Comptable Service des Tutelles H/F
Croix-Rouge française
Saint-Pierre - 974
CDI
… Vous êtes titulaire d'un Bac +2/3 en comptabilité Vous avez déjà une première expérience réussie…
Voir l’offre
il y a 5 heures",False,,2025-12-16T10:38:35.302701
Emploi Comptabilité,https://www.hellowork.com/fr-fr/emplois/73737545.html,73737545,Comptable International H/F,Croix-Rouge française,Montrouge - 92,Temps partiel,,il y a 5 heures,"Comptable International H/F
Croix-Rouge française
Montrouge - 92
CDD
Temps partiel
5 mois
… la générale. Vous êtes à l'aise avec la gestion de la comptabilité Pour réussir sur ce poste, vous devrez connaître les principes de…
Voir l’offre
il y a 5 heures",False,,2025-12-16T10:38:35.819439
Emploi Comptabilité,https://www.hellowork.com/fr-fr/emplois/73737535.html,73737535,Comptable H/F,Croix-Rouge française,12 000 - 14 000 € / an,Temps partiel,12 000 - 14 000 € / an,il y a 5 heures,"Comptable H/F
Croix-Rouge française
Messigny-et-Vantoux - 21
CDI
Temps partiel
12 000 - 14 000 € / an
… Vous êtes titulaire d'un Bac +2 en Comptabilité Professionnel rigoureux, organisé, votre sens de la…
Voir l’offre
il y a 5 heures",False,,2025-12-16T10:38:36.407464
Emploi Comptabilité,https://www.hellowork.com/fr-fr/emplois/73737115.html,73737115,Contrôleur Interne 69 H/F,Groupe Mutualia,Rhône - 69,CDI,,il y a 6 heures,"Contrôleur Interne 69 H/F
Groupe Mutualia
Rhône - 69
CDI
Télétravail partiel
… recherché Vous êtes titulaire d'un diplôme universitaire en finance, comptabilité école de commerce et disposez d'un minimum de 2…
Voir l’offre
il y a 6 heures",True,,2025-12-16T10:38:36.831431
Emploi Comptabilité,https://www.hellowork.com/fr-fr/emplois/73737098.html,73737098,Comptable Fournisseurs H/F,Supplay,25 000 - 30 000 € / an,CDI,25 000 - 30 000 € / an,il y a 6 heures,"Comptable Fournisseurs H/F
Supplay
Le Neubourg - 27
CDI
25 000 - 30 000 € / an
… CDI ! Vous êtes un professionnel du secteur de la comptabilité Notre client est une entreprise solide et reconnue, spécialisée dans…
Voir l’offre
il y a 6 heures",False,,2025-12-16T10:38:37.336885
Emploi Comptabilité,https://www.hellowork.com/fr-fr/emplois/73737089.html,73737089,Comptable H/F,Supplay,"11,88 - 14 € / heure",Intérim,"11,88 - 14 € / heure",il y a 6 heures,"Comptable H/F
Supplay
Mont-Saint-Aignan - 76
Intérim
11,88 - 14 € / heure
4 mois
Nous recherchons de candidats dispoible rapidement, étant motivée et dynamique.
Voir l’offre
il y a 6 heures",False,,2025-12-16T10:38:37.785544
Emploi Comptabilité,https://www.hellowork.com/fr-fr/emplois/73737056.html,73737056,Aide Comptable H/F,Supplay,"11,88 - 13 € / heure",Intérim,"11,88 - 13 € / heure",il y a 6 heures,"Aide Comptable H/F
Supplay
La Rue-Saint-Pierre - 76
Intérim
11,88 - 13 € / heure
18 mois
… en comptabilité et qui ont déjà pu exercer sur le logiciel QUADRA COMPTA Pré-requis demandés : - Lire une facture - Assurer le suivi…
Voir l’offre
il y a 6 heures",False,,2025-12-16T10:38:38.310135
Emploi Comptabilité,https://www.hellowork.com/fr-fr/emplois/73737042.html,73737042,Comptable en Gestion Locative H/F,Orpi,Clichy - 92,CDI,,il y a 6 heures,"Comptable en Gestion Locative H/F
Orpi
Clichy - 92
CDI
… profil Formation : - Bac +2 minimum en comptabilité (BTS Comptabilité ) - Une expérience professionnelle de 10 ans…
Voir l’offre
il y a 6 heures",False,,2025-12-16T10:38:38.731383
Emploi Comptabilité,https://www.hellowork.com/fr-fr/emplois/73736838.html,73736838,Collaborateur Comptable Senior Private Equity H/F,Momenti,45 000 - 60 000 € / an,CDI,45 000 - 60 000 € / an,il y a 8 heures,"Collaborateur Comptable Senior Private Equity H/F
Momenti
Paris 8e - 75
CDI
45 000 - 60 000 € / an
Télétravail partiel
… - Vous justifiez d'une expérience d'au moins 4 ans en comptabilité Equity. - Une maîtrise professionnelle de l'anglais est appréciée.…
Voir l’offre
il y a 8 heures",True,,2025-12-16T10:38:39.213812
Emploi Comptabilité,https://www.hellowork.com/fr-fr/emplois/73736822.html,73736822,Collaborateur Comptable Expérimenté H/F,Nextep HR,35 000 - 45 000 € / an,CDI,35 000 - 45 000 € / an,il y a 8 heures,"Collaborateur Comptable Expérimenté H/F
Nextep HR
Rouen - 76
CDI
35 000 - 45 000 € / an
Télétravail partiel
… Titulaire d'un Bac +2 à Bac +5 en comptabilité en cabinet d'expertise comptable. Curiosité, sens du service,…
Voir l’offre
il y a 8 heures",True,,2025-12-16T10:38:39.744148
Emploi Comptabilité,https://www.hellowork.com/fr-fr/emplois/73736655.html,73736655,Chargé Recouvrement Locatif H/F,3F,30 000 - 40 000 € / an,CDD,30 000 - 40 000 € / an,il y a 8 heures,"Chargé Recouvrement Locatif H/F
3F
Alfortville - 94
CDD
30 000 - 40 000 € / an
Télétravail partiel
+ 1
... une première expérience dans un poste similaire. Vos qualités d'analyse, de rigueur, votre sens de l'organisation et votre esprit...
Voir l’offre
il y a 8 heures",True,,2025-12-16T10:38:40.311622
Emploi Comptabilité,https://www.hellowork.com/fr-fr/emplois/73736639.html,73736639,Tours - Expert-Comptable Mémorialiste H/F,Momenti,30 000 - 40 000 € / an,CDI,30 000 - 40 000 € / an,il y a 8 heures,"Tours - Expert-Comptable Mémorialiste H/F
Momenti
Tours - 37
CDI
30 000 - 40 000 € / an
Télétravail partiel
… cabinet d'expertise comptable- Solides compétences techniques en comptabilité , fiscalité et conseil- Autonomie, sens des…
Voir l’offre
il y a 8 heures",True,,2025-12-16T10:38:40.901256
Emploi Comptabilité,https://www.hellowork.com/fr-fr/emplois/73736616.html,73736616,Tours - Chef de Mission H/F,Momenti,35 000 - 60 000 € / an,CDI,35 000 - 60 000 € / an,il y a 8 heures,"Tours - Chef de Mission H/F
Momenti
Tours - 37
CDI
35 000 - 60 000 € / an
Télétravail partiel
… Ce que nous recherchons :- Formation spécialisée en comptabilité (DCG, DSCG, Master CCA)- Expérience significative, de…
Voir l’offre
il y a 8 heures",True,,2025-12-16T10:38:55.599135
Emploi Comptabilité,https://www.hellowork.com/fr-fr/emplois/73736576.html,73736576,Alternant Dscg - Cabinet d'Expertise Comptable H/F,Nextep HR,25 000 - 30 000 € / an,CDI,25 000 - 30 000 € / an,il y a 8 heures,"Alternant Dscg - Cabinet d'Expertise Comptable H/F
Nextep HR
Combs-la-Ville - 77
CDI
25 000 - 30 000 € / an
Télétravail partiel
... et encadrées) : Participation à la tenue et à la révision comptable d'un portefeuille clients. Aide à l'établissement des déclarations...
Voir l’offre
il y a 8 heures",True,,2025-12-16T10:38:55.998319
Emploi Comptabilité,https://www.hellowork.com/fr-fr/emplois/73736565.html,73736565,Comptable H/F,Team Emploi,30 000 - 40 000 € / an,CDI,30 000 - 40 000 € / an,il y a 8 heures,"Comptable H/F
Team Emploi
Sens - 89
CDI
30 000 - 40 000 € / an
Télétravail partiel
… - (BTS, DUT, DCG...). - 3 ans d'expérience minimum en comptabilité secteur Grande Distribution. - Maîtrise des techniques comptables,…
Voir l’offre
il y a 8 heures",True,3 ans d'expérience,2025-12-16T10:38:56.370045
Emploi Comptabilité,https://www.hellowork.com/fr-fr/emplois/73736543.html,73736543,Tours - Collaborateur Comptable H/F,Momenti,30 000 - 40 000 € / an,CDI,30 000 - 40 000 € / an,il y a 8 heures,"Tours - Collaborateur Comptable H/F
Momenti
Tours - 37
CDI
30 000 - 40 000 € / an
Télétravail partiel
… recherchons :- Une formation Bac +5 en comptabilité Une première expérience réussie, de minimum 2 ans, en cabinet comptable- …
Voir l’offre
il y a 8 heures",True,,2025-12-16T10:38:56.757826
Emploi Comptabilité,https://www.hellowork.com/fr-fr/emplois/73736490.html,73736490,Comptable Clients H/F,Passion Froid - Groupe Pomona,Lyon - 69,CDI,,il y a 8 heures,"Comptable Clients H/F
Passion Froid - Groupe Pomona
Lyon - 69
CDI
... réductions tarifaires, * C'est aussi évoluer dans un groupe à l'actionnariat familial stable, * Et être au coeur d'une politique...
Voir l’offre
il y a 8 heures",False,,2025-12-16T10:38:57.138290
Emploi Comptabilité,https://www.hellowork.com/fr-fr/emplois/73736014.html,73736014,Comptable Fournisseurs H/F,Groupe Actual,25 000 - 35 000 € / an,Intérim,25 000 - 35 000 € / an,il y a 9 heures,"Comptable Fournisseurs H/F
Groupe Actual
Le Chambon-Feugerolles - 42
Intérim
25 000 - 35 000 € / an
Travail de jour
+ 1
Formation supérieure en comptabilité Expérience significative (2 ans…
Voir l’offre
il y a 9 heures",False,,2025-12-16T10:38:57.659281
Emploi Comptabilité,https://www.hellowork.com/fr-fr/emplois/73736016.html,73736016,Comptable H/F,Partnaire,Orléans - 45,CDI,30 000 € / an,il y a 9 heures,"Comptable H/F
Partnaire
Orléans - 45
CDI
30 000 € / an
Travail de jour
+ 1
… des erreurs restent significatives. Connaître parfaitement la comptabilité agricoles et aux contrats saisonniers. Intervenir sur la ?…
Voir l’offre
il y a 9 heures",False,,2025-12-16T10:38:58.155380
Emploi Comptabilité,https://www.hellowork.com/fr-fr/emplois/73735572.html,73735572,Comptable General le Port H/F,Alter Ego,17 - 18 € / heure,Intérim,17 - 18 € / heure,il y a 9 heures,"Comptable General le Port H/F
Alter Ego
Le Port - 974
Intérim
17 - 18 € / heure
Travail de jour
+ 1
… **Formation et expérience : -BTS Comptabilité / DCG (Diplôme de Comptabilité de Gestion) / DSCG (Diplôme Supérieur…
Voir l’offre
il y a 9 heures",False,,2025-12-16T10:38:58.731713
Emploi Comptabilité,https://www.hellowork.com/fr-fr/emplois/73735561.html,73735561,Comptable Fournisseurs - Temps Partiel 80% H/F,Actua,22 000 - 24 000 € / an,Temps partiel,22 000 - 24 000 € / an,il y a 9 heures,"Comptable Fournisseurs - Temps Partiel 80% H/F
Actua
Ernolsheim-lès-Saverne - 67
Intérim
Temps partiel
22 000 - 24 000 € / an
+ 1
… Profil recherché : - Formation ou première expérience en comptabilité , organisation et sens du travail en équipe -…
Voir l’offre
il y a 9 heures",False,,2025-12-16T10:38:59.205729
Emploi Comptabilité,https://www.hellowork.com/fr-fr/emplois/73735425.html,73735425,Agent de Recouvrement Activites Poids Lourds H/F,AD Poids Lourds,1 900 - 2 000 € / mois,CDI,1 900 - 2 000 € / mois,il y a 9 heures,"Agent de Recouvrement Activites Poids Lourds H/F
AD Poids Lourds
Lucé - 28
CDI
1 900 - 2 000 € / mois
... et de fermeté pour assurer le recouvrement des créances clients ; - Travailler en autonomie tout en collaborant efficacement...
Voir l’offre
il y a 9 heures",False,,2025-12-16T10:38:59.664419
Emploi Comptabilité,https://www.hellowork.com/fr-fr/emplois/73735334.html,73735334,Collaborateur Comptable Confirmé - Conseiller Comptable H/F,Mercato de l'emploi,35 000 - 41 000 € / an,CDI,35 000 - 41 000 € / an,il y a 9 heures,"Collaborateur Comptable Confirmé - Conseiller Comptable H/F
Mercato de l'emploi
Parthenay - 79
CDI
35 000 - 41 000 € / an
Télétravail partiel
… de 3 à 5 ans en cabinet - Autonomie technique en comptabilité - Rigueur et sens de l'organisation - Aisance relationnelle et sens de…
Voir l’offre
il y a 9 ",True,,2025-12-16T10:39:00.142868
Emploi Comptabilité,https://www.hellowork.com/fr-fr/emplois/73735308.html,73735308,Collaborateur Comptable Confirmé - Conseiller Comptable H/F,Mercato de l'emploi,35 000 - 41 000 € / an,CDI,35 000 - 41 000 € / an,il y a 9 heures,"Collaborateur Comptable Confirmé - Conseiller Comptable H/F
Mercato de l'emploi
Bressuire - 79
CDI
35 000 - 41 000 € / an
Télétravail partiel
… de 3 à 5 ans en cabinet - Autonomie technique en comptabilité - Rigueur et sens de l'organisation - Aisance relationnelle et sens de…
Voir l’offre
il y a 9 ",True,,2025-12-16T10:39:00.625073
Emploi Comptabilité,https://www.hellowork.com/fr-fr/emplois/73735290.html,73735290,Collaborateur Comptable H/F,Mercato de l'emploi,Bordeaux - 33,CDI,30 000 € / an,il y a 9 heures,"Collaborateur Comptable H/F
Mercato de l'emploi
Bordeaux - 33
CDI
30 000 € / an
... Postulez dès maintenant ! Envoyez votre CV ! Nous avons hâte de vous rencontrer ! Ref: l70z8gfnpt
Voir l’offre
il y a 9 heures",False,,2025-12-16T10:39:01.056050
Emploi Comptabilité,https://www.hellowork.com/fr-fr/emplois/73734466.html,73734466,Assistant Comptable H/F,Lynx RH,Toulouse - 31,CDI,,il y a 9 heures,"Assistant Comptable H/F
Lynx RH
Toulouse - 31
CDI
… et engagée ! Profil recherché Profil recherché : - Formation en comptabilité .) - Une première expérience sur un poste similaire est…
Voir l’offre
il y a 9 heures",False,,2025-12-16T10:39:01.436732
Emploi Comptabilité,https://www.hellowork.com/fr-fr/emplois/73732847.html,73732847,Charge de Recouvrement H/F,Start People,2 200 - 2 400 € / mois,CDD,2 200 - 2 400 € / mois,il y a 9 heures,"Charge de Recouvrement H/F
Start People
Cholet - 49
CDD
2 200 - 2 400 € / mois
6 mois
... de votre profil. Nous vous accueillerons ensuite en agence pour vous faire passer des tests sécurité et finaliser votre inscription.
Voir l’offre
il y a 9 heures",False,,2025-12-16T10:39:01.904662
Emploi Comptabilité,https://www.hellowork.com/fr-fr/emplois/73732732.html,73732732,Comptable - Secretariat H/F,Start People.,"11,88 - 12,50 € / heure",Intérim,"11,88 - 12,50 € / heure",il y a 9 heures,"Comptable - Secretariat H/F
Start People.
Arques-la-Bataille - 76
Intérim
11,88 - 12,50 € / heure
3 mois
... êtes titulaire du Bac avec expérience ? L'offre est faites pour vous ! Rémunération selon le profil. Prêt à vous...
Voir l’offre
il y a 9 heures",False,,2025-12-16T10:39:02.325368
Emploi Comptabilité,https://www.hellowork.com/fr-fr/emplois/73732733.html,73732733,Aide Comptable H/F,Start People,12 - 15 € / heure,CDI,12 - 15 € / heure,il y a 9 heures,"Aide Comptable H/F
Start People
Cognac - 16
CDI
12 - 15 € / heure
… Vous disposez d'un Bac +2/3 en comptabilité Vous détenez une aisance sur un…
Voir l’offre
il y a 9 heures",False,,2025-12-16T10:39:02.810957
Emploi Comptabilité,https://www.hellowork.com/fr-fr/emplois/73732608.html,73732608,Responsable Comptable H/F,Start People,40 000 - 45 000 € / an,CDI,40 000 - 45 000 € / an,il y a 9 heures,"Responsable Comptable H/F
Start People
La Capelle-Bleys - 12
CDI
40 000 - 45 000 € / an
… et compétences techniques : -Expertise en gestion de la comptabilité -Connaissance approfondie des logiciels comptables et ERP (Sage,…
Voir l’offre
il y a 9 heures",False,,2025-12-16T10:39:03.301733
Emploi Comptabilité,https://www.hellowork.com/fr-fr/emplois/73732136.html,73732136,Collaborateur Comptable Confirmé H/F,Comptalents,30 000 - 38 000 € / an,CDI,30 000 - 38 000 € / an,il y a 9 heures,"Collaborateur Comptable Confirmé H/F
Comptalents
Saint-Grégoire - 35
CDI
30 000 - 38 000 € / an
Télétravail partiel
… Gestion d'un portefeuille clients varié - Gestion de la comptabilité clients : déclarations fiscales, révision, liasses... - Gestion…
Voir l’offre
il y a 9 heures",True,,2025-12-16T10:39:03.772302
Emploi Comptabilité,https://www.hellowork.com/fr-fr/emplois/73732132.html,73732132,Collaborateur Comptable Confirmé H/F,Talents AEC,30 000 - 38 000 € / an,CDI,30 000 - 38 000 € / an,il y a 9 heures,"Collaborateur Comptable Confirmé H/F
Talents AEC
Saint-Grégoire - 35
CDI
30 000 - 38 000 € / an
Télétravail partiel
… Gestion d'un portefeuille clients varié - Gestion de la comptabilité clients : déclarations fiscales, révision, liasses... - Gestion…
Voir l’offre
il y a 9 heures",True,,2025-12-16T10:39:04.242104
Emploi Comptabilité,https://www.hellowork.com/fr-fr/emplois/73732127.html,73732127,Comptable Fournisseurs H/F,Comptalents,30 000 - 33 000 € / an,CDD,30 000 - 33 000 € / an,il y a 9 heures,"Comptable Fournisseurs H/F
Comptalents
Saint-Pierre-du-Perray - 91
CDD
30 000 - 33 000 € / an
6 mois
… et vous maîtrisez donc la partie ""inter société"" ainsi que la comptabilité analytique. La connaissance de SAGE 1000 est un plus. Le :…
Voir l’offre
il y a 9 heures",False,,2025-12-16T10:39:19.214877
Emploi Comptabilité,https://www.hellowork.com/fr-fr/emplois/73732125.html,73732125,Collaborateur Comptable Confirmé H/F,Talents AEC,30 000 - 37 000 € / an,CDI,30 000 - 37 000 € / an,il y a 9 heures,"Collaborateur Comptable Confirmé H/F
Talents AEC
Saint-Grégoire - 35
CDI
30 000 - 37 000 € / an
Télétravail partiel
… sur le territoire national. Il est organisé en différents pôles : Comptabilité Dans le cadre de son développement, le cabinet est à -…
Voir l’offre
il y a 9 heures",True,,2025-12-16T10:39:19.774618
Emploi Comptabilité,https://www.hellowork.com/fr-fr/emplois/73732124.html,73732124,Comptable Fournisseurs H/F,Comptalents,25 000 - 35 000 € / an,Intérim,25 000 - 35 000 € / an,il y a 9 heures,"Comptable Fournisseurs H/F
Comptalents
Paris - 75
Intérim
25 000 - 35 000 € / an
2 mois
… Votre profil : - Vous justifiez d'une première expérience en comptabilité fournisseurs - Une connaissance de SAP S4 HANA est un plus…
Voir l’offre
il y a 9 heures",False,,2025-12-16T10:39:20.280216
Emploi Comptabilité,https://www.hellowork.com/fr-fr/emplois/73732052.html,73732052,Expert-Comptable H/F,Cocerto,Cesson-Sévigné - 35,CDI,,il y a 10 heures,"Expert-Comptable H/F
Cocerto
Cesson-Sévigné - 35
CDI
Télétravail partiel
... ADN, c'est pourquoi on se déplace régulièrement sur site afin d'être plus proches du terrain et de mieux comprendre leurs...
Voir l’offre
il y a 10 heures",True,,2025-12-16T10:39:20.739753
Emploi Comptabilité,https://www.hellowork.com/fr-fr/emplois/73732028.html,73732028,Collaborateur Comptable Sénior H/F,BDO,36 000 - 45 000 € / an,CDI,36 000 - 45 000 € / an,il y a 10 heures,"Collaborateur Comptable Sénior H/F
BDO
Super recruteur
Saint-Gilles-Croix-de-Vie - 85
CDI
36 000 - 45 000 € / an
Télétravail partiel
... des clients Dans un secteur où les évolutions de la réglementation et des solutions technologiques sont importantes,...
Voir l’offre
il y a 10 heures",True,,2025-12-16T10:39:21.241447
Emploi Comptabilité,https://www.hellowork.com/fr-fr/emplois/73731998.html,73731998,Collaborateur Comptable - Lyon H/F,Numbr,Lyon 2e - 69,CDI,10 € / heure,il y a 10 heures,"Collaborateur Comptable - Lyon H/F
Numbr
Lyon 2e - 69
CDI
10 € / heure
Télétravail partiel
… ton avis compte ! - Des outils innovant : chez nous la compta - Des parcours de formation entièrement conçus par des experts métiers …
Voir l’offre
il y a 10 heures",True,,2025-12-16T10:39:21.757734
Emploi Comptabilité,https://www.hellowork.com/fr-fr/emplois/72668215.html,72668215,Collaborateur Confirmé - Réviseur Comptable H/F,Geco Recrutement,35 000 - 43 000 € / an,CDI,35 000 - 43 000 € / an,il y a 10 heures,"Collaborateur Confirmé - Réviseur Comptable H/F
Geco Recrutement
Super recruteur
Royan - 17
CDI
35 000 - 43 000 € / an
De formation supérieure type BTS, DCG, Master DSCG ou CCA, vous disposez d'une expérience professionnelle réussie d'au moins 2 ans...
Voir l’offre
il y a 10 heures",False,,2025-12-16T10:39:22.332914
Emploi Comptabilité,https://www.hellowork.com/fr-fr/emplois/72668049.html,72668049,Collaborateur Confirmé - Réviseur Comptable H/F,Geco Recrutement,35 000 - 40 000 € / an,CDI,35 000 - 40 000 € / an,il y a 10 heures,"Collaborateur Confirmé - Réviseur Comptable H/F
Geco Recrutement
Super recruteur
Brive-la-Gaillarde - 19
CDI
35 000 - 40 000 € / an
… De formation supérieure en comptabilité comptable ou en association…
Voir l’offre
il y a 10 heures",False,,2025-12-16T10:39:22.853286
Emploi Comptabilité,https://www.hellowork.com/fr-fr/emplois/71552623.html,71552623,Chef de Mission Expertise Comptable H/F,S&A Associates,45 000 - 60 000 € / an,CDI,45 000 - 60 000 € / an,il y a 10 heures,"Chef de Mission Expertise Comptable H/F
S&A Associates
Orléans - 45
CDI
45 000 - 60 000 € / an
... parcours et vos objectifs professionnels, afin de voir comment nous pouvons vous accompagner au mieux. - Soumission de votre candidature:...
Voir l’offre
il y a 10 heures",False,,2025-12-16T10:39:23.294853
Emploi Comptabilité,https://www.hellowork.com/fr-fr/emplois/71549862.html,71549862,Comptable Général H/F,Ixora,Fort-de-France - 972,CDI,,il y a 10 heures,"Comptable Général H/F
Ixora
Fort-de-France - 972
CDI
… Word, PowerPoint, TEAMS) - La connaissance de SAGE Ligne 100 / SL Compta . - Vous êtes dynamique et force de proposition - Maitrise -…
Voir l’offre
il y a 10 heures",False,,2025-12-16T10:39:23.742861
Emploi Comptabilité,https://www.hellowork.com/fr-fr/emplois/71547622.html,71547622,Comptable Général H/F,Cluxelite,35 000 - 38 000 € / an,CDI,35 000 - 38 000 € / an,il y a 10 heures,"Comptable Général H/F
Cluxelite
Super recruteur
Le Lamentin - 972
CDI
35 000 - 38 000 € / an
Télétravail occasionnel
… ou équivalent validé), vous justifiez d'une expérience confirmée en comptabilité Vous êtes reconnu pour votre rigueur, votre sens de…
Voir l’offre
il y a 10 heures",True,,2025-12-16T10:39:24.273215
Emploi Comptabilité,https://www.hellowork.com/fr-fr/emplois/71546371.html,71546371,Comptable Général - Trésorier H/F,Les Zelles,37 000 - 40 000 € / an,CDI,37 000 - 40 000 € / an,il y a 10 heures,"Comptable Général - Trésorier H/F
Les Zelles
La Bresse - 88
CDI
37 000 - 40 000 € / an
… Vous êtes titulaire au minimum d'un Bac +3 en comptabilité significative (10 ans minimum) en entreprise ou cabinet. En…
Voir l’offre
il y a 10 heures",False,,2025-12-16T10:39:24.790609
Emploi Comptabilité,https://www.hellowork.com/fr-fr/emplois/72668078.html,72668078,Collaborateur Confirmé - Réviseur Comptable H/F,Geco Recrutement,35 000 - 40 000 € / an,CDI,35 000 - 40 000 € / an,il y a 10 heures,"Collaborateur Confirmé - Réviseur Comptable H/F
Geco Recrutement
Super recruteur
Uzerche - 19
CDI
35 000 - 40 000 € / an
... autonomie. Vous avez le sens du travail en équipe. Vous souhaitez vous investir au sein d'un cabinet convivial et dynamique.
Voir l’offre
il y a 10 heures",False,,2025-12-16T10:39:25.300805
Emploi Comptabilité,https://www.hellowork.com/fr-fr/emplois/72346862.html,72346862,Assistante Recouvrement H/F,AVA6,26 000 - 30 000 € / an,CDI,26 000 - 30 000 € / an,il y a 10 heures,"Assistante Recouvrement H/F
AVA6
Limonest - 69
CDI
26 000 - 30 000 € / an
... compétences d'assistant(e), tes qualités humaines feront la différence. Cette mission t'intéresse ? Alors postule et viens nous rencontrer !
Voir l’offre
il y a 10 heures",False,,2025-12-16T10:39:25.774756
Emploi Comptabilité,https://www.hellowork.com/fr-fr/emplois/70242211.html,70242211,Comptable Immobilier Senior H/F,Sinclair Ressources,50 000 - 55 000 € / an,CDI,50 000 - 55 000 € / an,il y a 10 heures,"Comptable Immobilier Senior H/F
Sinclair Ressources
Paris 5e - 75
CDI
50 000 - 55 000 € / an
… minimum (BTS, DUT, DCG ou équivalent) idéalement - Expérience en comptabilité immobilière serait un plus - Maîtrise de la fiscalité…
Voir l’offre
il y a 10 heures",False,,2025-12-16T10:39:26.204555
Emploi Comptabilité,https://www.hellowork.com/fr-fr/emplois/71551365.html,71551365,Chef de Mission Comptable - Cabient Bienveillant et Dynamique H/F,Comptalents,45 000 - 60 000 € / an,CDI,45 000 - 60 000 € / an,il y a 10 heures,"Chef de Mission Comptable - Cabient Bienveillant et Dynamique H/F
Comptalents
Paris - 75
CDI
45 000 - 60 000 € / an
Télétravail partiel
… - diplômé(e) d'une formation comptable, au minimum Bac +2 en comptabilité /gestion. - Vous disposez d'au minimum 5-8 ans d'expérience…
Voir l’offre
il y a 10 heur",True,8 ans d'expérience,2025-12-16T10:39:26.676392
Emploi Comptabilité,https://www.hellowork.com/fr-fr/emplois/71549278.html,71549278,Collaborateur Comptable H/F,Juny Recrutement,Paris 9e - 75,CDI,,il y a 10 heures,"Collaborateur Comptable H/F
Juny Recrutement
Paris 9e - 75
CDI
Télétravail occasionnel
De formation type DCG, vous disposez d'au moins deux années d'expérience en cabinet comptable, alternance comprise.
Voir l’offre
il y a 10 heures",True,,2025-12-16T10:39:27.135976
Emploi Comptabilité,https://www.hellowork.com/fr-fr/emplois/71547391.html,71547391,Chargé d'Études Actuarielles - Stage H/F,AXA en France,832 - 1 868 € / mois,Stage,832 - 1 868 € / mois,il y a 10 heures,"Chargé d'Études Actuarielles - Stage H/F
AXA en France
Nanterre - 92
Stage
832 - 1 868 € / mois
Vous êtes en master 2 en mathématiques appliquées , en data ou en actuariat. Vous recherchez un stage de 6...
Voir l’offre
il y a 10 heures",False,,2025-12-16T10:39:27.593154
Emploi Comptabilité,https://www.hellowork.com/fr-fr/emplois/71550178.html,71550178,Responsable de Cabinet Expertise-Comptable H/F,Peakh,50 000 - 60 000 € / an,CDI,50 000 - 60 000 € / an,il y a 10 heures,"Responsable de Cabinet Expertise-Comptable H/F
Peakh
Mulhouse - 68
CDI
50 000 - 60 000 € / an
Télétravail occasionnel
... un poste d'encadrement. Notre client apprécie les candidats curieux, rigoureux et motivés. La confidentialité de votre candidature...
Voir l’offre
il y a 10 heures",True,,2025-12-16T10:39:28.114748
Emploi Comptabilité,https://www.hellowork.com/fr-fr/emplois/71546253.html,71546253,Collaborateur Comptable H/F,Talents AEC,32 000 - 35 000 € / an,CDI,32 000 - 35 000 € / an,il y a 10 heures,"Collaborateur Comptable H/F
Talents AEC
Vieux-Thann - 68
CDI
32 000 - 35 000 € / an
... du cabinet : - Equipe soudée et stable Des évènements (restaurants, escape game ...) sont régulièrement organisés pour...
Voir l’offre
il y a 10 heures",False,,2025-12-16T10:39:28.553127
Emploi Comptabilité,https://www.hellowork.com/fr-fr/emplois/66768559.html,66768559,Expert Comptable Diplômé H/F,LEA,60 000 - 80 000 € / an,CDI,60 000 - 80 000 € / an,il y a 10 heures,"Expert Comptable Diplômé H/F
LEA
Super recruteur
Millau - 12
CDI
60 000 - 80 000 € / an
... : Titulaire du DEC, vous justifiez d'une expérience significative. Votre appétence managériale est un atout pour ce poste. ...
Voir l’offre
il y a 10 heures",False,,2025-12-16T10:39:44.924954
Emploi Comptabilité,https://www.hellowork.com/fr-fr/emplois/66720406.html,66720406,Collaborateur Comptable Confirmé H/F,TAC Recrutement,33 000 - 36 000 € / an,CDI,33 000 - 36 000 € / an,il y a 10 heures,"Collaborateur Comptable Confirmé H/F
TAC Recrutement
Super recruteur
Baillargues - 34
CDI
33 000 - 36 000 € / an
Télétravail partiel
… comptable ou AGC. Titulaire d'une formation supérieure en comptabilité La confidentialité de votre candidature est assurée par notre…
Voir l’offre
il y a 10 heures",True,,2025-12-16T10:39:45.488210
Emploi Comptabilité,https://www.hellowork.com/fr-fr/emplois/71569770.html,71569770,Comptable Projets H/F,RH Partners,30 000 - 35 000 € / an,CDD,30 000 - 35 000 € / an,il y a 10 heures,"Comptable Projets H/F
RH Partners
Toulouse - 31
CDD
30 000 - 35 000 € / an
… PROFIL attendu : - Vous êtes titulaire d'un Bac +2 minimum en comptabilité .) ; - Vous justifiez d'une première expérience réussie en…
Voir l’offre
il y a 10 heures",False,,2025-12-16T10:39:45.888589
Emploi Comptabilité,https://www.hellowork.com/fr-fr/emplois/71566126.html,71566126,Charge de Recouvrement H/F,Job Link,Paris 11e - 75,CDI,36 000 € / an,il y a 10 heures,"Charge de Recouvrement H/F
Job Link
Paris 11e - 75
CDI
36 000 € / an
... preuve d'organisation, d'autonomie et de réactivité. - La maîtrise d'un CRM ou d'un logiciel de gestion est un plus.
Voir l’offre
il y a 10 heures",False,,2025-12-16T10:39:46.281909
Emploi Comptabilité,https://www.hellowork.com/fr-fr/emplois/71565283.html,71565283,Expert-Comptable Diplômé ou Mémorialiste - 77 H/F,Actiforces,Lieusaint - 77,CDI,,il y a 10 heures,"Expert-Comptable Diplômé ou Mémorialiste - 77 H/F
Actiforces
Lieusaint - 77
CDI
Télétravail partiel
... - Pour les mémorialistes : un accompagnement renforcé dans la rédaction du mémoire et sur l'ensemble du parcours de...
Voir l’offre
il y a 10 heures",True,,2025-12-16T10:39:46.705570
Emploi Comptabilité,https://www.hellowork.com/fr-fr/emplois/71565269.html,71565269,Expert-Comptable Diplômé ou Mémorialiste - 88 H/F,Actiforces,Saint-Nabord - 88,CDI,,il y a 10 heures,"Expert-Comptable Diplômé ou Mémorialiste - 88 H/F
Actiforces
Saint-Nabord - 88
CDI
Télétravail partiel
... - Une charte télétravail permettant jusqu'à 40 jours par an ; - Un engagement fort en matière de...
Voir l’offre
il y a 10 heures",True,,2025-12-16T10:39:47.175665
Emploi Comptabilité,https://www.hellowork.com/fr-fr/emplois/71560678.html,71560678,Collaborateur Comptable H/F,PROvidence,35 000 - 45 000 € / an,CDI,35 000 - 45 000 € / an,il y a 10 heures,"Collaborateur Comptable H/F
PROvidence
Paris 16e - 75
CDI
35 000 - 45 000 € / an
Télétravail occasionnel
... Excel et les outils comptables - Rigueur, curiosité, aisance relationnelle et esprit d'analyse seront vos meilleurs atouts
Voir l’offre
il y a 10 heures",True,,2025-12-16T10:39:47.664829
Emploi Comptabilité,https://www.hellowork.com/fr-fr/emplois/72667935.html,72667935,Collaborateur Comptable - Chargé de Dossiers H/F,Geco Recrutement,35 000 - 43 000 € / an,CDI,35 000 - 43 000 € / an,il y a 10 heures,"Collaborateur Comptable - Chargé de Dossiers H/F
Geco Recrutement
Super recruteur
Les Herbiers - 85
CDI
35 000 - 43 000 € / an
… Titulaire d'un Bac +2 au minimum en Comptabilité cabinet comptable. Vous souhaitez vous investir dans…
Voir l’offre
il y a 10 heures",False,,2025-12-16T10:39:48.158197
Emploi Comptabilité,https://www.hellowork.com/fr-fr/emplois/60377677.html,60377677,Collaborateur Comptable Confirmé H/F,Cabinet Filigrane,35 000 - 45 000 € / an,CDI,35 000 - 45 000 € / an,il y a 10 heures,"Collaborateur Comptable Confirmé H/F
Cabinet Filigrane
Super recruteur
Auneau-Bleury-Saint-Symphorien - 28
CDI
35 000 - 45 000 € / an
Télétravail occasionnel
... Profil recherché : Vous avez une expérience d'au moins 3 ans en cabinet comptable, êtes dynamique,...
Voir l’offre
il y a 10 heures",True,,2025-12-16T10:39:48.682043
Emploi Comptabilité,https://www.hellowork.com/fr-fr/emplois/60361148.html,60361148,Assistant Comptable H/F,Institut F2I,Paris - 75,Alternance,,il y a 10 heures,"Assistant Comptable H/F
Institut F2I
Paris - 75
Alternance
24 mois
Titulaire du BACCALAUREAT vous êtes reconnu(e) pour votre sens de la confidentialité et autonomie.
Voir l’offre
il y a 10 heures",False,,2025-12-16T10:39:49.137877
Emploi Comptabilité,https://www.hellowork.com/fr-fr/emplois/66765049.html,66765049,Collaborateur Comptable H/F,Juny Recrutement,35 000 - 45 000 € / an,CDI,35 000 - 45 000 € / an,il y a 10 heures,"Collaborateur Comptable H/F
Juny Recrutement
Paris 15e - 75
CDI
35 000 - 45 000 € / an
De formation type DCG ou DSCG, vous disposez de 3 ans en cabinet comptable sur poste similaire
Voir l’offre
il y a 10 heures",False,,2025-12-16T10:39:49.641837
Emploi Comptabilité,https://www.hellowork.com/fr-fr/emplois/60380100.html,60380100,Collaborateur Comptable Confirmé H/F,Cabinet Filigrane,35 000 - 45 000 € / an,CDI,35 000 - 45 000 € / an,il y a 10 heures,"Collaborateur Comptable Confirmé H/F
Cabinet Filigrane
Super recruteur
Chaillac - 36
CDI
35 000 - 45 000 € / an
Télétravail occasionnel
... pour discuter de vos aspirations et valider votre candidature (anonyme auprès du client). - Présentation détaillée : Découverte du...
Voir l’offre
il y a 10 heu",True,,2025-12-16T10:39:50.231560
Emploi Comptabilité,https://www.hellowork.com/fr-fr/emplois/60381438.html,60381438,Collaborateur Comptable Confirmé H/F,Cabinet Filigrane,35 000 - 45 000 € / an,CDI,35 000 - 45 000 € / an,il y a 10 heures,"Collaborateur Comptable Confirmé H/F
Cabinet Filigrane
Super recruteur
Vineuil - 41
CDI
35 000 - 45 000 € / an
Télétravail occasionnel
... et Formation : Des opportunités de formation continue et de progression de carrière. Avantages : -...
Voir l’offre
il y a 10 heures",True,,2025-12-16T10:39:50.759589
Emploi Comptabilité,https://www.hellowork.com/fr-fr/emplois/60385150.html,60385150,Collaborateur Comptable Confirmé H/F,Cabinet Filigrane,35 000 - 45 000 € / an,CDI,35 000 - 45 000 € / an,il y a 10 heures,"Collaborateur Comptable Confirmé H/F
Cabinet Filigrane
Super recruteur
Arradon - 56
CDI
35 000 - 45 000 € / an
Télétravail occasionnel
... déclarations mensuelles et annuelles. - Accompagnement Clients : Conseil personnalisé pour optimiser la gestion financière des entreprises. -...
Voir l’offre
il ",True,,2025-12-16T10:39:51.272552
Emploi Comptabilité,https://www.hellowork.com/fr-fr/emplois/60381440.html,60381440,Collaborateur Comptable Confirmé H/F,Cabinet Filigrane,35 000 - 45 000 € / an,CDI,35 000 - 45 000 € / an,il y a 10 heures,"Collaborateur Comptable Confirmé H/F
Cabinet Filigrane
Super recruteur
Saint-Ouen - 41
CDI
35 000 - 45 000 € / an
Télétravail occasionnel
... - Présentation détaillée : Découverte du poste et du cabinet, suivie d'un entretien avec la structure. Informations...
Voir l’offre
il y a 10 heures",True,,2025-12-16T10:39:51.781413
Emploi Comptabilité,https://www.hellowork.com/fr-fr/emplois/58074750.html,58074750,Assistant Comptable en Alternance H/F,Aftec Laval,Laval - 53,Alternance,"1 801,80 € / mois",il y a 10 heures,"Assistant Comptable en Alternance H/F
Aftec Laval
Laval - 53
Alternance
1 801,80 € / mois
24 mois
… une opportunité d'apprentissage pratique dans le domaine de la comptabilité sein d'une entreprise dynamique. LES MISSIONS : Sous la :…
Voir l’offre
il y a 10 heures",False,,2025-12-16T10:39:52.277695
Emploi Comptabilité,https://www.hellowork.com/fr-fr/emplois/65445869.html,65445869,Collaborateur Comptable H/F,Talents AEC,30 000 - 40 000 € / an,CDI,30 000 - 40 000 € / an,il y a 10 heures,"Collaborateur Comptable H/F
Talents AEC
Toulouse - 31
CDI
30 000 - 40 000 € / an
Télétravail partiel
… 5 poste en cabinet d'expertise comptable. - Vous bénéficiez d'une formation comptabilité . Votre candidature sera traitée en toute En…
Voir l’offre
il y a 10 heures",True,,2025-12-16T10:39:52.749707
Emploi Comptabilité,https://www.hellowork.com/fr-fr/emplois/65463851.html,65463851,Collaborateur Comptable H/F,GIO Recrutement,30 000 - 39 998 € / an,CDI,30 000 - 39 998 € / an,il y a 10 heures,"Collaborateur Comptable H/F
GIO Recrutement
Lille - 59
CDI
30 000 - 39 998 € / an
… Profil recherché : - Titulaire d'un Bac +2 minimum en comptabilité réalisé une alternance dans le cadre de votre formation et…
Voir l’offre
il y a 10 heures",False,,2025-12-16T10:39:53.208747
Emploi Comptabilité,https://www.hellowork.com/fr-fr/emplois/65465236.html,65465236,Responsable Comptable H/F,GMD Eurocast,Gaillon - 27,CDI,,il y a 10 heures,"Responsable Comptable H/F
GMD Eurocast
Gaillon - 27
CDI
… opérationnelle et stratégique, est à mi-chemin entre la comptabilité contrôle de gestion Responsabilités : Vos principales missions :…
Voir l’offre
il y a 10 heures",False,,2025-12-16T10:39:53.606188
Emploi Comptabilité,https://www.hellowork.com/fr-fr/emplois/66716934.html,66716934,Responsable Comptable Agricole H/F,Cerfrance Picardie Nord de Seine,36 000 - 50 000 € / an,CDI,36 000 - 50 000 € / an,il y a 10 heures,"Responsable Comptable Agricole H/F
Cerfrance Picardie Nord de Seine
Venette - 60
CDI
36 000 - 50 000 € / an
Télétravail partiel
Profil recherché : - Expérience en cabinet comptable de plus de 5 ans - Maîtrise des...
Voir l’offre
il y a 10 heures",True,,2025-12-16T10:39:54.045033
Emploi Comptabilité,https://www.hellowork.com/fr-fr/emplois/71553641.html,71553641,Comptable Général Expérimenté H/F,LHH Recruitment Solutions,30 000 - 38 000 € / an,CDI,30 000 - 38 000 € / an,il y a 10 heures,"Comptable Général Expérimenté H/F
LHH Recruitment Solutions
Poitiers - 86
CDI
30 000 - 38 000 € / an
… comptables. Vos missions consisteront notamment à : - Tenir la comptabilité documents comptables produits ; - Produire les états des…
Voir l’offre
il y a 10 heures",False,,2025-12-16T10:40:10.545494
Emploi Comptabilité,https://www.hellowork.com/fr-fr/emplois/66750979.html,66750979,Assistant Comptable BTS Comptabilité et Gestion Cabourg14 H/F,Aftec Caen,Caen - 14,Alternance,,il y a 10 heures,"Assistant Comptable BTS Comptabilité et Gestion Cabourg14 H/F
Aftec Caen
Caen - 14
Alternance
24 mois
... rigoureux, précis et impliqué Bonnes connaissances des outils bureautiques (Word, Excel...) Expérience /Niveau Requis...
Voir l’offre
il y a 10 heures",False,,2025-12-16T10:40:10.970895
Emploi Comptabilité,https://www.hellowork.com/fr-fr/emplois/71554283.html,71554283,Chargé d'Études Actuarielles Réassurance H/F,Finance People,50 000 - 55 000 € / an,CDI,50 000 - 55 000 € / an,il y a 10 heures,"Chargé d'Études Actuarielles Réassurance H/F
Finance People
Super recruteur
Saint-Mandé - 94
CDI
50 000 - 55 000 € / an
... formation supérieure en statistique, actuariat, vous avez au moins 3 années d'expérience sur un poste similaire (hors stage et alternance).
Voir l’offre
il y a 10 heures",False,3 années d'expérience,2025-12-16T10:40:11.405299
Emploi Comptabilité,https://www.hellowork.com/fr-fr/emplois/71552643.html,71552643,Collaborateur Comptable Confirme H/F,TIMTARGETT,Besançon - 25,CDI,,il y a 10 heures,"Collaborateur Comptable Confirme H/F
TIMTARGETT
Besançon - 25
CDI
… De supérieure type Bac +2 dans le domaine de la comptabilité expérience en cabinet d'expertise comptable. Profils issus du monde de…
Voir l’offre
il y a 10 heures",False,,2025-12-16T10:40:11.777051
Emploi Comptabilité,https://www.hellowork.com/fr-fr/emplois/71550639.html,71550639,Expert-Comptable Stagiaire H/F,TFD Recrutement,26 000 - 30 000 € / an,CDI,26 000 - 30 000 € / an,il y a 10 heures,"Expert-Comptable Stagiaire H/F
TFD Recrutement
La Farlède - 83
CDI
26 000 - 30 000 € / an
Télétravail partiel
Issu(e) du DSCG, vous entreprenez d'obtenir le DEC. Vous êtes de nature dynamique et rigoureux(se), vous aimez travailler en équipe...
Voir l’offre
il y a 10 heures",True,,2025-12-16T10:40:12.207547
Emploi Comptabilité,https://www.hellowork.com/fr-fr/emplois/71565831.html,71565831,Comptable de Cabinet d'Expertise H/F,PAGO PARTNERS,32 000 - 42 000 € / an,CDI,32 000 - 42 000 € / an,il y a 10 heures,"Comptable de Cabinet d'Expertise H/F
PAGO PARTNERS
Lambersart - 59
CDI
32 000 - 42 000 € / an
Télétravail partiel
... 2 à 3 ans en cabinet comptable, - Vous êtes dynamique et pro-actif et vous savez gérer...
Voir l’offre
il y a 10 heures",True,,2025-12-16T10:40:12.647078
Emploi Comptabilité,https://www.hellowork.com/fr-fr/emplois/71565732.html,71565732,Comptable de Cabinet d'Expertise H/F,PAGO PARTNERS,32 000 - 42 000 € / an,CDI,32 000 - 42 000 € / an,il y a 10 heures,"Comptable de Cabinet d'Expertise H/F
PAGO PARTNERS
Domont - 95
CDI
32 000 - 42 000 € / an
Télétravail partiel
Votre future cabinet ! Je représente un beau cabinet comptable implanté à Domont (95), qui accompagne leurs...
Voir l’offre
il y a 10 heures",True,,2025-12-16T10:40:13.107238
Emploi Comptabilité,https://www.hellowork.com/fr-fr/emplois/71565278.html,71565278,Expert-Comptable Diplômé ou Mémorialiste - 54 H/F,Actiforces,Nancy - 54,CDI,,il y a 10 heures,"Expert-Comptable Diplômé ou Mémorialiste - 54 H/F
Actiforces
Nancy - 54
CDI
Télétravail partiel
... RSE ; - Un projet d'association accompagné ; - Mobilité interne nationale et internationale - Pour les...
Voir l’offre
il y a 10 heures",True,,2025-12-16T10:40:13.513466
Emploi Comptabilité,https://www.hellowork.com/fr-fr/emplois/71563392.html,71563392,Expert-Comptable H/F,In Extenso,Donville-les-Bains - 50,CDI,,il y a 10 heures,"Expert-Comptable H/F
In Extenso
Donville-les-Bains - 50
CDI
Télétravail partiel
... expérience d'au moins 5 ans en management d'équipes pluridisciplinaires. Vous disposez de solides compétences techniques, managériales et...
Voir l’offre
il y a 10 heures",True,,2025-12-16T10:40:13.916797
Emploi Comptabilité,https://www.hellowork.com/fr-fr/emplois/71563291.html,71563291,Assistant Comptable Marché Agricole H/F,Cerfrance Brocéliande,23 530 - 31 950 € / an,CDI,23 530 - 31 950 € / an,il y a 10 heures,"Assistant Comptable Marché Agricole H/F
Cerfrance Brocéliande
Montfort-sur-Meu - 35
CDI
23 530 - 31 950 € / an
... identifier l'origine des problématiques rencontrées. Votre relationnel reconnu vous permet d'envisager une évolution vers la responsabilité d'un portefeuille clients...
Voir l’offre
il ",False,,2025-12-16T10:40:14.344256
Emploi Comptabilité,https://www.hellowork.com/fr-fr/emplois/71533895.html,71533895,Chargé de Recouvrement Contentieux H/F,Tertialis,31 000 - 35 000 € / an,CDI,31 000 - 35 000 € / an,il y a 10 heures,"Chargé de Recouvrement Contentieux H/F
Tertialis
Paris 15e - 75
CDI
31 000 - 35 000 € / an
... supérieur dans le domaine de l'immobilier ou en droit - Expérience réussie d'au moins 3...
Voir l’offre
il y a 10 heures",False,,2025-12-16T10:40:14.779664
Emploi Comptabilité,https://www.hellowork.com/fr-fr/emplois/71561384.html,71561384,Comptable Général H/F,Mahé Recrutement,37 000 - 45 000 € / an,CDI,37 000 - 45 000 € / an,il y a 10 heures,"Comptable Général H/F
Mahé Recrutement
Super recruteur
Épinal - 88
CDI
37 000 - 45 000 € / an
… Véritable bras droit du chef comptable, vous maîtrisez la comptabilité multi sociétés. Vous êtes synthétique, rigoureux(se) et vous…
Voir l’offre
il y a 10 heures",False,,2025-12-16T10:40:15.221161
Emploi Comptabilité,https://www.hellowork.com/fr-fr/emplois/71565704.html,71565704,Comptable de Cabinet d'Expertise H/F,PAGO PARTNERS,32 000 - 42 000 € / an,CDI,32 000 - 42 000 € / an,il y a 10 heures,"Comptable de Cabinet d'Expertise H/F
PAGO PARTNERS
Basse-Terre - 971
CDI
32 000 - 42 000 € / an
Télétravail partiel
... sortie de la liasse fiscale, - Ainsi que le conseil et la fidélisation des clients. ...
Voir l’offre
il y a 10 heures",True,,2025-12-16T10:40:15.753839
Emploi Comptabilité,https://www.hellowork.com/fr-fr/emplois/71563400.html,71563400,Manager Comptable H/F,In Extenso,Granville - 50,CDI,,il y a 10 heures,"Manager Comptable H/F
In Extenso
Granville - 50
CDI
Télétravail partiel
… Compétences : Budget, Comptabilité , Management
Voir l’offre
il y a 10 heures",True,,2025-12-16T10:40:16.202463
Emploi Comptabilité,https://www.hellowork.com/fr-fr/emplois/71562064.html,71562064,Collaborateur Comptable à Fontenay s - Bois H/F,NDRH Recrutement,40 000 - 50 000 € / an,CDI,40 000 - 50 000 € / an,il y a 10 heures,"Collaborateur Comptable à Fontenay s - Bois H/F
NDRH Recrutement
Fontenay-sous-Bois - 94
CDI
40 000 - 50 000 € / an
Télétravail partiel
… : 40 à 50K€ selon profil Profil recherché - Expérience confirmée en comptabilité - Autonomie et rigueur - Bon relationnel et goût du…
Voir l’offre
il y a 10 heure",True,,2025-12-16T10:40:16.667253
Emploi Comptabilité,https://www.hellowork.com/fr-fr/emplois/71554144.html,71554144,Expert-Comptable Diplômé ou Mémorialiste - 35 H/F,Actiforces,Redon - 35,CDI,,il y a 10 heures,"Expert-Comptable Diplômé ou Mémorialiste - 35 H/F
Actiforces
Redon - 35
CDI
Télétravail partiel
... (jusqu'à l'association) ; - Un accompagnement personnalisé par un Associé Expert-Comptable et Commissaire aux comptes : - Des...
Voir l’offre
il y a 10 heures",True,,2025-12-16T10:40:17.057506
Emploi Comptabilité,https://www.hellowork.com/fr-fr/emplois/71536979.html,71536979,Collaborateur Comptable Sénior H/F,Talents AEC,45 000 - 55 000 € / an,CDI,45 000 - 55 000 € / an,il y a 10 heures,"Collaborateur Comptable Sénior H/F
Talents AEC
Paris - 75
CDI
45 000 - 55 000 € / an
Télétravail partiel
... introduite auprès de la CNIL. Pour en savoir plus sur notre politique de protection de vos données personnelles, cliquez ici.
Voir l’offre
il y a 10 heures",True,,2025-12-16T10:40:17.578704
Emploi Comptabilité,https://www.hellowork.com/fr-fr/emplois/71550804.html,71550804,Collaborateur Comptable H/F,KETSUIN,38 000 - 43 000 € / an,CDI,38 000 - 43 000 € / an,il y a 10 heures,"Collaborateur Comptable H/F
KETSUIN
Super recruteur
Rambouillet - 78
CDI
38 000 - 43 000 € / an
Télétravail occasionnel
… êtes : Titulaire d'un diplôme ou d'une formation supérieure en comptabilité expérience significative d'au moins 3 années en cabinet…
Voir l’offre
il y a 10 heures",True,,2025-12-16T10:40:18.039538
Emploi Comptabilité,https://www.hellowork.com/fr-fr/emplois/71535758.html,71535758,Collaborateur Comptable Confirmé H/F,KESY PARTNERS,35 000 - 50 000 € / an,CDI,35 000 - 50 000 € / an,il y a 10 heures,"Collaborateur Comptable Confirmé H/F
KESY PARTNERS
Marseille - 13
CDI
35 000 - 50 000 € / an
Télétravail partiel
… - Formation supérieure en comptabilité - Expérience significative (minimum…
Voir l’offre
il y a 10 heures",True,,2025-12-16T10:40:18.512421
Emploi Comptabilité,https://www.hellowork.com/fr-fr/emplois/71549718.html,71549718,Collaborateur Comptable Confirmé H/F,TFD Recrutement,29 000 - 37 000 € / an,CDI,29 000 - 37 000 € / an,il y a 10 heures,"Collaborateur Comptable Confirmé H/F
TFD Recrutement
Salon-de-Provence - 13
CDI
29 000 - 37 000 € / an
… - Titulaire d'un diplôme en comptabilité fiscalité et gestion de la…
Voir l’offre
il y a 10 heures",False,,2025-12-16T10:40:18.916918
Emploi Comptabilité,https://www.hellowork.com/fr-fr/emplois/71550068.html,71550068,Expert·e-Comptable H/F,TFD Recrutement,70 000 - 90 000 € / an,CDI,70 000 - 90 000 € / an,il y a 10 heures,"Expert·e-Comptable H/F
TFD Recrutement
Châteaurenard - 13
CDI
70 000 - 90 000 € / an
... long terme et justifiez impérativement d'une expérience similaire en tant qu'Expert-Comptable ou alors vous venez de valider le DEC et...
Voir l’offre
il y a 10 heures",False,,2025-12-16T10:40:34.340461
Emploi Comptabilité,https://www.hellowork.com/fr-fr/emplois/71548871.html,71548871,Trésorier - Analyste Trésorerie Groupe H/F,Logista France,45 000 - 55 000 € / an,CDI,45 000 - 55 000 € / an,il y a 10 heures,"Trésorier - Analyste Trésorerie Groupe H/F
Logista France
Vincennes - 94
CDI
45 000 - 55 000 € / an
Télétravail partiel
… II en Finance, Comptabilité ou domaine connexe.
Voir l’offre
il y a 10 heures",True,,2025-12-16T10:40:34.786603
Emploi Comptabilité,https://www.hellowork.com/fr-fr/emplois/62895644.html,62895644,Assistant Comptable H/F,Confidence RH,28 000 - 35 000 € / an,CDI,28 000 - 35 000 € / an,il y a 10 heures,"Assistant Comptable H/F
Confidence RH
Super recruteur
Saint-Genis-Laval - 69
CDI
28 000 - 35 000 € / an
Télétravail occasionnel
… Vous êtes diplômé(e) en comptabilité (alternance incluse). Vous appréciez…
Voir l’offre
il y a 10 heures",True,,2025-12-16T10:40:35.291934
Emploi Comptabilité,https://www.hellowork.com/fr-fr/emplois/60384011.html,60384011,Collaborateur Comptable Confirmé H/F,Cabinet Filigrane,35 000 - 45 000 € / an,CDI,35 000 - 45 000 € / an,il y a 10 heures,"Collaborateur Comptable Confirmé H/F
Cabinet Filigrane
Super recruteur
Huisseau-sur-Mauves - 45
CDI
35 000 - 45 000 € / an
Télétravail occasionnel
Filigrane recrute pour son client : Collaborateur Comptable Confirmé (H/F) Vous recherchez un environnement de travail moderne,...
Voir l’offre
il y a 10",True,,2025-12-16T10:40:35.804882
Emploi Comptabilité,https://www.hellowork.com/fr-fr/emplois/71536975.html,71536975,Collaborateur Comptable Sénior H/F,Comptalents,45 000 - 55 000 € / an,CDI,45 000 - 55 000 € / an,il y a 10 heures,"Collaborateur Comptable Sénior H/F
Comptalents
Paris - 75
CDI
45 000 - 55 000 € / an
Télétravail partiel
... en cliquant ici. En cas de contestation, une réclamation peut être introduite auprès de la CNIL. Pour en savoir plus...
Voir l’offre
il y a 10 heures",True,,2025-12-16T10:40:36.286950
Emploi Comptabilité,https://www.hellowork.com/fr-fr/emplois/71536971.html,71536971,Assistant Comptable - 35H sur 4.5J H/F,Talents AEC,22 000 - 27 000 € / an,CDI,22 000 - 27 000 € / an,il y a 10 heures,"Assistant Comptable - 35H sur 4.5J H/F
Talents AEC
Bourgoin-Jallieu - 38
CDI
22 000 - 27 000 € / an
Télétravail partiel
… avez à apporter au cabinet : - De formation supérieure en comptabilité /finance, vous justifiez d'une expérience réussie sur un poste…
Voir l’offre
il y a 10 heures",True,,2025-12-16T10:40:36.802738
Emploi Comptabilité,https://www.hellowork.com/fr-fr/emplois/71563402.html,71563402,Manager Comptable - Pme H/F,In Extenso,Donville-les-Bains - 50,CDI,,il y a 10 heures,"Manager Comptable - Pme H/F
In Extenso
Donville-les-Bains - 50
CDI
Télétravail partiel
… Compétences : Budget, Comptabilité , Management
Voir l’offre
il y a 10 heures",True,,2025-12-16T10:40:37.230163
Emploi Comptabilité,https://www.hellowork.com/fr-fr/emplois/42123612.html,42123612,Collaborateur Comptable H/F,Cabexperts Recrutement,33 000 - 36 000 € / an,CDI,33 000 - 36 000 € / an,il y a 10 heures,"Collaborateur Comptable H/F
Cabexperts Recrutement
Clermont-Ferrand - 63
CDI
33 000 - 36 000 € / an
Télétravail partiel
… 4 en cabinet comptable, vous possédez de solides connaissances en comptabilité et fiscalité. Vous êtes respectueux(se) des délais et…
Voir l’offre
il y a 10 heures",True,,2025-12-16T10:40:37.726629
Emploi Comptabilité,https://www.hellowork.com/fr-fr/emplois/60377603.html,60377603,Collaborateur Comptable Confirmé H/F,Cabinet Filigrane,35 000 - 45 000 € / an,CDI,35 000 - 45 000 € / an,il y a 10 heures,"Collaborateur Comptable Confirmé H/F
Cabinet Filigrane
Super recruteur
Henrichemont - 18
CDI
35 000 - 45 000 € / an
Télétravail occasionnel
... Processus de recrutement simplifié : - Échange téléphonique : Premier contact avec Filigrane pour discuter de vos aspirations et...
Voir l’offre
il y a 10 h",True,,2025-12-16T10:40:38.180391
Emploi Comptabilité,https://www.hellowork.com/fr-fr/emplois/60378675.html,60378675,Collaborateur Comptable Confirmé H/F,Cabinet Filigrane,35 000 - 45 000 € / an,CDI,35 000 - 45 000 € / an,il y a 10 heures,"Collaborateur Comptable Confirmé H/F
Cabinet Filigrane
Super recruteur
Déols - 36
CDI
35 000 - 45 000 € / an
Télétravail occasionnel
... - Gestion Comptable : Révision des comptes, réconciliation bancaire, suivi et clôture des comptes. - Déclarations Fiscales :...
Voir l’offre
il y a 10 heures",True,,2025-12-16T10:40:38.675488
Emploi Comptabilité,https://www.hellowork.com/fr-fr/emplois/60376717.html,60376717,Collaborateur Comptable Confirmé H/F,Cabinet Filigrane,35 000 - 45 000 € / an,CDI,35 000 - 45 000 € / an,il y a 10 heures,"Collaborateur Comptable Confirmé H/F
Cabinet Filigrane
Super recruteur
Lignières - 18
CDI
35 000 - 45 000 € / an
Télétravail occasionnel
... carrière. Votre rôle en tant que Collaborateur Comptable : En tant que membre clé...
Voir l’offre
il y a 10 heures",True,,2025-12-16T10:40:39.138625
Emploi Comptabilité,https://www.hellowork.com/fr-fr/emplois/60380129.html,60380129,Collaborateur Comptable Confirmé H/F,Cabinet Filigrane,35 000 - 45 000 € / an,CDI,35 000 - 45 000 € / an,il y a 10 heures,"Collaborateur Comptable Confirmé H/F
Cabinet Filigrane
Super recruteur
Fondettes - 37
CDI
35 000 - 45 000 € / an
Télétravail occasionnel
... pour développer votre carrière. Votre rôle en tant que Collaborateur Comptable : En tant...
Voir l’offre
il y a 10 heures",True,,2025-12-16T10:40:39.639065
Emploi Comptabilité,https://www.hellowork.com/fr-fr/emplois/66731030.html,66731030,Chef de Mission H/F,LEA,40 000 - 45 000 € / an,CDI,40 000 - 45 000 € / an,il y a 10 heures,"Chef de Mission H/F
LEA
Super recruteur
Perpignan - 66
CDI
40 000 - 45 000 € / an
… Profil recherché : - Formation : Bac +3 à Bac +5 en comptabilité .). - Expérience : Minimum 4 à 5 ans en cabinet d'expertise…
Voir l’offre
il y a 10 heures",False,,2025-12-16T10:40:40.084951
Emploi Comptabilité,https://www.hellowork.com/fr-fr/emplois/69219382.html,69219382,Comptable H/F,Solution Recrutement CDI CDD,30 000 - 35 000 € / an,CDI,30 000 - 35 000 € / an,il y a 10 heures,"Comptable H/F
Solution Recrutement CDI CDD
Super recruteur
Lavelanet - 09
CDI
30 000 - 35 000 € / an
… le candidat idéal si : - Vous êtes titulaire d'un Bac +2 en comptabilité d'au moins 5 ans d'expérience dans le domaine - Vous êtes…
Voir l’offre
il y a 10 heures",False,5 ans d'expérience,2025-12-16T10:40:40.531871
Emploi Comptabilité,https://www.hellowork.com/fr-fr/emplois/60380012.html,60380012,Collaborateur Comptable Confirmé H/F,Cabinet Filigrane,35 000 - 45 000 € / an,CDI,35 000 - 45 000 € / an,il y a 10 heures,"Collaborateur Comptable Confirmé H/F
Cabinet Filigrane
Super recruteur
Ardentes - 36
CDI
35 000 - 45 000 € / an
Télétravail occasionnel
... allie innovation, esprit collaboratif et accompagnement personnalisé pour développer votre carrière. Votre rôle en tant que Collaborateur...
Voir l’offre
il y a",True,,2025-12-16T10:40:41.016760
Emploi Comptabilité,https://www.hellowork.com/fr-fr/emplois/55594631.html,55594631,Collaborateur Comptable H/F,Mayer Consulting,35 000 - 40 000 € / an,CDI,35 000 - 40 000 € / an,il y a 10 heures,"Collaborateur Comptable H/F
Mayer Consulting
Fréjus - 83
CDI
35 000 - 40 000 € / an
Télétravail partiel
... Etre Force de proposition Sérieux Sens du relationnel Esprit d'équipe Réactivité...
Voir l’offre
il y a 10 heures",True,,2025-12-16T10:40:41.461944
Emploi Comptabilité,https://www.hellowork.com/fr-fr/emplois/66723106.html,66723106,Chef de Mission Expertise Comptable H/F,LEA,45 000 - 52 000 € / an,CDI,45 000 - 52 000 € / an,il y a 10 heures,"Chef de Mission Expertise Comptable H/F
LEA
Super recruteur
Montpellier - 34
CDI
45 000 - 52 000 € / an
… Participation aux rendez-vous bilan Profil recherché : - Diplôme en comptabilité ou finance - Expérience d'au moins 6 ans en cabinet…
Voir l’offre
il y a 10 heures",False,,2025-12-16T10:40:41.949081
Emploi Comptabilité,https://www.hellowork.com/fr-fr/emplois/66720484.html,66720484,Collaborateur Comptable Autonome H/F,TAC Recrutement,30 000 - 36 000 € / an,CDI,30 000 - 36 000 € / an,il y a 10 heures,"Collaborateur Comptable Autonome H/F
TAC Recrutement
Super recruteur
Narbonne - 11
CDI
30 000 - 36 000 € / an
Télétravail partiel
… comptable ou AGC. Titulaire d'une formation supérieure en comptabilité La confidentialité de votre candidature est assurée par notre …
Voir l’offre
il y a 10 heures",True,,2025-12-16T10:40:42.604335
Emploi Comptabilité,https://www.hellowork.com/fr-fr/emplois/66722945.html,66722945,Collaborateur Comptable H/F,BEHIVE,30 000 - 40 000 € / an,CDI,30 000 - 40 000 € / an,il y a 10 heures,"Collaborateur Comptable H/F
BEHIVE
Super recruteur
Montrevel-en-Bresse - 01
CDI
30 000 - 40 000 € / an
Télétravail partiel
… Issu(e) d'une formation Bac +2 ou supérieur en comptabilité expérience d'au moins 3 ans acquise en cabinet…
Voir l’offre
il y a 10 heures",True,,2025-12-16T10:40:43.111883
Emploi Comptabilité,https://www.hellowork.com/fr-fr/emplois/60378879.html,60378879,Collaborateur Comptable Confirmé H/F,Cabinet Filigrane,35 000 - 45 000 € / an,CDI,35 000 - 45 000 € / an,il y a 10 heures,"Collaborateur Comptable Confirmé H/F
Cabinet Filigrane
Super recruteur
Buzançais - 36
CDI
35 000 - 45 000 € / an
Télétravail occasionnel
... - Analyse et Reporting : Production de rapports financiers et d'analyses stratégiques pour éclairer les décisions des clients. ...
Voir l’offre
il y a 10 heure",True,,2025-12-16T10:40:43.634039
Emploi Ressources Humaines,https://www.hellowork.com/fr-fr/emplois/73738028.html,73738028,Gestionnaire de Paie H/F,,14 - 15 € / heure,CDI,14 - 15 € / heure,moins d'une heure,"Gestionnaire de Paie H/F
Cette entreprise souhaite rester anonyme
Serres-Castet - 64
CDI
14 - 15 € / heure
- Bonne logique comptables - Connaissance des logiciels SILAE et Kélio serait un plus - Bon relationnel
Voir l’offre
moins d'une heure",False,,2025-12-16T10:41:07.287062
Emploi Ressources Humaines,https://www.hellowork.com/fr-fr/emplois/73738018.html,73738018,Chargé de Recrutement à Saint Herblain H/F,Derichebourg Interim,Saint-Herblain - 44,CDI,2 000 € / mois,moins d'une heure,"Chargé de Recrutement à Saint Herblain H/F
Derichebourg Interim
Saint-Herblain - 44
CDI
2 000 € / mois
... Expérience : vous souhaitez travailler dans les ressources humaines, avec ou sans expérience, nous recherchons une personne polyvalente, à l'aise...
Voir l’offre
moins d'une heure",False,,2025-12-16T10:41:07.685090
Emploi Ressources Humaines,https://www.hellowork.com/fr-fr/emplois/73737975.html,73737975,Responsable Relations Sociales CDD H/F,Michael Page Intérim Management,60 000 - 62 000 € / an,CDD,60 000 - 62 000 € / an,moins d'une heure,"Responsable Relations Sociales CDD H/F
Michael Page Intérim Management
Roissy-en-France - 95
CDD
60 000 - 62 000 € / an
8 mois
... dans un secteur à forte main d'oeuvre; * Vous maîtrisez les outils bureautiques et avez une bonne aisance rédactionnelle.
Voir l’offre
moins d'une heure",False,,2025-12-16T10:41:08.149673
Emploi Ressources Humaines,https://www.hellowork.com/fr-fr/emplois/73737961.html,73737961,Responsable d'Agence SAV H/F,Page Personnel,43 000 - 47 000 € / an,CDI,43 000 - 47 000 € / an,moins d'une heure,"Responsable d'Agence SAV H/F
Page Personnel
Chassieu - 69
CDI
43 000 - 47 000 € / an
... Vous devez être doté.e de capacité à organiser, anticiper et fédérer une équipe.Rigueur, sens du service client et maîtrise des...
Voir l’offre
moins d'une heure",False,,2025-12-16T10:41:08.631683
Emploi Ressources Humaines,https://www.hellowork.com/fr-fr/emplois/73737806.html,73737806,Gestionnaire Paie H/F,Skills Rennes,28 000 - 33 000 € / an,CDI,28 000 - 33 000 € / an,moins d'une heure,"Gestionnaire Paie H/F
Skills Rennes
Changé - 53
CDI
28 000 - 33 000 € / an
... ses collaborateurs, et un cabinet partenaire de SKILLS Rennes, reconnu pour la qualité de son accompagnement et son exigence professionnelle.
Voir l’offre
moins d'une heure",False,,2025-12-16T10:41:09.052432
Emploi Ressources Humaines,https://www.hellowork.com/fr-fr/emplois/73737803.html,73737803,Gestionnaire de Paie H/F,Skills Montigny,35 000 - 45 000 € / an,Intérim,35 000 - 45 000 € / an,moins d'une heure,"Gestionnaire de Paie H/F
Skills Montigny
Vélizy-Villacoublay - 78
Intérim
35 000 - 45 000 € / an
... environnement structuré et exigeant. Vous serez amené(e) à contribuer activement à la fiabilité de la paie et à la qualité...
Voir l’offre
moins d'une heure",False,,2025-12-16T10:41:09.478324
Emploi Ressources Humaines,https://www.hellowork.com/fr-fr/emplois/73737801.html,73737801,Gestionnaire de Paie H/F,Skills Lyon,30 000 - 32 000 € / an,CDI,30 000 - 32 000 € / an,moins d'une heure,"Gestionnaire de Paie H/F
Skills Lyon
Lyon 9e - 69
CDI
30 000 - 32 000 € / an
... en gestion de la paie, RH ou comptabilité. - Expérience significative (2 à 3 ans) en gestion de la paie,...
Voir l’offre
moins d'une heure",False,,2025-12-16T10:41:09.931290
Emploi Ressources Humaines,https://www.hellowork.com/fr-fr/emplois/73737782.html,73737782,Responsable d'Agence H/F,Skills Vendée Poitou-Charentes,40 000 - 60 000 € / an,CDI,40 000 - 60 000 € / an,moins d'une heure,"Responsable d'Agence H/F
Skills Vendée Poitou-Charentes
Les Herbiers - 85
CDI
40 000 - 60 000 € / an
Télétravail partiel
... métier et souhaitez rejoindre une structure à taille humaine, offrant de belles perspectives d'évolution, ce poste est fait pour vous.
Voir l’offre
moins d'une heure",True,,2025-12-16T10:41:10.371062
Emploi Ressources Humaines,https://www.hellowork.com/fr-fr/emplois/73737761.html,73737761,Responsable d'Agence H/F,Skills Grenoble,47 000 - 55 000 € / an,CDI,47 000 - 55 000 € / an,moins d'une heure,"Responsable d'Agence H/F
Skills Grenoble
Moirans - 38
CDI
47 000 - 55 000 € / an
Nous recherchons un(e) Responsable d'agence, doté(e) d'une expérience significative dans la gestion d'agence ou de cabinet en expertise comptable. Vous...
Voir l’offre
moins d'une heure",False,,2025-12-16T10:41:10.834009
Emploi Ressources Humaines,https://www.hellowork.com/fr-fr/emplois/73737753.html,73737753,Responsable Agence H/F,Skills Grenoble,55 000 - 65 000 € / an,CDI,55 000 - 65 000 € / an,moins d'une heure,"Responsable Agence H/F
Skills Grenoble
Beaurepaire - 38
CDI
55 000 - 65 000 € / an
Pour ce poste de Responsable d'agence en cabinet d'expertise comptable, nous recherchons un(e) professionnel(le) rigoureux(se), engagé(e) et doté(e) d'un fort...
Voir l’offre
moins d'une heure",False,,2025-12-16T10:41:11.313049
Emploi Ressources Humaines,https://www.hellowork.com/fr-fr/emplois/73737750.html,73737750,Gestionnaire de Paie H/F,Skills Lyon,27 000 - 32 000 € / an,CDI,27 000 - 32 000 € / an,moins d'une heure,"Gestionnaire de Paie H/F
Skills Lyon
Thionville - 57
CDI
27 000 - 32 000 € / an
... Expérience confirmée de 2 à 3 ans minimum en gestion de paie - Connaissance approfondie de la législation sociale, des...
Voir l’offre
moins d'une heure",False,,2025-12-16T10:41:11.789901
Emploi Ressources Humaines,https://www.hellowork.com/fr-fr/emplois/73737736.html,73737736,Consultant en Recrutement H/F,Skills Paris,36 000 - 46 000 € / an,CDI,36 000 - 46 000 € / an,moins d'une heure,"Consultant en Recrutement H/F
Skills Paris
Grenoble - 38
CDI
36 000 - 46 000 € / an
... Solides compétences organisationnelles et capacité à gérer plusieurs processus de recrutement simultanément. - Esprit d'analyse et capacité à utiliser les...
Voir l’offre
moins d'une heure",False,,2025-12-16T10:41:12.251641
Emploi Ressources Humaines,https://www.hellowork.com/fr-fr/emplois/73737734.html,73737734,Gestionnaire de Paie H/F,Skills Lyon,28 000 - 38 000 € / an,CDI,28 000 - 38 000 € / an,moins d'une heure,"Gestionnaire de Paie H/F
Skills Lyon
Nancy - 54
CDI
28 000 - 38 000 € / an
... autonome et dotée d'un excellent sens de l'organisation pour occuper ce poste de gestionnaire de paie. Vous justifiez...
Voir l’offre
moins d'une heure",False,,2025-12-16T10:41:12.752348
Emploi Ressources Humaines,https://www.hellowork.com/fr-fr/emplois/73737690.html,73737690,Responsable Paie H/F,Skills Vendée Poitou-Charentes,35 000 - 40 000 € / an,CDI,35 000 - 40 000 € / an,moins d'une heure,"Responsable Paie H/F
Skills Vendée Poitou-Charentes
Poitiers - 86
CDI
35 000 - 40 000 € / an
Télétravail partiel
... Capacité d'analyse et veille juridique proactive. - Organisation et discrétion dans le traitement des données sensibles. Ce poste offre...
Voir l’offre
moins d'une heure",True,,2025-12-16T10:41:13.231048
Emploi Ressources Humaines,https://www.hellowork.com/fr-fr/emplois/73737684.html,73737684,Gestionnaire de Paie H/F,Skills Vendée Poitou-Charentes,28 000 - 32 000 € / an,CDI,28 000 - 32 000 € / an,moins d'une heure,"Gestionnaire de Paie H/F
Skills Vendée Poitou-Charentes
Lagord - 17
CDI
28 000 - 32 000 € / an
... un portefeuille clients important. Vous êtes rigoureux(se), organisé(e) et capable de travailler de manière autonome tout en étant réactif(ve) face...
Voir l’offre
moins d'une heure",False,,2025-12-16T10:41:13.675771
Emploi Ressources Humaines,https://www.hellowork.com/fr-fr/emplois/73737676.html,73737676,Gestionnaire Paie H/F,Skills Paris,30 000 - 35 000 € / an,CDI,30 000 - 35 000 € / an,moins d'une heure,"Gestionnaire Paie H/F
Skills Paris
Paris 2e - 75
CDI
30 000 - 35 000 € / an
Le profil recherché est : ·De formation Bac +2 minimum en gestion des ressources humaines ou en comptabilité, vous...
Voir l’offre
moins d'une heure",False,,2025-12-16T10:41:14.131163
Emploi Ressources Humaines,https://www.hellowork.com/fr-fr/emplois/73737675.html,73737675,Gestionnaire de Paie Confirmé H/F,Skills Lyon,33 000 - 38 000 € / an,CDI,33 000 - 38 000 € / an,moins d'une heure,"Gestionnaire de Paie Confirmé H/F
Skills Lyon
Saint-Didier-au-Mont-d'Or - 69
CDI
33 000 - 38 000 € / an
Télétravail partiel
... - Capacité à gérer plusieurs dossiers simultanément avec rigueur et autonomie. - Aisance relationnelle et sens du...
Voir l’offre
moins d'une heure",True,,2025-12-16T10:41:14.587398
Emploi Ressources Humaines,https://www.hellowork.com/fr-fr/emplois/73737668.html,73737668,Responsable d'Agence Comptable H/F,Skills Grenoble,47 000 - 55 000 € / an,CDI,47 000 - 55 000 € / an,moins d'une heure,"Responsable d'Agence Comptable H/F
Skills Grenoble
Moirans - 38
CDI
47 000 - 55 000 € / an
... dynamique et stimulant, ce poste est fait pour vous. Rejoignez une équipe ambitieuse et contribuez au succès du cabinet dans...
Voir l’offre
moins d'une heure",False,,2025-12-16T10:41:15.034443
Emploi Ressources Humaines,https://www.hellowork.com/fr-fr/emplois/73737642.html,73737642,Gestionnaire de Paie H/F,Skills Lyon,26 000 - 32 000 € / an,CDI,26 000 - 32 000 € / an,moins d'une heure,"Gestionnaire de Paie H/F
Skills Lyon
Metz - 57
CDI
26 000 - 32 000 € / an
... conventions collectives - Expérience dans la gestion des déclarations sociales, des cotisations et des obligations réglementaires - Capacité à suivre...
Voir l’offre
moins d'une heure",False,,2025-12-16T10:41:15.482126
Emploi Ressources Humaines,https://www.hellowork.com/fr-fr/emplois/73737613.html,73737613,Gestionnaire de Paie H/F,Skills Grenoble,30 000 - 35 000 € / an,CDI,30 000 - 35 000 € / an,moins d'une heure,"Gestionnaire de Paie H/F
Skills Grenoble
Chambéry - 73
CDI
30 000 - 35 000 € / an
... du travail en équipe. Vous aimez évoluer dans un cadre professionnel stimulant, où l'autonomie va de pair avec l'esprit...
Voir l’offre
moins d'une heure",False,,2025-12-16T10:41:15.910516
Emploi Ressources Humaines,https://www.hellowork.com/fr-fr/emplois/73737611.html,73737611,Gestionnaire de Paie H/F,Skills Vendée Poitou-Charentes,30 000 - 38 000 € / an,CDI,30 000 - 38 000 € / an,il y a 3 heures,"Gestionnaire de Paie H/F
Skills Vendée Poitou-Charentes
Les Sables-d'Olonne - 85
CDI
30 000 - 38 000 € / an
... d'évolution. Une montée en compétences est envisageable grâce à l'accompagnement des responsables de pôle et à des formations internes régulières.
Voir l’offre
il y a 3 heures",False,,2025-12-16T10:41:31.599108
Emploi Ressources Humaines,https://www.hellowork.com/fr-fr/emplois/73737600.html,73737600,Contrôleur de Gestion Sociale et Rémunération H/F,Skills Massy,45 000 - 51 000 € / an,Intérim,45 000 - 51 000 € / an,il y a 3 heures,"Contrôleur de Gestion Sociale et Rémunération H/F
Skills Massy
Ivry-sur-Seine - 94
Intérim
45 000 - 51 000 € / an
... universitaire. - Première expérience réussie en rémunération, contrôle de gestion sociale ou analyse RH. - Excellentes...
Voir l’offre
il y a 3 heures",False,,2025-12-16T10:41:32.027839
Emploi Ressources Humaines,https://www.hellowork.com/fr-fr/emplois/73737597.html,73737597,Responsable Social H/F,Skills Nice,35 000 - 45 000 € / an,CDI,35 000 - 45 000 € / an,il y a 3 heures,"Responsable Social H/F
Skills Nice
Fréjus - 83
CDI
35 000 - 45 000 € / an
... problématiques sociales complexes. - Sens du service client et aisance relationnelle, capable de conseiller et d'accompagner les dirigeants...
Voir l’offre
il y a 3 heures",False,,2025-12-16T10:41:32.450445
Emploi Ressources Humaines,https://www.hellowork.com/fr-fr/emplois/73737515.html,73737515,Responsable Ressources Humaines Magasin H/F,Leroy Merlin,41 000 - 46 000 € / an,CDI,41 000 - 46 000 € / an,il y a 4 heures,"Responsable Ressources Humaines Magasin H/F
Leroy Merlin
Saint-Priest-en-Jarez - 42
CDI
41 000 - 46 000 € / an
... arriver à n'importe quel moment. - Ne pas considérer le recrutement comme un fil rouge régulier. - Penser...
Voir l’offre
il y a 4 heures",False,,2025-12-16T10:41:32.883686
Emploi Ressources Humaines,https://www.hellowork.com/fr-fr/emplois/73736914.html,73736914,Consultant en Recrutement Indépendant H/F,Mistertemp',Massy - 91,,,il y a 6 heures,"Consultant en Recrutement Indépendant H/F
Mistertemp'
Massy - 91
Indépendant
... contrats, paie, facturation, déclarations... · Le soutien de proximité de l'agence Lynx...
Voir l’offre
il y a 6 heures",False,,2025-12-16T10:41:33.266579
Emploi Ressources Humaines,https://www.hellowork.com/fr-fr/emplois/73736910.html,73736910,Entreprenez dans le Recrutement - Recruteur Indépendant - Mistertemp' Group Poitiers H/F,Mistertemp',Poitiers - 86,,,il y a 8 heures,"Entreprenez dans le Recrutement - Recruteur Indépendant - Mistertemp' Group Poitiers H/F
Mistertemp'
Poitiers - 86
Indépendant
... : - Un groupe en forte croissance, réalisant plus de 420 millions d'euros de CA. -...
Voir l’offre
il y a 8 heures",False,,2025-12-16T10:41:48.175534
Emploi Ressources Humaines,https://www.hellowork.com/fr-fr/emplois/73736909.html,73736909,Consultant en Recrutement Indépendant Toulouse H/F,Mistertemp',Saint-Jean - 31,,,il y a 8 heures,"Consultant en Recrutement Indépendant Toulouse H/F
Mistertemp'
Saint-Jean - 31
Indépendant
... disposant d'un réseau de contacts dans la région. Le groupe vous accompagne dans le développement commercial de votre activité sur...
Voir l’offre
il y a 8 heures",False,,2025-12-16T10:41:48.627093
Emploi Ressources Humaines,https://www.hellowork.com/fr-fr/emplois/73736908.html,73736908,Consultant en Recrutement Indépendant Aubagne H/F,Mistertemp',Aubagne - 13,,,il y a 8 heures,"Consultant en Recrutement Indépendant Aubagne H/F
Mistertemp'
Aubagne - 13
Indépendant
... · Vous avez un intérêt pour la découverte des métiers afin d'être meilleur...
Voir l’offre
il y a 8 heures",False,,2025-12-16T10:41:49.051949
Emploi Ressources Humaines,https://www.hellowork.com/fr-fr/emplois/73736907.html,73736907,Devenez Consultant en Recrutement Indépendant - Accompagné par Mistertemp' Group Saint-Brieuc H/F,Mistertemp',Saint-Brieuc - 22,,,il y a 8 heures,"Devenez Consultant en Recrutement Indépendant - Accompagné par Mistertemp' Group Saint-Brieuc H/F
Mistertemp'
Saint-Brieuc - 22
Indépendant
... Votre mission : - Développer votre portefeuille clients sur tous secteurs d'activité - Gérer vos...
Voir l’offre
il y a 8 heures",False,,2025-12-16T10:42:04.257837
Emploi Ressources Humaines,https://www.hellowork.com/fr-fr/emplois/73736906.html,73736906,Consultant en Recrutement Indépendant H/F,Mistertemp',Montblanc - 34,,,il y a 8 heures,"Consultant en Recrutement Indépendant H/F
Mistertemp'
Montblanc - 34
Indépendant
... Nous accueillons les candidatures des personnes de tout genre, âge, ethnie, nationalité, religion, orientation sexuelle et handicap. ...
Voir l’offre
il y a 8 heures",False,,2025-12-16T10:42:04.685501
Emploi Ressources Humaines,https://www.hellowork.com/fr-fr/emplois/73736901.html,73736901,Consultant en Recrutement Indépendant Mâcon H/F,Mistertemp',Mâcon - 71,,,il y a 8 heures,"Consultant en Recrutement Indépendant Mâcon H/F
Mistertemp'
Mâcon - 71
Indépendant
... vous-même, de gérer votre planning librement et d'être rémunéré(e) à la hauteur de vos efforts ? -...
Voir l’offre
il y a 8 heures",False,,2025-12-16T10:42:05.137184
Emploi Ressources Humaines,https://www.hellowork.com/fr-fr/emplois/73736891.html,73736891,Consultant en Recrutement Indépendant - Angers H/F,Mistertemp',Angers - 49,,,il y a 8 heures,"Consultant en Recrutement Indépendant - Angers H/F
Mistertemp'
Angers - 49
Indépendant
... Un soutien administratif complet (gestion des heures, déclarations, contrats, factures, etc.) assuré par l'agence Aquila RH Angers. ...
Voir l’offre
il y a 8 heures",False,,2025-12-16T10:42:05.598140
Emploi Ressources Humaines,https://www.hellowork.com/fr-fr/emplois/73736887.html,73736887,Consultant en Recrutement Indépendant H/F,Mistertemp',Saint-Paul-Trois-Châteaux - 26,,,il y a 8 heures,"Consultant en Recrutement Indépendant H/F
Mistertemp'
Saint-Paul-Trois-Châteaux - 26
Indépendant
... Une formation personnalisée et un onboarding complet. · ...
Voir l’offre
il y a 8 heures",False,,2025-12-16T10:42:06.038106
Emploi Ressources Humaines,https://www.hellowork.com/fr-fr/emplois/73736886.html,73736886,Devenez Consultant en Recrutement Indépendant à la Mulatière H/F,Mistertemp',Bron - 69,,,il y a 8 heures,"Devenez Consultant en Recrutement Indépendant à la Mulatière H/F
Mistertemp'
Bron - 69
Indépendant
... : Collaborez avec l'agence Aquila RH La Mulatière et son équipe, déjà implantée sur le secteur. - Simplicité :...
Voir l’offre
il y a 8 heures",False,,2025-12-16T10:42:06.478900
Emploi Ressources Humaines,https://www.hellowork.com/fr-fr/emplois/73736885.html,73736885,Consultant en Recrutement Indépendant H/F,Mistertemp',Aix-en-Provence - 13,,,il y a 8 heures,"Consultant en Recrutement Indépendant H/F
Mistertemp'
Aix-en-Provence - 13
Indépendant
... fibre commerciale reconnue. Informations complémentaires Type de contrat : Autre ...
Voir l’offre
il y a 8 heures",False,,2025-12-16T10:42:06.894007
Emploi Ressources Humaines,https://www.hellowork.com/fr-fr/emplois/73736884.html,73736884,Consultant en Recrutement Indépendant - Aix en Provence H/F,Mistertemp',Aix-en-Provence - 13,,,il y a 8 heures,"Consultant en Recrutement Indépendant - Aix en Provence H/F
Mistertemp'
Aix-en-Provence - 13
Indépendant
... Une rémunération attractive, indexée sur vos performances. Pré-requis Pré-requis Devenir...
Voir l’offre
il y a 8 heures",False,,2025-12-16T10:42:07.277440
Emploi Ressources Humaines,https://www.hellowork.com/fr-fr/emplois/73736879.html,73736879,Consultant en Recrutement Indépendant Goussainville H/F,Mistertemp',Goussainville - 95,,,il y a 8 heures,"Consultant en Recrutement Indépendant Goussainville H/F
Mistertemp'
Goussainville - 95
Indépendant
... propre réussite grâce à votre engagement et votre rigueur. Avantages : · ...
Voir l’offre
il y a 8 heures",False,,2025-12-16T10:42:07.671078
Emploi Ressources Humaines,https://www.hellowork.com/fr-fr/emplois/73736873.html,73736873,Consultant en Recrutement Indépendant H/F,Mistertemp',Saint-Jean - 31,,,il y a 8 heures,"Consultant en Recrutement Indépendant H/F
Mistertemp'
Saint-Jean - 31
Indépendant
... les outils digitaux · Vous avez une véritable sensibilité pour les métiers...
Voir l’offre
il y a 8 heures",False,,2025-12-16T10:42:08.046365
Emploi Ressources Humaines,https://www.hellowork.com/fr-fr/emplois/73736870.html,73736870,Consultant en Recrutement Indépendant Rosny Sous-Bois H/F,Mistertemp',Rosny-sous-Bois - 93,,,il y a 8 heures,"Consultant en Recrutement Indépendant Rosny Sous-Bois H/F
Mistertemp'
Rosny-sous-Bois - 93
Indépendant
... Accès aux principaux jobboards et multidiffusion d'annonces pour maximiser votre sourcing · ...
Voir l’offre
il y a 8 heures",False,,2025-12-16T10:42:08.500627
Emploi Ressources Humaines,https://www.hellowork.com/fr-fr/emplois/73736782.html,73736782,Chargé de Recrutement H/F,Aboutir Emploi,1 900 - 2 000 € / mois,CDI,1 900 - 2 000 € / mois,il y a 8 heures,"Chargé de Recrutement H/F
Aboutir Emploi
La Rochelle - 17
CDI
1 900 - 2 000 € / mois
... Vous aimez le challenge et vous souhaitez un poste polyvalent. Alors n'hésitez plus à candidater en nous envoyant votre CV...
Voir l’offre
il y a 8 heures",False,,2025-12-16T10:42:08.938471
Emploi Ressources Humaines,https://www.hellowork.com/fr-fr/emplois/73736725.html,73736725,Chargé de Recrutement H/F,Adeva Nantes Ouest,Saint-Herblain - 44,CDI,,il y a 8 heures,"Chargé de Recrutement H/F
Adeva Nantes Ouest
Saint-Herblain - 44
CDI
... une expérience stimulante où l'ennui n'a pas sa place ! Mes avantages : - Une mutuelle santé /...
Voir l’offre
il y a 8 heures",False,,2025-12-16T10:42:09.295225
Emploi Ressources Humaines,https://www.hellowork.com/fr-fr/emplois/73736714.html,73736714,Responsable d'Agence Grenoble ou Environs H/F,Jubil Intérim,35 000 - 50 000 € / an,CDI,35 000 - 50 000 € / an,il y a 8 heures,"Responsable d'Agence Grenoble ou Environs H/F
Jubil Intérim
Sassenage - 38
CDI
35 000 - 50 000 € / an
Télétravail partiel
... Ayant un Bac +2 minimum, vous avez une expérience dans la prestation de services BtoB et une bonne connaissance du...
Voir l’offre
il y a 8 heures",True,,2025-12-16T10:42:09.796110
Emploi Ressources Humaines,https://www.hellowork.com/fr-fr/emplois/73736614.html,73736614,Responsable Compensation And Benefits H/F,,60 000 - 90 000 € / an,CDD,60 000 - 90 000 € / an,il y a 8 heures,"Responsable Compensation And Benefits H/F
Cette entreprise souhaite rester anonyme
Paris 8e - 75
CDD
60 000 - 90 000 € / an
Télétravail partiel
+ 1
... une fonction similaire, en rémunération, paie ou ADP, dans un rôle à forte responsabilité opérationnelle avec un anglais professionnel requis
Voir l",True,,2025-12-16T10:42:10.253304
Emploi Ressources Humaines,https://www.hellowork.com/fr-fr/emplois/73736495.html,73736495,Technicien Paie H/F,Expectra,30 000 - 34 000 € / an,Intérim,30 000 - 34 000 € / an,il y a 8 heures,"Technicien Paie H/F
Expectra
Colomiers - 31
Intérim
30 000 - 34 000 € / an
Télétravail partiel
+ 1
... 5 ans d'expérience dans un rôle similaire - Solide maîtrise de la paie et des logiciels ADP et Horoquartz -...
Voir l’offre
il y a 8 heures",True,5 ans d'expérience,2025-12-16T10:42:10.748367
Emploi Ressources Humaines,https://www.hellowork.com/fr-fr/emplois/73736482.html,73736482,Talent Acquisition Fonctions Commerciales H/F,Capgemini,Issy-les-Moulineaux - 92,CDD,,il y a 9 heures,"Talent Acquisition Fonctions Commerciales H/F
Capgemini
Issy-les-Moulineaux - 92
CDD
Télétravail occasionnel
6 mois
... appétence pour la chasse via LinkedIn, le challenge et la négociation. * Vous êtes curieux, perséverant, rigoureux et discret.
Voir l’offre
il y a 9 heures",True,,2025-12-16T10:42:11.166931
Emploi Ressources Humaines,https://www.hellowork.com/fr-fr/emplois/73736235.html,73736235,Chargé de Recrutement H/F,Partnaire,22 000 - 25 000 € / an,CDI,22 000 - 25 000 € / an,il y a 9 heures,"Chargé de Recrutement H/F
Partnaire
Saint-Gilles-Croix-de-Vie - 85
CDI
22 000 - 25 000 € / an
Travail de jour
... serait un atout. Votre capacité à vous approprier notre culture d'entreprise, votre sens du service ainsi que votre...
Voir l’offre
il y a 9 heures",False,,2025-12-16T10:42:11.595662
Emploi Ressources Humaines,https://www.hellowork.com/fr-fr/emplois/73736216.html,73736216,Chargé de Recrutement H/F,Groupe Actual,25 000 - 30 000 € / an,CDI,25 000 - 30 000 € / an,il y a 9 heures,"Chargé de Recrutement H/F
Groupe Actual
Toulouse - 31
CDI
25 000 - 30 000 € / an
Travail de jour
... travail temporaire. Une bonne connaissance du bassin d'emploi local serait un atout supplémentaire. Doté(e) d'un excellent sens...
Voir l’offre
il y a 9 heures",False,,2025-12-16T10:42:12.034037
Emploi Ressources Humaines,https://www.hellowork.com/fr-fr/emplois/73736196.html,73736196,Gestionnaire de Paie H/F,Groupe Actual,2 000 - 2 900 € / mois,Intérim,2 000 - 2 900 € / mois,il y a 9 heures,"Gestionnaire de Paie H/F
Groupe Actual
Saint-Denis-la-Chevasse - 85
Intérim
2 000 - 2 900 € / mois
Travail de jour
+ 2
... Vous appréciez les environnements dynamiques, les équipes autonomes et la proximité terrain Bonus :...
Voir l’offre
il y a 9 heures",False,,2025-12-16T10:42:12.524925
Emploi Ressources Humaines,https://www.hellowork.com/fr-fr/emplois/73736050.html,73736050,Responsable d'Agence H/F,Triangle Intérim,35 000 - 40 000 € / an,CDI,35 000 - 40 000 € / an,il y a 9 heures,"Responsable d'Agence H/F
Triangle Intérim
Angoulême - 16
CDI
35 000 - 40 000 € / an
... de Terrain, vous avez un réel goût du Challenge et un vrai sens du contact. Une expérience réussie dans le...
Voir l’offre
il y a 9 heures",False,,2025-12-16T10:42:27.401185
Emploi Ressources Humaines,https://www.hellowork.com/fr-fr/emplois/73735984.html,73735984,Consultant Recrutement H/F,Triangle Intérim,2 000 - 2 500 € / mois,CDI,2 000 - 2 500 € / mois,il y a 9 heures,"Consultant Recrutement H/F
Triangle Intérim
Angoulême - 16
CDI
2 000 - 2 500 € / mois
... talents. Vous maitrisez le sourcing sur le bout des doigts. Vous êtes proactif, dynamique et passionné(e) par le Recrutement. Vous...
Voir l’offre
il y a 9 heures",False,,2025-12-16T10:42:27.897711
Emploi Ressources Humaines,https://www.hellowork.com/fr-fr/emplois/73735910.html,73735910,Assistant RH H/F,Groupe Actual,"11,88 - 12 € / heure",Intérim,"11,88 - 12 € / heure",il y a 9 heures,"Assistant RH H/F
Groupe Actual
Vieillevigne - 44
Intérim
11,88 - 12 € / heure
Travail de jour
+ 1
... gérer les tâches administratives avec précision est essentielle. Une attention particulière aux détails et un sens aigu de l'organisation sont...
Voir l’offre
il y a 9 heures",False,,2025-12-16T10:42:28.319114
Emploi Ressources Humaines,https://www.hellowork.com/fr-fr/emplois/73735567.html,73735567,Stage Gestionnaire RH - Administration du Personnel H/F,Merieux Nutrisciences Silliker,Cergy - 95,Stage,,il y a 9 heures,"Stage Gestionnaire RH - Administration du Personnel H/F
Merieux Nutrisciences Silliker
Super recruteur
Cergy - 95
Stage
6 mois
... à gérer plusieurs missions en parallèle Environnement de travail Stage réalisé en open space au sein d'une équipe...
Voir l’offre
il y a 9 heures",False,,2025-12-16T10:42:28.729815
Emploi Ressources Humaines,https://www.hellowork.com/fr-fr/emplois/73735563.html,73735563,Assistant d'Agence - Chargé de Recrutement H/F,Sup Interim,Saint-Vit - 25,CDI,12 € / heure,il y a 9 heures,"Assistant d'Agence - Chargé de Recrutement H/F
Sup Interim
Saint-Vit - 25
CDI
12 € / heure
Travail de jour
... humain, le travail en équipe et les journées bien remplies - À l'aise avec les outils digitaux et les réseaux...
Voir l’offre
il y a 9 heures",False,,2025-12-16T10:42:29.136396
Emploi Ressources Humaines,https://www.hellowork.com/fr-fr/emplois/73735388.html,73735388,Responsable Paie et Administration du Personnel - France et International H/F,PONANT,Marseille - 13,CDI,,il y a 9 heures,"Responsable Paie et Administration du Personnel - France et International H/F
PONANT
Marseille - 13
CDI
Télétravail occasionnel
... sujets en parallèle et travaillez efficacement en équipe, de manière transverse. Votre esprit de synthèse et d'analyse vous permet...
Voir l’offre
il y a 9 heures",True,,2025-12-16T10:42:29.590855
Emploi Ressources Humaines,https://www.hellowork.com/fr-fr/emplois/73735383.html,73735383,Responsable d'Agence H/F,Vitalliance Siège,2 500 - 3 000 € / mois,CDI,2 500 - 3 000 € / mois,il y a 9 heures,"Responsable d'Agence H/F
Vitalliance Siège
Super recruteur
Saint-André-de-Cubzac - 33
CDI
2 500 - 3 000 € / mois
... sur le terrain et travailler en équipe. - Vous êtes autonome et avez envie de faire partie d'une aventure...
Voir l’offre
il y a 9 heures",False,,2025-12-16T10:42:30.106780
Emploi Ressources Humaines,https://www.hellowork.com/fr-fr/emplois/73735309.html,73735309,Gestionnaire de Paie H/F,Mercato de l'emploi,28 000 - 36 000 € / an,CDI,28 000 - 36 000 € / an,il y a 9 heures,"Gestionnaire de Paie H/F
Mercato de l'emploi
Auray - 56
CDI
28 000 - 36 000 € / an
... du paramétrage du logiciel serait fortement appréciée. Très attentif(ve) à la confidentialité et à la qualité du...
Voir l’offre
il y a 9 heures",False,,2025-12-16T10:42:30.573281
Emploi Ressources Humaines,https://www.hellowork.com/fr-fr/emplois/73735305.html,73735305,Responsable RH H/F,Armonia,3 400 - 3 650 € / mois,CDI,3 400 - 3 650 € / mois,il y a 9 heures,"Responsable RH H/F
Armonia
Super recruteur
Paris - 75
CDI
3 400 - 3 650 € / mois
Télétravail partiel
... des managers - Rigueur juridique et sens des priorités - Autonomie, réactivité et capacité à gérer des sujets...
Voir l’offre
il y a 9 heures",True,,2025-12-16T10:42:31.051349
Emploi Ressources Humaines,https://www.hellowork.com/fr-fr/emplois/73734705.html,73734705,Assistant Chargé de Recrutement - Stage H/F,Lynx RH,Nancy - 54,Stage,,il y a 9 heures,"Assistant Chargé de Recrutement - Stage H/F
Lynx RH
Nancy - 54
Stage
121 jours
... que tout roule. - Participer activement à la vie de l'agence et aux projets RH. ...
Voir l’offre
il y a 9 heures",False,,2025-12-16T10:42:31.477062
Emploi Ressources Humaines,https://www.hellowork.com/fr-fr/emplois/73734630.html,73734630,Gestionnaire Paie et Administration du Personnel H/F,Lynx RH,31 999 - 32 000 € / an,Intérim,31 999 - 32 000 € / an,il y a 9 heures,"Gestionnaire Paie et Administration du Personnel H/F
Lynx RH
Le Kremlin-Bicêtre - 94
Intérim
31 999 - 32 000 € / an
68 jours
... Vos missions - Recevoir et analyser les demandes d'attestations émises par les collaborateurs ...
Voir l’offre
il y a 9 heures",False,,2025-12-16T10:42:31.917434
Emploi Ressources Humaines,https://www.hellowork.com/fr-fr/emplois/73734591.html,73734591,Consultant en Recrutement H/F,Aquila RH,Gagny - 93,CDI,,il y a 9 heures,"Consultant en Recrutement H/F
Aquila RH
Gagny - 93
CDI
... tout au long du processus de recrutement. - Développer et maintenir des relations solides avec nos clients et comprendre leurs...
Voir l’offre
il y a 9 heures",False,,2025-12-16T10:42:32.328271
Emploi Ressources Humaines,https://www.hellowork.com/fr-fr/emplois/73734506.html,73734506,Assistant Formation H/F,Lynx RH,36 000 - 38 999 € / an,Intérim,36 000 - 38 999 € / an,il y a 9 heures,"Assistant Formation H/F
Lynx RH
Nanterre - 92
Intérim
36 000 - 38 999 € / an
32 jours
... Informations complémentaires Type de contrat : Intérim Temps de travail :...
Voir l’offre
il y a 9 heures",False,,2025-12-16T10:42:32.777223
Emploi Ressources Humaines,https://www.hellowork.com/fr-fr/emplois/73732994.html,73732994,Responsable Ressources Humaines H/F,Start People,Bouxwiller - 67,CDI,3 750 € / mois,il y a 9 heures,"Responsable Ressources Humaines H/F
Start People
Bouxwiller - 67
CDI
3 750 € / mois
... 5 ans sur un poste similaire -Vous maîtriser la législation du travail et de la paie -Vous avez...
Voir l’offre
il y a 9 heures",False,,2025-12-16T10:42:33.231865
Emploi Ressources Humaines,https://www.hellowork.com/fr-fr/emplois/73732886.html,73732886,Assistant RH H/F,Start People.,13 - 15 € / heure,Intérim,13 - 15 € / heure,il y a 9 heures,"Assistant RH H/F
Start People.
Holtzheim - 67
Intérim
13 - 15 € / heure
3 mois
... l'outil informatique et du pack office, Word et Excel Votre rigueur, dynamisme, autonomie et discrétion seront des qualités indispensables. Dans...
Voir l’offre
il y a 9 heures",False,,2025-12-16T10:42:33.676426
Emploi Ressources Humaines,https://www.hellowork.com/fr-fr/emplois/73732711.html,73732711,Assistant d'Agence H/F,Azaé,Béthune - 62,CDI,13 € / heure,il y a 9 heures,"Assistant d'Agence H/F
Azaé
Béthune - 62
CDI
13 € / heure
... voir nos collaborateurs grandir et s'épanouir. Notre philosophie de recrutement : rassembler des talents et contribuer à leur bien-être !
Voir l’offre
il y a 9 heures",False,,2025-12-16T10:42:34.136765
Emploi Ressources Humaines,https://www.hellowork.com/fr-fr/emplois/73732246.html,73732246,Chargé de Recrutement H/F,Synergie,20 000 - 25 000 € / an,CDD,20 000 - 25 000 € / an,il y a 9 heures,"Chargé de Recrutement H/F
Synergie
Nantes - 44
CDD
20 000 - 25 000 € / an
... à conditions De nombreux avantages via un CSE national Horaires de journées 12 RTT/an Matériel informatique mis...
Voir l’offre
il y a 9 heures",False,,2025-12-16T10:42:34.619243
Emploi Ressources Humaines,https://www.hellowork.com/fr-fr/emplois/73732141.html,73732141,Chef de Projet Paie H/F,Pay Job,35 000 - 40 000 € / an,CDI,35 000 - 40 000 € / an,il y a 9 heures,"Chef de Projet Paie H/F
Pay Job
Paris - 75
CDI
35 000 - 40 000 € / an
... - Faire un audit des pratiques de paies actuelles en lien avec la réglementation du travail, la ccn et...
Voir l’offre
il y a 9 heures",False,,2025-12-16T10:42:35.022717
Emploi Ressources Humaines,https://www.hellowork.com/fr-fr/emplois/73732126.html,73732126,Gestionnaire de Paie H/F,Pay Job,30 000 - 33 000 € / an,Intérim,30 000 - 33 000 € / an,il y a 9 heures,"Gestionnaire de Paie H/F
Pay Job
Soisy-sur-Seine - 91
Intérim
30 000 - 33 000 € / an
PAY JOB, cabinet de recrutement spécialisé en Paie, vous propose régulièrement des offres d'emploi ciblées (Gestionnaire / Responsable Paie, ADP...
Voir l’offre
il y a 9 heures",False,,2025-12-16T10:42:35.484936
Emploi Ressources Humaines,https://www.hellowork.com/fr-fr/emplois/73732120.html,73732120,Gestionnaire Administration du Personnel H/F,Pay Job,35 000 - 38 000 € / an,Intérim,35 000 - 38 000 € / an,il y a 9 heures,"Gestionnaire Administration du Personnel H/F
Pay Job
Saint-Ouen-l'Aumône - 95
Intérim
35 000 - 38 000 € / an
Télétravail partiel
PAY JOB, cabinet de recrutement spécialisé en Paie, vous propose régulièrement des offres d'emploi ciblées (Gestionnaire / Responsable Paie, ADP...
Voir l’offre
il y a 9 h",True,,2025-12-16T10:42:35.948426
Emploi Ressources Humaines,https://www.hellowork.com/fr-fr/emplois/73732113.html,73732113,Gestionnaire Paie et ADP H/F,Pay Job,40 000 - 42 000 € / an,Intérim,40 000 - 42 000 € / an,il y a 9 heures,"Gestionnaire Paie et ADP H/F
Pay Job
Ivry-sur-Seine - 94
Intérim
40 000 - 42 000 € / an
... bon relationnel et rédactionnel. Statut : Non cadre, 35 heures Rémunération : 35/42K€ sur...
Voir l’offre
il y a 9 heures",False,,2025-12-16T10:42:51.565730
Emploi Ressources Humaines,https://www.hellowork.com/fr-fr/emplois/73732035.html,73732035,Alternance - Assistant de Ressources Humaines H/F,Studi CFA,"486,49 - 1 801,80 € / mois",Alternance,"486,49 - 1 801,80 € / mois",il y a 10 heures,"Alternance - Assistant de Ressources Humaines H/F
Studi CFA
Sète - 34
Alternance
486,49 - 1 801,80 € / mois
... niveau, ou porteurs d'un projet de création/reprise d'entreprise. Seuls les candidats intéressés pour suivre une formation STUDI...
Voir l’offre
il y a 10 heures",False,,2025-12-16T10:42:51.951709
Emploi Ressources Humaines,https://www.hellowork.com/fr-fr/emplois/73732023.html,73732023,Recrutement Interne H/F,FEELINKS,Toulouse - 31,CDI,,il y a 10 heures,"Recrutement Interne H/F
FEELINKS
Super recruteur
Toulouse - 31
CDI
... des services modernes et adaptés à leurs besoins. Le projet : casser les codes du recrutement classique en promouvant un...
Voir l’offre
il y a 10 heures",False,,2025-12-16T10:42:52.390004
Emploi Ressources Humaines,https://www.hellowork.com/fr-fr/emplois/71022414.html,71022414,Chef de Projet RH - Stage H/F,Pierre Fabre,Haute-Garonne - 31,Stage,,il y a 10 heures,"Chef de Projet RH - Stage H/F
Pierre Fabre
Haute-Garonne - 31
Stage
Télétravail partiel
... reconnue d'utilité publique, et secondairement par ses collaborateurs à travers un plan d'actionnariat salarié. En 2021, Ecocert Environnement a...
Voir l’offre
il y a 10 heures",True,,2025-12-16T10:42:52.773769
Emploi Ressources Humaines,https://www.hellowork.com/fr-fr/emplois/71553634.html,71553634,Rsp Compensations et Bénéfices H/F,LHH Recruitment Solutions,100 000 - 105 000 € / an,CDI,100 000 - 105 000 € / an,il y a 10 heures,"Rsp Compensations et Bénéfices H/F
LHH Recruitment Solutions
Boulogne-Billancourt - 92
CDI
100 000 - 105 000 € / an
... de vos ambitions, nos spécialistes en recrutement vous conseillent et vous guident afin de vous épanouir et d'atteindre la prochaine...
Voir l’offre
il y a 10 heures",False,,2025-12-16T10:42:53.238518
Emploi Ressources Humaines,https://www.hellowork.com/fr-fr/emplois/71551262.html,71551262,Alternance- Assistantadministratif BTS Sam H/F,Institut F2I,Paris - 75,Alternance,"1 801,80 € / mois",il y a 10 heures,"Alternance- Assistantadministratif BTS Sam H/F
Institut F2I
Paris - 75
Alternance
1 801,80 € / mois
24 mois
... un poste similaire, vous êtes le profil idéal. Cette offre est à pourvoir exclusivement via notre école....
Voir l’offre
il y a 10 heures",False,,2025-12-16T10:42:53.750918
Emploi Ressources Humaines,https://www.hellowork.com/fr-fr/emplois/71550694.html,71550694,Chargé de Recrutement en Alternance H/F,Groupe Alternance Toulon,Toulon - 83,Alternance,,il y a 10 heures,"Chargé de Recrutement en Alternance H/F
Groupe Alternance Toulon
Toulon - 83
Alternance
12 mois
Grâce à un accompagnement personnalisé et un réseau de partenaires unique, c'est la garantie de démarrer votre alternance en apprentissage...
Voir l’offre
il y a 10 heures",False,,2025-12-16T10:42:54.229634
Emploi Ressources Humaines,https://www.hellowork.com/fr-fr/emplois/71552451.html,71552451,Chargée de Recrutement en Alternance H/F,Groupe Alternance Aix-en-Provence,774 - 1 801 € / mois,Alternance,774 - 1 801 € / mois,il y a 10 heures,"Chargée de Recrutement en Alternance H/F
Groupe Alternance Aix-en-Provence
Aix-en-Provence - 13
Alternance
774 - 1 801 € / mois
24 mois
... gratuite (aucun frais d'inscription ni de scolarité) - Un accompagnement pédagogique personnalisé - Des perspectives d'embauche réelles à l'issue de...
Voir l’o",False,,2025-12-16T10:42:54.664007
Emploi Ressources Humaines,https://www.hellowork.com/fr-fr/emplois/71550663.html,71550663,Gestionnaire de Paie H/F,TFD Recrutement,28 000 - 30 000 € / an,CDI,28 000 - 30 000 € / an,il y a 10 heures,"Gestionnaire de Paie H/F
TFD Recrutement
Sainte-Maxime - 83
CDI
28 000 - 30 000 € / an
Télétravail occasionnel
... évoluer dans une entreprise chaleureuse, à l'ambiance familiale où le bien être du collaborateur est essentiel, alors postulez vite !
Voir l’offre
il y a 10 heures",True,,2025-12-16T10:42:55.114819
Emploi Ressources Humaines,https://www.hellowork.com/fr-fr/emplois/71565058.html,71565058,Stage en Développement RH H/F,Safran,Bordes - 64,Stage,,il y a 10 heures,"Stage en Développement RH H/F
Safran
Bordes - 64
Stage
6 mois
... Humaines. Vous combinez rigueur d'analyse et créativité de présentation. À l'aise avec la rédaction, les outils de présentation (PowerPoint,...
Voir l’offre
il y a 10 heures",False,,2025-12-16T10:42:55.536323
Emploi Ressources Humaines,https://www.hellowork.com/fr-fr/emplois/71562893.html,71562893,Stage - Gestionnaire de Paie H/F,Dassault Systèmes,Vélizy-Villacoublay - 78,Stage,,il y a 10 heures,"Stage - Gestionnaire de Paie H/F
Dassault Systèmes
Vélizy-Villacoublay - 78
Stage
... axé sur le bien-être et la santé (salles de sport & de musique, conciergerie...) - Engagement...
Voir l’offre
il y a 10 heures",False,,2025-12-16T10:42:55.943862
Emploi Ressources Humaines,https://www.hellowork.com/fr-fr/emplois/71560542.html,71560542,Chargéde Mission RH sur la Gestion du Temps de Travail H/F,Etablissement Public de Santé Mentale (EPSM) de la Marne,Châlons-en-Champagne - 51,CDD,,il y a 10 heures,"Chargéde Mission RH sur la Gestion du Temps de Travail H/F
Etablissement Public de Santé Mentale (EPSM) de la Marne
Châlons-en-Champagne - 51
CDD
6 mois
... Secrétariat et gestion administrative Bon rédactionnel - Qualités relationnelles ...
Voir l’offre
il y a 10 heures",False,,2025-12-16T10:42:56.353291
Emploi Ressources Humaines,https://www.hellowork.com/fr-fr/emplois/62895026.html,62895026,Chargé de Recrutement en Alternance H/F,Institut F2I,Paris - 75,Alternance,,il y a 10 heures,"Chargé de Recrutement en Alternance H/F
Institut F2I
Paris - 75
Alternance
Télétravail occasionnel
12 mois
... sur un poste similaire. Vous avez un grand sens du relationnel et avez une bonne capacité à...
Voir l’offre
il y a 10 heures",True,,2025-12-16T10:42:56.793471
Emploi Ressources Humaines,https://www.hellowork.com/fr-fr/emplois/62882592.html,62882592,Consultant en Recrutement Alternance - Recrutement & Développement Commercial H/F,Job2beDone,"486,49 - 1 801,80 € / mois",Alternance,"486,49 - 1 801,80 € / mois",il y a 10 heures,"Consultant en Recrutement Alternance - Recrutement & Développement Commercial H/F
Job2beDone
Paris - 75
Alternance
486,49 - 1 801,80 € / mois
... de l'excellence et du challenge, où vous aurez un vrai impact. - Des opportunités d'évolution vers un poste de...
Voir l’offre
il y a 10 heures",False,,2025-12-16T10:42:57.226622
Emploi Ressources Humaines,https://www.hellowork.com/fr-fr/emplois/58075203.html,58075203,Assistant Ressources Humaines en Alternance H/F,Ipac Bachelor Factory Laval,Laval - 53,Alternance,"1 801,80 € / mois",il y a 10 heures,"Assistant Ressources Humaines en Alternance H/F
Ipac Bachelor Factory Laval
Laval - 53
Alternance
1 801,80 € / mois
12 mois
- Capacité d'organisation - Polyvalence - Aisance relationnelle
Voir l’offre
il y a 10 heures",False,,2025-12-16T10:42:57.690616
Emploi Ressources Humaines,https://www.hellowork.com/fr-fr/emplois/65454140.html,65454140,Consultant en Recrutement Practice Leader - CDI H/F,Job2beDone,Paris - 75,CDI,,il y a 10 heures,"Consultant en Recrutement Practice Leader - CDI H/F
Job2beDone
Paris - 75
CDI
... engagement et rigueur. - Esprit d'initiative : Vous aimez les défis et avez une vision stratégique. ...
Voir l’offre
il y a 10 heures",False,,2025-12-16T10:42:58.141459
Emploi Ressources Humaines,https://www.hellowork.com/fr-fr/emplois/47268636.html,47268636,Alternance - Assistant RH H/F,Digital School of Paris,Paris - 75,Alternance,,il y a 10 heures,"Alternance - Assistant RH H/F
Digital School of Paris
Paris - 75
Alternance
Télétravail partiel
24 mois
... stage Ressources Humaines - Bonne maîtrise du Pack Office (Word, Excel, Ppt) - Capacité à travailler...
Voir l’offre
il y a 10 heures",True,,2025-12-16T10:42:58.593944
Emploi Ressources Humaines,https://www.hellowork.com/fr-fr/emplois/69231624.html,69231624,Assistant d'Agence en Alternance H/F,Horizon,Saverne - 67,Alternance,"21 621,60 € / an",il y a 10 heures,"Assistant d'Agence en Alternance H/F
Horizon
Saverne - 67
Alternance
21 621,60 € / an
24 mois
... SP3S (Services et Prestations des Secteurs Sanitaire et Social) dans notre centre, tout en développant des compétences sur le terrain.
Voir l’offre
il y a 10 heures",False,,2025-12-16T10:42:59.033082
Emploi Ressources Humaines,https://www.hellowork.com/fr-fr/emplois/71549303.html,71549303,Responsable Ressources Humaines H/F,Elior Services,50 000 - 55 000 € / an,CDI,50 000 - 55 000 € / an,il y a 10 heures,"Responsable Ressources Humaines H/F
Elior Services
Créteil - 94
CDI
50 000 - 55 000 € / an
... disciplinaires. De nature autonome, dynamique et rigoureuse, vous appréciez la relation avec les équipes terrain en perpétuel mouvement. Vous maîtrisez...
Voir l’offre
il y a 10 heures",False,,2025-12-16T10:42:59.492679
Emploi Ressources Humaines,https://www.hellowork.com/fr-fr/emplois/71566567.html,71566567,Commercial Chasseur & Consultant en Recrutement H/F,RÉSEAU TALENTS,25 000 - 35 000 € / an,CDI,25 000 - 35 000 € / an,il y a 10 heures,"Commercial Chasseur & Consultant en Recrutement H/F
RÉSEAU TALENTS
Super recruteur
Lons-le-Saunier - 39
CDI
25 000 - 35 000 € / an
Télétravail partiel
... excellez dans les techniques de prospection et savez être convaincant(e) au téléphone. Vos Qualités Humaines (Savoir-Être) :...
Voir l’offre
il y",True,,2025-12-16T10:43:00.044228
Emploi Ressources Humaines,https://www.hellowork.com/fr-fr/emplois/71568072.html,71568072,Chargé de Missions RH et Droit Social - Stage Ppi H/F,RATP Cap île-de-France,Neuilly-Plaisance - 93,Stage,,il y a 10 heures,"Chargé de Missions RH et Droit Social - Stage Ppi H/F
RATP Cap île-de-France
Neuilly-Plaisance - 93
Stage
... ferroviaire, transport à la demande - pour une mobilité durable et performante au service de millions de voyageurs. ...
Voir l’offre
il y a 10 heures",False,,2025-12-16T10:43:14.296545
Emploi Ressources Humaines,https://www.hellowork.com/fr-fr/emplois/71564846.html,71564846,Adjoint au Responsable d'Agence Chargé de l'Exploitation et de l'Entretien Routier - Direction des Infrastructures H/F,Département de la Charente Maritime,Marennes-Hiers-Brouage - 17,CDI,,il y a 10 heures,"Adjoint au Responsable d'Agence Chargé de l'Exploitation et de l'Entretien Routier - Direction des Infrastructures H/F
Département de la Charente Maritime
Marennes-Hiers-Brouage - 17
CDI
... B obligatoire). Les avantages à nous rejoindre : - Equilibre vie professionnelle/...
Voir l’offre
il y a 10 h",False,,2025-12-16T10:43:14.731876
Emploi Ressources Humaines,https://www.hellowork.com/fr-fr/emplois/71560716.html,71560716,Chargé d'Affaires Indépendant Spécialisé en Intérim Indépendant H/F,Transicia,Bayonne - 64,,,il y a 10 heures,"Chargé d'Affaires Indépendant Spécialisé en Intérim Indépendant H/F
Transicia
Bayonne - 64
Indépendant
... Rioux afin d'encore mieux cerner notre projet et notre offre. Nous vous proposerons enfin de venir rencontrer...
Voir l’offre
il y a 10 heures",False,,2025-12-16T10:43:15.183818
Emploi Ressources Humaines,https://www.hellowork.com/fr-fr/emplois/66700397.html,66700397,Contrôleur de Gestion Sociale H/F,Club Med,Lyon - 69,CDI,,il y a 10 heures,"Contrôleur de Gestion Sociale H/F
Club Med
Lyon - 69
CDI
... rôle de co-administrateur métier de l'outil Adaptive Insight. - Participer aux projets d'évolution de l'outil (expression des besoins, suivi...
Voir l’offre
il y a 10 heures",False,,2025-12-16T10:43:15.650428
Emploi Ressources Humaines,https://www.hellowork.com/fr-fr/emplois/71567312.html,71567312,Chargé de Relation Exposants BTS N.D.R.C en Alternance H/F,Aurlom,400 - 1 700 € / mois,Alternance,400 - 1 700 € / mois,il y a 10 heures,"Chargé de Relation Exposants BTS N.D.R.C en Alternance H/F
Aurlom
Paris - 75
Alternance
400 - 1 700 € / mois
2 ans
... Très bon relationnel et goût du travail en équipe - Aisance rédactionnelle et bonne maîtrise des outils bureautiques et...
Voir l’offre
il y a 10 heures",False,,2025-12-16T10:43:16.166739
Emploi Ressources Humaines,https://www.hellowork.com/fr-fr/emplois/71541774.html,71541774,Responsable d'Agence - Mulhouse H/F,Job Link,Mulhouse - 68,CDI,,il y a 10 heures,"Responsable d'Agence - Mulhouse H/F
Job Link
Mulhouse - 68
CDI
... mensuelles et annuelles sur objectifs - Statut cadre, 37H/semaine et 6 jours de RTT par an - Carte...
Voir l’offre
il y a 10 heures",False,,2025-12-16T10:43:16.549119
Emploi Ressources Humaines,https://www.hellowork.com/fr-fr/emplois/71554655.html,71554655,Gestionnaire de Paie H/F,E.Leclerc,Ruffec - 16,CDI,,il y a 10 heures,"Gestionnaire de Paie H/F
E.Leclerc
Ruffec - 16
CDI
... : CDI avec période d'essai Programmation : du lundi au vendredi Travail en journée...
Voir l’offre
il y a 10 heures",False,,2025-12-16T10:43:16.975766
Emploi Ressources Humaines,https://www.hellowork.com/fr-fr/emplois/71552558.html,71552558,Assistant d'Agence en Alternance H/F,Groupe Alternance Aix-en-Provence,774 - 1 801 € / mois,Alternance,774 - 1 801 € / mois,il y a 10 heures,"Assistant d'Agence en Alternance H/F
Groupe Alternance Aix-en-Provence
Meyreuil - 13
Alternance
774 - 1 801 € / mois
24 mois
... et certifiée Qualiopi, vous propose une opportunité en alternance avec l'un de ses partenaires pour un poste d'Assistant(e) d'Agence. ...
Voir l’offre
il y a 10 heures",False,,2025-12-16T10:43:17.400683
Emploi Ressources Humaines,https://www.hellowork.com/fr-fr/emplois/71550661.html,71550661,Chargé de Missions RH en Alternance H/F,Groupe Alternance Toulon,Toulon - 83,Alternance,,il y a 10 heures,"Chargé de Missions RH en Alternance H/F
Groupe Alternance Toulon
Toulon - 83
Alternance
24 mois
... professionnalisation. L'alternance, une véritable opportunité d'embauche après l'alternance. 80 % de nos étudiants décrochent un CDI ou un CDD....
Voir l’offre
il y a 10 heures",False,,2025-12-16T10:43:17.812272
Emploi Ressources Humaines,https://www.hellowork.com/fr-fr/emplois/71548757.html,71548757,Stage Chargé·e de Mission RH H/F,MeniRH,"4,35 - 5 € / heure",Stage,"4,35 - 5 € / heure",il y a 10 heures,"Stage Chargé·e de Mission RH H/F
MeniRH
Super recruteur
Lorient - 56
Stage
4,35 - 5 € / heure
6 mois
... des RH. Doté.e d'un bon relationnel, tu apprécies travailler dans un environnement dynamique. Organisation,...
Voir l’offre
il y a 10 heures",False,,2025-12-16T10:43:18.297730
Emploi Ressources Humaines,https://www.hellowork.com/fr-fr/emplois/71541776.html,71541776,Responsable d'Agence - Clermont-Ferrand H/F,Job Link,Clermont-Ferrand - 63,CDI,,il y a 10 heures,"Responsable d'Agence - Clermont-Ferrand H/F
Job Link
Clermont-Ferrand - 63
CDI
... - Statut cadre, 37H/semaine et 6 jours de RTT par an - Carte Swile (tickets restaurant et bons plans),...
Voir l’offre
il y a 10 heures",False,,2025-12-16T10:43:18.674292
Emploi Ressources Humaines,https://www.hellowork.com/fr-fr/emplois/71554499.html,71554499,Chargé du Recrutement H/F,LHH Recruitment Solutions,Carquefou - 44,CDI,,il y a 10 heures,"Chargé du Recrutement H/F
LHH Recruitment Solutions
Carquefou - 44
CDI
... de leur parcours. Votre profil Profil recherché De formation...
Voir l’offre
il y a 10 heures",False,,2025-12-16T10:43:19.102802
Emploi Ressources Humaines,https://www.hellowork.com/fr-fr/emplois/71554267.html,71554267,Gestionnaire de Paie et ADP Confirmé H/F,Pay Job,33 000 - 39 000 € / an,CDI,33 000 - 39 000 € / an,il y a 10 heures,"Gestionnaire de Paie et ADP Confirmé H/F
Pay Job
Bussy-Saint-Georges - 77
CDI
33 000 - 39 000 € / an
Télétravail partiel
... Prise de poste : Possibilité de gérer un préavis. Localisation : Bussy-Saint-Georges (77). Les...
Voir l’offre
il y a 10 heures",True,,2025-12-16T10:43:19.542902
Emploi Ressources Humaines,https://www.hellowork.com/fr-fr/emplois/71540296.html,71540296,Gestionnaire Paie et ADP H/F,Ainterim,32 500 - 40 000 € / an,CDI,32 500 - 40 000 € / an,il y a 10 heures,"Gestionnaire Paie et ADP H/F
Ainterim
Miribel - 01
CDI
32 500 - 40 000 € / an
... personnel. Reconnu(e) pour votre discrétion, votre bonne communication, votre efficacité et votre rigueur en paie et en administration du...
Voir l’offre
il y a 10 heures",False,,2025-12-16T10:43:19.962816
Emploi Ressources Humaines,https://www.hellowork.com/fr-fr/emplois/71562777.html,71562777,Recruteur Indépendant Intérim H/F,Transicia,,,,il y a 10 heures,"Recruteur Indépendant Intérim H/F
Transicia
Nouvelle-Aquitaine
Indépendant
... univers vous convient ! Ensuite, un contact avec Arnaud notre Responsable Réseau, pour un 1er...
Voir l’offre
il y a 10 heures",False,,2025-12-16T10:43:20.375534
Emploi Ressources Humaines,https://www.hellowork.com/fr-fr/emplois/60377689.html,60377689,Assistant Paie en Alternance H/F,Ipac Bachelor Factory Vannes,"21 621,60 - 22 000 € / an",Alternance,"21 621,60 - 22 000 € / an",il y a 10 heures,"Assistant Paie en Alternance H/F
Ipac Bachelor Factory Vannes
Morbihan - 56
Alternance
21 621,60 - 22 000 € / an
12 mois
... relationnel - Vous pouvez mener plusieurs dossiers de front en toute confidentialité - Vous êtes exigeant et appréciez...
Voir l’offre
il y a 10 heures",False,,2025-12-16T10:43:20.815536
Emploi Ressources Humaines,https://www.hellowork.com/fr-fr/emplois/66723577.html,66723577,Cadre Ressources Humaines Régional H/F,Lidl,Les Arcs - 83,CDI,,il y a 10 heures,"Cadre Ressources Humaines Régional H/F
Lidl
Les Arcs - 83
CDI
... situation de handicap. Selon les besoins spécifiques de chacun, un aménagement matériel et/ou organisationnel du poste de travail sera étudié.
Voir l’offre
il y a 10 heures",False,,2025-12-16T10:43:21.203214
Emploi Ressources Humaines,https://www.hellowork.com/fr-fr/emplois/62918060.html,62918060,Stagiaire H/F,Randstad,Limas - 69,CDD,"11,65 € / heure",il y a 10 heures,"Stagiaire H/F
Randstad
Limas - 69
CDD
11,65 € / heure
30 jours
... et avoir au moins 1 année d'expérience. Travail d'équipe, autonomie, rigueur administrative et aisance commerciale. Horaires 8h 12h 14h 18h
Voir l’offre
il y a 10 heures",False,1 année d'expérience,2025-12-16T10:43:21.668875
Emploi Ressources Humaines,https://www.hellowork.com/fr-fr/emplois/71542739.html,71542739,Responsable des Ressources Humaines H/F,L'Industrie recrute,Reignier-Ésery - 74,CDI,,il y a 10 heures,"Responsable des Ressources Humaines H/F
L'Industrie recrute
Reignier-Ésery - 74
CDI
... suivi des périodes d'essai, documents ruptures de contrat, etc.). Préparation et contrôle des éléments variables de paie...
Voir l’offre
il y a 10 heures",False,,2025-12-16T10:43:37.355603
Emploi Ressources Humaines,https://www.hellowork.com/fr-fr/emplois/65471249.html,65471249,Responsable Ressources Humaines - Mayotte H/F,Carrefour,Mamoudzou - 976,CDI,,il y a 10 heures,"Responsable Ressources Humaines - Mayotte H/F
Carrefour
Mamoudzou - 976
CDI
... et de la performance de nos ressources humaines et êtes le garant d'un bon climat social. Orienté résultats,...
Voir l’offre
il y a 10 heures",False,,2025-12-16T10:43:37.815952
Emploi Ressources Humaines,https://www.hellowork.com/fr-fr/emplois/49910286.html,49910286,Contrat d'Apprentissage Master RH H/F,Institut F2I,1 000 - 1 200 € / mois,Alternance,1 000 - 1 200 € / mois,il y a 10 heures,"Contrat d'Apprentissage Master RH H/F
Institut F2I
Paris - 75
Alternance
1 000 - 1 200 € / mois
16 mois
Etre titulaire d'un Bac +2 avec une expérience significative dans ce domaine.
Voir l’offre
il y a 10 heures",False,,2025-12-16T10:43:38.313204
Emploi Ressources Humaines,https://www.hellowork.com/fr-fr/emplois/65426338.html,65426338,Assistant Ressources Humaines - Alternance H/F,IEF2I Education,"486,49 - 1 801,80 € / mois",Alternance,"486,49 - 1 801,80 € / mois",il y a 10 heures,"Assistant Ressources Humaines - Alternance H/F
IEF2I Education
Paris - 75
Alternance
486,49 - 1 801,80 € / mois
24 mois
... - Souci du détail et respect de la confidentialité - Maîtrise des outils informatiques et de la suite...
Voir l’offre
il y a 10 heures",False,,2025-12-16T10:43:38.813640
Emploi Ressources Humaines,https://www.hellowork.com/fr-fr/emplois/69236600.html,69236600,Chargé de Recrutement en CDD H/F,GS Consultants,Blois - 41,CDD,,il y a 10 heures,"Chargé de Recrutement en CDD H/F
GS Consultants
Blois - 41
CDD
... Entretien téléphonique / physique, test et prise de références - Présentation du profil au client ...
Voir l’offre
il y a 10 heures",False,,2025-12-16T10:43:39.212176
Emploi Ressources Humaines,https://www.hellowork.com/fr-fr/emplois/62889118.html,62889118,Responsable d'Agence d'Intérim Indépendant H/F,Hubjob,5 000 - 15 000 € / mois,,5 000 - 15 000 € / mois,il y a 10 heures,"Responsable d'Agence d'Intérim Indépendant H/F
Hubjob
Super recruteur
Rouen - 76
Indépendant
5 000 - 15 000 € / mois
Télétravail complet
... relation client et intérimaire - Organiser votre activité et suivre vos priorités avec rigueur ...
Voir l’offre
il y a 10 heures",True,,2025-12-16T10:43:39.666134
Emploi Ressources Humaines,https://www.hellowork.com/fr-fr/emplois/66758707.html,66758707,Gestionnaire Paie H/F,Juny Recrutement,30 000 - 40 000 € / an,CDI,30 000 - 40 000 € / an,il y a 10 heures,"Gestionnaire Paie H/F
Juny Recrutement
Limas - 69
CDI
30 000 - 40 000 € / an
Télétravail occasionnel
Issu(e) d'une formation en paie vous disposez d'une expérience de 4 ans dans un cabinet d'expertise comptable.
Voir l’offre
il y a 10 heures",True,,2025-12-16T10:43:40.135775
Emploi Ressources Humaines,https://www.hellowork.com/fr-fr/emplois/62889236.html,62889236,Responsable d'Agence d'Intérim Indépendant H/F,Hubjob,5 000 - 15 000 € / mois,,5 000 - 15 000 € / mois,il y a 10 heures,"Responsable d'Agence d'Intérim Indépendant H/F
Hubjob
Super recruteur
France
Indépendant
5 000 - 15 000 € / mois
Télétravail complet
... - Organisation et autonomie dans la gestion quotidienne - Goût pour le développement commercial sur le terrain
Voir l’offre
il y a 10 heures",True,,2025-12-16T10:43:40.620500
Emploi Ressources Humaines,https://www.hellowork.com/fr-fr/emplois/62916276.html,62916276,Directeur - Responsable d'Agence H/F,Randstad,40 999 - 41 000 € / an,CDI,40 999 - 41 000 € / an,il y a 10 heures,"Directeur - Responsable d'Agence H/F
Randstad
Challans - 85
CDI
40 999 - 41 000 € / an
Télétravail partiel
... presque oublié de l'écrire !) ce poste est ouvert aux personnes en situation de handicap. Notre différence... ce sera TOI...
Voir l’offre
il y a 10 heures",True,,2025-12-16T10:43:41.082298
Emploi Ressources Humaines,https://www.hellowork.com/fr-fr/emplois/65425972.html,65425972,Gestionnaire Paie et Comptable - 80% Paie et 20% Comptabilité H/F,GIO Recrutement,35 000 - 40 000 € / an,CDI,35 000 - 40 000 € / an,il y a 10 heures,"Gestionnaire Paie et Comptable - 80% Paie et 20% Comptabilité H/F
GIO Recrutement
Cayenne - 973
CDI
35 000 - 40 000 € / an
... une personne avec une expérience de 2 ans en cabinet d'expertise comptable ou sur un poste similaire. N'hésitez pas...
Voir l’offre
il y a 10 heures",False,,2025-12-16T10:43:41.506579
Emploi Ressources Humaines,https://www.hellowork.com/fr-fr/emplois/71540155.html,71540155,Stagiaire Assistant Ressources Humaines H/F,Appel Médical,Auxerre - 89,CDD,"11,88 € / heure",il y a 10 heures,"Stagiaire Assistant Ressources Humaines H/F
Appel Médical
Auxerre - 89
CDD
11,88 € / heure
6 mois
... RH ou Commerce Stagiaire ASSISTANT PLANNING / RH / COMMERCE H/F à compter de décembre 2025 pour 4 à...
Voir l’offre
il y a 10 heures",False,,2025-12-16T10:43:41.976985
Emploi Ressources Humaines,https://www.hellowork.com/fr-fr/emplois/39643464.html,39643464,Alternance Bac+3 - Chargé de Recrutement H/F,Groupe Alternance Toulon,Toulon - 83,Alternance,,il y a 10 heures,"Alternance Bac+3 - Chargé de Recrutement H/F
Groupe Alternance Toulon
Toulon - 83
Alternance
35 heures
... ligne les annonces d'emploi - Effectuer les actions de sourcing et enrichir la base de données -...
Voir l’offre
il y a 10 heures",False,,2025-12-16T10:43:42.376576
Emploi Ressources Humaines,https://www.hellowork.com/fr-fr/emplois/62889320.html,62889320,Responsable d'Agence d'Intérim Indépendant H/F,Hubjob,Strasbourg - 67,,,il y a 10 heures,"Responsable d'Agence d'Intérim Indépendant H/F
Hubjob
Super recruteur
Strasbourg - 67
Indépendant
Télétravail complet
... fois les aspects administratifs et la gestion des missions. Vous savez organiser vos priorités et travailler dans un cadre autonome,...
Voir l’offre
il y a 10 heures",True,,2025-12-16T10:43:42.836795
Emploi Ressources Humaines,https://www.hellowork.com/fr-fr/emplois/71553631.html,71553631,Assistant de Recherche H/F,Sciences Po,Paris - 75,CDD,,il y a 10 heures,"Assistant de Recherche H/F
Sciences Po
Paris - 75
CDD
... - Sensibilité aux standards et formats de métadonnées (ex. : DDI, RDF, XML) ; - Capacité...
Voir l’offre
il y a 10 heures",False,,2025-12-16T10:43:43.278450
Emploi Ressources Humaines,https://www.hellowork.com/fr-fr/emplois/62884222.html,62884222,Responsable - Manager d'Agence Immobilière H/F,Guenno Immobilier Premium Service,50 000 - 75 000 € / an,CDI,50 000 - 75 000 € / an,il y a 10 heures,"Responsable - Manager d'Agence Immobilière H/F
Guenno Immobilier Premium Service
Rennes - 35
CDI
50 000 - 75 000 € / an
Expérience d'au moins 3 ans à un poste équivalent
Voir l’offre
il y a 10 heures",False,,2025-12-16T10:43:43.725413
Emploi Ressources Humaines,https://www.hellowork.com/fr-fr/emplois/71552681.html,71552681,Business Partner Ressources Humaines Régional H/F,CAP INGELEC,Paris - 75,CDI,,il y a 10 heures,"Business Partner Ressources Humaines Régional H/F
CAP INGELEC
Paris - 75
CDI
... équivalent, vous avez acquis au moins 10 ans d'expérience sur un rôle similaire, dans le secteur du BTP. ...
Voir l’offre
il y a 10 heures",False,10 ans d'expérience,2025-12-16T10:43:44.101595
Emploi Ressources Humaines,https://www.hellowork.com/fr-fr/emplois/71549001.html,71549001,Consultant Paie & SIRH - Ile de France H/F,Sopra Steria,Courbevoie - 92,CDI,,il y a 10 heures,"Consultant Paie & SIRH - Ile de France H/F
Sopra Steria
Courbevoie - 92
CDI
Télétravail occasionnel
... · Vous êtes diplômé(e) d'un Master en Ressources Humaines ou en Systèmes d'Information RH. · Vous...
Voir l’offre
il y a 10 heures",True,,2025-12-16T10:43:44.524372
Emploi Ressources Humaines,https://www.hellowork.com/fr-fr/emplois/69236598.html,69236598,Responsable d'Agence Intérim H/F,GS Consultants,Aix-en-Provence - 13,CDI,,il y a 10 heures,"Responsable d'Agence Intérim H/F
GS Consultants
Aix-en-Provence - 13
CDI
... - Échange téléphonique avec Cécile, Responsable recrutement : pour apprendre à se connaître, comprendre vos attentes, répondre...
Voir l’offre
il y a 10 heures",False,,2025-12-16T10:43:44.930366
Emploi Ressources Humaines,https://www.hellowork.com/fr-fr/emplois/71552574.html,71552574,Happiness Manager - CDI H/F,Circles France,1 462 - 1 570 € / mois,Temps partiel,1 462 - 1 570 € / mois,il y a 10 heures,"Happiness Manager - CDI H/F
Circles France
Super recruteur
Chessy - 77
CDI
Temps partiel
1 462 - 1 570 € / mois
... bon sens et de polyvalence. - Vous maitrisez le Pack Office (Excel, Word, etc) et idéalement aussi...
Voir l’offre
il y a 10 heures",False,,2025-12-16T10:43:45.443712
Emploi Ressources Humaines,https://www.hellowork.com/fr-fr/emplois/59294833.html,59294833,Recruteur Indépendant H/F,Mercato de l'emploi,Haute-Marne - 52,,,il y a 10 heures,"Recruteur Indépendant H/F
Mercato de l'emploi
Haute-Marne - 52
Indépendant
Télétravail occasionnel
... recrutement, outil métier de suivi de candidature et suivi client créer par le Mercato pour le Mercato *Profiter de...
Voir l’offre
il y a 10 heures",True,,2025-12-16T10:43:45.893969
Emploi Ressources Humaines,https://www.hellowork.com/fr-fr/emplois/48709605.html,48709605,Alternance Bac+2 BTS Ndrc - Assistant d'Agence Immobilière H/F,Groupe Alternance Toulon,700 - 1 700 € / mois,Alternance,700 - 1 700 € / mois,il y a 10 heures,"Alternance Bac+2 BTS Ndrc - Assistant d'Agence Immobilière H/F
Groupe Alternance Toulon
Toulon - 83
Alternance
700 - 1 700 € / mois
24 mois
... suivi des biens proposés à la vente ou à la location - Rédiger les descriptions des biens disponibles...
Voir l’offre
il y a 10 heures",False,,2025-12-16T10:44:00.708456
Emploi Ressources Humaines,https://www.hellowork.com/fr-fr/emplois/62889174.html,62889174,Responsable d'Agence d'Intérim Indépendant H/F,Hubjob,5 000 - 15 000 € / mois,,5 000 - 15 000 € / mois,il y a 10 heures,"Responsable d'Agence d'Intérim Indépendant H/F
Hubjob
Super recruteur
Toulon - 83
Indépendant
5 000 - 15 000 € / mois
Télétravail complet
... Pour réussir, vous savez cibler et convaincre des interlocuteurs variés, de la PME locale au grand groupe....
Voir l’offre
il y a 10 heures",True,,2025-12-16T10:44:01.204816
Emploi Ressources Humaines,https://www.hellowork.com/fr-fr/emplois/71563539.html,71563539,Chargé de Paie H/F,VIAPOSTE,Le Kremlin-Bicêtre - 94,CDI,,il y a 10 heures,"Chargé de Paie H/F
VIAPOSTE
Le Kremlin-Bicêtre - 94
CDI
... savez faire preuve d'une certaine discrétion et confidentialité - vous maîtrisez Excel, un ou plusieurs SIRH et la Gestion...
Voir l’offre
il y a 10 heures",False,,2025-12-16T10:44:01.593415
Emploi Ressources Humaines,https://www.hellowork.com/fr-fr/emplois/71563714.html,71563714,Responsable d'Agence de Travail Temporaire H/F,Axia RH,2 700 - 3 400 € / mois,CDI,2 700 - 3 400 € / mois,il y a 10 heures,"Responsable d'Agence de Travail Temporaire H/F
Axia RH
Artigues-près-Bordeaux - 33
CDI
2 700 - 3 400 € / mois
... oeuvre pour atteindre vos objectifs tout en prônant les valeurs de disponibilité, réactivité, sens du service et proximité propres aux...
Voir l’offre
il y a 10 heures",False,,2025-12-16T10:44:02.046014
Emploi Ressources Humaines,https://www.hellowork.com/fr-fr/emplois/71562940.html,71562940,Chargé de Recrutement Intérim - Indépendant H/F,Transicia,La Rochelle - 17,,,il y a 10 heures,"Chargé de Recrutement Intérim - Indépendant H/F
Transicia
La Rochelle - 17
Indépendant
... de valider notre projet de collaboration. Pour rejoindre ce projet ambitieux et collaborer avec une...
Voir l’offre
il y a 10 heures",False,,2025-12-16T10:44:02.438278
Emploi Ressources Humaines,https://www.hellowork.com/fr-fr/emplois/66720681.html,66720681,Assistant Ressources Humaines en Alternance H/F,Ipac Bachelor Factory Laval,Laval - 53,Alternance,"1 801,80 € / mois",il y a 10 heures,"Assistant Ressources Humaines en Alternance H/F
Ipac Bachelor Factory Laval
Laval - 53
Alternance
1 801,80 € / mois
Télétravail occasionnel
+ 1
... persuasion - Maîtrise du Pack Office (Word, Excel, PowerPoint, Outlook) - Fort intérêt pour le recrutement et l'administratif
Voir l’offre
il y a 10 heu",True,,2025-12-16T10:44:02.925631
Emploi Ressources Humaines,https://www.hellowork.com/fr-fr/emplois/66720388.html,66720388,Gestionnaire de Paie Confirmé H/F,TAC Recrutement,35 000 - 43 000 € / an,CDI,35 000 - 43 000 € / an,il y a 10 heures,"Gestionnaire de Paie Confirmé H/F
TAC Recrutement
Super recruteur
Marseille 8e - 13
CDI
35 000 - 43 000 € / an
Télétravail occasionnel
... de la gestion de paie, vous justifiez au moins de 4 années d'expérience acquise en gestion de la paie, idéalement...
Voir l’offre
il y a 10 heures",True,4 années d'expérience,2025-12-16T10:44:03.412360
Emploi Ressources Humaines,https://www.hellowork.com/fr-fr/emplois/71541775.html,71541775,Responsable d'Agence - Nancy H/F,Job Link,Nancy - 54,CDI,,il y a 10 heures,"Responsable d'Agence - Nancy H/F
Job Link
Nancy - 54
CDI
... mensuelles et annuelles sur objectifs - Statut cadre, 37H/semaine et 6 jours de RTT par an - Carte...
Voir l’offre
il y a 10 heures",False,,2025-12-16T10:44:03.830661
Emploi Ressources Humaines,https://www.hellowork.com/fr-fr/emplois/71566170.html,71566170,Gestionnaire de Paie et RH - Chambéry H/F,Forvis Mazars,La Motte-Servolex - 73,CDI,,il y a 10 heures,"Gestionnaire de Paie et RH - Chambéry H/F
Forvis Mazars
La Motte-Servolex - 73
CDI
Télétravail occasionnel
... avez au minimum 2 années d'expérience dans un contexte multi-conventions au sein d'un cabinet comptable. Curieux(se), rigoureux (se) et...
Voir l’offre
il y a 10 heures",True,2 années d'expérience,2025-12-16T10:44:04.248691
Emploi Ressources Humaines,https://www.hellowork.com/fr-fr/emplois/71567304.html,71567304,Gestionnaire de Paie Confirmé H/F,Groupe Empruntis,40 000 - 42 000 € / an,CDD,40 000 - 42 000 € / an,il y a 10 heures,"Gestionnaire de Paie Confirmé H/F
Groupe Empruntis
Saint-Denis - 93
CDD
40 000 - 42 000 € / an
8 mois
... LUCCA est un + - Reconnu pour votre rigueur, votre sens de l'initiative, et votre capacité à travailler en équipe....
Voir l’offre
il y a 10 heures",False,,2025-12-16T10:44:04.696587
Emploi Ressources Humaines,https://www.hellowork.com/fr-fr/emplois/62882590.html,62882590,Consultant Junior - Business Development & Recrutement Alternance H/F,Job2beDone,"486,49 - 1 801,80 € / mois",Alternance,"486,49 - 1 801,80 € / mois",il y a 10 heures,"Consultant Junior - Business Development & Recrutement Alternance H/F
Job2beDone
Paris - 75
Alternance
486,49 - 1 801,80 € / mois
... à l'oral. Goût du challenge, vous avez envie d'évoluer dans un environnement exigeant et rythmé. Organisation...
Voir l’offre
il y a 10 heures",False,,2025-12-16T10:44:05.142572
Emploi Ressources Humaines,https://www.hellowork.com/fr-fr/emplois/71560722.html,71560722,Recruteur Indépendant - Placement et Intérim H/F,Transicia,Pau - 64,,,il y a 10 heures,"Recruteur Indépendant - Placement et Intérim H/F
Transicia
Pau - 64
Indépendant
... Nous vous proposerons enfin de venir rencontrer notre équipe et visiter nos locaux dans le cadre d'une demi journée...
Voir l’offre
il y a 10 heures",False,,2025-12-16T10:44:05.525544
Emploi Ressources Humaines,https://www.hellowork.com/fr-fr/emplois/71556297.html,71556297,Chargé de Recrutement H/F,Randstad,25 000 - 29 000 € / an,CDI,25 000 - 29 000 € / an,il y a 10 heures,"Chargé de Recrutement H/F
Randstad
Cestas - 33
CDI
25 000 - 29 000 € / an
... sûr (ça nous semble tellement évident qu'on aurait presque oublié de l'écrire !) ce poste est ouvert aux personnes en...
Voir l’offre
il y a 10 heures",False,,2025-12-16T10:44:05.969959
Emploi Ressources Humaines,https://www.hellowork.com/fr-fr/emplois/62433229.html,62433229,Assistant Ressources Humaines H/F,Derichebourg Propreté,2 300 - 2 600 € / mois,CDI,2 300 - 2 600 € / mois,il y a 10 heures,"Assistant Ressources Humaines H/F
Derichebourg Propreté
La Courneuve - 93
CDI
2 300 - 2 600 € / mois
Formation : Bac +3 avec une spécialité en rapport avec le domaine RH exercé / Bac +5 en GRH, sociologie,...
Voir l’offre
il y a 10 heures",False,,2025-12-16T10:44:06.453053
Emploi Ressources Humaines,https://www.hellowork.com/fr-fr/emplois/69215598.html,69215598,Chargé de Projet RH Alternance H/F,Groupe Alternance Marseille,774 - 1 801 € / mois,Alternance,774 - 1 801 € / mois,il y a 10 heures,"Chargé de Projet RH Alternance H/F
Groupe Alternance Marseille
Marseille - 13
Alternance
774 - 1 801 € / mois
24 mois
... pour assurer la bonne mise en oeuvre des actions RH - Analyser les besoins et proposer des améliorations pour...
Voir l’offre
il y a 10 heures",False,,2025-12-16T10:44:06.933756
Emploi Ressources Humaines,https://www.hellowork.com/fr-fr/emplois/66707843.html,66707843,Expert en Recrutement et Développement Commercial Indépendant H/F,Mercato de l'emploi,2 500 - 10 000 € / mois,,2 500 - 10 000 € / mois,il y a 10 heures,"Expert en Recrutement et Développement Commercial Indépendant H/F
Mercato de l'emploi
Paris - 75
Indépendant
2 500 - 10 000 € / mois
Télétravail occasionnel
... créer votre cabinet de recrutement ? - Vous voulez maîtriser votre carrière et prendre en main votre destin ?...
Voir l’offre
il y a 10 heu",True,,2025-12-16T10:44:07.394333
Emploi Ressources Humaines,https://www.hellowork.com/fr-fr/emplois/66717518.html,66717518,Assistant Ressources Humaines en Alternance H/F,Ipac Bachelor Factory Laval,Laval - 53,Alternance,"1 801,80 € / mois",il y a 10 heures,"Assistant Ressources Humaines en Alternance H/F
Ipac Bachelor Factory Laval
Laval - 53
Alternance
1 801,80 € / mois
Télétravail occasionnel
+ 1
... persuasion - Maîtrise du Pack Office (Word, Excel, PowerPoint, Outlook) - Fort intérêt pour le recrutement et l'administratif
Voir l’offre
il y a 10 heu",True,,2025-12-16T10:44:07.840240
Emploi Ressources Humaines,https://www.hellowork.com/fr-fr/emplois/59290547.html,59290547,Gestionnaire de Paie H/F,Pay Job,30 000 - 35 000 € / an,CDI,30 000 - 35 000 € / an,il y a 10 heures,"Gestionnaire de Paie H/F
Pay Job
Lyon 9e - 69
CDI
30 000 - 35 000 € / an
Télétravail partiel
... d'un portefeuille de 200 paies sous 2 conventions collectives ; - Gestion des absences (CP, RTT, maladie...) et suivi...
Voir l’offre
il y a 10 heures",True,,2025-12-16T10:44:08.326987
Emploi Ressources Humaines,https://www.hellowork.com/fr-fr/emplois/69233784.html,69233784,Responsable Ressources Humaines H/F,ADHAP Services,"16,50 - 17 € / heure",CDI,"16,50 - 17 € / heure",il y a 10 heures,"Responsable Ressources Humaines H/F
ADHAP Services
Libourne - 33
CDI
16,50 - 17 € / heure
... - Vous êtes diplômé(e) et/ou expérimenté(e) dans un poste similaire - connaissance de...
Voir l’offre
il y a 10 heures",False,,2025-12-16T10:44:08.744305
Emploi Ressources Humaines,https://www.hellowork.com/fr-fr/emplois/60377509.html,60377509,Chargé de Projet Ressources Humaines en Alternance H/F,Ipac Bachelor Factory Vannes,"21 621,60 - 22 000 € / an",Alternance,"21 621,60 - 22 000 € / an",il y a 10 heures,"Chargé de Projet Ressources Humaines en Alternance H/F
Ipac Bachelor Factory Vannes
Lorient - 56
Alternance
21 621,60 - 22 000 € / an
12 mois
PROFIL RECHERCHÉ - Solide compréhension des lois et réglementations en matière de ressources humaines, - Excellentes compétences en...
Voir l’offre
il y a 10 ",False,,2025-12-16T10:44:09.196103
Emploi Ressources Humaines,https://www.hellowork.com/fr-fr/emplois/66707921.html,66707921,Expert en Recrutement et Développement Commercial Indépendant H/F,Mercato de l'emploi,2 500 - 10 000 € / mois,,2 500 - 10 000 € / mois,il y a 10 heures,"Expert en Recrutement et Développement Commercial Indépendant H/F
Mercato de l'emploi
Gironde - 33
Indépendant
2 500 - 10 000 € / mois
Télétravail occasionnel
... prospection (physique et téléphonique). - Vous voulez entreprendre et créer votre cabinet de recrutement ? - Vous voulez...
Voir l’offre
",True,,2025-12-16T10:44:25.433043
Emploi Ressources Humaines,https://www.hellowork.com/fr-fr/emplois/69215561.html,69215561,Chargé de Recrutement Alternance H/F,Groupe Alternance Marseille,774 - 1 801 € / mois,Alternance,774 - 1 801 € / mois,il y a 10 heures,"Chargé de Recrutement Alternance H/F
Groupe Alternance Marseille
Marseille - 13
Alternance
774 - 1 801 € / mois
24 mois
... Ce que nous vous offrons : une formation 100 % gratuite (aucun frais d'inscription ou de scolarité), un contrat d'apprentissage...
Voir l’offre
il y a 10 heures",False,,2025-12-16T10:44:25.874953
Emploi Ressources Humaines,https://www.hellowork.com/fr-fr/emplois/72590684.html,72590684,Directeur des Ressources Humaines H/F,PerfHomme,54 000 - 62 000 € / an,CDI,54 000 - 62 000 € / an,il y a 10 heures,"Directeur des Ressources Humaines H/F
PerfHomme
Niort - 79
CDI
54 000 - 62 000 € / an
... sites du Groupe. Conditions : - Statut cadre -...
Voir l’offre
il y a 10 heures",False,,2025-12-16T10:44:26.224478
Emploi Ressources Humaines,https://www.hellowork.com/fr-fr/emplois/62915138.html,62915138,Consultant en Recrutement Freelance H/F,Peakh,Valbonne - 06,,,il y a 10 heures,"Consultant en Recrutement Freelance H/F
Peakh
Valbonne - 06
Indépendant
Télétravail partiel
... pour vous. N'hésitez pas à postuler et nous reviendrons vers vous dans les meilleurs délais. Votre candidature...
Voir l’offre
il y a 10 heures",True,,2025-12-16T10:44:26.557446
Emploi Ressources Humaines,https://www.hellowork.com/fr-fr/emplois/58104218.html,58104218,Alternance Bac+3 RH Chargé de Recrutement H/F,Ecofac Business School Nantes,"774,97 - 1 802,25 € / mois",Alternance,"774,97 - 1 802,25 € / mois",il y a 10 heures,"Alternance Bac+3 RH Chargé de Recrutement H/F
Ecofac Business School Nantes
Nantes - 44
Alternance
774,97 - 1 802,25 € / mois
12 mois
... de l'écoute, votre adaptabilité et votre envie d'apprendre seront des atouts essentiels pour réussir dans ce poste.Rencontrons-nous et construisons ensemble...
Vo",False,,2025-12-16T10:44:27.109781
Emploi Ressources Humaines,https://www.hellowork.com/fr-fr/emplois/71562978.html,71562978,Stage - Human Resources Business Partner - RH de Proximité Supply Chain H/F,Safran,Réau - 77,Stage,,il y a 10 heures,"Stage - Human Resources Business Partner - RH de Proximité Supply Chain H/F
Safran
Réau - 77
Stage
6 mois
... vrai sens du relationnel, de la curiosité, et l'envie d'apprendre chaque jour au contact des équipes. - Rigueur, sens de...
Voir l’offre
il y a 10 heures",False,,2025-12-16T10:44:27.568152
Emploi Ressources Humaines,https://www.hellowork.com/fr-fr/emplois/71548295.html,71548295,Assistant Ressources Humaines en Alternance H/F,Walter Learning,760 - 1 802 € / mois,Alternance,760 - 1 802 € / mois,il y a 10 heures,"Assistant Ressources Humaines en Alternance H/F
Walter Learning
Carcassonne - 11
Alternance
760 - 1 802 € / mois
18 mois
Vous êtes titulaire d'un Bac et souhaitez évoluer dans le secteur des Resources Humaines - Votre...
Voir l’offre
il y a 10 heures",False,,2025-12-16T10:44:28.037378
Emploi Ressources Humaines,https://www.hellowork.com/fr-fr/emplois/73729895.html,73729895,Assistant d'Agence Saint Germain en Laye H/F,ONELA,Saint-Germain-en-Laye - 78,CDI,1 950 € / mois,il y a 10 heures,"Assistant d'Agence Saint Germain en Laye H/F
ONELA
Super recruteur
Saint-Germain-en-Laye - 78
CDI
1 950 € / mois
... Maîtrise des outils bureautiques Sens de l'écoute et de la communication Capacité à appliquer les procédures internes Gestion administrative...
Voir l’offre
il y a 10 heures",False,,2025-12-16T10:44:28.508828
Emploi Ressources Humaines,https://www.hellowork.com/fr-fr/emplois/73729871.html,73729871,Alternance Gestionnaire RH et Paie - Saint-Germain-En-Laye H/F,ISCOD,"486,49 - 1 801,80 € / mois",Alternance,"486,49 - 1 801,80 € / mois",il y a 10 heures,"Alternance Gestionnaire RH et Paie - Saint-Germain-En-Laye H/F
ISCOD
Saint-Germain-en-Laye - 78
Alternance
486,49 - 1 801,80 € / mois
... charge à 100% par l'entreprise. Vous êtes intéressé(e) par cette offre d'emploi en alternance ? Postulez dès maintenant...
Voir l’offre
il y a 10 heures",False,,2025-12-16T10:44:28.941910
Emploi Ressources Humaines,https://www.hellowork.com/fr-fr/emplois/73729786.html,73729786,Responsable de Paie et ADP - Saint-Brieuc 22 H/F,Mon Consultant Indépendant,480 - 500 € / jour,,480 - 500 € / jour,il y a 10 heures,"Responsable de Paie et ADP - Saint-Brieuc 22 H/F
Mon Consultant Indépendant
Rennes - 35
Indépendant
480 - 500 € / jour
Télétravail partiel
... d'ADP) sur son site de Bretagne proche Saint-Brieuc (22). Le poste nécessite un candidat pédagogue, patient, et...
Voir l’offre
il y a 10 heures",True,,2025-12-16T10:44:29.407700
Emploi Ressources Humaines,https://www.hellowork.com/fr-fr/emplois/73729658.html,73729658,Stage Ressources Humaines H/F,Equans France,Saint-Priest - 69,Stage,,il y a 10 heures,"Stage Ressources Humaines H/F
Equans France
Saint-Priest - 69
Stage
6 mois
... Tu es dynamique, à l'aise aussi bien en groupe que devant des tableaux Excel et tu as le permis B?...
Voir l’offre
il y a 10 heures",False,,2025-12-16T10:44:29.796195
Emploi Ressources Humaines,https://www.hellowork.com/fr-fr/emplois/73729615.html,73729615,Alternance Talent Acquisition Manager - Commercial en Recrutement - Neuilly-Sur-Seine H/F,ISCOD,"486,49 - 1 801,80 € / mois",Alternance,"486,49 - 1 801,80 € / mois",il y a 10 heures,"Alternance Talent Acquisition Manager - Commercial en Recrutement - Neuilly-Sur-Seine H/F
ISCOD
Neuilly-sur-Seine - 92
Alternance
486,49 - 1 801,80 € / mois
... clients. Missions principales : - Construire une stratégie de recherche de talents et participer à l'amélioration continue des process...
V",False,,2025-12-16T10:44:30.241498
Emploi Ressources Humaines,https://www.hellowork.com/fr-fr/emplois/73729131.html,73729131,Responsable des Ressources Humaines H/F,E.Leclerc,Provins - 77,CDI,,il y a 13 heures,"Responsable des Ressources Humaines H/F
E.Leclerc
Provins - 77
CDI
... commerce de détail et de gros (de préférence) - Excellente connaissance des outils, logiciels et...
Voir l’offre
il y a 13 heures",False,,2025-12-16T10:44:30.643699
Emploi Ressources Humaines,https://www.hellowork.com/fr-fr/emplois/73729036.html,73729036,Gestionnaire de Paie et RH H/F,SOLEME,35 000 - 45 000 € / an,CDI,35 000 - 45 000 € / an,il y a 13 heures,"Gestionnaire de Paie et RH H/F
SOLEME
Créteil - 94
CDI
35 000 - 45 000 € / an
Télétravail partiel
... avez 3 ans minimum d'expérience en cabinet comptable ou de paie. - Vous avez une formation RH, de paie...
Voir l’offre
il y a 13 heures",True,,2025-12-16T10:44:31.071770
Emploi Ressources Humaines,https://www.hellowork.com/fr-fr/emplois/73729029.html,73729029,Gestionnaire de Paie en Cabinet Comptable H/F,SOLEME,30 000 - 35 000 € / an,CDI,30 000 - 35 000 € / an,il y a 13 heures,"Gestionnaire de Paie en Cabinet Comptable H/F
SOLEME
Paris 12e - 75
CDI
30 000 - 35 000 € / an
Télétravail partiel
... êtes autonome, rigoureux(se) et doté(e) d'un bon relationnel. - Vous avez envie de vous investir durablement dans une équipe...
Voir l’offre
il y a 13 heures",True,,2025-12-16T10:44:31.538392
Emploi Ressources Humaines,https://www.hellowork.com/fr-fr/emplois/73728972.html,73728972,Chargé du Recrutement H/F,Adecco Medical,26 000 - 30 000 € / an,CDI,26 000 - 30 000 € / an,il y a 14 heures,"Chargé du Recrutement H/F
Adecco Medical
Seyssinet-Pariset - 38
CDI
26 000 - 30 000 € / an
Début le 2 mars
... de proximité pour accompagner au mieux leur carrière et leur formation. Nous proposons des contrats en CDI,...
Voir l’offre
il y a 14 heures",False,,2025-12-16T10:44:31.975770
Emploi Ressources Humaines,https://www.hellowork.com/fr-fr/emplois/73728879.html,73728879,Stage Chargé de Recrutement H/F,Ingeliance Technologies,Poitiers - 86,Stage,1 000 € / mois,il y a 14 heures,"Stage Chargé de Recrutement H/F
Ingeliance Technologies
Poitiers - 86
Stage
1 000 € / mois
6 mois
... (ATS, jobboards, réseaux sociaux professionnels) et avez une bonne connaissance des techniques de sourcing et de pré-sélection. ...
Voir l’offre
il y a 14 heures",False,,2025-12-16T10:44:32.415464
Emploi Ressources Humaines,https://www.hellowork.com/fr-fr/emplois/73728876.html,73728876,Stage Chargé de Recrutement H/F,Ingeliance Technologies,Bordeaux - 33,Stage,1 000 € / mois,il y a 14 heures,"Stage Chargé de Recrutement H/F
Ingeliance Technologies
Bordeaux - 33
Stage
1 000 € / mois
6 mois
... Vous maîtrisez les outils de recrutement (ATS, jobboards, réseaux sociaux professionnels) et avez une bonne connaissance des techniques...
Voir l’offre
il y a 14 heures",False,,2025-12-16T10:44:32.860089
Emploi Ressources Humaines,https://www.hellowork.com/fr-fr/emplois/73728868.html,73728868,Gestionnaire de Paie H/F,SOLEME,38 000 - 48 000 € / an,CDI,38 000 - 48 000 € / an,il y a 14 heures,"Gestionnaire de Paie H/F
SOLEME
Magny-les-Hameaux - 78
CDI
38 000 - 48 000 € / an
- Vous avez 3 ans minimum d'expérience en cabinet comptable ou de paie. - Vous avez une formation RH,...
Voir l’offre
il y a 14 heures",False,,2025-12-16T10:44:33.407611
Emploi Ressources Humaines,https://www.hellowork.com/fr-fr/emplois/73728776.html,73728776,Chargé de Recrutement H/F,Adéquat recrute pour Adéquat...,22 000 - 27 000 € / an,CDI,22 000 - 27 000 € / an,il y a 14 heures,"Chargé de Recrutement H/F
Adéquat recrute pour Adéquat...
Salon-de-Provence - 13
CDI
22 000 - 27 000 € / an
... ! Vous souhaitez rejoindre une entreprise dans laquelle vous pourrez vous épanouir ? Avec Adéquat, vous êtes au bon...
Voir l’offre
il y a 14 heures",False,,2025-12-16T10:44:33.920269
Emploi Ressources Humaines,https://www.hellowork.com/fr-fr/emplois/73728708.html,73728708,Assistant RH H/F,Artus Interim,Saint-Philbert-de-Grand-Lieu - 44,Temps partiel,13 € / heure,il y a 14 heures,"Assistant RH H/F
Artus Interim
Saint-Philbert-de-Grand-Lieu - 44
Intérim
Temps partiel
13 € / heure
... c'est à vous de jouer ! N'hésitez plus et rejoignez la ARTUS Family ! ...
Voir l’offre
il y a 14 heures",False,,2025-12-16T10:44:50.106318
Emploi Ressources Humaines,https://www.hellowork.com/fr-fr/emplois/73728679.html,73728679,Assistant Administratif Ressources Humaines H/F,Artus Interim,Dadonville - 45,Intérim,"12,50 € / heure",il y a 14 heures,"Assistant Administratif Ressources Humaines H/F
Artus Interim
Dadonville - 45
Intérim
12,50 € / heure
... rejoignez la ARTUS Family ! Expérience : ...
Voir l’offre
il y a 14 heures",False,,2025-12-16T10:44:50.600404
Emploi Ressources Humaines,https://www.hellowork.com/fr-fr/emplois/73728597.html,73728597,Assistant RH H/F,Artus Interim,Gasny - 27,Intérim,,il y a 14 heures,"Assistant RH H/F
Artus Interim
Gasny - 27
Intérim
... dédiés (mutuelle, logement, garde enfant, déplacement). Maintenant, c'est à vous de jouer ! ...
Voir l’offre
il y a 14 heures",False,,2025-12-16T10:44:51.017372
Emploi Ressources Humaines,https://www.hellowork.com/fr-fr/emplois/73728592.html,73728592,Talent Acquisition Specialist - Scale-Up Tech H/F,Trois Cent Onze Recrutement & Conseil,40 000 - 45 000 € / an,CDI,40 000 - 45 000 € / an,il y a 14 heures,"Talent Acquisition Specialist - Scale-Up Tech H/F
Trois Cent Onze Recrutement & Conseil
Paris - 75
CDI
40 000 - 45 000 € / an
... - Rigueur dans la qualification des candidats et la gestion du pipeline - Maîtrise du sourcing...
Voir l’offre
il y a 14 heures",False,,2025-12-16T10:44:51.469652
Emploi Ressources Humaines,https://www.hellowork.com/fr-fr/emplois/73728231.html,73728231,Chargé de Recrutement H/F,GI Group Holding,26 000 - 28 000 € / an,CDI,26 000 - 28 000 € / an,il y a 15 heures,"Chargé de Recrutement H/F
GI Group Holding
Nantes - 44
CDI
26 000 - 28 000 € / an
Télétravail partiel
... Prêt(e) à contribuer a un projet ambitieux ? Postulez dès maintenant et devenez un « life changer » !
Voir l’offre
il y a 15 heures",True,,2025-12-16T10:44:51.936986
Emploi Ressources Humaines,https://www.hellowork.com/fr-fr/emplois/73728227.html,73728227,Chargé de Recrutement Bordeaux H/F,GI Group Holding,27 000 - 29 000 € / an,CDI,27 000 - 29 000 € / an,il y a 15 heures,"Chargé de Recrutement Bordeaux H/F
GI Group Holding
Bordeaux - 33
CDI
27 000 - 29 000 € / an
Télétravail partiel
... durable. Découvrez nos valeurs Prêt(e) à contribuer a un projet ambitieux ? Postulez dès maintenant et...
Voir l’offre
il y a 15 heures",True,,2025-12-16T10:44:52.374200
Emploi Ressources Humaines,https://www.hellowork.com/fr-fr/emplois/73728215.html,73728215,Chargé de Développement RH H/F,LHH Recruitment Solutions,35 000 - 40 000 € / an,Intérim,35 000 - 40 000 € / an,il y a 15 heures,"Chargé de Développement RH H/F
LHH Recruitment Solutions
Saint-Herblain - 44
Intérim
35 000 - 40 000 € / an
6 mois
... la DRH (compte rendu d'entretien). - Entretenir un contact régulier et constructif avec les partenaires de recrutement. ...
Voir l’offre
il y a 15 heures",False,,2025-12-16T10:44:52.864988
Emploi Ressources Humaines,https://www.hellowork.com/fr-fr/emplois/73728135.html,73728135,Gestionnaire de Paie - CDI H/F,Groupe Parlym,Marseille 16e - 13,CDI,,il y a 15 heures,"Gestionnaire de Paie - CDI H/F
Groupe Parlym
Marseille 16e - 13
CDI
... pour votre sérieux, votre organisation et votre sens du service. Vous apportez : -...
Voir l’offre
il y a 15 heures",False,,2025-12-16T10:44:53.270926
Emploi Ressources Humaines,https://www.hellowork.com/fr-fr/emplois/73727947.html,73727947,Directeur des Ressources Humaines H/F,Gaïac Consulting,Carrières-sur-Seine - 78,CDI,,il y a 15 heures,"Directeur des Ressources Humaines H/F
Gaïac Consulting
Carrières-sur-Seine - 78
CDI
... transversal - Connaissance des outils SIRH - Maîtrise des outils bureautiques Vous vous reconnaissez dans...
Voir l’offre
il y a 15 heures",False,,2025-12-16T10:44:53.698007
Emploi Ressources Humaines,https://www.hellowork.com/fr-fr/emplois/73727139.html,73727139,Assistant d'Agence O2 H/F,O2,Pont-Audemer - 27,CDI,1 900 € / mois,il y a 15 heures,"Assistant d'Agence O2 H/F
O2
Pont-Audemer - 27
CDI
1 900 € / mois
... Rémunération : 1900€ bruts mensuels Ce poste est fait pour vous ? Rejoignez O2, élue marque préférée...
Voir l’offre
il y a 15 heures",False,,2025-12-16T10:44:54.139793
Emploi Ressources Humaines,https://www.hellowork.com/fr-fr/emplois/73726312.html,73726312,Gestionnaire de Paie H/F,Groupe Piment,30 000 - 35 000 € / an,CDI,30 000 - 35 000 € / an,il y a 15 heures,"Gestionnaire de Paie H/F
Groupe Piment
Fontenay-sur-Eure - 28
CDI
30 000 - 35 000 € / an
... Bac à Bac +2 en paie ou formation équivalente. Vous cumulez une expérience de minimum trois...
Voir l’offre
il y a 15 heures",False,,2025-12-16T10:44:54.557480
Emploi Ressources Humaines,https://www.hellowork.com/fr-fr/emplois/73726297.html,73726297,Recruteur H/F,Groupe Piment,1 750 - 2 500 € / mois,Intérim,1 750 - 2 500 € / mois,il y a 15 heures,"Recruteur H/F
Groupe Piment
Méaulte - 80
Intérim
1 750 - 2 500 € / mois
4 mois
- Formation RH : un plus mais pas obligatoire. - 5 ans d'expérience souhaités (alternance comprise). - Connaissance...
Voir l’offre
il y a 15 heures",False,5 ans d'expérience,2025-12-16T10:44:55.082903
Emploi Ressources Humaines,https://www.hellowork.com/fr-fr/emplois/73726290.html,73726290,Responsable Relations Sociales H/F,RATP Cap île-de-France,Nanterre - 92,CDI,,il y a 15 heures,"Responsable Relations Sociales H/F
RATP Cap île-de-France
Nanterre - 92
CDI
... et des différentes Instances Représentatives du Personnel (IRP). Vous veillerez à garantir un dialogue social de qualité et constructif, et...
Voir l’offre
il y a 15 heures",False,,2025-12-16T10:44:55.492097
Emploi Ressources Humaines,https://www.hellowork.com/fr-fr/emplois/73723258.html,73723258,Responsable Developpement RH et Strategie H/F,PEP71,3 127 - 4 094 € / mois,CDI,3 127 - 4 094 € / mois,il y a 15 heures,"Responsable Developpement RH et Strategie H/F
PEP71
Chalon-sur-Saône - 71
CDI
3 127 - 4 094 € / mois
... transmission des savoirs. Savoir-faire : -Capacité à rédiger des documents juridiques (accords, règlements, notes...
Voir l’offre
il y a 15 heures",False,,2025-12-16T10:44:55.926172
Emploi Ressources Humaines,https://www.hellowork.com/fr-fr/emplois/73723240.html,73723240,Responsable d'Agence de Location H/F,Dailliez Consulting,3 000 - 3 500 € / mois,CDI,3 000 - 3 500 € / mois,il y a 16 heures,"Responsable d'Agence de Location H/F
Dailliez Consulting
Argenteuil - 95
CDI
3 000 - 3 500 € / mois
... type Loxam, Kiloutou, Locamod,Colber ...). Votre sens du service clients, votre intérêt prononcé pour les challenges et...
Voir l’offre
il y a 16 heures",False,,2025-12-16T10:44:56.341288
Emploi Ressources Humaines,https://www.hellowork.com/fr-fr/emplois/73723238.html,73723238,Chargé de Ressources Humaines H/F,Numih France,Loos - 59,CDI,,il y a 16 heures,"Chargé de Ressources Humaines H/F
Numih France
Loos - 59
CDI
Télétravail partiel
... France + Concilier vie pro / vie perso avec 48 jours de congés annuels (28...
Voir l’offre
il y a 16 heures",True,,2025-12-16T10:44:56.758823
Emploi Ressources Humaines,https://www.hellowork.com/fr-fr/emplois/73723185.html,73723185,Consultant·e RH Indépendant·e - Paris H/F,La Ressource Humaine,Paris - 75,Temps partiel,,il y a 16 heures,"Consultant·e RH Indépendant·e - Paris H/F
La Ressource Humaine
Paris - 75
Indépendant
Temps partiel
Télétravail complet
... développer des compétences commerciales (prospection, offre, relation client), - Tu veux sortir de l'isolement et t'appuyer sur un collectif...
Voir l’offre
il y a 16 heures",True,,2025-12-16T10:44:57.195642
Emploi Ressources Humaines,https://www.hellowork.com/fr-fr/emplois/73723159.html,73723159,Assistant Paie & Adm H/F,Elior Restauration,Bègles - 33,CDD,2 450 € / mois,il y a 16 heures,"Assistant Paie & Adm H/F
Elior Restauration
Bègles - 33
CDD
2 450 € / mois
6 mois
... et de performance. Nous construisons nos équipes en nous appuyant sur les compétences et la personnalité de chacun. Elior s'engage...
Voir l’offre
il y a 16 heures",False,,2025-12-16T10:44:57.599997
Emploi Ressources Humaines,https://www.hellowork.com/fr-fr/emplois/73722991.html,73722991,Gestionnaire Paie et Administration du Personnel Confirmé·e H/F,Desautel,36 000 - 40 000 € / an,CDI,36 000 - 40 000 € / an,il y a 16 heures,"Gestionnaire Paie et Administration du Personnel Confirmé·e H/F
Desautel
Super recruteur
Montluel - 01
CDI
36 000 - 40 000 € / an
... humaines - Vous justifiez d'une experience de minimum 5 ans en tant que Gestionnaire de paie et vous gérez...
Voir l’offre
il y a 16 heures",False,,2025-12-16T10:44:58.119998
Emploi Ressources Humaines,https://www.hellowork.com/fr-fr/emplois/73722960.html,73722960,Assistant RH et Paies H/F,LIP Tertiaire,2 000 - 2 200 € / mois,CDI,2 000 - 2 200 € / mois,il y a 16 heures,"Assistant RH et Paies H/F
LIP Tertiaire
Vénissieux - 69
CDI
2 000 - 2 200 € / mois
... ans d'expériences dans le domaine des ressources humaines. Vous maîtrisez parfaitement Excel. Vous êtes une personne méthodique, organisée et structurée.
Voir l’offre
il y a 16 heures",False,,2025-12-16T10:44:58.600186
Emploi Ressources Humaines,https://www.hellowork.com/fr-fr/emplois/73722887.html,73722887,Gestionnaire de Paie H/F,Toma Intérim,13 - 15 € / heure,CDI,13 - 15 € / heure,il y a 16 heures,"Gestionnaire de Paie H/F
Toma Intérim
Lambres-lez-Douai - 59
CDI
13 - 15 € / heure
... de paie, idéalement en milieu industriel Bonne connaissance des horaires postés Maîtrise des outils ADP et d'un logiciel...
Voir l’offre
il y a 16 heures",False,,2025-12-16T10:45:14.382037
Emploi Ressources Humaines,https://www.hellowork.com/fr-fr/emplois/73722868.html,73722868,Chargé d'Affaires en Recrutement H/F,LIP recrute pour LIP,Saint-Étienne - 42,CDI,45 000 € / an,il y a 16 heures,"Chargé d'Affaires en Recrutement H/F
LIP recrute pour LIP
Saint-Étienne - 42
CDI
45 000 € / an
... un PC portable - Une voiture selon atteinte des objectifs - Des RTT - Une mutuelle - Des tickets restaurant
Voir l’offre
il y a 16 heures",False,,2025-12-16T10:45:14.775381
Emploi Ressources Humaines,https://www.hellowork.com/fr-fr/emplois/73722867.html,73722867,Exploitant Recruteur H/F,LIP recrute pour LIP,Saint-Brieuc - 22,CDI,45 000 € / an,il y a 16 heures,"Exploitant Recruteur H/F
LIP recrute pour LIP
Saint-Brieuc - 22
CDI
45 000 € / an
... est simple et rapide : - Echange téléphonique et rencontre avec un membre de l'équipe du Recrutement Interne, - Entretien...
Voir l’offre
il y a 16 heures",False,,2025-12-16T10:45:15.174449
Emploi Ressources Humaines,https://www.hellowork.com/fr-fr/emplois/73722866.html,73722866,CDD -Chargé·e de Recrutement H/F,Animalis,Paris - 75,CDD,,il y a 16 heures,"CDD -Chargé·e de Recrutement H/F
Animalis
Paris - 75
CDD
6 mois
... la situation de handicap. Ici, seules la motivation et les compétences comptent, dans un environnement ouvert à tous. ...
Voir l’offre
il y a 16 heures",False,,2025-12-16T10:45:15.588229
Emploi Ressources Humaines,https://www.hellowork.com/fr-fr/emplois/73722845.html,73722845,Gestionnaire de Paies Confirmé H/F,CR&M PAIE,Laxou - 54,CDI,,il y a 16 heures,"Gestionnaire de Paies Confirmé H/F
CR&M PAIE
Laxou - 54
CDI
... - Vous maitrisez le logiciel SILAE - Vous avez à coeur de respecter les délais, - Vous...
Voir l’offre
il y a 16 heures",False,,2025-12-16T10:45:16.034918
Emploi Ressources Humaines,https://www.hellowork.com/fr-fr/emplois/73722609.html,73722609,Assistant RH et de Direction H/F,Robert Half,34 000 - 38 000 € / an,CDD,34 000 - 38 000 € / an,il y a 16 heures,"Assistant RH et de Direction H/F
Robert Half
Massy - 91
CDD
34 000 - 38 000 € / an
Télétravail occasionnel
+ 1
... avez un niveau d'anglais correct à l'écrit comme à l'oral afin de communiquer avec l'ensemble du groupe à l'international ...
Voir l’offre
il y a 16 heures",True,,2025-12-16T10:45:16.531237
Emploi Ressources Humaines,https://www.hellowork.com/fr-fr/emplois/73722592.html,73722592,Assistant du Service Recrutement H/F,Région Pays de la Loire,Nantes - 44,CDD,1 623 € / mois,il y a 16 heures,"Assistant du Service Recrutement H/F
Région Pays de la Loire
Nantes - 44
CDD
1 623 € / mois
6 mois
... situations variées. Vous maîtrisez les outils numériques et respectez scrupuleusement la confidentialité des informations traitées. Vous aimez le travail collaboratif...
Voir l’offre
il y a 16 heur",False,,2025-12-16T10:45:17.052207
Emploi Ressources Humaines,https://www.hellowork.com/fr-fr/emplois/73722490.html,73722490,Assistant d'Agence H/F,ONELA,Saint-Nazaire - 44,CDI,1 900 € / mois,il y a 16 heures,"Assistant d'Agence H/F
ONELA
Super recruteur
Saint-Nazaire - 44
CDI
1 900 € / mois
... aptitudes professionnelles Sens du service et de l'accueil Maîtrise des outils bureautiques Sens de l'écoute et...
Voir l’offre
il y a 16 heures",False,,2025-12-16T10:45:17.522294
Emploi Ressources Humaines,https://www.hellowork.com/fr-fr/emplois/73722330.html,73722330,Responsable d'Agence dans les Services à la Personne H/F,Petits-fils développement,Dinan - 22,CDI,2 600 € / mois,il y a 16 heures,"Responsable d'Agence dans les Services à la Personne H/F
Petits-fils développement
Dinan - 22
CDI
2 600 € / mois
... du service et au bien-être de nos équipes. Vous bénéficierez d'un environnement de travail bienveillant et convivial, propice à votre...
Voir l’offre
il y a 16 heures",False,,2025-12-16T10:45:18.020110
Emploi Ressources Humaines,https://www.hellowork.com/fr-fr/emplois/73722306.html,73722306,Chargé de Recrutement H/F,Derichebourg Interim,2 000 - 2 500 € / mois,CDI,2 000 - 2 500 € / mois,il y a 16 heures,"Chargé de Recrutement H/F
Derichebourg Interim
Montargis - 45
CDI
2 000 - 2 500 € / mois
.Formation Bac +2 (RH, commerce, gestion ou équivalent) .Une première expérience en recrutement ou dans le secteur de l'intérim est...
Voir l’offre
il y a 16 heures",False,,2025-12-16T10:45:18.466852
Emploi Ressources Humaines,https://www.hellowork.com/fr-fr/emplois/73722026.html,73722026,Responsable d'Agence H/F,Omnium RH,60 000 - 65 000 € / an,CDI,60 000 - 65 000 € / an,il y a 16 heures,"Responsable d'Agence H/F
Omnium RH
Annecy - 74
CDI
60 000 - 65 000 € / an
Télétravail occasionnel
... Savoir coordonner et synthétiser des informations provenant de sources variées - Savoir gérer les imprévus et rechercher les solutions...
Voir l’offre
il y a 16 heures",True,,2025-12-16T10:45:18.960651
Emploi Ressources Humaines,https://www.hellowork.com/fr-fr/emplois/73722022.html,73722022,Gestionnaire Administration du Personnel H/F,MEOGROUP,33 000 - 38 000 € / an,CDI,33 000 - 38 000 € / an,il y a 16 heures,"Gestionnaire Administration du Personnel H/F
MEOGROUP
Boulogne-Billancourt - 92
CDI
33 000 - 38 000 € / an
Télétravail occasionnel
Disponible dès début janvier, vous avez une première expérience de un an (post alternance) sur un poste similaire. ...
Voir l’offre
il y a 16 heures",True,,2025-12-16T10:45:19.442063
Emploi Ressources Humaines,https://www.hellowork.com/fr-fr/emplois/73721950.html,73721950,Gestionnaire de Paie - Silae H/F,Ekko RH,34 000 - 38 000 € / an,CDI,34 000 - 38 000 € / an,il y a 16 heures,"Gestionnaire de Paie - Silae H/F
Ekko RH
Super recruteur
Carquefou - 44
CDI
34 000 - 38 000 € / an
Télétravail occasionnel
... Vous bénéficiez d'une expérience significative sur un poste similaire en cabinet. N'hésitez plus !...
Voir l’offre
il y a 16 heures",True,,2025-12-16T10:45:19.959436
Emploi Ressources Humaines,https://www.hellowork.com/fr-fr/emplois/73721722.html,73721722,Chargé d'Affaires Agence d'Intérim H/F,Athena Interim,Lyon 7e - 69,CDI,,il y a 16 heures,"Chargé d'Affaires Agence d'Intérim H/F
Athena Interim
Lyon 7e - 69
CDI
h/f issu du travail temporaire
Voir l’offre
il y a 16 heures",False,,2025-12-16T10:45:20.350293
Emploi Ressources Humaines,https://www.hellowork.com/fr-fr/emplois/73721716.html,73721716,Stage - RH - Early Career H/F,BNP Paribas,Rueil-Malmaison - 92,Stage,,il y a 16 heures,"Stage - RH - Early Career H/F
BNP Paribas
Rueil-Malmaison - 92
Stage
... la gestion du recrutement de leurs populations. Vous serez le point de contact avec les équipes RH...
Voir l’offre
il y a 16 heures",False,,2025-12-16T10:45:20.724294
Emploi Ressources Humaines,https://www.hellowork.com/fr-fr/emplois/73721659.html,73721659,Gestionnaire Paie H/F,SES INTERIM Maisons Alfort,38 000 - 42 000 € / an,CDD,38 000 - 42 000 € / an,il y a 16 heures,"Gestionnaire Paie H/F
SES INTERIM Maisons Alfort
Maisons-Alfort - 94
CDD
38 000 - 42 000 € / an
5 mois
... - Esprit d'équipe et sens du service - Bon relationnel et capacité d'adaptation ...
Voir l’offre
il y a 16 heures",False,,2025-12-16T10:45:21.215491
Emploi Ressources Humaines,https://www.hellowork.com/fr-fr/emplois/73721648.html,73721648,Chargé de Recrutement H/F,Samsic Emploi,1 900 - 2 000 € / mois,CDI,1 900 - 2 000 € / mois,il y a 16 heures,"Chargé de Recrutement H/F
Samsic Emploi
Eysines - 33
CDI
1 900 - 2 000 € / mois
... Poste à pourvoir en CDI, au sein de notre agence basée à Eysines. Rémunération...
Voir l’offre
il y a 16 heures",False,,2025-12-16T10:45:21.624834
Emploi Ressources Humaines,https://www.hellowork.com/fr-fr/emplois/73721605.html,73721605,Responsable d'Agence Interim H/F,Athena Interim,3 500 - 4 000 € / mois,CDI,3 500 - 4 000 € / mois,il y a 16 heures,"Responsable d'Agence Interim H/F
Athena Interim
Lyon 7e - 69
CDI
3 500 - 4 000 € / mois
h/f issu des métiers de l'emploi ou du service
Voir l’offre
il y a 16 heures",False,,2025-12-16T10:45:22.072808
Emploi Ressources Humaines,https://www.hellowork.com/fr-fr/emplois/73721532.html,73721532,Gestionnaire de Paie H/F,Neithwork,30 000 - 35 000 € / an,CDD,30 000 - 35 000 € / an,il y a 16 heures,"Gestionnaire de Paie H/F
Neithwork
Marseille 13e - 13
CDD
30 000 - 35 000 € / an
12 mois
... sur les logiciels de paie, idéalement sur une solution ADP. Autonome, rigoureux.se et organisé.e, vous aimez travailler...
Voir l’offre
il y a 16 heures",False,,2025-12-16T10:45:22.561876
Emploi Ressources Humaines,https://www.hellowork.com/fr-fr/emplois/73721499.html,73721499,Responsable des Ressources Humaines H/F,implid,Lyon 6e - 69,CDI,,il y a 17 heures,"Responsable des Ressources Humaines H/F
implid
Lyon 6e - 69
CDI
Télétravail partiel
... avec un(e) professionnel(le) RH engagé(e), animé(e) par l'envie de grandir et faire grandir au sein de l'organisation et de contribuer...
Voir l’offre
il y a 17 heures",True,,2025-12-16T10:45:22.978298
Emploi Ressources Humaines,https://www.hellowork.com/fr-fr/emplois/73721389.html,73721389,Assistant Formation & Projets H/F,Cafés Richard,Gennevilliers - 92,Intérim,,il y a 17 heures,"Assistant Formation & Projets H/F
Cafés Richard
Gennevilliers - 92
Intérim
3 mois
... - Maitrise des outils informatiques Google (Drive, Mail, Agenda..) - Aisance relationnelle, sens de l'organisation et esprit d'équipe - Sensibilité...
Voir l’offre
il y a 17 heures",False,,2025-12-16T10:45:38.682281
Emploi Ressources Humaines,https://www.hellowork.com/fr-fr/emplois/73721376.html,73721376,Directeur des Ressources Humaines H/F,Harry Hope,60 000 - 110 000 € / an,CDI,60 000 - 110 000 € / an,il y a 17 heures,"Directeur des Ressources Humaines H/F
Harry Hope
Chaumont - 52
CDI
60 000 - 110 000 € / an
... travail et du dialogue social. Solide expérience en contextes complexes, tendus ou en transition. Qualités attendues : leadership, sens de...
Voir l’offre
il y a 17 heures",False,,2025-12-16T10:45:39.106000
Emploi Ressources Humaines,https://www.hellowork.com/fr-fr/emplois/73721291.html,73721291,Charge de Recrutement Medico Social H/F,Domino RH,25 000 - 30 000 € / an,CDI,25 000 - 30 000 € / an,il y a 17 heures,"Charge de Recrutement Medico Social H/F
Domino RH
Poitiers - 86
CDI
25 000 - 30 000 € / an
... à notre mission de valorisation des Richesses Humaines, nous sommes impatients de vous rencontrer. Postulez dès maintenant et rejoignez notre...
Voir l’offre
il y a 17 heures",False,,2025-12-16T10:45:39.557781
Emploi Ressources Humaines,https://www.hellowork.com/fr-fr/emplois/73721282.html,73721282,Consultant Recrutement H/F,Auroch Interim,Neufchâteau - 88,CDI,2 000 € / mois,il y a 17 heures,"Consultant Recrutement H/F
Auroch Interim
Neufchâteau - 88
CDI
2 000 € / mois
Vous êtes motivé(e), vous avez envie d'apprendre et de développer de nouvelles compétences. Vous aimez atteindre des objectifs et vous...
Voir l’offre
il y a 17 heures",False,,2025-12-16T10:45:40.017593
Emploi Ressources Humaines,https://www.hellowork.com/fr-fr/emplois/73721278.html,73721278,Assistant Ressources Humaines Polyvalent H/F,GSF,30 000 - 35 000 € / an,CDI,30 000 - 35 000 € / an,il y a 17 heures,"Assistant Ressources Humaines Polyvalent H/F
GSF
Châtenoy-le-Royal - 71
CDI
30 000 - 35 000 € / an
... rémunération est attractive et évolutive : 34Keuros brut + primes. Rejoindre GSF c'est s'investir dans un Groupe attaché...
Voir l’offre
il y a 17 heures",False,,2025-12-16T10:45:40.524265
Emploi Ressources Humaines,https://www.hellowork.com/fr-fr/emplois/73721275.html,73721275,Assistant Intérim et Administratif RH H/F,Groupe Brangeon,Cholet - 49,CDI,,il y a 17 heures,"Assistant Intérim et Administratif RH H/F
Groupe Brangeon
Cholet - 49
CDI
... vos compétences en action. Les outils bureautiques n'ont plus de secret pour vous, et une première expérience sur PIXID serait...
Voir l’offre
il y a 17 heures",False,,2025-12-16T10:45:40.947272
Emploi Ressources Humaines,https://www.hellowork.com/fr-fr/emplois/73721162.html,73721162,Responsable Social H/F,Harry Hope,35 000 - 45 000 € / an,CDI,35 000 - 45 000 € / an,il y a 17 heures,"Responsable Social H/F
Harry Hope
Narbonne - 11
CDI
35 000 - 45 000 € / an
Télétravail partiel
... Excellente maîtrise de SILAE Autonomie complète sur la gestion de la paie Rigueur, sens de l'organisation et...
Voir l’offre
il y a 17 heures",True,,2025-12-16T10:45:41.430538
Emploi Ressources Humaines,https://www.hellowork.com/fr-fr/emplois/73721051.html,73721051,Attache Commercial et Recrutement IDE H/F,Domino RH,30 000 - 40 000 € / an,CDI,30 000 - 40 000 € / an,il y a 17 heures,"Attache Commercial et Recrutement IDE H/F
Domino RH
Poitiers - 86
CDI
30 000 - 40 000 € / an
Une première expérience commerciale ou relation client est un plus, mais une forte appétence pour le développement commercial est demandé....
Voir l’offre
il y a 17 heures",False,,2025-12-16T10:45:41.906270
Emploi Ressources Humaines,https://www.hellowork.com/fr-fr/emplois/73720775.html,73720775,Conseiller en Insertion Professionnelle Cip H/F,COALLIA,Outreau - 62,CDD,,il y a 17 heures,"Conseiller en Insertion Professionnelle Cip H/F
COALLIA
Outreau - 62
CDD
12 mois
Titulaire du Titre professionnel conseiller en insertion professionnelle vous justifiez d'une première expérience dans le domaine de l'accompagnement auprès d'un...
Voir l’offre
il y a 17 heures",False,,2025-12-16T10:45:42.280192
Emploi Ressources Humaines,https://www.hellowork.com/fr-fr/emplois/73720721.html,73720721,RRH Hypermarche H/F,CC FORMA,3 500 - 3 800 € / mois,CDI,3 500 - 3 800 € / mois,il y a 17 heures,"RRH Hypermarche H/F
CC FORMA
Seine-Maritime - 76
CDI
3 500 - 3 800 € / mois
... - Maîtrise des processus et outils de paie - Bonne connaissance du droit...
Voir l’offre
il y a 17 heures",False,,2025-12-16T10:45:42.701141
Emploi Ressources Humaines,https://www.hellowork.com/fr-fr/emplois/73720648.html,73720648,Gestionnaire Paie H/F,LHH Recruitment Solutions,30 000 - 35 000 € / an,Intérim,30 000 - 35 000 € / an,il y a 17 heures,"Gestionnaire Paie H/F
LHH Recruitment Solutions
Nantes - 44
Intérim
30 000 - 35 000 € / an
6 mois
... (saisie, vérification et validation des éléments variables de paie) : - Vous assurez l'ensemble des...
Voir l’offre
il y a 17 heures",False,,2025-12-16T10:45:43.166225
Emploi Ressources Humaines,https://www.hellowork.com/fr-fr/emplois/73720459.html,73720459,Charge de Recrutement H/F,ADH,Vandœuvre-lès-Nancy - 54,CDI,,il y a 17 heures,"Charge de Recrutement H/F
ADH
Vandœuvre-lès-Nancy - 54
CDI
... ciblés...). Poste en CDI basé à Nancy. Vous rejoignez...
Voir l’offre
il y a 17 heures",False,,2025-12-16T10:45:43.564110
Emploi Ressources Humaines,https://www.hellowork.com/fr-fr/emplois/73720375.html,73720375,Payroll Partner French-Speaking H/F,SumUp,Paris - 75,CDI,,il y a 17 heures,"Payroll Partner French-Speaking H/F
SumUp
Paris - 75
CDI
... L&D budget of €2,000 for attending conferences and/or advancing your career through further education. Enrolment onto...
Voir l’offre
il y a 17 heures",False,,2025-12-16T10:45:43.967708
Emploi Ressources Humaines,https://www.hellowork.com/fr-fr/emplois/73720312.html,73720312,Vie - Chargé·e de Mission RH H/F,Safran,Corbeil-Essonnes - 91,CDD,,il y a 17 heures,"Vie - Chargé·e de Mission RH H/F
Safran
Corbeil-Essonnes - 91
CDD
21 mois
Required Qualifications & Skills : - Masters Degree in HR (or equivalent) - Full professional proficiency in English (written...
Voir l’offre
il y a 17 heures",False,,2025-12-16T10:45:44.373464
Emploi Ressources Humaines,https://www.hellowork.com/fr-fr/emplois/73720297.html,73720297,Vie - Chargé·e de Mission RH H/F,Safran,Corbeil-Essonnes - 91,CDD,,il y a 17 heures,"Vie - Chargé·e de Mission RH H/F
Safran
Corbeil-Essonnes - 91
CDD
24 mois
Required Qualifications & Skills : - Masters Degree in HR (or equivalent) - Full professional proficiency in English (written...
Voir l’offre
il y a 17 heures",False,,2025-12-16T10:45:44.754326
Emploi Ressources Humaines,https://www.hellowork.com/fr-fr/emplois/73720263.html,73720263,CDD - Chargé·e de Ressources Humaines H/F,Safran,Colombes - 92,CDD,,il y a 17 heures,"CDD - Chargé·e de Ressources Humaines H/F
Safran
Colombes - 92
CDD
1 an
De formation Bac +5, Vous savez établir une relation et un dialogue permanent avec divers interlocuteurs. Vous êtes rigoureux-se,...
Voir l’offre
il y a 17 heures",False,,2025-12-16T10:45:45.158600
Emploi Ressources Humaines,https://www.hellowork.com/fr-fr/emplois/73720221.html,73720221,Human Resources Business Partner - Généraliste RH Expérimenté H/F,W Hunt,60 000 - 70 000 € / an,CDI,60 000 - 70 000 € / an,il y a 17 heures,"Human Resources Business Partner - Généraliste RH Expérimenté H/F
W Hunt
Luxembourg
CDI
60 000 - 70 000 € / an
Télétravail partiel
... d'avocats, conseil, services professionnels), savez travailler en autonomie, avez le sens des priorités et faites preuve de finesse relationnelle et...
Voir l’offre
",True,,2025-12-16T10:45:45.618916
Emploi Ressources Humaines,https://www.hellowork.com/fr-fr/emplois/73720215.html,73720215,Consultant Reclassement Collectif - Freelance - Langres H/F,AKSIS,Langres - 52,Freelance,,il y a 17 heures,"Consultant Reclassement Collectif - Freelance - Langres H/F
AKSIS
Langres - 52
Freelance
... expérience en cabinet de reclassement ou en outplacement est un plus. Compétences : - Excellente...
Voir l’offre
il y a 17 heures",False,,2025-12-16T10:45:46.032321
Emploi Ressources Humaines,https://www.hellowork.com/fr-fr/emplois/73720187.html,73720187,Gestionnaire Paie H/F,CFEP,Paris - 75,CDI,,il y a 17 heures,"Gestionnaire Paie H/F
CFEP
Paris - 75
CDI
Télétravail partiel
... de travail. - Administration du personnel (entrées/ sorties) - Veille sociale ...
Voir l’offre
il y a 17 heures",True,,2025-12-16T10:45:46.470487
Emploi Ressources Humaines,https://www.hellowork.com/fr-fr/emplois/73720174.html,73720174,Gestionnaire de Paie Confirmé Silae - Toulouse 31200 H/F,ODAS CONSEIL,33 000 - 36 000 € / an,CDI,33 000 - 36 000 € / an,il y a 17 heures,"Gestionnaire de Paie Confirmé Silae - Toulouse 31200 H/F
ODAS CONSEIL
Toulouse - 31
CDI
33 000 - 36 000 € / an
Télétravail partiel
Votre profil : - Expérience confirmée d'au moins 3 ans en cabinet d'expertise comptable - Maîtrise...
Voir l’offre
il y a 17 heures",True,,2025-12-16T10:45:46.956021
Emploi Ressources Humaines,https://www.hellowork.com/fr-fr/emplois/73720171.html,73720171,Gestionnaire de Paie Medico Social H/F,Abil Ressources,40 000 - 51 000 € / an,Intérim,40 000 - 51 000 € / an,il y a 17 heures,"Gestionnaire de Paie Medico Social H/F
Abil Ressources
Évreux - 27
Intérim
40 000 - 51 000 € / an
3 mois
... Rigueur, fiabilité et sens du service. . Diplomatie, adaptabilité et posture professionnelle affirmée. ...
Voir l’offre
il y a 17 heures",False,,2025-12-16T10:46:02.118419
Emploi Ressources Humaines,https://www.hellowork.com/fr-fr/emplois/73720159.html,73720159,Gestionnaire de Paie Confirmé Silae et Administration du Personnel - Alès 30 H/F,ODAS CONSEIL,33 000 - 36 000 € / an,CDI,33 000 - 36 000 € / an,il y a 17 heures,"Gestionnaire de Paie Confirmé Silae et Administration du Personnel - Alès 30 H/F
ODAS CONSEIL
Alès - 30
CDI
33 000 - 36 000 € / an
Télétravail partiel
... Rémunération entre 33-36K€ brut annuel selon profil Chez ODAS CONSEIL, nous rapprochons les talents et les...
Voir l’offre
il y a 17 heures",True,,2025-12-16T10:46:02.527570
Emploi Ressources Humaines,https://www.hellowork.com/fr-fr/emplois/73720155.html,73720155,Responsable d'Agence H/F,Menco,2 500 - 2 900 € / mois,CDI,2 500 - 2 900 € / mois,il y a 17 heures,"Responsable d'Agence H/F
Menco
La Rochelle - 17
CDI
2 500 - 2 900 € / mois
... vos partenaires. La satisfaction clients et intérimaires sont une priorités pour vous grâce à votre sens du...
Voir l’offre
il y a 17 heures",False,,2025-12-16T10:46:02.887135
Emploi Ressources Humaines,https://www.hellowork.com/fr-fr/emplois/73720075.html,73720075,Consultant en Recrutement H/F,Menco,1 900 - 2 200 € / mois,CDI,1 900 - 2 200 € / mois,il y a 17 heures,"Consultant en Recrutement H/F
Menco
La Rochelle - 17
CDI
1 900 - 2 200 € / mois
Idéalement, vous possédez une première expérience réussie dans le milieu des ressources humaines et notamment dans le domaine de l'intérim....
Voir l’offre
il y a 17 heures",False,,2025-12-16T10:46:03.291090
Emploi Ressources Humaines,https://www.hellowork.com/fr-fr/emplois/73720066.html,73720066,Gestionnaire de Paie - Evreux H/F,Actual Talent,24 000 - 25 000 € / an,CDD,24 000 - 25 000 € / an,il y a 17 heures,"Gestionnaire de Paie - Evreux H/F
Actual Talent
Évreux - 27
CDD
24 000 - 25 000 € / an
... un poste similaire et idéalement d'une connaissance du secteur du travail temporaire. Ce poste est également ouvert aux détenteurs d'un...
Voir l’offre
il y a 17 heures",False,,2025-12-16T10:46:03.722231
Emploi Ressources Humaines,https://www.hellowork.com/fr-fr/emplois/73719792.html,73719792,Conseiller - Conseillere Emploi Accompagne Jobcoach H/F,EPNAK,Villefranche-sur-Saône - 69,CDD,,il y a 17 heures,"Conseiller - Conseillere Emploi Accompagne Jobcoach H/F
EPNAK
Villefranche-sur-Saône - 69
CDD
1 mois
... sera réalisée ou attestation d'honorabilité si l'unité est concernée. Le Bulletin n°3 sera demandé pour toute embauche au sein de...
Voir l’offre
il y a 17 heures",False,,2025-12-16T10:46:04.141855
Emploi Ressources Humaines,https://www.hellowork.com/fr-fr/emplois/73719785.html,73719785,Assistant RH H/F,Synergie,20 000 - 25 000 € / an,CDI,20 000 - 25 000 € / an,il y a 17 heures,"Assistant RH H/F
Synergie
Chavagnes-en-Paillers - 85
CDI
20 000 - 25 000 € / an
Début le 12 janv.
... Déployer le plan de développement des compétences - Gérer les relations humaines et jouer un rôle de médiateur - Maîtriser...
Voir l’offre
il y a 17 heures",False,,2025-12-16T10:46:04.580953
Emploi Ressources Humaines,https://www.hellowork.com/fr-fr/emplois/73719715.html,73719715,Gestionnaire Paie H/F,Pay Job,28 000 - 35 000 € / an,CDD,28 000 - 35 000 € / an,il y a 17 heures,"Gestionnaire Paie H/F
Pay Job
Nozay - 44
CDD
28 000 - 35 000 € / an
Télétravail partiel
PAY JOB, cabinet de recrutement spécialisé en Paie, vous propose régulièrement des offres d'emploi ciblées (Gestionnaire / Responsable Paie, ADP...
Voir l’offre
il y a 17 heures",True,,2025-12-16T10:46:05.015531
Emploi Ressources Humaines,https://www.hellowork.com/fr-fr/emplois/73719625.html,73719625,Gestionnaire de Paie H/F,Club Comptable,29 000 - 35 000 € / an,CDI,29 000 - 35 000 € / an,il y a 17 heures,"Gestionnaire de Paie H/F
Club Comptable
Super recruteur
Dijon - 21
CDI
29 000 - 35 000 € / an
Télétravail partiel
... Votre candidature sera traitée en toute confidentialité. Aucun CV ne sera...
Voir l’offre
il y a 17 heures",True,,2025-12-16T10:46:05.558525
Emploi Ressources Humaines,https://www.hellowork.com/fr-fr/emplois/73719592.html,73719592,Collaborateur Social - Cabinet Comptable - Saint-Martin-Boulogne H/F,CR OHMYJOB.,30 000 - 40 000 € / an,CDI,30 000 - 40 000 € / an,il y a 17 heures,"Collaborateur Social - Cabinet Comptable - Saint-Martin-Boulogne H/F
CR OHMYJOB.
Saint-Martin-Boulogne - 62
CDI
30 000 - 40 000 € / an
... maîtrise de Silae - Autonomie, rigueur et sens du service client - Goût pour le conseil et l'accompagnement...
Voir l’offre
il y a 17 heures",False,,2025-12-16T10:46:06.027085
Emploi Ressources Humaines,https://www.hellowork.com/fr-fr/emplois/73719574.html,73719574,Chargé de Recrutement H/F,Premi Homme,Loiret - 45,CDI,,il y a 17 heures,"Chargé de Recrutement H/F
Premi Homme
Loiret - 45
CDI
... H/F Neuville-aux-Bois (45) CDI Le groupe Artus Chez...
Voir l’offre
il y a 17 heures",False,,2025-12-16T10:46:06.426407
Emploi Ressources Humaines,https://www.hellowork.com/fr-fr/emplois/73719503.html,73719503,Chargé Ressources Humaines H/F,FAYAT ENERGIES SERVICES,Gennevilliers - 92,CDI,,il y a 17 heures,"Chargé Ressources Humaines H/F
FAYAT ENERGIES SERVICES
Gennevilliers - 92
CDI
... et d'une grande adaptabilité, vous avez la capacité à gérer un grand nombre de projets en parallèle et à les...
Voir l’offre
il y a 17 heures",False,,2025-12-16T10:46:06.835484
Emploi Ressources Humaines,https://www.hellowork.com/fr-fr/emplois/73719488.html,73719488,Responsable d'Agence Transport 13 H/F,Foselev,Vitrolles - 13,CDI,,il y a 17 heures,"Responsable d'Agence Transport 13 H/F
Foselev
Vitrolles - 13
CDI
... Une grande réactivité qui implique un pouvoir d'initiative fort - Un accompagnement de vos ambitions professionnelles : c'est à...
Voir l’offre
il y a 17 heures",False,,2025-12-16T10:46:07.228640
Emploi Ressources Humaines,https://www.hellowork.com/fr-fr/emplois/73719467.html,73719467,Chargé de Recrutement et Administratif Expérimenté Intérim H/F,Hubjob,27 600 - 28 800 € / an,CDI,27 600 - 28 800 € / an,il y a 18 heures,"Chargé de Recrutement et Administratif Expérimenté Intérim H/F
Hubjob
Super recruteur
Roissy-en-France - 95
CDI
27 600 - 28 800 € / an
... esprit d'équipe. Vous maîtrisez la législation du travail temporaire Vous maitrisez le pack office
Voir l’offre
il y a 18 heures",False,,2025-12-16T10:46:07.671053
Emploi Ressources Humaines,https://www.hellowork.com/fr-fr/emplois/73719160.html,73719160,Chargé de Recrutement H/F,Working Spirit,24 000 - 28 000 € / an,CDI,24 000 - 28 000 € / an,il y a 18 heures,"Chargé de Recrutement H/F
Working Spirit
Belfort - 90
CDI
24 000 - 28 000 € / an
... et à travailler dans un environnement dynamique - Maîtrise des outils informatiques et des jobboards - Capacité à...
Voir l’offre
il y a 18 heures",False,,2025-12-16T10:46:08.149164
Emploi Ressources Humaines,https://www.hellowork.com/fr-fr/emplois/73719159.html,73719159,Gestionnaire Paie - Secteur BTP H/F,Intonae,"32 000 - 35 999,98 € / an",CDD,"32 000 - 35 999,98 € / an",il y a 18 heures,"Gestionnaire Paie - Secteur BTP H/F
Intonae
Toulouse - 31
CDD
32 000 - 35 999,98 € / an
Télétravail occasionnel
+ 1
... votre discrétion et votre sens de la confidentialité, et vous organisez vos missions en fonction des priorités. Doté·e d'un bon...
Voir l’offre
il y a 18 heures",True,,2025-12-16T10:46:08.653440
Emploi Ressources Humaines,https://www.hellowork.com/fr-fr/emplois/73719145.html,73719145,Assistant d'Agence H/F,Pôle RH Chartres,14 - 15 € / heure,Intérim,14 - 15 € / heure,il y a 18 heures,"Assistant d'Agence H/F
Pôle RH Chartres
Chartres - 28
Intérim
14 - 15 € / heure
3 mois
... et dynamisme - Aisance avec les outils bureautiques et administratifs La rémunération sera fixée en fonction...
Voir l’offre
il y a 18 heures",False,,2025-12-16T10:46:09.135269
Emploi Ressources Humaines,https://www.hellowork.com/fr-fr/emplois/73719084.html,73719084,Chargé RH Confirmé H/F,RÉSEAU TALENTS,40 000 - 50 000 € / an,CDI,40 000 - 50 000 € / an,il y a 18 heures,"Chargé RH Confirmé H/F
RÉSEAU TALENTS
Super recruteur
Charleville-Mézières - 08
CDI
40 000 - 50 000 € / an
... - Capacité d'adaptation, sens de l'écoute et de la confidentialité Je suis Léo SANTARELLI, Consultant indépendant partenaire...
Voir l’offre
il y a 18 heures",False,,2025-12-16T10:46:09.628359
Emploi Ressources Humaines,https://www.hellowork.com/fr-fr/emplois/73719006.html,73719006,Chargé de Recrutement H/F,Arnal - Résotainer,30 000 - 33 000 € / an,CDD,30 000 - 33 000 € / an,il y a 18 heures,"Chargé de Recrutement H/F
Arnal - Résotainer
Sète - 34
CDD
30 000 - 33 000 € / an
12 mois
... Bac +3 minimum en Ressources Humaines, vous disposez d'une expérience d'au moins 2 ans en recrutement (cabinet, agence d'intérim ou...
Voir l’offre
il y a 18 heures",False,,2025-12-16T10:46:10.082516
Emploi Ressources Humaines,https://www.hellowork.com/fr-fr/emplois/73718971.html,73718971,Stage - Chef de Projet RH H/F,GBH,Baie-Mahault - 971,Stage,,il y a 18 heures,"Stage - Chef de Projet RH H/F
GBH
Baie-Mahault - 971
Stage
... compétences. · Aisance rédactionnelle, capacité d'analyse et sens de l'organisation. · Autonomie, rigueur et goût du travail en mode projet....
Voir l’offre
il y a 18 heures",False,,2025-12-16T10:46:10.468042
Emploi Ressources Humaines,https://www.hellowork.com/fr-fr/emplois/73718968.html,73718968,Assistant RH et Recrutement H/F,Linkt,Mont-Saint-Aignan - 76,Stage,,il y a 18 heures,"Assistant RH et Recrutement H/F
Linkt
Mont-Saint-Aignan - 76
Stage
Télétravail occasionnel
* Tu prépares une formation de type Bac +3/4 en Ressources humaines. * Tu es avant tout digne de...
Voir l’offre
il y a 18 heures",True,,2025-12-16T10:46:27.555245
Emploi Ressources Humaines,https://www.hellowork.com/fr-fr/emplois/73718965.html,73718965,Consultant en Recrutement H/F,FAB Group,Bordeaux - 33,CDI,,il y a 18 heures,"Consultant en Recrutement H/F
FAB Group
Bordeaux - 33
CDI
Votre profil : Expérience réussie en cabinet Goût du contact humain, de la négociation et du challenge...
Voir l’offre
il y a 18 heures",False,,2025-12-16T10:46:27.950921
Emploi Ressources Humaines,https://www.hellowork.com/fr-fr/emplois/73718829.html,73718829,Stagiaire Chargé de Recrutement H/F,Team Interim Montpellier,Montpellier - 34,Stage,,il y a 18 heures,"Stagiaire Chargé de Recrutement H/F
Team Interim Montpellier
Montpellier - 34
Stage
2 mois
... gérer plusieurs tâches simultanément. Rigueur et souci du détail dans la gestion administrative sont indispensables. ...
Voir l’offre
il y a 18 heures",False,,2025-12-16T10:46:28.354476
Emploi Ressources Humaines,https://www.hellowork.com/fr-fr/emplois/73718807.html,73718807,Internship - HR Monitoring Officer H/F,CMA CGM,Apt - 84,Stage,,il y a 18 heures,"Internship - HR Monitoring Officer H/F
CMA CGM
Apt - 84
Stage
... Supporting the HR Monitoring team in dealing with day-to-day activities, - Providing insight...
Voir l’offre
il y a 18 heures",False,,2025-12-16T10:46:28.734332
Emploi Ressources Humaines,https://www.hellowork.com/fr-fr/emplois/73718779.html,73718779,Poste Gestionnaire de Paie & Assistante Ressources Humaines H/F,U Magasins,Lingolsheim - 67,CDI,,il y a 18 heures,"Poste Gestionnaire de Paie & Assistante Ressources Humaines H/F
U Magasins
Lingolsheim - 67
CDI
... / Bac +3 en Ressources humaines / Compatibilité ou Gestion Expérience : Expérience de 2 ans minimum...
Voir l’offre
il y a 18 heures",False,,2025-12-16T10:46:29.175507
Emploi Ressources Humaines,https://www.hellowork.com/fr-fr/emplois/73718726.html,73718726,Talent Acquisition - Cabinet de Conseil en Ingénierie H/F,Key Points Recrutement,33 000 - 36 000 € / an,CDI,33 000 - 36 000 € / an,il y a 18 heures,"Talent Acquisition - Cabinet de Conseil en Ingénierie H/F
Key Points Recrutement
Lyon - 69
CDI
33 000 - 36 000 € / an
Télétravail occasionnel
... est nécessaire. Vous êtes diplômé(e) d'un Master 2 (validé) en école de commerce ou université. ...
Voir l’offre
il y a 18 heures",True,,2025-12-16T10:46:29.646438
Emploi Ressources Humaines,https://www.hellowork.com/fr-fr/emplois/73718528.html,73718528,Chef de Projet - Spécialiste du Recrutement dans les Métiers des Transports et de la Logistique H/F,,Paris 8e - 75,CDI,,il y a 18 heures,"Chef de Projet - Spécialiste du Recrutement dans les Métiers des Transports et de la Logistique H/F
Cette entreprise souhaite rester anonyme
Paris 8e - 75
CDI
... sommes un centre de formation professionnelle basé à Paris. Dans la cadre de notre expansion, nous recherchons...
Voir l’offre
il y a 18 ",False,,2025-12-16T10:46:30.046338
Emploi Ressources Humaines,https://www.hellowork.com/fr-fr/emplois/73718523.html,73718523,Chef de Projet - Spécialiste du Recrutement dans les Métiers de Nettoyage et de l'Hygiène H/F,,Toulon - 83,CDI,,il y a 18 heures,"Chef de Projet - Spécialiste du Recrutement dans les Métiers de Nettoyage et de l'Hygiène H/F
Cette entreprise souhaite rester anonyme
Toulon - 83
CDI
... centre de formation professionnelle basé à Paris. Dans la cadre de notre expansion, nous recherchons 1 chef...
Voir l’offre
il y a 18 heures",False,,2025-12-16T10:46:30.412335
Emploi Ressources Humaines,https://www.hellowork.com/fr-fr/emplois/73718294.html,73718294,Chef de Projet - Spécialiste du Recrutement dans les Métiers de la Sécurité des Biens et des Personnes H/F,,Neuilly-sur-Seine - 92,CDI,,il y a 18 heures,"Chef de Projet - Spécialiste du Recrutement dans les Métiers de la Sécurité des Biens et des Personnes H/F
Cette entreprise souhaite rester anonyme
Neuilly-sur-Seine - 92
CDI
... projet (H/F) pour notre nouvelle base. De niveau Bac +5 en RH/Vente/Marketing, vous avez une expérience réussie...
Voir l",False,,2025-12-16T10:46:30.793535
Emploi Ressources Humaines,https://www.hellowork.com/fr-fr/emplois/73718226.html,73718226,Gestionnaire Paie H/F,SPPH,Quetigny - 21,CDD,,il y a 18 heures,"Gestionnaire Paie H/F
SPPH
Quetigny - 21
CDD
3 mois
- Diplôme Bac +2/3 à Bac +5 en gestion des ressources humaines, droit social ou équivalent - Expérience confirmée...
Voir l’offre
il y a 18 heures",False,,2025-12-16T10:46:31.230110
Emploi Ressources Humaines,https://www.hellowork.com/fr-fr/emplois/73718126.html,73718126,Chargé de Recrutement H/F,S&A Associates,30 000 - 36 000 € / an,CDI,30 000 - 36 000 € / an,il y a 18 heures,"Chargé de Recrutement H/F
S&A Associates
Nantes - 44
CDI
30 000 - 36 000 € / an
Télétravail partiel
... Recrutement: - Prendre les besoins clients, rédiger et diffuser les offres d'emploi. - Sourcer les meilleurs profils sur CVthèques...
Voir l’offre
il y a 18 heures",True,,2025-12-16T10:46:31.683552
Emploi Ressources Humaines,https://www.hellowork.com/fr-fr/emplois/73718103.html,73718103,Expert Paie - SIRH H/F,Generali France,Saint-Denis - 93,CDI,,il y a 18 heures,"Expert Paie - SIRH H/F
Generali France
Saint-Denis - 93
CDI
Télétravail occasionnel
... approfondie en Paie, Gestion administrative et DSN * Connaissances en Gestion des Temps * Capacités rédactionnelles pour la production de...
Voir l’offre
il y a 18 heures",True,,2025-12-16T10:46:32.106985
Emploi Ressources Humaines,https://www.hellowork.com/fr-fr/emplois/73718102.html,73718102,CDD - Responsable RH et Relations Sociales - l'Occitane en Provence H/F,L'Occitane,Paris 4e - 75,CDD,,il y a 18 heures,"CDD - Responsable RH et Relations Sociales - l'Occitane en Provence H/F
L'Occitane
Paris 4e - 75
CDD
Télétravail occasionnel
7 mois
... de la cosmétique est un plus * Capacité d'écoute et d'influence, rapidité d'exécution * Maitrise du français, et idéalement de...
Voir l’offre
il y a 18 heures",True,,2025-12-16T10:46:32.573394
Emploi Ressources Humaines,https://www.hellowork.com/fr-fr/emplois/73718064.html,73718064,Responsable Paie et RH en Cabinet H/F,PAGO PARTNERS,48 000 - 60 000 € / an,CDI,48 000 - 60 000 € / an,il y a 19 heures,"Responsable Paie et RH en Cabinet H/F
PAGO PARTNERS
Paris 16e - 75
CDI
48 000 - 60 000 € / an
Télétravail partiel
... en cabinet d'expertise comptable et avez déjà managé des collaborateurs paie. Déposez votre...
Voir l’offre
il y a 19 heures",True,,2025-12-16T10:46:33.023987
Emploi Ressources Humaines,https://www.hellowork.com/fr-fr/emplois/73718019.html,73718019,Assistant Ressources Humaines H/F,Groupement Mousquetaires – Agromousquetaires,25 000 - 30 000 € / an,CDD,25 000 - 30 000 € / an,il y a 19 heures,"Assistant Ressources Humaines H/F
Groupement Mousquetaires – Agromousquetaires
Vitré - 35
CDD
25 000 - 30 000 € / an
... êtes force de proposition et saurez évoluer au sein de l'équipe en toute autonomie. Vous justifiez d'une...
Voir l’offre
il y a 19 heures",False,,2025-12-16T10:46:33.441734
Emploi Ressources Humaines,https://www.hellowork.com/fr-fr/emplois/73717830.html,73717830,Gérant d'Agence en Cogérance H/F,Or en cash,23 000 - 45 000 € / an,CDI,23 000 - 45 000 € / an,il y a 19 heures,"Gérant d'Agence en Cogérance H/F
Or en cash
La Rochelle - 17
CDI
23 000 - 45 000 € / an
... local est un vrai plus pour faire rayonner l'agence. Chez Or en Cash, votre rémunération est directement...
Voir l’offre
il y a 19 heures",False,,2025-12-16T10:46:33.876463
Emploi Ressources Humaines,https://www.hellowork.com/fr-fr/emplois/73717569.html,73717569,Stagiaire en Recrutement - Campagne d'Alternance 2026 H/F,Groupama Rhône Alpes Auvergne,"486,49 - 1 801,80 € / mois",Alternance,"486,49 - 1 801,80 € / mois",il y a 19 heures,"Stagiaire en Recrutement - Campagne d'Alternance 2026 H/F
Groupama Rhône Alpes Auvergne
Lyon - 69
Alternance
486,49 - 1 801,80 € / mois
6 mois
... Une équipe collaborative et dynamique. Des missions variées et responsabilisantes. Une expérience qui fera la différence sur ton CV !
Voir l’offre
il y a",False,,2025-12-16T10:46:34.312580
Emploi Ressources Humaines,https://www.hellowork.com/fr-fr/emplois/73717514.html,73717514,Consultant Sénior SIRH H/F,Eosium,48 000 - 62 000 € / an,CDI,48 000 - 62 000 € / an,il y a 19 heures,"Consultant Sénior SIRH H/F
Eosium
Super recruteur
Nantes - 44
CDI
48 000 - 62 000 € / an
... impératifs sur ce poste. Processus de recrutement : Présélection CV >...
Voir l’offre
il y a 19 heures",False,,2025-12-16T10:46:34.816205
Emploi Ressources Humaines,https://www.hellowork.com/fr-fr/emplois/73717328.html,73717328,Assistant SIRH H/F,GROUPE ZEPHYR,Paris 5e - 75,Stage,,il y a 19 heures,"Assistant SIRH H/F
GROUPE ZEPHYR
Paris 5e - 75
Stage
2 mois
... au sein d'un groupe en plein développement - La possibilité de montée en compétences sur des logiciels professionnels ...
Voir l’offre
il y a 19 heures",False,,2025-12-16T10:46:35.234648
Emploi Ressources Humaines,https://www.hellowork.com/fr-fr/emplois/73717308.html,73717308,Stagiaire Ressources Humaines H/F,Educazen,"11,88 - 13,03 € / heure",Stage,"11,88 - 13,03 € / heure",il y a 19 heures,"Stagiaire Ressources Humaines H/F
Educazen
Vincennes - 94
Stage
11,88 - 13,03 € / heure
6 mois
... - faire preuve d'impartialité dans ses choix concernant les candidats ; - avoir une très bonne...
Voir l’offre
il y a 19 heures",False,,2025-12-16T10:46:35.740156
