category,title_clean,description_clean,contract_type,city,department,remote,salary_min,salary_max,salary_avg,salary_unit
Emploi Commerce,représentant de point de vente h f,,,Non précisé,N/A,0,,,,
Emploi Commerce,chargé de développement commercial h f,,,Non précisé,N/A,0,,,,
Emploi Commerce,assistant commercial h f,,,Non précisé,N/A,0,,,,
Emploi Commerce,technico-commercial,,,Non précisé,N/A,0,,,,
Emploi Commerce,technicien d'affaires électricité h f,,,Non précisé,N/A,0,,,,
Emploi Commerce,commercial sedentaire h f,,,Non précisé,N/A,0,,,,
Emploi Commerce,commercial,,,Non précisé,N/A,0,,,,
Emploi Commerce,consultant commercial en recrutement h f,consultant commercial en recrutement h f valoris développement franchiseur du réseau temporis reims - 51 cdi 24 000 - 30 000 an en 37 5h et une prise de poste dès que possible - une rémunération fixe comprise entre 24k et 30k voir l offre moins d'une heure,CDI,24 000,30 000 € / an,0,24000.0,30000.0,27000.0,annual
Emploi Commerce,chargé d'affaires instrumentation forages h f,chargé d'affaires instrumentation forages h f suez lyon 9e - 69 cdi télétravail partiel opération création de puits et forages d'eau diagnostics et travaux de maintenance sur les captages - sondalp tech voir l offre moins d'une heure,CDI,Lyon 9e,69,1,,,,
Emploi Commerce,conseiller clientele retraite complementaire h f,conseiller clientele retraite complementaire h f cette entreprise souhaite rester anonyme nice - 06 cdi 12 - 13 heure souhaitez valoriser une première expérience en gestion et relation clients vous avez une réelle appétence pour la relation et l'accompagnement voir l offre moins d'une he,CDI,12,13 € / heure,0,19740.0,21385.0,20562.5,hourly
Emploi Commerce,directeur des ventes associé - projet international immersif et iconique h f,directeur des ventes associé - projet international immersif et iconique h f michael page paris 15e - 75 cdi 90 000 - 95 000 an vous êtes diplômé e d'un bac 5 minimum en commerce en vente et management dans le secteur du voir l offre il y a 1 heure,CDI,90 000,95 000 € / an,0,90000.0,95000.0,92500.0,annual
Emploi Commerce,assistant commercial h f,assistant commercial h f page personnel tours - 37 cdi 24 000 - 27 000 an également ouvert aux candidats en situation de handicap entreprise familale ou l'entraide implications et l'autonomie sont les maitres mots voir l offre il y a 1 heure,CDI,24 000,27 000 € / an,0,24000.0,27000.0,25500.0,annual
Emploi Commerce,chargé d'affaires h f,chargé d'affaires h f michael page versailles - 78 cdi 45 000 - 50 000 an formation bac 2 minimum en commerce maîtrise des outils bureautiques voir l offre il y a 1 heure,CDI,45 000,50 000 € / an,0,45000.0,50000.0,47500.0,annual
Emploi Commerce,commercial powertools enseignes h f,commercial powertools enseignes h f page personnel montpellier - 34 cdi 45 000 - 50 000 an techniques de ventes le tout avec le sens du commerce rejoignez une équipe dynamique et booster votre carrière voir l offre il y a 1 heure,CDI,45 000,50 000 € / an,0,45000.0,50000.0,47500.0,annual
Emploi Commerce,conseiller clients h f,conseiller clients h f skills vendée poitou-charentes luçon - 85 cdi 32 000 - 38 000 an de en finance comptabilité ou économie licence master iae école de commerce ou équivalent vous justifiez idéalement de 3 ans voir l offre il y a 1 heure,CDI,32 000,38 000 € / an,0,32000.0,38000.0,35000.0,annual
Emploi Commerce,responsable de portefeuille clients - autonome h f,responsable de portefeuille clients - autonome h f skills nice nice - 06 cdi 35 000 - 40 000 an terme - excellentes compétences rédactionnelles et communication orale - maîtrise des outils bureautiques et logiciels spécifiques au métier de l'audit voir l offre il y a 1 heure,CDI,35 000,40 000 € / an,0,35000.0,40000.0,37500.0,annual
Emploi Commerce,manager intégration logistique et approvisionnement - mission fy26 h f,manager intégration logistique et approvisionnement - mission fy26 h f ikea fos-sur-mer - 13 cdd pour le plus grand nombre tout en améliorant l'expérience client nous sommes une équipe constituée de femmes voir l offre il y a 2 heures,CDD,Fos-sur-Mer,13,0,,,,
Emploi Commerce,technico commercial 02-08 h f,technico commercial 02-08 h f de graët consulting aisne - 02 cdi ou indirects afin construire un portefeuille de professionnels du bâtiment - développer le chiffre d'affaires tout en veillant aux marges voir l offre il y a 2 heures,CDI,Aisne,02,0,,,,
Emploi Commerce,commercial chr - cdi - saint-flour 15 h f,commercial chr - cdi - saint-flour 15 h f heineken saint-flour - 15 cdi 2 200 mois des animations dédiées vos atouts de formation niveau bac 2 orienté commerce réussie en tant que commercial e terrain b to b voir l offre il y a 3 heures,CDI,Saint-Flour,15,0,26400.0,26400.0,26400.0,monthly
Emploi Commerce,conseiller clients h f,conseiller clients h f supplay saint-herblain - 44 cdi 20 000 - 25 000 an interne pour tous les postes à pourvoir dans nos différents métiers avec des parcours de formation adaptés pour vous accompagner voir l offre il y a 3 heures,CDI,20 000,25 000 € / an,0,20000.0,25000.0,22500.0,annual
Emploi Commerce,commercial sédentaire en agence btp - négoce h f,commercial sédentaire en agence btp - négoce h f slash intérim retournac - 43 cdi intérim premier réseau de recruteur indépendant recherche pour l'un de nos partenaires un commercial sédentaire h f basé à saint-priest 69800 voir l offre moins d'une heure,CDI,Retournac,43,0,,,,
Emploi Commerce,commercial itinérant h f,commercial itinérant h f slash intérim saint-étienne - 42 cdi des fonctions similaires avec un focus sur le développement commercial - capacités relationnelles et engagement envers le voir l offre moins d'une heure,CDI,Saint-Étienne,42,0,,,,
Emploi Commerce,commercial sédentaire en agence btp - négoce h f,commercial sédentaire en agence btp - négoce h f slash intérim saint-priest - 69 cdi - excellentes compétences relationnelles et commerciales nous offrons voir l offre moins d'une heure,CDI,Saint-Priest,69,0,,,,
Emploi Commerce,commercial sédentaire secteur métallurgie h f,commercial sédentaire secteur métallurgie h f slash intérim feyzin - 69 cdd 35 000 - 45 000 an compétences en gestion de projets et en négociation commerciale une connaissance techniques et voir l offre moins d'une heure,CDD,35 000,45 000 € / an,0,35000.0,45000.0,40000.0,annual
Emploi Commerce,chargé de compte multirisques immeuble h f,chargé de compte multirisques immeuble h f effektiv marseille 6e - 13 cdi 35 000 - 40 000 an télétravail partiel vous avez le sens de la rigueur et une bonne capacité d'analyse vous voir l offre moins d'une heure,CDI,35 000,40 000 € / an,1,35000.0,40000.0,37500.0,annual
Emploi Commerce,commercial - imprimerie- alternance h f,commercial - imprimerie- alternance h f icfa campus saint françois montpellier - 34 alternance 1 801 80 mois 2 ans - jeune motivé e dynamique et curieux se - aisance relationnelle et goût prononcé pour la vente - autonomie persévérance voir l offre moins d'une heure,Alternance,Montpellier,34,0,21622.0,21622.0,21622.0,monthly
Emploi Commerce,commercial btob h f,commercial btob h f dalta sa draguignan - 83 cdi 24 015 - 63 000 an une filière commerciale et ou technique avec une expérience réussie d'au moins 2 ans dans la vente auprès des professionnels voir l offre moins d'une heure,CDI,24 015,63 000 € / an,0,24015.0,63000.0,43507.5,annual
Emploi Commerce,technico-commercial itinérant h f,technico-commercial itinérant h f slash intérim saint-ouen-l'aumône - 95 cdi 3 900 - 4 400 mois profil attendu - vous avez une connaissance approfondie dans le domaine voir l offre moins d'une heure,CDI,3 900,4 400 € / mois,0,46800.0,52800.0,49800.0,monthly
Emploi Commerce,responsable commercial nantes 44 h f,responsable commercial nantes 44 h f hunteo nantes - 44 cdi vente directe de produits finis - une capacité à développer de nouveaux comptes et à gérer des voir l offre moins d'une heure,CDI,Nantes,44,0,,,,
Emploi Commerce,stage - assistant commercial h f,stage - assistant commercial h f surfaces et volumes montpellier - 34 stage 2 mois aux équipes le profil que l'on recherche - étudiant e en commerce - organisé e rigoureux se et à l'aise avec l'administratif - voir l offre moins d'une heure,Stage,Montpellier,34,0,,,,
Emploi Commerce,assistant relation client - adv - alternance h f,assistant relation client - adv - alternance h f icfa campus saint françois montpellier - 34 alternance 1 801 80 mois 2 ans - niveau bac minimum stmg bac pro ga commerce - aisance relationnelle et goût du service voir l offre moins d'une heure,Alternance,Montpellier,34,0,21622.0,21622.0,21622.0,monthly
Emploi Commerce,conseiller clientèle trilingue anglais - allemand h f,conseiller clientèle trilingue anglais - allemand h f jobmania paris - 75 cdi 25 500 - 27 500 an vous aimez le contact humain savez faire preuve d'empathie et rassurer vos interlocuteurs - vous désirez analyser des situations voir l offre moins d'une heure,CDI,25 500,27 500 € / an,0,25500.0,27500.0,26500.0,annual
Emploi Commerce,commercial en alternance h f,commercial en alternance h f level hop nancy - 54 alternance 486 49 - 1 801 80 mois télétravail partiel 1 aucune expérience en commerce - bonne présentation voir l offre moins d'une heure,Alternance,"486,49","1 801,80 € / mois",1,5838.0,21622.0,13730.0,monthly
Emploi Commerce,adjoint - adjointe chargé d'affaires h f,adjoint - adjointe chargé d'affaires h f chaplain niort - 79 intérim 25 000 - 35 000 an 1 mois à des devis - suivi et retour d'informations auprès des clients commerce vente de pièces détachées - identification des besoins et voir l offre moins d'une heure,Intérim,25 000,35 000 € / an,0,25000.0,35000.0,30000.0,annual
Emploi Commerce,animateur commercial multi-sites h f,animateur commercial multi-sites h f 123 pare-brise super recruteur scionzier - 74 cdi 2 081 - 4 581 mois l'animation de réseau la gestion multi-sites la relation client ou le commerce terrain - le travail le samedi ne te pose pas de - voir l offre moins d'une heure,CDI,2 081,4 581 € / mois,0,24972.0,54972.0,39972.0,monthly
Emploi Commerce,animateur commercial multi-sites h f,animateur commercial multi-sites h f 123 pare-brise super recruteur epagny metz-tessy - 74 cdi 2 081 - 4 581 mois l'animation de réseau la gestion multi-sites la relation client ou le commerce terrain - le travail le samedi ne te pose pas de - voir l offre moins d'une heure,CDI,2 081,4 581 € / mois,0,24972.0,54972.0,39972.0,monthly
Emploi Commerce,alternance - assistant commercial h f,alternance - assistant commercial h f alticome rennes - 35 alternance 486 49 - 1 801 80 mois 24 mois vous rapidement pour vous informer de notre décision et transmettre votre cv à notre entreprise partenaire voir l offre moins d'une heure,Alternance,"486,49","1 801,80 € / mois",0,5838.0,21622.0,13730.0,monthly
Emploi Commerce,conseiller clientèle h f,conseiller clientèle h f first stop ayme nîmes - 30 cdi 2 000 - 2 300 mois - sens du commerce voir l offre moins d'une heure,CDI,2 000,2 300 € / mois,0,24000.0,27600.0,25800.0,monthly
Emploi Commerce,gestionnaire de clientèle particuliers h f,gestionnaire de clientèle particuliers h f business k concept toulon - 83 cdi 31 000 an -appétence commerciale -premières expérience souhaitée -inscrit à france travail en tant voir l offre moins d'une heure,CDI,Toulon,83,0,31000.0,31000.0,31000.0,annual
Emploi Commerce,responsable commercial h f,responsable commercial h f alseamar super recruteur six-fours-les-plages - 83 cdi 55 000 - 65 000 an télétravail occasionnel confidentialité usages opérationnels maîtrise des architectures de communication liaisons radio protocoles intégration système compétences voir l offre moins,CDI,55 000,65 000 € / an,1,55000.0,65000.0,60000.0,annual
Emploi Commerce,responsable de portefeuille comptable - antony 92 h f,responsable de portefeuille comptable - antony 92 h f odas conseil antony - 92 cdi 36 000 - 42 000 an télétravail partiel dcg dscg ou équivalent - vous justifiez de 4 à 6 périodes fiscales complètes en cabinet d'expertise comptable vous voir l offre moins d'une heure,CDI,36 000,42 000 € / an,1,36000.0,42000.0,39000.0,annual
Emploi Commerce,conseiller technico-commercial - carpiquet h f,conseiller technico-commercial - carpiquet h f kiloutou carpiquet - 14 cdi en plus d'un parcours évolutif nous vous proposons un package attractif bonus mensuels intéressements trimestriels voir l offre moins d'une heure,CDI,Carpiquet,14,0,,,,
Emploi Commerce,adjoint responsable d'affaires cfa h f,adjoint responsable d'affaires cfa h f opteor immotic nanterre - 92 cdi 42 000 - 49 000 an ø autonome organisé e astucieux se ponctuel le respectueux se des règles de travail vous aimez le challenge ø une bonne voir l offre moins d'une heure,CDI,42 000,49 000 € / an,0,42000.0,49000.0,45500.0,annual
Emploi Commerce,alternance - commercial h f,alternance - commercial h f ecofac business school rennes cesson-sévigné - 35 alternance 486 49 - 1 801 80 mois 24 mois - polyvalence - rigueur - aisance relationnelle - fibre commerciale - esprit combatif - capacité voir l offre moins d'une heure,Alternance,"486,49","1 801,80 € / mois",0,5838.0,21622.0,13730.0,monthly
Emploi Commerce,responsable de portefeuille comptable - boulogne-billancourt 92 h f,responsable de portefeuille comptable - boulogne-billancourt 92 h f odas conseil boulogne-billancourt - 92 cdi 48 000 - 55 000 an télétravail partiel rigoureux se et impliqué e vous aimez gérer vos dossiers de bout en bout et être force de proposition voir l offre moins d'une heure,CDI,48 000,55 000 € / an,1,48000.0,55000.0,51500.0,annual
Emploi Commerce,responsable de portefeuille comptable - chartres 28 h f,responsable de portefeuille comptable - chartres 28 h f odas conseil chartres - 28 cdi 37 000 - 42 000 an télétravail partiel cdi - temps plein rémunération fixe 37-42k selon profil et expérience voir l offre moins d'une heure,CDI,37 000,42 000 € / an,1,37000.0,42000.0,39500.0,annual
Emploi Commerce,commercial h f,commercial h f securitas technology super recruteur metz - 57 cdi 35 000 - 55 000 an télétravail occasionnel et conquérir de nouveaux business vous avez le sens des responsabilités et êtes autonome dans votre organisation de travail ainsi voir l offre moins d'une heure,CDI,35 000,55 000 € / an,1,35000.0,55000.0,45000.0,annual
Emploi Commerce,commercial h f,commercial h f securitas technology super recruteur grenoble - 38 cdi 35 000 - 55 000 an télétravail occasionnel vous êtes une personne ambitieuse motivée par les défis et désireuse de conquérir de nouveaux marchés votre sens des responsabilités voir l offre moins d'une heure,CDI,35 000,55 000 € / an,1,35000.0,55000.0,45000.0,annual
Emploi Commerce,animateur commercial - rayon liquides - leclerc concarneau - 26-27 - 12 h f,animateur commercial - rayon liquides - leclerc concarneau - 26-27 - 12 h f demosthene concarneau - 29 cdd 11 88 heure 2 jours votre bonne humeur dynamisme et sourire seront vos alliés pour réussir la mission voir l offre moins d'une heure,CDD,Concarneau,29,0,19543.0,19543.0,19543.0,hourly
Emploi Commerce,conseiller commercial h f,conseiller commercial h f groupama centre manche gaillon - 27 cdi l'indispensable pour être notre futur e collègue tu disposes d'une première expérience commerciale réussie et tu maitrises les techniques de vente voir l offre moins d'une heure,CDI,Gaillon,27,0,,,,
Emploi Commerce,responsable commercial grand compte h f,responsable commercial grand compte h f dassault systèmes meudon la forêt - 92 cdi de les objectifs commerciaux qualifications de formation supérieure ecole de commerce ou d'ingénieur vous avez - au moins 8 ans voir l offre il y a 1 heure,CDI,Meudon la Forêt,92,0,,,,
Emploi Commerce,conseiller commercial en alternance h f,conseiller commercial en alternance h f walter learning tours - 37 alternance 760 - 1 802 mois 18 mois sens du service client - vous êtes curieux se motivé e par les objectifs commerciaux et vous aimez relever des défis voir l offre il y a 1 heure,Alternance,760,1 802 € / mois,0,9120.0,21624.0,15372.0,monthly
Emploi Commerce,conseiller commercial en alternance h f,conseiller commercial en alternance h f walter learning grenoble - 38 alternance 760 - 1 802 mois 18 mois l'aise ou avez envie de monter en compétence avec les outils bureautiques notamment excel - vous vous exprimez avec voir l offre il y a 1 heure,Alternance,760,1 802 € / mois,0,9120.0,21624.0,15372.0,monthly
Emploi Commerce,technico-commercial itinérant chargé d'affaires btob sécurité h f,technico-commercial itinérant chargé d'affaires btob sécurité h f ssi systemes île-de-france - normandie cdi télétravail occasionnel - autonomie implication et rigueur font partie de votre adn - vous appréciez le terrain les déplacements et le voir l offre il y a 1 heure,CDI,Non précisé,N/A,1,,,,
Emploi Commerce,animateur commercial - rayon liquides - carrefour st andre les vergers - 20 - 12 h f,animateur commercial - rayon liquides - carrefour st andre les vergers - 20 - 12 h f demosthene saint-andré-les-vergers - 10 cdd 11 88 heure 1 jour nous attendons de vous ponctualité bonne présentation sérieux votre bonne humeur voir l offre il y a 1 heure,CDD,Saint-André-les-Vergers,10,0,19543.0,19543.0,19543.0,hourly
Emploi Commerce,commercial h f,commercial h f work 2000 nantes - 44 cdi 2 100 - 2 500 mois challenge vous aimez relever des défis et êtes motivé e par les objectifs à atteindre - un plus voir l offre il y a 1 heure,CDI,2 100,2 500 € / mois,0,25200.0,30000.0,27600.0,monthly
Emploi Commerce,assistant commercial grands comptes - cdd 6 h f,assistant commercial grands comptes - cdd 6 h f m j trusted recruitment super recruteur paris 17e - 75 cdd 30 000 an 7 mois - temps de travail base 35h - avantages prime de participation aux bénéfices mutuelle d'entreprise tickets voir l offre il y a 1 heure,CDD,Paris 17e,75,0,30000.0,30000.0,30000.0,annual
Emploi Commerce,commercial secteur normandie h f,commercial secteur normandie h f les zelles caen - 14 cdi vous êtes titulaire d'un bac 2 ou bac 3 dans le domaine de technique ou commercial voir l offre il y a 1 heure,CDI,Caen,14,0,,,,
Emploi Commerce,commercial h f,commercial h f work 2000 valence - 26 cdi 2 100 - 2 500 mois et avez une bonne connaissance de différents secteurs d'activité - esprit d'équipe et excellent relationnel sont des qualités qui voir l offre il y a 1 heure,CDI,2 100,2 500 € / mois,0,25200.0,30000.0,27600.0,monthly
Emploi Commerce,commercial france - export ingrédients et pet care h f,commercial france - export ingrédients et pet care h f polaris quimper - 29 cdi 40 000 - 50 000 an télétravail occasionnel la compétences attendues - bac 4 5 commerce agro chimie commerce - anglais courant indispensable 2 langue - voir l offre il y a 1 heure,CDI,40 000,50 000 € / an,1,40000.0,50000.0,45000.0,annual
Emploi Commerce,animateur commercial - rayon liquides - leclerc azay le brule - 19-20 - 12 h f,animateur commercial - rayon liquides - leclerc azay le brule - 19-20 - 12 h f demosthene azay-le-brûlé - 79 cdd 11 88 heure 2 jours la vente ou tout autre métier en contact avec des clients nous attendons voir l offre il y a 1 heure,CDD,Azay-le-Brûlé,79,0,19543.0,19543.0,19543.0,hourly
Emploi Commerce,conseiller clientèle particuliers h f,conseiller clientèle particuliers h f fab group saint-louis - 68 cdi titulaire d'un bac 2 à bac 5 vous justifiez d'une expérience réussie en tant que conseiller particuliers voir l offre il y a 1 heure,CDI,Saint-Louis,68,0,,,,
Emploi Commerce,chargé d'affaires h f,chargé d'affaires h f 360ressources super recruteur besançon - 25 cdi le travail en équipe bon communiquant rigoureux autonome capacité d'adaptation et d'anticipation voir l offre il y a 1 heure,CDI,Besançon,25,0,,,,
Emploi Commerce,commercial itinérant h f,commercial itinérant h f alessia avignon - 84 cdi 30 000 - 35 000 an 5 vous justifiez d'une première expérience réussie dans le commerce au-delà de l'expérience nous serons surtout attentifs à votre voir l offre il y a 1 heure,CDI,30 000,35 000 € / an,0,30000.0,35000.0,32500.0,annual
Emploi Commerce,solution engineer h f,solution engineer h f vusion group londres - royaume-uni cdi - engineering degree it specilialization is a plus - self-sufficient self-starter with proven success taking ownership of project management - voir l offre il y a 1 heure,CDI,Non précisé,N/A,0,,,,
Emploi Commerce,chargé d'affaires commercial h f,chargé d'affaires commercial h f edf trading logistics seine-saint-denis - 93 cdi diplômé e de formation bac 4 bac 5 master école de commerce ou commerce vous disposez d'une expérience minimum de 5 voir l offre il y a 1 heure,CDI,Seine-Saint-Denis,93,0,,,,
Emploi Commerce,charge support commercial operations - anglais courant h f,charge support commercial operations - anglais courant h f vista rh paris - 75 cdi 40 000 - 45 000 an télétravail partiel de formation minimum bac 2 type bts commerce les opérations clients ou le support commercial voir l offre il y a 1 heure,CDI,40 000,45 000 € / an,1,40000.0,45000.0,42500.0,annual
Emploi Commerce,chargé du développement commercial h f,chargé du développement commercial h f aftec caen caen - 14 cdi 26 000 - 30 000 an de formation supérieure bac 3 à bac 5 dans le secteur du commerce vous avez le goût du défi et le sens de la compétition ce voir l offre il y a 1 heure,CDI,26 000,30 000 € / an,0,26000.0,30000.0,28000.0,annual
Emploi Commerce,technico-commercial btob h f,technico-commercial btob h f cette entreprise souhaite rester anonyme oyonnax - 01 cdi 40 000 - 55 000 an télétravail occasionnel - vous êtes aussi à l'aise en prospection qu'en fidélisation - vous êtes reconnu e pour votre autonomie votre rigueur voir l offre il y a 2 heures,CDI,40 000,55 000 € / an,1,40000.0,55000.0,47500.0,annual
Emploi Commerce,commercial sédentaire h f,commercial sédentaire h f smmi nacelles et chariots sassenage - 38 cdi 2 500 - 2 900 mois disposez d'une première expérience réussie dans la vente idéalement en environnement technique en btob votre seul mot voir l offre il y a 2 heures,CDI,2 500,2 900 € / mois,0,30000.0,34800.0,32400.0,monthly
Emploi Commerce,commercial agricole h f,commercial agricole h f tse energy laval - 53 cdi 35 000 - 45 000 an télétravail occasionnel interaction avec des interlocuteurs variés et de susciter leur adhésion d'un naturel rigoureux et tenace vous avez voir l offre il y a 2 heures,CDI,35 000,45 000 € / an,1,35000.0,45000.0,40000.0,annual
Emploi Commerce,responsable commercial assistance respiratoire - 72 - cdi h f,responsable commercial assistance respiratoire - 72 - cdi h f aster développement le mans - 72 cdi 40 000 - 48 000 an requises - chasseur dans l'âme vous aimez la prospection terrain le challenge et voir l offre il y a 2 heures,CDI,40 000,48 000 € / an,0,40000.0,48000.0,44000.0,annual
Emploi Commerce,commercial agricole h f,commercial agricole h f tse energy alençon - 61 cdi 35 000 - 45 000 an télétravail occasionnel - des avantages cse - des espaces de travail modernes agréables et conviviaux voir l offre il y a 2 heures,CDI,35 000,45 000 € / an,1,35000.0,45000.0,40000.0,annual
Emploi Commerce,commercial agricole h f,commercial agricole h f tse energy rennes - 35 cdi 35 000 - 45 000 an télétravail occasionnel relationnelle et vos capacités d'écoute vous permettent d'être en interaction avec des interlocuteurs variés et de susciter leur adhésion voir l offre il y a 2 heures,CDI,35 000,45 000 € / an,1,35000.0,45000.0,40000.0,annual
Emploi Commerce,delegue commercial respiratoire - alpes maritimes h f,delegue commercial respiratoire - alpes maritimes h f aster développement nice - 06 cdi 36 000 - 48 000 an du talent commercial - passionné e par le commerce - vous êtes orienté e résultats et savez déployer des stratégies voir l offre il y a 2 heures,CDI,36 000,48 000 € / an,0,36000.0,48000.0,42000.0,annual
Emploi Commerce,chef de projet international h f,chef de projet international h f kali group égypte cdi 60 000 - 65 000 an nous recherchons avant tout un manager de projet capable de structurer prioriser et décider plus qu'un expert technique pur voir l offre il y a 2 heures,CDI,60 000,65 000 € / an,0,60000.0,65000.0,62500.0,annual
Emploi Commerce,délégué commercial assistance respiratoire - nantes 44 - cdi h f,délégué commercial assistance respiratoire - nantes 44 - cdi h f aster développement nantes - 44 cdi 38 000 - 46 000 an etc talent commercial - passionné e par le commerce - vous êtes orienté e résultats et savez déployer des stratégies vos voir l offre il y a 2 heures,CDI,38 000,46 000 € / an,0,38000.0,46000.0,42000.0,annual
Emploi Commerce,commercial agricole h f,commercial agricole h f tse energy amiens - 80 cdi 35 000 - 45 000 an télétravail occasionnel - des primes de naissance de cooptation et de vacances - une mutuelle voir l offre il y a 2 heures,CDI,35 000,45 000 € / an,1,35000.0,45000.0,40000.0,annual
Emploi Commerce,conseiller funéraire - bergerac temps partiel h f,conseiller funéraire - bergerac temps partiel h f groupe ogf bergerac - 24 cdi temps partiel 800 - 1 250 mois de l'écoute de l'empathie êtes soucieux de la qualité de service et cherchez un métier unique rejoignez ogf voir l offre il y a 2 heures,Temps partiel,800,1 250 € / mois,0,9600.0,15000.0,12300.0,monthly
Emploi Commerce,commercial sédentaire h f,commercial sédentaire h f sup interim sarrebourg - 57 cdi 30 000 - 40 000 an travail de jour vous êtes passionné e par le commerce vous êtes reconnu e pour votre voir l offre il y a 2 heures,CDI,30 000,40 000 € / an,0,30000.0,40000.0,35000.0,annual
Emploi Commerce,commercial terrain - attaché commercial h f,commercial terrain - attaché commercial h f elis super recruteur lille - 59 cdi 1 800 - 1 900 mois avez une formation commerciale type bts dut ou une première expérience dans la vente de services vous êtes autonome persuasif voir l offre il y a 2 heures,CDI,1 800,1 900 € / mois,0,21600.0,22800.0,22200.0,monthly
Emploi Commerce,conseiller client h f,conseiller client h f gprh olivet - 45 cdi organisé rigoureux et réactif vous avez une appétence pour la relation client votre autonomie votre sens des responsabilités voir l offre il y a 2 heures,CDI,Olivet,45,0,,,,
Emploi Commerce,alternance conseiller clientele h f,alternance conseiller clientele h f groupe actual basse-terre - 971 alternance 5 000 an travail de jour 1 la vente et le commerce - motivé dynamique ponctuel voir l offre il y a 2 heures,Alternance,Basse-Terre,971,0,5000.0,5000.0,5000.0,annual
Emploi Commerce,conseiller relation client h f,conseiller relation client h f supplay bailleul-sir-berthoult - 62 intérim 13 - 14 heure 10 mois votre expérience en call center sera fortement appréciée voir l offre il y a 6 heures,Intérim,13,14 € / heure,0,21385.0,23030.0,22207.5,hourly
Emploi Commerce,conseiller clientele distribution h f,conseiller clientele distribution h f supplay isneauville - 76 intérim 14 - 15 heure 18 mois formation - bac à bac 2 3 bac pro métiers du commerce digitalisation de la relation client ou bts mco management commercial - voir l offre il y a 6 heures,Intérim,14,15 € / heure,0,23030.0,24675.0,23852.5,hourly
Emploi Commerce,conseiller clients h f,conseiller clients h f supplay saint-herblain - 44 cdi 22 000 - 25 000 an postulez dès votre arrivée vous êtes accompagnés au travers d'un parcours complet d'intégration tout au long de voir l offre il y a 6 heures,CDI,22 000,25 000 € / an,0,22000.0,25000.0,23500.0,annual
Emploi Commerce,assistant commercial vie du réseau h f,assistant commercial vie du réseau h f orpi clichy - 92 cdi profil formation - bts type assistant e de gestion administrative et ou commerciale - voir l offre il y a 6 heures,CDI,Clichy,92,0,,,,
Emploi Commerce,charge relations clients et talents h f,charge relations clients et talents h f appel médical avignon - 84 cdd 2 041 mois 6 mois de renommée internationale groupe randstad pour postuler merci d'adresser votre cv et votre lettre de motivation à l'adresse mail suivante voir l offre il y a 7 heures,CDD,Avignon,84,0,24492.0,24492.0,24492.0,monthly
Emploi Commerce,opportunité d'emploi chargé de clientèle entreprise h f,opportunité d'emploi chargé de clientèle entreprise h f mistertemp' chartres - 28 intérim 12 40 heure 62 jours envie d'une expérience enrichissante au sein d'un acteur incontournable du service public la poste avec voir l offre il y a 8 heures,Intérim,Chartres,28,0,20398.0,20398.0,20398.0,hourly
Emploi Commerce,chargé de clientèle entreprise h f,chargé de clientèle entreprise h f mistertemp' auxerre - 89 intérim 12 40 heure 112 jours équipe dynamique et découvre un métier où l'humain est au centre de tout vos missions voir l offre il y a 8 heures,Intérim,Auxerre,89,0,20398.0,20398.0,20398.0,hourly
Emploi Commerce,chargé de clientèle entreprise h f,chargé de clientèle entreprise h f mistertemp' orléans - 45 intérim 12 40 heure 58 jours profil recherché le profil idéal tu es à l'aise avec voir l offre il y a 8 heures,Intérim,Orléans,45,0,20398.0,20398.0,20398.0,hourly
Emploi Commerce,chargé de clientèle entreprise h f,chargé de clientèle entreprise h f mistertemp' charleville-mézières - 08 intérim 12 40 heure 112 jours un job utile où tu rends service chaque jour poste en situation debout prolongée voir l offre il y a 8 heures,Intérim,Charleville-Mézières,08,0,20398.0,20398.0,20398.0,hourly
Emploi Commerce,chargé de clientèle entreprise h f,chargé de clientèle entreprise h f mistertemp' châtenoy-le-royal - 71 intérim 12 40 heure 87 jours la poste et mistertemp' une équipe bienveillante qui t'accompagne dès le premier jour voir l offre il y a 8 heures,Intérim,Châtenoy-le-Royal,71,0,20398.0,20398.0,20398.0,hourly
Emploi Commerce,chargé de clientèle entreprise h f,chargé de clientèle entreprise h f mistertemp' wissembourg - 67 intérim 12 40 heure 112 jours tu es curieux se et prêt e à apprendre tu es à l'aise avec les outils numériques voir l offre il y a 8 heures,Intérim,Wissembourg,67,0,20398.0,20398.0,20398.0,hourly
Emploi Commerce,chargé de clientèle entreprise h f,chargé de clientèle entreprise h f mistertemp' pontivy - 56 intérim 12 40 heure 140 jours une première expérience sur un poste similaire est indispensable profil recherché tu es voir l offre il y a 8 heures,Intérim,Pontivy,56,0,20398.0,20398.0,20398.0,hourly
Emploi Commerce,opportunité d'emploi chargé de clientèle entreprise h f,opportunité d'emploi chargé de clientèle entreprise h f mistertemp' reims - 51 intérim 12 40 heure 112 jours profil recherché le profil idéal - tu es à l'aise voir l offre il y a 8 heures,Intérim,Reims,51,0,20398.0,20398.0,20398.0,hourly
Emploi Commerce,chargé de clientèle entreprise h f,chargé de clientèle entreprise h f mistertemp' épernay - 51 intérim 12 40 heure 156 jours en back-office pré-requis bac bac 2 une première expérience sur voir l offre il y a 8 heures,Intérim,Épernay,51,0,20398.0,20398.0,20398.0,hourly
Emploi Commerce,conseiller en service relation clients h f,conseiller en service relation clients h f la poste groupe nantes - 44 cdi 26 000 - 29 000 an télétravail partiel maintenant et devenez acteur d'une finance responsable et durable chez nous toutes les offres peuvent être envisagées à voir l offre il y a 8 heures,CDI,26 000,29 000 € / an,1,26000.0,29000.0,27500.0,annual
Emploi Commerce,technico commercial btob h f,technico commercial btob h f jubil intérim chassieu - 69 cdi 2 500 - 3 300 mois en équipe au sein d'un collectif et vous avez à coeur de satisfaire vos clients vous faites preuve de rigueur voir l offre il y a 8 heures,CDI,2 500,3 300 € / mois,0,30000.0,39600.0,34800.0,monthly
Emploi Commerce,commercial h f,commercial h f sos intérim pont-audemer - 27 intérim 12 - 16 heure 9 mois une personne issue d'une formation bac 2 ou équivalent dans une filière commerciale idéalement ayant des connaissances de la menuiserie voir l offre il y a 8 heures,Intérim,12,16 € / heure,0,19740.0,26320.0,23030.0,hourly
Emploi Commerce,chargé d'affaires en mobilier de luxe h f,chargé d'affaires en mobilier de luxe h f tribay tarbes - 65 cdi 16 - 17 heure à l'étranger usines sites clients rejoignez une équipe dynamique où chaque projet est un nouveau défi à relever voir l offre il y a 8 heures,CDI,16,17 € / heure,0,26320.0,27965.0,27142.5,hourly
Emploi Commerce,business développeur digital en cdi vers toulouse 31 h f,business développeur digital en cdi vers toulouse 31 h f cette entreprise souhaite rester anonyme caraman - 31 cdi 35 000 - 45 000 an télétravail partiel et les outils numériques innovants zoho aircall leexi expérience préalable avec zoho crm fortement appréciée sens aigu de l'analyse,CDI,35 000,45 000 € / an,1,35000.0,45000.0,40000.0,annual
Emploi Commerce,responsable clientèle de proximité h f,responsable clientèle de proximité h f 3f dieppe - 76 cdi 30 000 - 35 000 an télétravail partiel le travail partenarial vous faites preuve de réactivité de rigueur et d'organisation de formation supérieure de type bac 3 4 voir l offre il y a 8 heures,CDI,30 000,35 000 € / an,1,30000.0,35000.0,32500.0,annual
Emploi Commerce,commercial b2b itinérant h f,commercial b2b itinérant h f uptoo reims - 51 cdi 45 000 - 55 000 an vous avez envie d'apprendre de vous dépasser et d'évoluer dans un environnement dynamique - esprit d'équipe et sens voir l offre il y a 8 heures,CDI,45 000,55 000 € / an,0,45000.0,55000.0,50000.0,annual
Emploi Commerce,responsable de compte client en sécurité privée bilingue anglais sam h f,responsable de compte client en sécurité privée bilingue anglais sam h f securitas île-de-france cdi 56 000 - 57 000 an aurez un 1er entretien de recrutement avec un e professionnel le du recrutement pour valider votre motivation et faire votre connaissance voir l offre il y a 8 heures,CDI,56 000,57 000 € / an,0,56000.0,57000.0,56500.0,annual
Emploi Commerce,chargé d 'affaires h f,chargé d 'affaires h f groupe actual saint-chamond - 42 cdi 45 000 - 55 000 an travail de jour et les fidéliser vous êtes à l'aise avec l'exercice de la négociation vous êtes en capacité de coordonner les études voir l offre il y a 8 heures,CDI,45 000,55 000 € / an,0,45000.0,55000.0,50000.0,annual
Emploi Commerce,commercial sédentaire h f,commercial sédentaire h f partnaire le poiré-sur-vie - 85 cdi 30 000 - 40 000 an travail de jour la technique dans la peau le commerce ou maintenance tp agri c'est un voir l offre il y a 8 heures,CDI,30 000,40 000 € / an,0,30000.0,40000.0,35000.0,annual
Emploi Commerce,directeur commercial marketing h f,directeur commercial marketing h f mercato de l'emploi allaire - 56 cdi et des indicateurs de performance formation expérience - diplôme école de commerce - 10 ans minimum d'expérience dont 5 ans en et voir l offre il y a 8 heures,CDI,Allaire,56,0,,,,
Emploi Commerce,technico commercial en nutrition animale h f,technico commercial en nutrition animale h f mercato de l'emploi charente - 16 cdi 30 000 - 50 000 an en nutrition animale et d'une expériences commerciale terrain vous avez un excellent relationnel et vous êtes capable d'établir des voir l offre il y a 8 heures,CDI,30 000,50 000 € / an,0,30000.0,50000.0,40000.0,annual
Emploi Commerce,attaché commercial 71 h f,attaché commercial 71 h f piscines waterair chalon-sur-saône - 71 cdi 40 000 - 100 000 an et nous qu'est-ce qu'on attend de vous vous êtes sympa positif conquérant impliqué vous aimez les gens et êtes voir l offre il y a 8 heures,CDI,40 000,100 000 € / an,0,40000.0,100000.0,70000.0,annual
Emploi Commerce,chargé de développement commercial h f,chargé de développement commercial h f isagri beauvais - 60 cdi télétravail partiel de affinités et compétences vers le management le marketing le commerce auprès de clients grands comptes ou encore l'international voir l offre il y a 8 heures,CDI,Beauvais,60,1,,,,
Emploi Commerce,chargé de développement commercial h f,chargé de développement commercial h f isagri beauvais - 60 cdi télétravail occasionnel commerciale intérêt pour comprendre le produit le marché et les enjeux du client - capacité à qualifier rapidement un voir l offre il y a 8 heures,CDI,Beauvais,60,1,,,,
Emploi Commerce,commercial sédentaire - solution zoodiag - secteur vétérinaire rural h f,commercial sédentaire - solution zoodiag - secteur vétérinaire rural h f isagri beauvais - 60 cdi télétravail partiel de affinités et compétences vers le management le marketing le commerce auprès de clients grands comptes ou encore l'international voir l offre il y a 8 heures,CDI,Beauvais,60,1,,,,
Emploi Commerce,assistant commercial h f,assistant commercial h f terrena mésanger - 44 cdi au-delà de votre expertise nous comptons sur votre motivation et votre personnalité de formation bac 2 en gestion support voir l offre il y a 8 heures,CDI,Mésanger,44,0,,,,
Emploi Commerce,technico-commercial h f,technico-commercial h f aquila rh chagny - 71 cdi le candidat idéal ne nécessite pas d'être issu du commerce et une grande capacité de persuasion informations complémentaires type de voir l offre il y a 8 heures,CDI,Chagny,71,0,,,,
Emploi Commerce,animateur commercial h f,animateur commercial h f lynx rh toul - 54 cdi 43 000 - 46 000 an compétences attendues - formation bac 2 minimum en commerce - expérience confirmée en management d'équipe commerciale idéalement voir l offre il y a 8 heures,CDI,43 000,46 000 € / an,0,43000.0,46000.0,44500.0,annual
Emploi Commerce,technico-commercial h f,technico-commercial h f aquila rh chalon-sur-saône - 71 cdi solutions telecom adaptées - participer à des événements commerciaux - assurer le suivi des ventes et des contrats voir l offre il y a 9 heures,CDI,Chalon-sur-Saône,71,0,,,,
Emploi Commerce,technico-commercial h f,technico-commercial h f aquila rh beaune - 21 cdi le candidat idéal ne nécessite pas d'être issu du commerce et une grande capacité de persuasion informations complémentaires type de voir l offre il y a 9 heures,CDI,Beaune,21,0,,,,
Emploi Commerce,conseiller technico-commercial - chassieu h f,conseiller technico-commercial - chassieu h f kiloutou chassieu - 69 cdi expérience en plus d'un parcours évolutif nous vous proposons un package attractif bonus mensuels intéressements voir l offre il y a 9 heures,CDI,Chassieu,69,0,,,,
Emploi Commerce,assistant commercial h f,assistant commercial h f randstad oyonnax - 01 cdd 26 400 - 28 000 an 5 mois autonome et vous avez de bonnes qualités relationnelles alors ce poste est fait pour vous l'anglais est voir l offre il y a 9 heures,CDD,26 400,28 000 € / an,0,26400.0,28000.0,27200.0,annual
Emploi Commerce,commercial impression h f,commercial impression h f start people nantes - 44 cdi 30 000 - 33 000 an conquête de nouveaux clients leur apporter de nouvelles solutions avec leurs outils de communication vous anime au quotidien voir l offre il y a 9 heures,CDI,30 000,33 000 € / an,0,30000.0,33000.0,31500.0,annual
Emploi Commerce,commercial sédentaire bilingue allemand h f,commercial sédentaire bilingue allemand h f start people tain-l'hermitage - 26 cdi 28 000 an et satisfaction client prêt à vous lancer postulez dans le cadre de sa politique diversité voir l offre il y a 9 heures,CDI,Tain-l'Hermitage,26,0,28000.0,28000.0,28000.0,annual
Emploi Commerce,business developer h f,business developer h f start people limas - 69 intérim 2 000 - 2 200 mois 6 mois étudie à compétences égales toutes candidatures dont celles de personnes en situation de handicap notre agence revient vers vous par voir l offre il y a 9 heures,Intérim,2 000,2 200 € / mois,0,24000.0,26400.0,25200.0,monthly
Emploi Commerce,assistant e commercial e h f,assistant e commercial e h f start people lyon 3e - 69 intérim 12 12 heure 4 mois prêt à vous lancer postulez dans le cadre de sa politique diversité start people voir l offre il y a 9 heures,Intérim,Lyon 3e,69,0,19937.0,19937.0,19937.0,hourly
Emploi Commerce,charge d'affaire industriel h f,charge d'affaire industriel h f start people orléans - 45 cdi 35 000 an vous possédez des bonnes bases techniques électricité mécanique industriel pour pouvoir effectuer vos devis et un bon relationnel etre voir l offre il y a 9 heures,CDI,Orléans,45,0,35000.0,35000.0,35000.0,annual
Emploi Commerce,chargé de clientèle bilingue allemand h f,chargé de clientèle bilingue allemand h f start people villefranche-sur-saône - 69 intérim 15 - 20 heure télétravail partiel 1 la vente ou en administratif vous maitrisez la langue allemande à l'écrit et à l'oral dans le cadre voir l offre il y a 9 heures,Intérim,15,20 € / heure,1,24675.0,32900.0,28787.5,hourly
Emploi Commerce,responsable d'affaires electricite h f,responsable d'affaires electricite h f start people reims - 51 cdi dans le cadre de sa politique diversité start people étudie à compétences égales toutes candidatures dont celles de personnes en voir l offre il y a 9 heures,CDI,Reims,51,0,,,,
Emploi Commerce,charge developpement export h f,charge developpement export h f start people candillargues - 34 intérim 16 91 heure 2 mois pourrez échanger avec un e chargé e de recrutement afin qu'il valide l'adéquation de votre profil nous vous accueillerons ensuite en agence voir l offre il y a 9 heures,Intérim,Candillargues,34,0,27817.0,27817.0,27817.0,hourly
Emploi Commerce,commercial export - trilingue h f,commercial export - trilingue h f start people concarneau - 29 cdi 40 000 - 55 000 an dans le cadre de sa politique diversité start people étudie à compétences égales toutes candidatures dont celles de personnes en voir l offre il y a 9 heures,CDI,40 000,55 000 € / an,0,40000.0,55000.0,47500.0,annual
Emploi Commerce,technico commercial electrotechnique h f,technico commercial electrotechnique h f start people villefranche-sur-saône - 69 cdi 2 000 - 2 300 mois afin qu'il valide l'adéquation de votre profil nous vous accueillerons ensuite en agence pour vous faire passer des tests sécurité voir l offre il y a 9 heures,CDI,2 000,2 300 € / mois,0,24000.0,27600.0,25800.0,monthly
Emploi Commerce,responsable commercial h f,responsable commercial h f les colettes angers - 49 cdi 50 000 - 100 000 an télétravail complet des interlocuteurs de haut niveau grands comptes institutions - appétence forte pour la prospection l'ouverture de comptes et la voir l offre il y a 9 heures,CDI,50 000,100 000 € / an,1,50000.0,100000.0,75000.0,annual
Emploi Commerce,assistant commercial h f,assistant commercial h f synergie beaupréau-en-mauges - 49 cdi 25 000 - 30 000 an début le 12 janv la société spécialisée dans le commerce de renforcer ses équipes le voir l offre il y a 9 heures,CDI,25 000,30 000 € / an,0,25000.0,30000.0,27500.0,annual
Emploi Commerce,commercial sédentaire h f,commercial sédentaire h f synergie beaupréau-en-mauges - 49 cdi 25 000 - 30 000 an début le 5 janv réglementations spécifiques à l'entreprise - techniques de vente - prospection commerciale - techniques commerciales - connaissance de l'offre de l'entreprise voir l offre il y a 9 heures,CDI,25 000,30 000 € / an,0,25000.0,30000.0,27500.0,annual
Emploi Commerce,conseiller - conseillere de clientele particuliers h f,conseiller - conseillere de clientele particuliers h f crédit mutuel stenay - 55 cdi 28 000 - 33 000 an télétravail partiel sociale encourageant le développement des compétences et la promotion interne d'une protection sociale de haut niveau ainsi qu'une politique volontariste voir l off,CDI,28 000,33 000 € / an,1,28000.0,33000.0,30500.0,annual
Emploi Commerce,commercial b2b h f,commercial b2b h f synergie douai - 59 cdi 35 000 - 40 000 an début le 12 janv variable 8 à 15 k commissions calculées sur le ca versées mensuellement - ticket restaurant 10 pris en charge à voir l offre il y a 9 heures,CDI,35 000,40 000 € / an,0,35000.0,40000.0,37500.0,annual
Emploi Commerce,manager relation client en alternance h f,manager relation client en alternance h f auchan retail france leers - 59 alternance 17 294 - 21 618 an vous voulez en savoir plus sur nos engagements nous nous mobilisons au quotidien autour de 4 voir l offre il y a 9 heures,Alternance,17 294,21 618 € / an,0,17294.0,21618.0,19456.0,annual
Emploi Commerce,commercial it h f,commercial it h f scg sourcing lille - 59 cdi 35 000 - 45 000 an et aimez apporter vos idées parfait notre client est à la recherche d'un profil dynamique curieux et investi qui voir l offre il y a 9 heures,CDI,35 000,45 000 € / an,0,35000.0,45000.0,40000.0,annual
Emploi Commerce,assistant commercial - cdi - brest 29 h f,assistant commercial - cdi - brest 29 h f fiducial brest - 29 cdi intégrant une équipe conviviale et dynamique travailler pour un groupe comme fiducial office solutions c'est bénéficier de formations voir l offre il y a 9 heures,CDI,Brest,29,0,,,,
Emploi Commerce,conseiller de clientèle particulier expérimenté bancaire h f,conseiller de clientèle particulier expérimenté bancaire h f crédit agricole d'ile de france paris - 75 cdi 2 400 - 2 750 mois télétravail partiel de développement personnel avec plus de 140 métiers disponibles vous avez l'opportunité de construire votre parcours de carrière sur le voi,CDI,2 400,2 750 € / mois,1,28800.0,33000.0,30900.0,monthly
Emploi Commerce,assistant commercial h f,assistant commercial h f xefi rillieux-la-pape - 69 cdi 26 400 - 36 000 an sont de rigueur nous avons à coeur de proposer à nos collaborateurs des carrières dans laquelle ils pourront concilier vie voir l offre il y a 9 heures,CDI,26 400,36 000 € / an,0,26400.0,36000.0,31200.0,annual
Emploi Commerce,alternance - assistant commercial h f,alternance - assistant commercial h f studi cfa le havre - 76 alternance 486 49 - 1 801 80 mois à présent en suivant l'une de nos formations diplômantes en sous- commerce vente reconnue par l'état vous avez déjà postulé pour une voir l offre il y a 9 heures,Alternance,"486,49","1 801,80 € / mois",0,5838.0,21622.0,13730.0,monthly
Emploi Commerce,commercial menuiserie h f,commercial menuiserie h f hexagon armentières - 59 cdi 35 000 - 55 000 an télétravail partiel l'expérience attendue expérience de 3 à 5 ans minimum sur un poste de commercial terrain idéalement dans voir l offre il y a 9 heures,CDI,35 000,55 000 € / an,1,35000.0,55000.0,45000.0,annual
Emploi Commerce,assistant commercial h f,assistant commercial h f groupe valeor melesse - 35 cdi 2 400 - 2 650 mois et granulés nous réchauffons des vies et transformons chaque projet client en une aventure conviviale si vous êtes prêt e à voir l offre il y a 9 heures,CDI,2 400,2 650 € / mois,0,28800.0,31800.0,30300.0,monthly
Emploi Commerce,conseiller clientèle particuliers h f,conseiller clientèle particuliers h f crédit agricole des régions du centre montrichard val de cher - 41 cdi 35 000 - 40 000 an - à l'écoute des informations permettant de connaitre son fonds de commerce et son environnement - contribuer au développement de en voir l offre il y a 9 heures,CDI,35 000,40 000 € / an,0,35000.0,40000.0,37500.0,annual
Emploi Commerce,manager commercial impression - creteil h f,manager commercial impression - creteil h f dfm super recruteur créteil - 94 cdi 45 000 - 90 000 an - salle de sport privée avec cours gratuits parce qu'un challenge commercial mérite aussi un challenge sportif - voir l offre il y a 9 heures,CDI,45 000,90 000 € / an,0,45000.0,90000.0,67500.0,annual
Emploi Commerce,alternant e assistant e commercial e h f,alternant e assistant e commercial e h f afpa saint-brieuc - 22 alternance 486 49 - 1 801 80 mois 12 mois en alternance d'une durée de 12 à 18 mois vous suivrez une formation à distance avec territoire digital voir l offre il y a 10 heures,Alternance,"486,49","1 801,80 € / mois",0,5838.0,21622.0,13730.0,monthly
Emploi Commerce,technico-commercial itinérant h f,technico-commercial itinérant h f iserma search savoie - 73 cdi 23 000 - 29 000 an l'automotive - connaissances en informatique utilisation de tablette tactile excel - expérience voir l offre il y a 10 heures,CDI,23 000,29 000 € / an,0,23000.0,29000.0,26000.0,annual
Emploi Commerce,assistant commercial alternance h f,assistant commercial alternance h f groupe alternance aix-en-provence vitrolles - 13 alternance 774 - 1 801 mois 24 mois à l'oral et goût du contact - motivation pour les métiers du commerce et de la relation client - maîtrise des outils informatiques et voir l offre il y a 10 heures,Alternance,774,1 801 € / mois,0,9288.0,21612.0,15450.0,monthly
Emploi Commerce,commercial - cigarette électronique h f,commercial - cigarette électronique h f dmf clichy - 92 cdd 12 mois les objectifs fixés -présentation impeccable vous êtes une personne très présentable capable de véhiculer une image voir l offre il y a 10 heures,CDD,Clichy,92,0,,,,
Emploi Commerce,chef de secteur commerce h f,chef de secteur commerce h f weldom s a ploërmel - 56 cdi 2 850 - 3 000 mois la stratégie et le concept - animer la relation clients le commerce l'offre de produits les services et l'omnicanal - développer voir l offre il y a 10 heures,CDI,2 850,3 000 € / mois,0,34200.0,36000.0,35100.0,monthly
Emploi Commerce,responsable commercial france h f,responsable commercial france h f lafarge france osny - 95 cdi télétravail partiel initiatives de vente intelligentes pour renforcer notre présence sur le marché - présenter nos produits de haute qualité avec assurance voir l offre il y a 10 heures,CDI,Osny,95,1,,,,
Emploi Commerce,commercial en énergies renouvelables en alternance h f,commercial en énergies renouvelables en alternance h f groupe alternance toulon toulon - 83 alternance 24 mois grâce à un accompagnement personnalisé et un réseau de partenaires unique c'est la garantie de démarrer votre alternance en apprentissage voir l offre il y a 10 heures,Alternance,Toulon,83,0,,,,
Emploi Commerce,chargé de clientèle particuliers h f,chargé de clientèle particuliers h f caisse d'epargne normandie trouville-sur-mer - 14 cdi et requises titulaire d'un diplôme de niveau bac 3 en commerce d'une expérience dans la gestion d'un portefeuille de clients dans le voir l offre il y a 10 heures,CDI,Trouville-sur-Mer,14,0,,,,
Emploi Commerce,technico commercial h f,technico commercial h f sider super recruteur canéjan - 33 cdi 2 300 mois plomberie et votre maîtrise des univers du catalogue sont des atouts majeurs nous recherchons une personne rigoureuse capable de respecter voir l offre il y a 10 heures,CDI,Canéjan,33,0,27600.0,27600.0,27600.0,monthly
Emploi Commerce,commercial tennis padel h f,commercial tennis padel h f jump paris - 75 alternance 777 - 1 800 mois 1 an relationnel et goût du challenge dynamisme autonomie et esprit d'équipe permis b souhaité pour voir l offre il y a 10 heures,Alternance,777,1 800 € / mois,0,9324.0,21600.0,15462.0,monthly
Emploi Commerce,technico-commercial engins agricoles h f,technico-commercial engins agricoles h f ihl drome ardeche bourg-lès-valence - 26 cdi 30 000 - 40 000 an - tu as au moins 2 ans d'expérience dans la vente ou le commerce milieu matériel agri c'est un bon début - tu es autonome et voir l offre il y a 10 heures,CDI,30 000,40 000 € / an,0,30000.0,40000.0,35000.0,annual
Emploi Commerce,responsable d'affaires - normes électriques - lecture de plans h f,responsable d'affaires - normes électriques - lecture de plans h f fab group rungis - 94 cdi 45 000 - 75 000 an télétravail partiel vous aimez gérer vos projets de a à z en alliant technique commerce vous appréciez la liberté et la réactivité d'une pme où vos voir l offre il y a 10 heures,CDI,45 000,75 000 € / an,1,45000.0,75000.0,60000.0,annual
Emploi Commerce,commercial dans le secteur de l'événementiel bts n d r c en alternance h f,commercial dans le secteur de l'événementiel bts n d r c en alternance h f aurlom paris - 75 alternance 400 - 1 700 mois 2 ans du service et écoute active - adaptabilité rapide à un environnement dynamique de vente en boutique - rigueur voir l offre il y a 10 heures,Alternance,400,1 700 € / mois,0,4800.0,20400.0,12600.0,monthly
Emploi Commerce,chargé de clientèle itinérant bts n d r c en alternance h f,chargé de clientèle itinérant bts n d r c en alternance h f aurlom paris - 75 alternance 400 - 1 700 mois 2 ans équipe - aisance rédactionnelle et bonne maîtrise des outils bureautiques et canva - intérêt fort pour l'univers de voir l offre il y a 10 heures,Alternance,400,1 700 € / mois,0,4800.0,20400.0,12600.0,monthly
Emploi Commerce,directeur commercial h f,directeur commercial h f talents croisés cholet - 49 cdi à en sur les tendances du marché diplôme supérieur en commerce ce poste de directeur commercial h f est une occasion unique de voir l offre il y a 10 heures,CDI,Cholet,49,0,,,,
Emploi Commerce,responsable d'affaires nucléaire h f,responsable d'affaires nucléaire h f john cockerill briare - 45 cdi de formation supérieure bac 2 à bac 5 vous disposez d'une connaissance pratique de la mécanique chaudronnerie industrielle et d'une expérience voir l offre il y a 10 heures,CDI,Briare,45,0,,,,
Emploi Commerce,business developer it h f,business developer it h f w hub paris 1er - 75 cdi 33 000 - 40 000 an organisé e et persuasif ve avec une vraie culture du résultat - tu as une bonne compréhension des métiers it ou voir l offre il y a 10 heures,CDI,33 000,40 000 € / an,0,33000.0,40000.0,36500.0,annual
Emploi Commerce,assistant commercial et marketing h f,assistant commercial et marketing h f logista france vincennes - 94 cdi 30 000 - 35 000 an télétravail partiel maîtrise de la suite office excel niveau avancé powerpoint niveau avancé connaissance de sap et bw serait un plus voir l offre il y a 10 heures,CDI,30 000,35 000 € / an,1,30000.0,35000.0,32500.0,annual
Emploi Commerce,responsable de relations clients h f,responsable de relations clients h f docaposte ballainvilliers - 91 cdi de niveau bac 2 3 vous disposez d'une expérience significative d'au moins 5 ans sur un poste similaire une première expérience voir l offre il y a 10 heures,CDI,Ballainvilliers,91,0,,,,
Emploi Commerce,responsable de marche câbles de commodité pour courants faibles et centrales photovoltaïques h f,responsable de marche câbles de commodité pour courants faibles et centrales photovoltaïques h f omerin câbles andrézieux-bouthéon - 42 cdi télétravail occasionnel de des nouvelles solutions digitales et d'ia dans le domaine du commerce le poste nécessitera des déplacements à hauteur de 70 du,CDI,Andrézieux-Bouthéon,42,1,,,,
Emploi Commerce,consultant senior en relation client cdi h f,consultant senior en relation client cdi h f talan paris - 75 cdi formation diplôme supérieur bac 5 en école de commerce avec une spécialisation en marketing systèmes d'information gestion de voir l offre il y a 10 heures,CDI,Paris,75,0,,,,
Emploi Commerce,ingénieur commercial it h f,ingénieur commercial it h f axido apogea orléans - 45 cdi télétravail partiel avec une appétence pour la vente de prestations informatiques ton relationnel et ton implication ta pugnacité ton voir l offre il y a 10 heures,CDI,Orléans,45,1,,,,
Emploi Commerce,responsable d'affaires travaux cvc h f,responsable d'affaires travaux cvc h f eiffage energie systèmes blois - 41 cdi de 50 collaborateurs - uneexpertise locale reconnue un ancrage territorial fort permettant une proximité avec nos clients et une voir l offre il y a 10 heures,CDI,Blois,41,0,,,,
Emploi Commerce,alternant manager de portefeuille de projets h f,alternant manager de portefeuille de projets h f cesi nantes nantes - 44 alternance 486 49 - 1 801 80 mois d'un bac 5 vous souhaitez obtenir un mastère spécalisé accrédité et labellisé par la conférence des grandes ecoles niveau voir l offre il y a 10 heures,Alternance,"486,49","1 801,80 € / mois",0,5838.0,21622.0,13730.0,monthly
Emploi Commerce,conseiller clientèle en agence - cdi h f,conseiller clientèle en agence - cdi h f gmf assurances groupe covéa montluçon - 03 cdi 32 290 an en postulant rapidement et la suite a réception voir l offre il y a 10 heures,CDI,Montluçon,03,0,32290.0,32290.0,32290.0,annual
Emploi Commerce,technico-commercial sédentaire atelier h f,technico-commercial sédentaire atelier h f rubix france saint-étienne - 42 cdi 26 000 - 30 000 an - rémunération fixe variable - carte ticket restaurant 10 pris en charge à 60 par l'employeur mutuelle groupe - voir l offre il y a 10 heures,CDI,26 000,30 000 € / an,0,26000.0,30000.0,28000.0,annual
Emploi Commerce,gestionnaire grands comptes h f,gestionnaire grands comptes h f würth france erstein - 67 cdi - rémunération motivante - participation aux transports en commun - restaurant d'entreprise - voir l offre il y a 10 heures,CDI,Erstein,67,0,,,,
Emploi Commerce,business developer - mobilier de travail et environnements collaboratifs h f,business developer - mobilier de travail et environnements collaboratifs h f job2bedone aubervilliers - 93 cdi la prescription b2b avec un solide réseau parisien architectes space planners directions immobilières facility management - anglais professionnel pour voir l offre il y a,CDI,Aubervilliers,93,0,,,,
Emploi Commerce,assistant commercial innovation bts n d r c en alternance h f,assistant commercial innovation bts n d r c en alternance h f aurlom paris - 75 alternance 400 - 1 700 mois 2 ans la rigueur et réactivité - très bon relationnel et goût du travail en équipe - aisance rédactionnelle et voir l offre il y a 10 heures,Alternance,400,1 700 € / mois,0,4800.0,20400.0,12600.0,monthly
Emploi Commerce,commercial h f,commercial h f kooi security france lyon - 69 cdi 30 000 - 40 000 an tu as - un baccalauréat professionnel métiers du commerce technique - un bon relationnel tu es un e bon ne communicant e - - voir l offre il y a 10 heures,CDI,30 000,40 000 € / an,0,30000.0,40000.0,35000.0,annual
Emploi Commerce,technico-commercial sédentaire h f,technico-commercial sédentaire h f rubix france chalon-sur-saône - 71 cdi 26 000 - 30 000 an un plan de carrière et de réelles perspectives d'évolution si vous partagez nos valeurs et notre passion voir l offre il y a 10 heures,CDI,26 000,30 000 € / an,0,26000.0,30000.0,28000.0,annual
Emploi Commerce,assistant responsable d'affaires h f,assistant responsable d'affaires h f equans france la roche-sur-yon - 85 cdi l'opportunité de participer à de beaux projets techniques alliant confort performance énergétique et excellence opérationnelle votre mission voir l offre il y a 10 heures,CDI,La Roche-sur-Yon,85,0,,,,
Emploi Commerce,responsable développement commercial haut-rhin h f,responsable développement commercial haut-rhin h f bouygues construction mulhouse - 68 cdi des contrats et la transmission aux équipes opérationnelles - interlocuteur trice privilégié e des clients vous accompagnez leur évolution et anticipez leurs voir l offre il y a 10 heures,CDI,Mulhouse,68,0,,,,
Emploi Commerce,technico-commercial - machines spéciales h f,technico-commercial - machines spéciales h f fab group aulnay-sous-bois - 93 cdi 40 000 - 55 000 an - expérience 2 à 5 ans minimum sur un poste similaire idéalement dans la vente de machines spéciales voir l offre il y a 10 heures,CDI,40 000,55 000 € / an,0,40000.0,55000.0,47500.0,annual
Emploi Commerce,business developer en alternance h f,business developer en alternance h f institut f2i paris - 75 alternance 750 - 1 699 98 mois 24 mois vous êtes diplômé e d'un bac 2 ou 3 en commerce vous avez une expérience significative sur un poste similaire voir l offre il y a 10 heures,Alternance,750,"1 699,98 € / mois",0,9000.0,20400.0,14700.0,monthly
Emploi Commerce,commercial en alternance h f,commercial en alternance h f institut f2i paris - 75 alternance 751 - 1 747 mois 24 mois vous êtes diplômé e du baccalauréat et avez une expérience sur un poste similaire vous faites preuve de voir l offre il y a 10 heures,Alternance,751,1 747 € / mois,0,9012.0,20964.0,14988.0,monthly
Emploi Commerce,business developer secteur bien-être en alternance h f,business developer secteur bien-être en alternance h f ipac bachelor factory vannes vannes - 56 alternance 1 an à travailler de manière autonome et en équipe - orienté e résultats avec un bon esprit d'analyse - maîtrise voir l offre il y a 10 heures,Alternance,Vannes,56,0,,,,
Emploi Commerce,attaché commercial h f,attaché commercial h f onet propreté et services montpellier - 34 cdi office crm onet est engagée depuis de nombreuses années en faveur de la diversité et du handicap onet recrute voir l offre il y a 10 heures,CDI,Montpellier,34,0,,,,
Emploi Commerce,responsable commercial endoscopie ouest h f,responsable commercial endoscopie ouest h f arthrex france nantes - 44 cdi ainsi que pour votre excellent relationnel - votre sens de l'engagement ainsi que votre capacité de résilience et votre voir l offre il y a 10 heures,CDI,Nantes,44,0,,,,
Emploi Commerce,commercial itinérant btoc h f,commercial itinérant btoc h f rafy gold seine-maritime - 76 cdi 2 200 - 3 200 mois doté e d'un bon sens du commerce vente auprès d'un public de voir l offre il y a 10 heures,CDI,2 200,3 200 € / mois,0,26400.0,38400.0,32400.0,monthly
Emploi Commerce,chargé d'etudes commerciales transport h f,chargé d'etudes commerciales transport h f dachser france cergy - 95 cdi de développer et de mettre en pratique votre expertise du commerce le groupe évoluant dans un contexte international vous avez un voir l offre il y a 10 heures,CDI,Cergy,95,0,,,,
Emploi Commerce,alternance bac 2 bts mco - commercial en salle de sport h f,alternance bac 2 bts mco - commercial en salle de sport h f groupe alternance toulon toulon - 83 alternance 35 heures et être capable de répondre a leur demande - assurer la gestion de la relation client en physique voir l offre il y a 10 heures,Alternance,Toulon,83,0,,,,
Emploi Commerce,commercial itinérant h f,commercial itinérant h f rafy gold haut-rhin - 68 cdi 2 200 - 3 200 mois profil recherché - expérience dans la vente ou le commerce - excellentes compétences relationnelles et sens du service - voir l offre il y a 10 heures,CDI,2 200,3 200 € / mois,0,26400.0,38400.0,32400.0,monthly
Emploi Commerce,commercial itinérant btoc h f,commercial itinérant btoc h f rafy gold creuse - 23 cdi 2 000 - 3 000 mois doté e d'un bon sens du commerce vente auprès d'un public de voir l offre il y a 10 heures,CDI,2 000,3 000 € / mois,0,24000.0,36000.0,30000.0,monthly
Emploi Commerce,conseiller commercial h f,conseiller commercial h f trecobat saint-nazaire - 44 cdi ce que nous attendons de vous - d'avoir le sens du commerce de vie - d'avoir un bon relationnel - d'être à l'écoute des voir l offre il y a 10 heures,CDI,Saint-Nazaire,44,0,,,,
Emploi Commerce,commercial itinérant btoc h f,commercial itinérant btoc h f rafy gold alpes-maritimes - 06 cdi 2 200 - 3 200 mois doté e d'un bon sens du commerce vente auprès d'un public de voir l offre il y a 10 heures,CDI,2 200,3 200 € / mois,0,26400.0,38400.0,32400.0,monthly
Emploi Commerce,technico commercial btob itinérant h f,technico commercial btob itinérant h f odyssée rh eure-et-loir - 28 cdi le goût de la satisfaction client - le challenge et la persévérance vous animent - vous êtes à voir l offre il y a 10 heures,CDI,Eure-et-Loir,28,0,,,,
Emploi Commerce,ingénieur d'affaires - business manager en alternance h f,ingénieur d'affaires - business manager en alternance h f selene île-de-france alternance 1 an tu es passionné de technologies et curieux tu as un sens de l'écoute et une bonne communication voir l offre il y a 10 heures,Alternance,Non précisé,N/A,0,,,,
Emploi Commerce,commercial rachat d'or h f,commercial rachat d'or h f rafy gold nord - 59 cdi 2 000 - 3 000 mois doté e d'un bon sens du commerce vente auprès d'un public de voir l offre il y a 10 heures,CDI,2 000,3 000 € / mois,0,24000.0,36000.0,30000.0,monthly
Emploi Commerce,commercial itinérant h f,commercial itinérant h f groupe setin charente - 16 cdi à de toi - tu es débutant e avec une affinité pour le commerce facettes de ce métier au sein de nos équipes - ou expérimenté e voir l offre il y a 10 heures,CDI,Charente,16,0,,,,
Emploi Commerce,chargé d'affaires h f,chargé d'affaires h f franchise camif habitat la rochelle - 17 indépendant 30 000 - 35 000 an l'immobilier - excellente orientation client vous placez la satisfaction au coeur de vos priorités voir l offre il y a 10 heures,,30 000,35 000 € / an,0,30000.0,35000.0,32500.0,annual
Emploi Commerce,commercial itinérant btoc h f,commercial itinérant btoc h f rafy gold sarthe - 72 cdi 2 200 - 3 200 mois doté e d'un bon sens du commerce vente auprès d'un public de voir l offre il y a 10 heures,CDI,2 200,3 200 € / mois,0,26400.0,38400.0,32400.0,monthly
Emploi Commerce,commercial itinérant btoc h f,commercial itinérant btoc h f rafy gold maine-et-loire - 49 cdi 2 000 - 3 000 mois doté e d'un bon sens du commerce vente auprès d'un public de voir l offre il y a 10 heures,CDI,2 000,3 000 € / mois,0,24000.0,36000.0,30000.0,monthly
Emploi Commerce,commercial marketing en alternance - mba marketing sportif h f,commercial marketing en alternance - mba marketing sportif h f win sport school vannes vannes - 56 alternance 21 203 an 24 mois soucieux d'apprendre d'évoluer et vous perfectionner dans le milieu du commerce - vous savez donner de votre temps pour performer voir l offre il y a 10 heures,Alternance,Vannes,56,0,21203.0,21203.0,21203.0,annual
Emploi Commerce,commercial itinérant btoc h f,commercial itinérant btoc h f rafy gold pyrénées-atlantiques - 64 cdi 2 200 - 3 200 mois doté e d'un bon sens du commerce vente auprès d'un public de voir l offre il y a 10 heures,CDI,2 200,3 200 € / mois,0,26400.0,38400.0,32400.0,monthly
Emploi Commerce,commercial itinérant btoc h f,commercial itinérant btoc h f rafy gold eure-et-loir - 28 cdi 2 200 - 3 200 mois doté e d'un bon sens du commerce vente auprès d'un public de voir l offre il y a 10 heures,CDI,2 200,3 200 € / mois,0,26400.0,38400.0,32400.0,monthly
Emploi Commerce,chargé de clientèle h f,chargé de clientèle h f job link marseille 11e - 13 intérim pour ce poste nous recherchons un profil - a l'aise au téléphone - avec une capacité d'écoute voir l offre il y a 10 heures,Intérim,Marseille 11e,13,0,,,,
Emploi Commerce,commercial h f,commercial h f kooi security france évry-courcouronnes - 91 cdi 30 000 - 40 000 an tu as - un baccalauréat professionnel métiers du commerce technique - un bon relationnel tu es un e bon ne communicant e - - voir l offre il y a 10 heures,CDI,30 000,40 000 € / an,0,30000.0,40000.0,35000.0,annual
Emploi Commerce,commercial terrain région nord ouest - rennes h f,commercial terrain région nord ouest - rennes h f rgis inventaire rennes - 35 cdi à de clients en démarchant un ensemble de prospects issus du commerce de détail grande distribution grandes et moyennes surfaces à voir l offre il y a 10 heures,CDI,Rennes,35,0,,,,
Emploi Commerce,responsable développement moe h f,responsable développement moe h f wavy services nanterre - 92 cdi 70 000 - 80 000 an télétravail occasionnel du monde de la formation serait également appréciable - technique de conduite de projet notamment en mode voir l offre il y a 10 heures,CDI,70 000,80 000 € / an,1,70000.0,80000.0,75000.0,annual
Emploi Commerce,equipier relation client h f,equipier relation client h f brico dépôt vierzon - 18 cdi missions une mission en béton facilitateur trice dans la réalisation voir l offre il y a 10 heures,CDI,Vierzon,18,0,,,,
Emploi Commerce,chef de secteur vape e-cigarettes vape-shop débits de tabac h f,chef de secteur vape e-cigarettes vape-shop débits de tabac h f marvesting paris - 75 cdi - de formation commerciale bac 2 bts école de commerce ambassadeur vendeur démonstrateur - permis b obligatoire - excellente voir l offre il y a 10 heures,CDI,Paris,75,0,,,,
Emploi Commerce,ingénieur d'affaires - business manager h f,ingénieur d'affaires - business manager h f ingeliance technologies vannes - 56 cdi issu d'une formation bac 5 de type école d'ingénieur ou de commerce dans le domaine de l'ingénierie et de l'industrie attiré par voir l offre il y a 10 heures,CDI,Vannes,56,0,,,,
Emploi Commerce,assistant commercial alternance h f,assistant commercial alternance h f groupe alternance aix-en-provence aix-en-provence - 13 alternance 774 - 1 801 mois 24 mois à l'oral et goût du contact - motivation pour les métiers du commerce et de la relation client - maîtrise des outils informatiques et voir l offre il y a 10 heures,Alternance,774,1 801 € / mois,0,9288.0,21612.0,15450.0,monthly
Emploi Commerce,chargé d'affaires machines h f,chargé d'affaires machines h f apave cergy - 95 cdi prenez part à une histoire où la force du collectif est une réalité où la notion d'accompagnement s'exprime au quotidien voir l offre il y a 10 heures,CDI,Cergy,95,0,,,,
Emploi Commerce,offre d'alternance - bachelor responsable développement commercial h f,offre d'alternance - bachelor responsable développement commercial h f institut f2i vincennes - 94 alternance 1 an vous préparez un bachelor rdc ou un diplôme équivalent dans le commerce de la négociation et un réel goût pour le challenge voir l offre il y a 10 heures,Alternance,Vincennes,94,0,,,,
Emploi Commerce,alternance - conseiller clientèle communication h f,alternance - conseiller clientèle communication h f cette entreprise souhaite rester anonyme cannes - 06 alternance 3 ans tu apprécies le travail en équipe tout en étant autonome et proactif ve à l'aise avec les outils voir l offre il y a 10 heures,Alternance,Cannes,06,0,,,,
Emploi Commerce,commercial - débutant accepté h f,commercial - débutant accepté h f cette entreprise souhaite rester anonyme lyon 3e - 69 indépendant communication et de la négociation - esprit collectif et entraide naturelle - motivation à voir l offre il y a 10 heures,,Lyon 3e,69,0,,,,
Emploi Commerce,commercial btob junior bts n d r c en alternance h f,commercial btob junior bts n d r c en alternance h f aurlom paris - 75 alternance 400 - 1 700 mois 2 ans goût du travail en équipe - aisance rédactionnelle et bonne maîtrise des outils bureautiques et canva - intérêt voir l offre il y a 10 heures,Alternance,400,1 700 € / mois,0,4800.0,20400.0,12600.0,monthly
Emploi Commerce,attaché technico-commercial 08 h f,attaché technico-commercial 08 h f timac agro france charleville-mézières - 08 cdi télétravail partiel poursuit avec une immersion terrain journée type commerciale en binôme avant de rencontrer votre directeur des ventes avec la rrh voir l offre il y a 10 heures,CDI,Charleville-Mézières,08,1,,,,
Emploi Commerce,alternance - responsable de développement commercial - bts n d r c h f,alternance - responsable de développement commercial - bts n d r c h f aurlom paris - 75 alternance 2 ans - être titulaire du baccalauréat ou en cours - maturité et sens des responsabilités voir l offre il y a 10 heures,Alternance,Paris,75,0,,,,
Emploi Commerce,chargé d'affaires ingénierie h f,chargé d'affaires ingénierie h f expleo lyon 1er - 69 cdi 38 000 an télétravail partiel garantir la bonne avancée des opérations - assurer le suivi terrain des travaux dans le respect des exigences qualité voir l offre il y a 10 heures,CDI,Lyon 1er,69,1,38000.0,38000.0,38000.0,annual
Emploi Commerce,assistant commercial en alternance - bts n d r c h f,assistant commercial en alternance - bts n d r c h f aurlom paris - 75 alternance 2 ans - maturité et sens des responsabilités - excellente organisation - orienté e voir l offre il y a 10 heures,Alternance,Paris,75,0,,,,
Emploi Commerce,commercial h f,commercial h f kooi security france marseille - 13 cdi 30 000 - 40 000 an tu as - un baccalauréat professionnel métiers du commerce technique - un bon relationnel tu es un e bon ne communicant e - - voir l offre il y a 10 heures,CDI,30 000,40 000 € / an,0,30000.0,40000.0,35000.0,annual
Emploi Commerce,commercial h f,commercial h f kooi security france arras - 62 cdi 30 000 - 40 000 an tu as - un baccalauréat professionnel métiers du commerce technique - un bon relationnel tu es un e bon ne communicant e - - voir l offre il y a 10 heures,CDI,30 000,40 000 € / an,0,30000.0,40000.0,35000.0,annual
Emploi Commerce,commercial h f,commercial h f 123 pare-brise super recruteur arras - 62 cdi 2 081 - 3 800 mois qu'il y a à connaître et démarrer sur de bonnes bases - une formation complète pour t'apprendre toutes les voir l offre il y a 10 heures,CDI,2 081,3 800 € / mois,0,24972.0,45600.0,35286.0,monthly
Emploi Commerce,chargé de compte senior indemnisation transport - cdi h f,chargé de compte senior indemnisation transport - cdi h f wtw puteaux - 92 cdi télétravail partiel qui sommes-nous depuis plus de 100 ans wtw en france est le partenaire de ses clients pme voir l offre il y a 10 heures,CDI,Puteaux,92,1,,,,
Emploi Commerce,chargé relation client planification h f,chargé relation client planification h f bureau veritas marcq-en-barœul - 59 cdd 26 000 an télétravail partiel veritas exploitation bve une un chargée relation client planification chargé relation client planification en cdd de 6 mois avec renouvellement voir l offre il y a 10 heures,CDD,Marcq-en-Barœul,59,1,26000.0,26000.0,26000.0,annual
Emploi Commerce,conseiller commercial en magasin bts n d r c en alternance h f,conseiller commercial en magasin bts n d r c en alternance h f aurlom paris - 75 alternance 400 - 1 700 mois 2 ans - titulaire d'un baccalauréat en cours ou en réorientation - excellente communication - sens du service et écoute voir l offre il y a 10 heures,Alternance,400,1 700 € / mois,0,4800.0,20400.0,12600.0,monthly
Emploi Commerce,alternance business developer - aurlom n d r c h f,alternance business developer - aurlom n d r c h f aurlom paris - 75 alternance 2 ans tu es organisé e dans le travail - tu es proactif ve et tu prend des initiatives - tu as voir l offre il y a 10 heures,Alternance,Paris,75,0,,,,
Emploi Commerce,responsable commercial régional h f,responsable commercial régional h f trigo rennes - 35 cdi les 3 raisons de rejoindre trigo - vous intégrez le leader de voir l offre il y a 10 heures,CDI,Rennes,35,0,,,,
Emploi Commerce,commercial en agence h f,commercial en agence h f une pièce en plus gonesse - 95 cdi 1 900 - 2 600 mois votre profil diplômé e d'un bac 2 à bac 5 en vente commerce plus qu'un premier emploi - vous êtes motivé e curieux se et voir l offre il y a 10 heures,CDI,1 900,2 600 € / mois,0,22800.0,31200.0,27000.0,monthly
Emploi Commerce,technico-commercial h f,technico-commercial h f adeis rh france cdi 50 000 - 60 000 an performer véhicule de fonction ford puma mutuelle prévoyance autonomie et flexibilité forfait 218 jours mobilité requise sur le voir l offre il y a 10 heures,CDI,50 000,60 000 € / an,0,50000.0,60000.0,55000.0,annual
Emploi Commerce,attaché clientèle 2 h f,attaché clientèle 2 h f kone noisy-le-sec - 93 cdi titre les missions sont les suivantes - assurer la mise à jour des données clients et le reporting associé voir l offre il y a 10 heures,CDI,Noisy-le-Sec,93,0,,,,
Emploi Commerce,commercial en alternance - aurlom bts n d r c h f,commercial en alternance - aurlom bts n d r c h f aurlom paris - 75 alternance 2 ans vous avez les qualités suivantes - fort désir d'apprendre et dynamisme professionnel - excellentes voir l offre il y a 10 heures,Alternance,Paris,75,0,,,,
Emploi Commerce,chargée de clientèle en alternance h f,chargée de clientèle en alternance h f aftec- campus brest brest - 29 alternance 2 ans recherché - qualités relationnelles - rigoureux et polyvalent - organisé et autonome voir l offre il y a 10 heures,Alternance,Brest,29,0,,,,
Emploi Commerce,assistant commercial h f,assistant commercial h f amv mérignac - 33 cdd télétravail partiel - vous maîtrisez les outils bureautiques - votre rigueur votre sens de l'organisation et votre aisance rédactionnelle sont des atouts voir l offre il y a 10 heures,CDD,Mérignac,33,1,,,,
Emploi Commerce,conseiller funéraire h f,conseiller funéraire h f gio recrutement mimizan - 40 cdi 23 000 - 24 000 an télétravail occasionnel les profils débutants motivés et bienveillants sont également les bienvenus réf li-ak1 ref gaeajl4nvb voir l offre il y a 10 heures,CDI,23 000,24 000 € / an,1,23000.0,24000.0,23500.0,annual
Emploi Commerce,technico commercial - chargé d'affaires h f,technico commercial - chargé d'affaires h f mentech annecy dingy-saint-clair - 74 cdi 40 000 - 50 000 an télétravail partiel equivalent bac 2 par exemple bts étude et réalisation d'agencements bts technico-commercial bts étude bâtiment - expérience confirmée de voir l offre il y a 10,CDI,40 000,50 000 € / an,1,40000.0,50000.0,45000.0,annual
Emploi Commerce,responsable de prescription h f,responsable de prescription h f groupe atlantic paris - 75 cdi cvc vous avez une bonne connaissance des circuits décisionnels des affaires prescrites et des processus de vente complexes voir l offre il y a 10 heures,CDI,Paris,75,0,,,,
Emploi Commerce,commercial terrain région centre ouest - bordeaux h f,commercial terrain région centre ouest - bordeaux h f rgis inventaire bordeaux - 33 cdi à de clients en démarchant un ensemble de prospects issus du commerce de détail grande distribution grandes et moyennes surfaces à voir l offre il y a 10 heures,CDI,Bordeaux,33,0,,,,
Emploi Commerce,technico-commercial industrialisation h f,technico-commercial industrialisation h f maintenance industrielle sur site beauvais - 60 cdi 35 000 - 40 000 an vous motivent dans votre mission vous désirez évoluer au sein d'un collectif multi-métiers voir l offre il y a 10 heures,CDI,35 000,40 000 € / an,0,35000.0,40000.0,37500.0,annual
Emploi Commerce,business manager ingénieur d'affaires h f,business manager ingénieur d'affaires h f leyvance levallois-perret - 92 stage 1 000 - 2 000 mois 6 mois formation diplômé e d'une école de commerce la double compétence technique ecole voir l offre il y a 10 heures,Stage,1 000,2 000 € / mois,0,12000.0,24000.0,18000.0,monthly
Emploi Commerce,technico commercial sédentaire h f,technico commercial sédentaire h f invenio super recruteur villefranche-sur-saône - 69 cdi 35 000 - 42 000 an sein d'une société familiale avec de vraies valeurs de respect et de convivialité nous vous offrons un voir l offre il y a 10 heures,CDI,35 000,42 000 € / an,0,35000.0,42000.0,38500.0,annual
Emploi Commerce,responsable commercial h f,responsable commercial h f groupe heppner bouguenais - 44 cdi de manière à s'assurer de l'adéquation entre objectifs définis et réalisations et définir les plans d'action visant à atteindre les voir l offre il y a 10 heures,CDI,Bouguenais,44,0,,,,
Emploi Commerce,key account manager h f,key account manager h f ex nihilo île-de-france cdi 60 000 - 100 000 an télétravail complet avez une bonne maîtrise des techniques de vente de la gestion d'appels d'offres de la négociation et du travail en voir l offre il y a 10 heures,CDI,60 000,100 000 € / an,1,60000.0,100000.0,80000.0,annual
Emploi Commerce,technico-commercial itinérant - secteur industriel - nord-est h f,technico-commercial itinérant - secteur industriel - nord-est h f lundi reims - 51 cdi 43 000 an télétravail partiel - 3008 5 places téléphone ordinateur carte société pour les frais professionnels voir l offre il y a 10 heures,CDI,Reims,51,1,43000.0,43000.0,43000.0,annual
Emploi Commerce,technico-commerciale itinérante - technico-commercial itinérant h f,technico-commerciale itinérante - technico-commercial itinérant h f rubix france brest - 29 cdi 31 000 - 35 000 an valeurs et notre passion pour le monde industriel rejoignez l'aventure rubix une entreprise qui gagne à être connue voir l offre il y a 10 heures,CDI,31 000,35 000 € / an,0,31000.0,35000.0,33000.0,annual
Emploi Commerce,commercial - cigarette électronique h f,commercial - cigarette électronique h f dmf clichy - 92 cdd 12 mois les objectifs fixés -présentation impeccable vous êtes une personne très présentable capable de véhiculer une image voir l offre il y a 10 heures,CDD,Clichy,92,0,,,,
Emploi Commerce,business developper h f,business developper h f randstad lyon 3e - 69 cdi 35 000 an titulaire d'un bac 2 et avoir au moins 1 année d'expérience sur un poste en développement commercial btob au delà voir l offre il y a 10 heures,CDI,Lyon 3e,69,0,35000.0,35000.0,35000.0,annual
Emploi Commerce,commercial itinérant laser h f,commercial itinérant laser h f général emploi bourg perrex - 01 intérim 6 mois de 10 par an pour épargner une partie de votre salaire ce poste vous intéresse voir l offre il y a 10 heures,Intérim,Perrex,01,0,,,,
Emploi Commerce,business developer en startup bts n d r c en alternance h f,business developer en startup bts n d r c en alternance h f aurlom paris - 75 alternance 400 - 1 700 mois 2 ans - titulaire d'un baccalauréat en cours ou en réorientation - sens de l'organisation de la rigueur et réactivité voir l offre il y a 10 heures,Alternance,400,1 700 € / mois,0,4800.0,20400.0,12600.0,monthly
Emploi Commerce,courtier en crédits et assurances h f,courtier en crédits et assurances h f groupe empruntis lyon 7e - 69 indépendant expérience en financement ou une réelle passion pour les projets immobiliers à l'écoute vous aimez créer un lien de confiance voir l offre il y a 10 heures,,Lyon 7e,69,0,,,,
Emploi Commerce,business developer start-up bts n d r c en alternance h f,business developer start-up bts n d r c en alternance h f aurlom paris - 75 alternance 2 ans - titulaire du baccalauréat ou en cours - esprit d'équipe et une éthique irréprochable - sens du service voir l offre il y a 10 heures,Alternance,Paris,75,0,,,,
Emploi Commerce,commercial en tourisme et loisirs bts n d r c en alternance h f,commercial en tourisme et loisirs bts n d r c en alternance h f aurlom paris - 75 alternance 2 ans communication - maîtrise des outils numériques - capacité à travailler en équipe - adaptabilité à différents environnements voir l offre il y a 10 heures,Alternance,Paris,75,0,,,,
Emploi Commerce,chargé de clientèle particuliers renfort - aubusson 23 h f,chargé de clientèle particuliers renfort - aubusson 23 h f groupama d'oc aubusson - 23 cdi la recommandation pour cela être titulaire d'un bac 2 en commerce avoir une connaissance du bassin local et un fort attachement à voir l offre il y a 10 heures,CDI,Aubusson,23,0,,,,
Emploi Commerce,chef de secteur commerce h f,chef de secteur commerce h f weldom s a marseille - 13 cdi 2 499 mois fièrement un concept de bricolage ancré dans les valeurs du commerce de proximité notre croissance continue nous a d'ailleurs valu voir l offre il y a 10 heures,CDI,Marseille,13,0,29988.0,29988.0,29988.0,monthly
Emploi Commerce,responsable de prescription h f,responsable de prescription h f groupe atlantic poitiers - 86 cdi l'adhésion et gagnez la confiance de vos interlocuteurs accessible et disponible vous établissez rapidement des relations solides et durables voir l offre il y a 10 heures,CDI,Poitiers,86,0,,,,
Emploi Commerce,commercial sédentaire btob bts n d r c en alternance h f,commercial sédentaire btob bts n d r c en alternance h f aurlom paris - 75 alternance 400 - 1 700 mois 2 ans - titulaire d'un baccalauréat en cours ou en réorientation - excellente communication - sens du service et écoute voir l offre il y a 10 heures,Alternance,400,1 700 € / mois,0,4800.0,20400.0,12600.0,monthly
Emploi Commerce,commercial en édition - librairie bts n d r c en alternance h f,commercial en édition - librairie bts n d r c en alternance h f aurlom paris - 75 alternance temps partiel 2 ans - baccalauréat requis ou en cours - intérêt pour le commerce - bonne capacité à travailler en équipe - bonne communication voir l offre il y a 10 heures,Temps partiel,Paris,75,0,,,,
Emploi Commerce,business developer junior bts n d r c en alternance h f,business developer junior bts n d r c en alternance h f aurlom paris - 75 alternance 400 - 1 700 mois 2 ans rapide à un environnement dynamique de vente en boutique - rigueur organisation et gestion proactive des priorités - voir l offre il y a 10 heures,Alternance,400,1 700 € / mois,0,4800.0,20400.0,12600.0,monthly
Emploi Commerce,alternance - chargé clientèle - bts n d r c h f,alternance - chargé clientèle - bts n d r c h f aurlom paris - 75 alternance 2 ans excellentes compétences en communication et en travail d'équipe - orientation vers les résultats - intérêt pour la technologie voir l offre il y a 10 heures,Alternance,Paris,75,0,,,,
Emploi Commerce,alternance- assistant commercial - n d r c h f,alternance- assistant commercial - n d r c h f aurlom paris - 75 alternance temps partiel 2 ans sens de l'organisation et capacité à travailler en équipe - maîtrise des outils informatiques et des logiciels de gestion voir l offre il y a 10 heures,Temps partiel,Paris,75,0,,,,
Emploi Commerce,attachée e clientèle itinérant e h f,attachée e clientèle itinérant e h f les assurances mutuelles de picardie hauts-de-france cdi une expérience dans le secteur assurantiel est indispensable le permis b est obligatoire expérience voir l offre il y a 10 heures,CDI,Non précisé,N/A,0,,,,
Emploi Commerce,commercial h f,commercial h f kooi security france nantes - 44 cdi 30 000 - 40 000 an tu as - un baccalauréat professionnel métiers du commerce technique - un bon relationnel tu es un e bon ne communicant e - - voir l offre il y a 10 heures,CDI,30 000,40 000 € / an,0,30000.0,40000.0,35000.0,annual
Emploi Commerce,conseiller commercial agence h f,conseiller commercial agence h f behive super recruteur val-de-marne - 94 cdi 25 000 - 40 000 an de la formation est suivie en e-learning à l'agence de manière interactive avec l'accompagnement d'un formateur interne voir l offre il y a 10 heures,CDI,25 000,40 000 € / an,0,25000.0,40000.0,32500.0,annual
Emploi Commerce,commercial itinérant btoc h f,commercial itinérant btoc h f rafy gold haute-garonne - 31 cdi 2 200 - 3 200 mois profil recherché - expérience dans la vente ou le commerce - excellentes compétences relationnelles et sens du service - rigueur voir l offre il y a 10 heures,CDI,2 200,3 200 € / mois,0,26400.0,38400.0,32400.0,monthly
Emploi Commerce,animateur h f,animateur h f rma super recruteur besançon - 25 cdd temps partiel 11 27 heure 1 - sens du commerce voir l offre il y a 10 heures,Temps partiel,Besançon,25,0,18539.0,18539.0,18539.0,hourly
Emploi Commerce,commercial rachat d'or h f,commercial rachat d'or h f rafy gold oise - 60 cdi 2 000 - 3 000 mois profil recherché - expérience dans la vente ou le commerce - excellentes compétences relationnelles et sens du service - voir l offre il y a 10 heures,CDI,2 000,3 000 € / mois,0,24000.0,36000.0,30000.0,monthly
Emploi Commerce,commercial itinérant btoc h f,commercial itinérant btoc h f rafy gold charente - 16 cdi 2 200 - 3 200 mois doté e d'un bon sens du commerce vente auprès d'un public de voir l offre il y a 10 heures,CDI,2 200,3 200 € / mois,0,26400.0,38400.0,32400.0,monthly
Emploi Commerce,assistant commercial alternance h f,assistant commercial alternance h f groupe alternance marseille marseille - 13 alternance 774 - 1 801 mois 24 mois à l'oral et goût du contact - motivation pour les métiers du commerce et de la relation client - maîtrise des outils informatiques et voir l offre il y a 10 heures,Alternance,774,1 801 € / mois,0,9288.0,21612.0,15450.0,monthly
Emploi Commerce,bts ndrc - commercial h f,bts ndrc - commercial h f institut f2i île-de-france alternance 2 ans maîtrisez les outils informatiques et avez une sensibilité aux nouvelles technologies - une première expérience commerciale serait un atout voir l offre il y a 10 heures,Alternance,Non précisé,N/A,0,,,,
Emploi Commerce,commercial rachat d'or h f,commercial rachat d'or h f rafy gold eure - 27 cdi 2 200 - 3 200 mois doté e d'un bon sens du commerce vente auprès d'un public de voir l offre il y a 10 heures,CDI,2 200,3 200 € / mois,0,26400.0,38400.0,32400.0,monthly
Emploi Commerce,chargés de clientèle bilingues allemand h f,chargés de clientèle bilingues allemand h f randstad lille - 59 cdi 24 600 - 25 800 an dynamique et motivé e vous maîtrisez les nouvelles technologies et disposez de bonnes compétences informatiques idéalement vous avez déjà une expérience voir l offre il y a 10 heures,CDI,24 600,25 800 € / an,0,24600.0,25800.0,25200.0,annual
Emploi Commerce,commercial en alternance h f,commercial en alternance h f aftec vannes vannes - 56 alternance 22 000 - 24 000 an 24 mois confiance avec vos interlocuteurs - vous êtes autonome vous savez organiser vos tournées et vos relances téléphoniques - voir l offre il y a 10 heures,Alternance,22 000,24 000 € / an,0,22000.0,24000.0,23000.0,annual
Emploi Commerce,technico-commerciale - technico-commercial sédentaire h f,technico-commerciale - technico-commercial sédentaire h f rubix france blagnac - 31 cdi 26 000 - 30 000 an ce que nous vous proposons - rémunération fixe variable - carte ticket restaurant 10 pris en voir l offre il y a 10 heures,CDI,26 000,30 000 € / an,0,26000.0,30000.0,28000.0,annual
Emploi Commerce,apprenti account manager - alternance - 78 h f,apprenti account manager - alternance - 78 h f konica minolta carrières-sur-seine - 78 alternance 486 49 - 1 801 80 mois smartphone ordinateur portable accès vpn - locaux et cadre de travail modernes - mutuelle d'entreprise - prévoyance - voir l offre il y a 10 heures,Alternance,"486,49","1 801,80 € / mois",0,5838.0,21622.0,13730.0,monthly
Emploi Commerce,commercial en alternance h f,commercial en alternance h f aftec vannes lorient - 56 alternance 21 203 - 23 000 an 24 mois le profil recherché - permis b requis - vous êtes autonome rigoureux - vous voir l offre il y a 10 heures,Alternance,21 203,23 000 € / an,0,21203.0,23000.0,22101.5,annual
Emploi Commerce,consultant commercial h f,consultant commercial h f synergie lagny-sur-marne - 77 cdi 30 000 - 35 000 an nous sommes persuadés qu'avec une formation adaptée ainsi qu'une bonne intégration vous pourrez vous épanouir et réussir sur ce poste voir l offre il y a 10 heures,CDI,30 000,35 000 € / an,0,30000.0,35000.0,32500.0,annual
Emploi Commerce,chargé d'affaires junior h f,chargé d'affaires junior h f forumjobs gravelines - 59 cdi 24 000 - 36 000 an sécurité et l'environnement sont plus que jamais au coeur des préoccupations sociétales dans le cadre de sa politique la société voir l offre il y a 10 heures,CDI,24 000,36 000 € / an,0,24000.0,36000.0,30000.0,annual
Emploi Commerce,commercial itinérant btoc h f,commercial itinérant btoc h f rafy gold lozère - 48 cdi 2 000 - 3 000 mois doté e d'un bon sens du commerce vente auprès d'un public de voir l offre il y a 10 heures,CDI,2 000,3 000 € / mois,0,24000.0,36000.0,30000.0,monthly
Emploi Distribution,hôte de caisse cqp en alternance h f,hôte de caisse cqp en alternance h f carrefour coudekerque-branche - 59 alternance 486 49 - 1 801 80 mois esprit d'équipe seront des atouts - vos capacités d'organisation des responsabilités votre sens des priorités et de l'orientation client sont voir l offre moins d'une heure,Alternance,"486,49","1 801,80 € / mois",0,5838.0,21622.0,13730.0,monthly
Emploi Distribution,employé commercial rayon boucherie h f,employé commercial rayon boucherie h f carrefour saint-germain-du-puy - 18 cdi sain plus local plus responsable leader mondial de la distribution digitale tout en créant un environnement de travail inclusif voir l offre moins d'une heure,CDI,Saint-Germain-du-Puy,18,0,,,,
Emploi Distribution,employé de libre-service h f,employé de libre-service h f link rh recrutement lognes - 77 cdd 9 mois tes journées varieront en fonction des besoins du magasin impossible de t'ennuyer on a tous voir l offre moins d'une heure,CDD,Lognes,77,0,,,,
Emploi Distribution,employé de libre-service h f,employé de libre-service h f link rh recrutement dammartin-en-goële - 77 cdd 9 mois lui garantissant la meilleure expérience possible tant au niveau de la disponibilité des produits que de l'encaissement de ses achats voir l offre moins d'une heure,CDD,Dammartin-en-Goële,77,0,,,,
Emploi Distribution,employé de libre-service h f,employé de libre-service h f link rh recrutement chatou - 78 cdd 9 mois emploi en moins d'une semaine tu auras pour mission de garantir la satisfaction du client en voir l offre moins d'une heure,CDD,Chatou,78,0,,,,
Emploi Distribution,employé de libre-service h f,employé de libre-service h f link rh recrutement saint-cloud - 92 cdd 9 mois tes journées varieront en fonction des besoins du magasin impossible de t'ennuyer on a tous voir l offre moins d'une heure,CDD,Saint-Cloud,92,0,,,,
Emploi Distribution,employé de libre-service h f,employé de libre-service h f link rh recrutement chessy - 77 cdd 9 mois emploi en moins d'une semaine tu auras pour mission de garantir la satisfaction du client en voir l offre moins d'une heure,CDD,Chessy,77,0,,,,
Emploi Distribution,employé de libre-service h f,employé de libre-service h f link rh recrutement vaucresson - 92 cdd 9 mois oublier ton sourire ton dynamisme et ta bonne humeur tes journées varieront en fonction des besoins voir l offre moins d'une heure,CDD,Vaucresson,92,0,,,,
Emploi Distribution,employé de libre-service h f,employé de libre-service h f link rh recrutement lagny-sur-marne - 77 cdd 9 mois aimes le contact client alors n'hésite pas tente l'aventure g20 et obtiens un emploi en moins d'une semaine voir l offre moins d'une heure,CDD,Lagny-sur-Marne,77,0,,,,
Emploi Distribution,employé de libre-service h f,employé de libre-service h f link rh recrutement paris - 75 cdd 9 mois au niveau de la disponibilité des produits que de l'encaissement de ses achats sans oublier ton sourire ton dynamisme et voir l offre moins d'une heure,CDD,Paris,75,0,,,,
Emploi Distribution,employé de libre-service h f,employé de libre-service h f link rh recrutement bougival - 78 cdd 9 mois es polyvalent e disponible immédiatement et tu aimes le contact client alors n'hésite pas tente l'aventure carrefour et obtiens voir l offre moins d'une heure,CDD,Bougival,78,0,,,,
Emploi Distribution,employé de libre-service h f,employé de libre-service h f link rh recrutement la courneuve - 93 cdd 9 mois moins d'une semaine tu auras pour mission de garantir la satisfaction du client en lui garantissant voir l offre moins d'une heure,CDD,La Courneuve,93,0,,,,
Emploi Distribution,employé de libre-service h f,employé de libre-service h f link rh recrutement gentilly - 94 cdd 9 mois n'hésite pas tente l'aventure carrefour et obtiens un emploi en moins d'une semaine tu auras voir l offre moins d'une heure,CDD,Gentilly,94,0,,,,
Emploi Distribution,employé de libre-service h f,employé de libre-service h f link rh recrutement marnes-la-coquette - 92 cdd 9 mois tu auras pour mission de garantir la satisfaction du client en lui garantissant la meilleure expérience possible voir l offre moins d'une heure,CDD,Marnes-la-Coquette,92,0,,,,
Emploi Distribution,hote de caisse h f,hote de caisse h f job direct bellac - 87 intérim 11 88 heure 5 jours à gérer les périodes d'affluence - sens de l'organisation et rigueur dans la gestion des transactions financières voir l offre moins d'une heure,Intérim,Bellac,87,0,19543.0,19543.0,19543.0,hourly
Emploi Distribution,employé de rayon marée h f,employé de rayon marée h f network interim antibes villeneuve-loubet - 06 intérim 11 88 heure 4 jours vous possédez idéalement une expérience en tant qu'employé e de rayon et possédez un très bon relationnel voir l offre moins d'une heure,Intérim,Villeneuve-Loubet,06,0,19543.0,19543.0,19543.0,hourly
Emploi Distribution,responsable de boutique - btq saint germain en laye h f,responsable de boutique - btq saint germain en laye h f comtesse du barry saint-germain-en-laye - 78 cdi 30 000 - 32 000 an an d'ancienneté - rejoindre la communauté comtesse du barry c'est aussi bénéficier de réductions sur nos produits d'exception tout voir l offre moins d'une heure,CDI,30 000,32 000 € / an,0,30000.0,32000.0,31000.0,annual
Emploi Distribution,employé libre-service h f,employé libre-service h f temporis interim nancy - 54 intérim 11 88 heure contrôler les livraisons afin de garantir la qualité l'étiquetage et la fraîcheur des produits accueillir et conseiller les clients pour voir l offre moins d'une heure,Intérim,Nancy,54,0,19543.0,19543.0,19543.0,hourly
Emploi Distribution,promoteur des ventes en gsb h f,promoteur des ventes en gsb h f optimark toulon - 83 cdd 1 900 - 2 100 mois 9 mois de merchandising et de vente vous êtes doté e de réelles qualités commerciales et relationnelles vous êtes autonome voir l offre moins d'une heure,CDD,1 900,2 100 € / mois,0,22800.0,25200.0,24000.0,monthly
Emploi Distribution,promoteur des ventes en gsb h f,promoteur des ventes en gsb h f optimark arras - 62 cdd 1 900 - 2 100 mois 9 mois vous maîtrisez les techniques de merchandising et de vente vous êtes doté e de réelles qualités commerciales et relationnelles voir l offre moins d'une heure,CDD,1 900,2 100 € / mois,0,22800.0,25200.0,24000.0,monthly
Emploi Distribution,hôte de caisse h f,,,Non précisé,N/A,0,,,,
Emploi Distribution,promoteur des ventes en gsb h f,,,Non précisé,N/A,0,,,,
Emploi Distribution,promoteur des ventes en gsb h f,,,Non précisé,N/A,0,,,,
Emploi Distribution,promoteur des ventes en gsb h f,promoteur des ventes en gsb h f optimark lyon - 69 cdd 1 900 - 2 100 mois 9 mois vous maîtrisez les techniques de merchandising et de vente vous êtes doté e de réelles qualités commerciales et voir l offre moins d'une heure,CDD,1 900,2 100 € / mois,0,22800.0,25200.0,24000.0,monthly
Emploi Distribution,promoteur des ventes en gsb h f,promoteur des ventes en gsb h f optimark montigny-lès-cormeilles - 95 cdd 1 900 - 2 100 mois 9 mois de promoteur des ventes sur les circuits grandes surfaces de bricolage vous disposez de très bonnes connaissances voir l offre moins d'une heure,CDD,1 900,2 100 € / mois,0,22800.0,25200.0,24000.0,monthly
Emploi Distribution,ecailler h f,ecailler h f athena interim montpellier - 34 cdi 14 - 18 heure crustacés - connaissance des règles d'hygiène alimentaire - bonne résistance physique et rapidité d'exécution voir l offre il y a 1 heure,CDI,14,18 € / heure,0,23030.0,29610.0,26320.0,hourly
Emploi Distribution,second de rayon frais fresh h f,second de rayon frais fresh h f fresh draguignan - 83 cdi 2 400 mois nous vous proposons une prime individuelle pouvant atteindre 175 bruts mois chaque heure supplémentaire voir l offre il y a 1 heure,CDI,Draguignan,83,0,28800.0,28800.0,28800.0,monthly
Emploi Distribution,chef de secteur gms h f,chef de secteur gms h f havea la rochelle - 17 cdi 28 000 - 33 500 an le secteur les principaux clients et avez un affecte particulier pour l'univers de la grande distribution alors rejoignez-nous sans plus voir l offre il y a 1 heure,CDI,28 000,33 500 € / an,0,28000.0,33500.0,30750.0,annual
Emploi Distribution,adjoint magasin confirmé h f,adjoint magasin confirmé h f prest'all colmar muhlbach-sur-munster - 68 intérim 2 100 mois 6 mois bl de l'encaissement etc une première expérience sur poste similaire est demandée poste du lundi au vendredi voir l offre il y a 1 heure,Intérim,Muhlbach-sur-Munster,68,0,25200.0,25200.0,25200.0,monthly
Emploi Distribution,employé de magasin libre-service h f,employé de magasin libre-service h f job concept transport et logistique villefranche-sur-saône - 69 cdi 11 88 heure aimez le terrain et le travail en équipe une première expérience en distribution le poste horaires et jours travaillés du lundi au voir l offre il y a 1 heure,CDI,Villefranche-sur-Saône,69,0,19543.0,19543.0,19543.0,hourly
Emploi Distribution,employes libre service h f,employes libre service h f triangle intérim magny-les-hameaux - 78 intérim temps partiel 11 88 - 12 heure 1 des personnes disponibles dynamiques et motivées vous êtes à l'aise avec le contact client une expérience dans la voir l offre il y a 2 heures,Temps partiel,"11,88",12 € / heure,0,19543.0,19740.0,19641.5,hourly
Emploi Distribution,responsable de magasin h f,responsable de magasin h f kaptiv sainte-marie - 974 cdi 25 000 - 30 000 an travail de jour maîtrise des outils de gestion et logiciels de caisse - capacité à assurer la satisfaction client et résoudre les litiges voir l offre il y a 2 heures,CDI,25 000,30 000 € / an,0,25000.0,30000.0,27500.0,annual
Emploi Distribution,responsable zone cms h f,responsable zone cms h f groupe actual saint-just-en-chevalet - 42 intérim 13 - 14 heure travail de jour 1 recherché pour le poste de responsable de zone cms h f doit posséder plusieurs compétences essentielles - formation technique voir l offre il y a 2 heures,Intérim,13,14 € / heure,0,21385.0,23030.0,22207.5,hourly
Emploi Distribution,employé libre-service fruits et légumes h f,employé libre-service fruits et légumes h f sup interim saint-vit - 25 intérim 11 88 heure travail de jour 1 - méthodique dynamique rigoureux vous possédez idéalement une première expérience en mise en rayons - vous êtes aptes au port voir l offre il y a 2 heures,Intérim,Saint-Vit,25,0,19543.0,19543.0,19543.0,hourly
Emploi Distribution,hôte de caisse h f,hôte de caisse h f e leclerc bayonne - 64 cdd temps partiel 3 mois profil recherché vendeur de détail guichet une expérience sur un poste d'encaissement est souhaitée voir l offre il y a 2 heures,Temps partiel,Bayonne,64,0,,,,
Emploi Distribution,employe commercial épicerie - cdi temps plein - bugnicourt 59 h f,employe commercial épicerie - cdi temps plein - bugnicourt 59 h f e leclerc bugnicourt - 59 cdi profil recherché approvisionnements gestion fournisseurs nous recherchons une personne motivée dynamique et faisant preuve de rigueur dans voir l offre il y a 2 heures,CDI,Bugnicourt,59,0,,,,
Emploi Distribution,employe commercial liquides - cdi temps plein - bugnicourt 59 h f,employe commercial liquides - cdi temps plein - bugnicourt 59 h f e leclerc bugnicourt - 59 cdi de gratification sous condition d'ancienneté - 13ème mois sous condition d'ancienneté - avantages cse voir l offre il y a 2 heures,CDI,Bugnicourt,59,0,,,,
Emploi Distribution,employé libre service - employé commercial bazar h f,employé libre service - employé commercial bazar h f e leclerc bayonne - 64 cdd 6 mois profil recherché approvisionnements gestion fournisseurs ponctuel rigoureux méthodique esprit d'équipe une expérience d'au moins voir l offre il y a 2 heures,CDD,Bayonne,64,0,,,,
Emploi Distribution,chef de secteur h f,chef de secteur h f keylink paris 1er - 75 cdi 40 000 - 50 000 an commerce vous justifiez d'une expérience réussie de 2 ans minimum sur une fonction similaire vous êtes reconnu pour vos voir l offre il y a 2 heures,CDI,40 000,50 000 € / an,0,40000.0,50000.0,45000.0,annual
Emploi Distribution,chef de secteur h f,chef de secteur h f keylink toulouse - 31 cdi 40 000 - 50 000 an vous êtes reconnu pour vos qualités de communication et négociation et savez préparer vos tournées afin d'optimiser votre prospection et voir l offre il y a 2 heures,CDI,40 000,50 000 € / an,0,40000.0,50000.0,45000.0,annual
Emploi Distribution,chef,chef - cheffe de rayon fruits et légumes h f temporis interim hambach - 57 intérim rejoignez-nous dès maintenant si cette offre correspond à vos aspirations professionnelles ne perdez pas une minute de plus voir l offre il y a 3 heures,Intérim,Hambach,57,0,,,,
Emploi Distribution,hôte de caisse h f,hôte de caisse h f supplay wittenheim - 68 cdi 11 88 - 12 heure - vous maîtrisez les outils d'encaissement - fiable réactif ve et organisé e vous savez gérer les situations avec calme et professionnalisme voir l offre il y a 6 heures,CDI,"11,88",12 € / heure,0,19543.0,19740.0,19641.5,hourly
Emploi Distribution,employé libre service fruits et légumes h f,employé libre service fruits et légumes h f tikerné rh châteaulin - 29 intérim 12 - 13 heure 3 mois réactif ve ce poste vous correspond n'attendez plus et postulez à l'adresse suivante ou appelez-nous au voir l offre il y a 8 heures,Intérim,12,13 € / heure,0,19740.0,21385.0,20562.5,hourly
Emploi Distribution,responsable caisse - accueil - gms h f,responsable caisse - accueil - gms h f servagroupe laval laval - 53 cdi 2 000 - 2 500 mois vous avez envie de vous investir et d'évoluer au sein d'une équipe de passionnés et qui saura reconnaître votre talent voir l offre il y a 8 heures,CDI,2 000,2 500 € / mois,0,24000.0,30000.0,27000.0,monthly
Emploi Distribution,employé libre service h f,employé libre service h f arobase emploi fleurance - 32 intérim 11 88 heure 1 mois bon sens du service client et une première expérience en grande distribution ou en métiers de bouche seraient un plus voir l offre il y a 8 heures,Intérim,Fleurance,32,0,19543.0,19543.0,19543.0,hourly
Emploi Distribution,hote de caisse h f,hote de caisse h f jubil intérim solliès-pont - 83 intérim 11 88 heure 1 mois sur un poste similaire - véhiculée -disponible en journée et le samedi si besoin -etre polyvalente voir l offre il y a 8 heures,Intérim,Solliès-Pont,83,0,19543.0,19543.0,19543.0,hourly
Emploi Distribution,opticien h f,opticien h f tribay pau - 64 cdi 2 500 - 2 900 mois - excellente présentation et aisance relationnelle vous voyez grand et vous aimez les défis envoyez-nous votre candidature voir l offre il y a 8 heures,CDI,2 500,2 900 € / mois,0,30000.0,34800.0,32400.0,monthly
Emploi Distribution,responsable de caisse h f,responsable de caisse h f mr bricolage strasbourg - 67 cdi 21 622 an grâce à l'accueil et à la sympathie de ton équipe nos clients passeront une belle journée voir l offre il y a 8 heures,CDI,Strasbourg,67,0,21622.0,21622.0,21622.0,annual
Emploi Distribution,responsable magasin h f,responsable magasin h f sup interim thise - 25 intérim 11 88 - 12 heure travail de jour 1 à l'aise en commerce animation approvisionnement et magasinage - rigoureux se et organisé e des qualités essentielles voir l offre il y a 8 heures,Intérim,"11,88",12 € / heure,0,19543.0,19740.0,19641.5,hourly
Emploi Distribution,employé libre service h f,employé libre service h f sensace temporaire valdahon - 25 cdi 11 88 heure première rencontre et votre prise de poste - et surtout un vrai bon match entre vos envies la mission voir l offre il y a 9 heures,CDI,Valdahon,25,0,19543.0,19543.0,19543.0,hourly
Emploi Distribution,adjoint responsable magasin h f,adjoint responsable magasin h f partnaire belfort - 90 cdi 2 500 - 3 300 mois travail de jour management commercial sont reconnues si vous vous reconnaissez contactez nous au ou par mail sur voir l offre il y a 9 heures,CDI,2 500,3 300 € / mois,0,30000.0,39600.0,34800.0,monthly
Emploi Distribution,employé libre service polyvalent h f,employé libre service polyvalent h f sup interim aiserey - 21 intérim 11 88 heure travail de jour 1 préalable dans la vente au détail appréciée savoir-être souriant e bon sens de l'organisationcapacité à travailler voir l offre il y a 9 heures,Intérim,Aiserey,21,0,19543.0,19543.0,19543.0,hourly
Emploi Distribution,employe service client h f,employe service client h f sup interim argentan - 61 intérim 22 000 - 25 000 an travail de jour 1 connaissance - r2000x - stats r2000x - transit - microsoft office - noa - outlook - eliot première voir l offre il y a 9 heures,Intérim,22 000,25 000 € / an,0,22000.0,25000.0,23500.0,annual
Emploi Distribution,employé de rayon fruits et légumes h f,employé de rayon fruits et légumes h f sensace temporaire saint-vit - 25 intérim temps partiel 11 88 heure 1 rue des belles ouvrières 25410 saint-vit avec notre agence vous n'êtes pas qu'un cv - on vous voir l offre il y a 9 heures,Temps partiel,Saint-Vit,25,0,19543.0,19543.0,19543.0,hourly
Emploi Distribution,merchandiser h f,merchandiser h f top selling narbonne - 11 cdd temps partiel 11 88 heure 1 - dynamique sociable - motivé et tenace - aimant le challenge vous pensez avoir le profil idéal voir l offre il y a 9 heures,Temps partiel,Narbonne,11,0,19543.0,19543.0,19543.0,hourly
Emploi Distribution,responsable de secteur h f,responsable de secteur h f aquila rh cessieu - 38 intérim 15 heure 416 jours capacité à gérer les imprévus et à prioriser les tâches profil recherché expérience confirmée voir l offre il y a 9 heures,Intérim,Cessieu,38,0,24675.0,24675.0,24675.0,hourly
Emploi Distribution,employé de rayon h f,employé de rayon h f aquila rh le havre - 76 intérim 12 heure 60 jours vous bénéficiez d'un réel sens du commerce ce poste est ouvert aux personnes en situation de handicap voir l offre il y a 9 heures,Intérim,Le Havre,76,0,19740.0,19740.0,19740.0,hourly
Emploi Distribution,employé de rayon h f,employé de rayon h f lynx rh saint-paul-sur-save - 31 cdi client recherche un employé commercial polyvalent pour son rayon frais produits laitiers charcuterie traiteur etc vos missions voir l offre il y a 9 heures,CDI,Saint-Paul-sur-Save,31,0,,,,
Emploi Distribution,chef de rayon produits frais h f,chef de rayon produits frais h f lynx rh saint-paul-sur-save - 31 cdi que chef de secteur vous serez garant de la performance commerciale de l'organisation opérationnelle et du management de votre périmètre voir l offre il y a 9 heures,CDI,Saint-Paul-sur-Save,31,0,,,,
Emploi Distribution,employé rayon charcuterie traiteur h f,employé rayon charcuterie traiteur h f aquila rh aizenay - 85 intérim 11 88 heure 513 jours de formation cap bep vente vous justifiez d'une expérience sur un poste similaire vous aimez échanger voir l offre il y a 9 heures,Intérim,Aizenay,85,0,19543.0,19543.0,19543.0,hourly
Emploi Distribution,manager de rayon h f,manager de rayon h f randstad plérin - 22 cdi 30 000 - 32 000 an preuve de créativité pour développer activement votre rayon votre orientation client votre capacité à animer une équipe votre organisation voir l offre il y a 9 heures,CDI,30 000,32 000 € / an,0,30000.0,32000.0,31000.0,annual
Emploi Distribution,responsable magasin h f,responsable magasin h f start people cholet - 49 cdi 2 200 mois de personnes en situation de handicap cette mission vous intéresse lancez-vous et postulez dès maintenant notre agence revient voir l offre il y a 9 heures,CDI,Cholet,49,0,26400.0,26400.0,26400.0,monthly
Emploi Distribution,adjoint responsable caisse h f,adjoint responsable caisse h f start people cognac - 16 intérim 11 88 - 12 50 heure 1 mois votre profilvous disposez d'une première expérience réussie en caisse idéalement dans la grande distribution ou le commerce alimentaire une voir l offre il y a 9 heures,Intérim,"11,88","12,50 € / heure",0,19543.0,20562.0,20052.5,hourly
Emploi Distribution,employe de libre service h f,employe de libre service h f start people guerlédan - 22 intérim 11 88 heure 7 jours vous pourrez échanger avec un e chargé e de recrutement afin qu'il valide l'adéquation de votre profil nous vous accueillerons ensuite en voir l offre il y a 9 heures,Intérim,Guerlédan,22,0,19543.0,19543.0,19543.0,hourly
Emploi Distribution,responsable magasin h f,responsable magasin h f start people colmar - 68 cdi 2 000 - 2 300 mois -dynamique -rigoureux -a l'aise avec le relationnel -a l'aise avec le management -organisé -maitrise voir l offre il y a 9 heures,CDI,2 000,2 300 € / mois,0,24000.0,27600.0,25800.0,monthly
Emploi Distribution,hote de caisse h f,hote de caisse h f start people montluçon - 03 intérim 11 88 heure 18 mois de votre profil nous vous accueillerons ensuite en agence pour vous faire passer des tests sécurité et finaliser votre inscription voir l offre il y a 9 heures,Intérim,Montluçon,03,0,19543.0,19543.0,19543.0,hourly
Emploi Distribution,responsable de boutique à la ferme - 77 h f,responsable de boutique à la ferme - 77 h f join us super recruteur lagny-sur-marne - 77 cdi 28 000 - 30 000 an est exigée min 5 ans - tout comme une première expérience de gestion administrative en boutique management d'équipe l'expérience voir l offre il y a 9 heures,CDI,28 000,30 000 € / an,0,28000.0,30000.0,29000.0,annual
Emploi Distribution,adjoint responsable drive h f,adjoint responsable drive h f auchan retail france la seyne-sur-mer - 83 cdi 29 250 - 35 100 an chez auchan nous sommes convaincus que la diversité fait la richesse d'une entreprise nous étudions à compétences égales chaque candidature voir l offre il y a 9 heures,CDI,29 250,35 100 € / an,0,29250.0,35100.0,32175.0,annual
Emploi Distribution,equipier magasin droguerie parfumerief - h h f,equipier magasin droguerie parfumerief - h h f auchan retail france châteauroux - 36 cdi 23 910 - 24 160 an chez auchan nous sommes convaincus que la diversité fait la richesse d'une entreprise nous étudions à compétences égales chaque candidature voir l offre il y a 9 heures,CDI,23 910,24 160 € / an,0,23910.0,24160.0,24035.0,annual
Emploi Distribution,manager de rayons frais ou pgc - zone de vie caen h f,manager de rayons frais ou pgc - zone de vie caen h f auchan retail france caen - 14 cdi 32 000 - 38 000 an nous nous mobilisons au quotidien autour de 4 piliers de responsabilité sociétale et environnementale majeurs offre voir l offre il y a 9 heures,CDI,32 000,38 000 € / an,0,32000.0,38000.0,35000.0,annual
Emploi Distribution,equipier commerce h f,equipier commerce h f auchan retail france louvroil - 59 cdi 23 910 - 24 160 an plus sur nos engagements nous nous mobilisons au quotidien autour de 4 piliers de responsabilité sociétale voir l offre il y a 9 heures,CDI,23 910,24 160 € / an,0,23910.0,24160.0,24035.0,annual
Emploi Distribution,responsable de magasin h f,responsable de magasin h f jacadi saint-genis-laval - 69 cdi 24 180 - 31 200 an d'expériences managériales significatives dans le prêt-à-porter ou la distribution spécialisée vous faites preuve de leadership et voir l offre il y a 9 heures,CDI,24 180,31 200 € / an,0,24180.0,31200.0,27690.0,annual
Emploi Distribution,cdd equipier de commerce h f,cdd equipier de commerce h f auchan retail france crest - 26 cdd 23 712 - 24 661 an 1 mois de handicap - tous égaux tous différents vous voulez en savoir plus sur nos engagements voir l offre il y a 9 heures,CDD,23 712,24 661 € / an,0,23712.0,24661.0,24186.5,annual
Emploi Distribution,equipier de commerce fruits et legumes h f,equipier de commerce fruits et legumes h f auchan retail france bordeaux - 33 cdi 23 910 - 24 160 an piliers de responsabilité sociétale et environnementale majeurs offre responsable environnement solidarité humain rendez-vous sur https www auchan-agit fr voir l offre il y a 9 heu,CDI,23 910,24 160 € / an,0,23910.0,24160.0,24035.0,annual
Emploi Distribution,responsable de magasin - prêt-à-porter h f,responsable de magasin - prêt-à-porter h f talents commerciaux thonon-les-bains - 74 cdi 31 000 - 34 000 an les moyens en oeuvre pour atteindre vos objectifs rémunération fixe variable en déposant votre cv vous acceptez voir l offre il y a 9 heures,CDI,31 000,34 000 € / an,0,31000.0,34000.0,32500.0,annual
Emploi Distribution,directeur de magasin - magasin de sport h f,directeur de magasin - magasin de sport h f skiill recrutement sedan - 08 cdi 2 800 - 3 200 mois notre client une grande enseigne spécialisée dans la distribution directeur de magasin h f sur sedan 08 magasin voir l offre il y a 9 heures,CDI,2 800,3 200 € / mois,0,33600.0,38400.0,36000.0,monthly
Emploi Distribution,manager de rayon frais h f,manager de rayon frais h f groupement mousquetaires bozouls - 12 cdi votre expérience composée d'un salaire fixe prime participation mutuelle 5 semaines de congés payés et 5 de voir l offre il y a 10 heures,CDI,Bozouls,12,0,,,,
Emploi Distribution,hote de caisse h f,hote de caisse h f e leclerc alès - 30 cdd 3 mois détail guichet vous avez une personnalité rigoureuse et motivée par le métier de caisse alors postulez voir l offre il y a 10 heures,CDD,Alès,30,0,,,,
Emploi Distribution,manager de magasin junior h f,manager de magasin junior h f carrefour annœullin - 59 cdi sain plus local plus responsable leader mondial de la distribution digitale tout en créant un environnement de travail inclusif voir l offre il y a 10 heures,CDI,Annœullin,59,0,,,,
Emploi Distribution,intermarché - employé commercial en alternance h f,intermarché - employé commercial en alternance h f groupement mousquetaires issy-les-moulineaux - 92 alternance 486 49 - 1 801 80 mois votre talent grâce à vos qualités relationnelles et commerçant dans l'âme vous savez créer avec vos clients des liens voir l offre il y a 10 heures,Alternance,"486,49","1 801,80 € / mois",0,5838.0,21622.0,13730.0,monthly
Emploi Distribution,employé libre service h f,,,Non précisé,N/A,0,,,,
Emploi Distribution,responsable departement services industriels h f,,,Non précisé,N/A,0,,,,
Emploi Distribution,manager drive h f,manager drive h f carrefour l'isle-adam - 95 cdi omnicanale vous pilotez l'activité drive en assurez l'excellence opérationnelle et la qualité produit pour garantir une expérience client irréprochable votre voir l offre il y a 10 heures,CDI,L'Isle-Adam,95,0,,,,
Emploi Distribution,manager drive h f,manager drive h f carrefour nîmes - 30 cdi de notre stratégie omnicanale vous pilotez l'activité drive en assurez l'excellence opérationnelle et la qualité produit pour garantir une expérience voir l offre il y a 10 heures,CDI,Nîmes,30,0,,,,
Emploi Distribution,manager drive h f,manager drive h f carrefour saint-pierre-des-corps - 37 cdi assurez l'excellence opérationnelle et la qualité produit pour garantir une expérience client irréprochable votre succès se mesure à la croissance voir l offre il y a 10 heures,CDI,Saint-Pierre-des-Corps,37,0,,,,
Emploi Distribution,responsable de magasin h f,responsable de magasin h f cleor nantes - 44 cdi 27 500 - 28 750 an affirmé et excellentes compétences en travail d'équipe - passion pour les bijoux les montres et envie constante d'apprentissage voir l offre il y a 10 heures,CDI,27 500,28 750 € / an,0,27500.0,28750.0,28125.0,annual
Emploi Distribution,independant - inventoriste - merchandiser h f,independant - inventoriste - merchandiser h f groupe les comptoirs du monde alpes-de-haute-provence - 04 indépendant 26 heure et êtes organisé e indispensable - vous disposez obligatoirement d'un statut d'independant ex voir l offre il y a 10 heures,,Alpes-de-Haute-Provence,04,0,42770.0,42770.0,42770.0,hourly
Emploi Distribution,employé de libre-service h f,employé de libre-service h f pro distribution île-de-france cdi 21 621 60 an vous être proposées le poste est basé en île de france a pourvoir immédiatement voir l offre il y a 10 heures,CDI,Non précisé,N/A,0,21622.0,21622.0,21622.0,annual
Emploi Distribution,manager drive h f,manager drive h f carrefour tourcoing - 59 cdi entreprise plan epargne retraite collectif et compte epargne temps - 12 jours rtt an - perspectives d'évolution avec formation voir l offre il y a 10 heures,CDI,Tourcoing,59,0,,,,
Emploi Distribution,manager de rayon épicerie junior h f,manager de rayon épicerie junior h f carrefour école-valentin - 25 cdi sain plus local plus responsable leader mondial de la distribution digitale tout en créant un environnement de travail inclusif voir l offre il y a 10 heures,CDI,École-Valentin,25,0,,,,
Emploi Distribution,chef de rayon produits pgc h f,chef de rayon produits pgc h f changoy conseil super recruteur albertville - 73 cdi 3 000 - 3 200 mois chef de rayons expérimenter dans le domaine de la grande distribution alimentaire voir l offre il y a 10 heures,CDI,3 000,3 200 € / mois,0,36000.0,38400.0,37200.0,monthly
Emploi Distribution,manager drive - cdi - agent de maîtrise experience exigée dans le drive h f,manager drive - cdi - agent de maîtrise experience exigée dans le drive h f u magasins le grau-du-roi - 30 cdi authentique de confiance avec la clientèle - grandir au sein d'un magasin dont vous êtes fier voir l offre il y a 10 heures,CDI,Le Grau-du-Roi,30,0,,,,
Emploi Distribution,responsable adjoint de magasin h f,responsable adjoint de magasin h f action france bourg-en-bresse - 01 cdi temps partiel chez action ce n'est pas comme ailleurs tu verras avec plus de 50 d'évolution en interne nous te proposons voir l offre il y a 10 heures,Temps partiel,Bourg-en-Bresse,01,0,,,,
Emploi Distribution,adjoint responsable de magasin h f,adjoint responsable de magasin h f screwfix super recruteur metz - 57 cdi 30 766 an managériales - ta maîtrise des outils informatiques - ta maîtrise de l'anglais - ton leadership et ton voir l offre il y a 10 heures,CDI,Metz,57,0,30766.0,30766.0,30766.0,annual
Emploi Distribution,employé commercial - alternance h f,employé commercial - alternance h f mon campus normandie alternance 580 - 1 802 mois 12 mois - ta motivation ton sens du contact et ton envie d'apprendre - une personne fiable curieuse proactive qui aime voir l offre il y a 10 heures,Alternance,580,1 802 € / mois,0,6960.0,21624.0,14292.0,monthly
Emploi Distribution,vendeur - caissier h f,vendeur - caissier h f brico dépôt odos - 65 cdi si vous vous reconnaissez dans cette offre n'hésitez pas à postuler - vous serez contacté e voir l offre il y a 10 heures,CDI,Odos,65,0,,,,
Emploi Distribution,hôte de caisse en contrat etudiant h f,hôte de caisse en contrat etudiant h f groupement mousquetaires bonchamp-lès-laval - 53 cdi temps partiel 21 621 60 an dynamique et enthousiaste vous avez un réel sens du contact client et grâce à vos qualités relationnelles vous savez créer voir l offre il y a 10 heures,Temps partiel,Bonchamp-lès-Laval,53,0,21622.0,21622.0,21622.0,annual
Emploi Distribution,chef de secteur frais h f,chef de secteur frais h f e leclerc mâcon - 71 cdi et profil recherché - formation bac 2 3 en commerce distribution agroalimentaire ou expérience équivalente - expérience réussie voir l offre il y a 10 heures,CDI,Mâcon,71,0,,,,
Emploi Distribution,directeur de magasin junior h f,directeur de magasin junior h f carrefour reims - 51 cdi d'équipe et le sens du service client dans le domaine de la distribution - vous êtes diplômé d'unbac 5 et ou vous avez une de 3 voir l offre il y a 10 heures,CDI,Reims,51,0,,,,
Emploi Distribution,equipier polyvalent 35h h f,equipier polyvalent 35h h f lidl saint-louis - 68 cdi 1 932 mois missions en tant qu'equipier polyvalent en cdi 35h tu contribues à une expérience d'achat satisfaisante voir l offre il y a 10 heures,CDI,Saint-Louis,68,0,23184.0,23184.0,23184.0,monthly
Emploi Distribution,responsable de magasin,,,Non précisé,N/A,0,,,,
Emploi Distribution,responsable adjoint de magasin h f,responsable adjoint de magasin h f action france pierre-bénite - 69 cdi temps partiel 25 392 an une prime cout de la vie pour les magasins éligibles - des avantages sociaux tels que - voir l offre il y a 10 heures,Temps partiel,Pierre-Bénite,69,0,25392.0,25392.0,25392.0,annual
Emploi Distribution,responsable adjoint de magasin h f,responsable adjoint de magasin h f action france saint-priest - 69 cdi temps partiel 25 392 an y compris certains dimanches et jours fériés - tu possèdes un esprit pragmatique entreprenant et tu sais gérer des coûts voir l offre il y a 10 heures,Temps partiel,Saint-Priest,69,0,25392.0,25392.0,25392.0,annual
Emploi Distribution,responsable de magasin eram h f,responsable de magasin eram h f eram magasin grenoble - 38 cdi 2 300 - 2 400 mois vous avez l'âme d'un manager et l'avez exprimée au travers de votre expérience de responsable d'adjoint voire en votre voir l offre il y a 10 heures,CDI,2 300,2 400 € / mois,0,27600.0,28800.0,28200.0,monthly
Emploi Distribution,apprentissage - employé libre-service alimentaire h f,apprentissage - employé libre-service alimentaire h f cfa ifcdis pau - 64 alternance 486 49 - 1 801 80 mois 12 mois pour nous ce qui compte c'est que tu puisses t'épanouir tous les jours dans ton magasin et pour ça il voir l offre il y a 10 heures,Alternance,"486,49","1 801,80 € / mois",0,5838.0,21622.0,13730.0,monthly
Emploi Distribution,directeur de magasin - toulouse purpan et portet garonne h f,directeur de magasin - toulouse purpan et portet garonne h f armand thiery toulouse - 31 cdi outils de gestion commerciale vous justifiez d'une expérience réussie de la vente et du management d'équipe idéalement dans le secteur voir l offre il y a 10 heures,CDI,Toulouse,31,0,,,,
Emploi Distribution,adjoint cheffe caisse h f,adjoint cheffe caisse h f groupement mousquetaires emmerin - 59 cdi expérience de management d'équipe en contact avec le client en tant que responsable ou adjoint est requise pour le poste voir l offre il y a 10 heures,CDI,Emmerin,59,0,,,,
Emploi Distribution,employé commercial - assistant manager au drive - alternance h - fcil - lens h f,employé commercial - assistant manager au drive - alternance h - fcil - lens h f cil - lens flers-en-escrebieux - 59 alternance 21 621 60 an 1 an réactivité et organisation esprit d'équipe et sens du service client voir l offre il y a 10 heures,Alternance,Flers-en-Escrebieux,59,0,21622.0,21622.0,21622.0,annual
Emploi Distribution,directeur ice de magasin - echirolles h f,directeur ice de magasin - echirolles h f armand thiery échirolles - 38 cdd 6 mois de ses métiers n'hésitez plus postulez ce poste est à pourvoir en cdd pour un contrat de 6 mois voir l offre il y a 10 heures,CDD,Échirolles,38,0,,,,
Emploi Distribution,directeur ice de magasin - lomme h f,directeur ice de magasin - lomme h f armand thiery lille - 59 cdi prêt-à-porter si vous souhaitez rejoindre un groupe familial pragmatique et agile au savoir faire reconnu qui place la transmission au voir l offre il y a 10 heures,CDI,Lille,59,0,,,,
Emploi Distribution,employé libre-service h f,employé libre-service h f work 2000 narbonne montbazens - 12 intérim 11 88 heure 6 mois mail envoyez-nous votre cv et rejoignez une équipe dynamique prête à relever tous les défis voir l offre il y a 10 heures,Intérim,Montbazens,12,0,19543.0,19543.0,19543.0,hourly
Emploi Distribution,directeur de magasin h f,directeur de magasin h f e leclerc mâcon - 71 cdi possédez des qualités de gestionnaire de leadership de prise de responsabilités et de communication vous êtes rigoureux motivé et faites voir l offre il y a 10 heures,CDI,Mâcon,71,0,,,,
Emploi Distribution,chargé de merchandising en stage h f,chargé de merchandising en stage h f win sport school vannes vannes - 56 stage - passionné e par le sport tu sais ce que signifie l'engagement sur le terrain et en dehors - étudiant e voir l offre il y a 10 heures,Stage,Vannes,56,0,,,,
Emploi Distribution,hôte de caisse h f,hôte de caisse h f u magasins pontarlier - 25 cdi pour un commerce local responsable et de qualité dont vous pouvez être fier chez nous chaque collaborateur voir l offre il y a 10 heures,CDI,Pontarlier,25,0,,,,
Emploi Distribution,promoteur des ventes gms h f,promoteur des ventes gms h f dmf chambéry - 73 cdd 1 900 - 2 050 mois 3 mois vous justifiez d'une première expérience en tant que promoteur ou merchandiseur expert dans le secteur de la grande distribution et voir l offre il y a 10 heures,CDD,1 900,2 050 € / mois,0,22800.0,24600.0,23700.0,monthly
Emploi Distribution,chef de rayon pâtisserie h f,chef de rayon pâtisserie h f e leclerc schiltigheim - 67 cdi du service client et votre capacité à communiquer sont de véritables atouts pour interagir avec la clientèle du leclerc schiltigheim voir l offre il y a 10 heures,CDI,Schiltigheim,67,0,,,,
Emploi Distribution,hôte de caisse et d'accueil h f,hôte de caisse et d'accueil h f intersport avignon - 84 cdi expérience similaire idéalement acquise au sein d'une enseigne de distribution où le client est une priorité si cette formidable voir l offre il y a 10 heures,CDI,Avignon,84,0,,,,
Emploi Distribution,employé libre service h f,employé libre service h f u magasins roissy-en-brie - 77 cdi dynamisme rapidité et capacité à travailler efficacement en équipe - flexibilité horaire variables du lundi au dimanche voir l offre il y a 10 heures,CDI,Roissy-en-Brie,77,0,,,,
Emploi Distribution,responsable libre-service h f,responsable libre-service h f groupe samse super recruteur aubagne - 13 cdi 25 000 an est de la région paca du groupe samse spécialisé dans la distribution de matériaux et produits destinés à l'habitat et aux travaux voir l offre il y a 10 heures,CDI,Aubagne,13,0,25000.0,25000.0,25000.0,annual
Emploi Distribution,manager drive h f,manager drive h f carrefour école-valentin - 25 cdi à la culture client garantir la collaboration communiquer quotidiennement avec les chefs de rayon et le voir l offre il y a 10 heures,CDI,École-Valentin,25,0,,,,
Emploi Distribution,hote de caisse h f,hote de caisse h f e leclerc gonesse - 95 cdi temps partiel présentation sens de l'écoute patience - disponibilité vous êtes disponible pour travailler en horaires décalés y compris le voir l offre il y a 10 heures,Temps partiel,Gonesse,95,0,,,,
Emploi Distribution,equipier polyvalent etudiant h f,equipier polyvalent etudiant h f lidl saint-aignan - 41 cdi rejoindre lidl nous reconnaissons le travail et l'investissement de chacun en te proposant voir l offre il y a 10 heures,CDI,Saint-Aignan,41,0,,,,
Emploi Distribution,hôte de caisse h f,hôte de caisse h f job link bordeaux - 33 intérim 11 98 heure êtes souriant rigoureux et avez le sens du service client vous avez un bon esprit d'équipe et voir l offre il y a 10 heures,Intérim,Bordeaux,33,0,19707.0,19707.0,19707.0,hourly
Emploi Distribution,manager de rayonzone marché h f,manager de rayonzone marché h f carrefour toulouse - 31 cdi à 3 ans minimum en management dans le domaine de la distribution qui vous apporte un sens de l'organisation élevé ainsi qu'une prise voir l offre il y a 10 heures,CDI,Toulouse,31,0,,,,
Emploi Distribution,manager drive h f,manager drive h f carrefour saint-brice-sous-forêt - 95 cdi le respect strict des procédures de contrôle qualité dlc aspect et de la chaîne du froid voir l offre il y a 10 heures,CDI,Saint-Brice-sous-Forêt,95,0,,,,
Emploi Distribution,responsable de magasin h f,responsable de magasin h f kiko annemasse - 74 cdd 2 400 - 2 600 mois 5 mois performance - tu es exemplaire organisé e proactif ve et doté e d'un excellent sens du service - tu es passionné e voir l offre il y a 10 heures,CDD,2 400,2 600 € / mois,0,28800.0,31200.0,30000.0,monthly
Emploi Distribution,employé de libre-service h f,employé de libre-service h f eureka istres - 13 intérim 1 mois - sens de l'organisation et attention aux détails - capacité à travailler en équipe et bonnes compétences en communication voir l offre il y a 10 heures,Intérim,Istres,13,0,,,,
Emploi Distribution,alternance - employé libre-service h f,alternance - employé libre-service h f retravailler dans l'ouest beaufort-en-anjou - 49 alternance 486 49 - 1 801 80 mois 11 mois ton profil tu es lycéen étudiants et ou demandeurs d'emploi à l'écoute et bien organisé e voir l offre il y a 10 heures,Alternance,"486,49","1 801,80 € / mois",0,5838.0,21622.0,13730.0,monthly
Emploi Distribution,adjoint directeur de supermarché h f,adjoint directeur de supermarché h f supermarchés match maubeuge - 59 cdi plan epargne retraite collectif et compte epargne temps - 15 jours rtt an chez supermarché match nous voir l offre il y a 10 heures,CDI,Maubeuge,59,0,,,,
Emploi Distribution,caissier - vendeur h f,caissier - vendeur h f brico dépôt lattes - 34 cdi temps partiel équipes brico dépôt et vous suivrez un parcours d'intégration adapté afin de vous sentir bien chez nous dès votre arrivée voir l offre il y a 10 heures,Temps partiel,Lattes,34,0,,,,
Emploi Distribution,hôte de caisse h f,hôte de caisse h f artus interim fort-de-france - 972 intérim 11 88 heure les clients - renseigner et orienter les clients - rangements des produits - connaissance des techniques d'encaissement - sens de voir l offre il y a 10 heures,Intérim,Fort-de-France,972,0,19543.0,19543.0,19543.0,hourly
Emploi Distribution,adjoint directeur de supermarché h f,adjoint directeur de supermarché h f carrefour maubeuge - 59 cdi vous co-définissez une offre en phase avec votre clientèle et leurs habitudes de consommation vous participez à l'animation commerciale de voir l offre il y a 10 heures,CDI,Maubeuge,59,0,,,,
Emploi Distribution,manager adjoint - bts mco h f,manager adjoint - bts mco h f esic île-de-france alternance 21 621 60 an télétravail occasionnel 1 vous soyez en reconversion tout juste sorti du lycée ou déjà expérimenté nos parcours et nos entreprises partenaires s'adaptent à voir l offre il y a 10 heures,Alternance,Non précisé,N/A,1,21622.0,21622.0,21622.0,annual
Emploi Distribution,opticien h f,opticien h f vyv3 sas optique et audition ecouter voir annemasse - 74 cdi - titulaire du bts opticien-lunetier - esprit d'équipe et bon relationnel dans le cadre de notre politique handicap voir l offre il y a 10 heures,CDI,Annemasse,74,0,,,,
Emploi Distribution,directeur magasin h f,directeur magasin h f lhh recruitment solutions laxou - 54 cdi 40 000 - 50 000 an d'équipe l'innovation et la satisfaction client vos principales missions seront - définir et mettre en oeuvre voir l offre il y a 10 heures,CDI,40 000,50 000 € / an,0,40000.0,50000.0,45000.0,annual
Emploi Distribution,responsable rayon bazar h f,responsable rayon bazar h f e leclerc figeac - 46 cdi 35 keur intéressement participation prime de bilan individuelle statut agent de maitrise voir l offre il y a 10 heures,CDI,Figeac,46,0,,,,
Emploi Distribution,equipier de commerce et caisses h f,equipier de commerce et caisses h f auchan retail france forcalquier - 04 cdi temps partiel 24 088 - 24 450 an nous sommes auchan retail france une entreprise de distribution de clients chaque année ce que nous voulons voir l offre il y a 10 heures,Temps partiel,24 088,24 450 € / an,0,24088.0,24450.0,24269.0,annual
Emploi Distribution,responsable adjoint caisse h f,responsable adjoint caisse h f e leclerc gonesse - 95 cdi expérience réussie en management d'équipe dans le secteur de la distribution idéalement sur un poste similaire - compétences du voir l offre il y a 10 heures,CDI,Gonesse,95,0,,,,
Emploi Distribution,hôte de caisse et d'accueil h f,hôte de caisse et d'accueil h f intersport lieusaint - 77 cdi 1 337 40 mois expérience similaire idéalement acquise au sein d'une enseigne de distribution où le client est une priorité si cette formidable voir l offre il y a 10 heures,CDI,Lieusaint,77,0,16049.0,16049.0,16049.0,monthly
Emploi Distribution,adjoint responsable boucherie cdi h f,adjoint responsable boucherie cdi h f e leclerc le neubourg - 27 cdi être en mesure de respecter les normes d'hygiène et de sécurité alimentaire vous devez également être capable de gérer les voir l offre il y a 10 heures,CDI,Le Neubourg,27,0,,,,
Emploi Distribution,responsable poissonnerie h f,responsable poissonnerie h f engp conseil berd'huis - 61 cdi 32 500 - 39 000 an pourquoi rejoindre ce magasin - envie de challenge développement du rayon du chiffre d'affaires et voir l offre il y a 10 heures,CDI,32 500,39 000 € / an,0,32500.0,39000.0,35750.0,annual
Emploi Distribution,opticien h f,opticien h f vyv3 sas optique et audition ecouter voir annecy - 74 cdi politique handicap sasoa vyv3 s'engage pour l'intégration des personnes en situation de handicap nos postes sont ouverts à tous voir l offre il y a 10 heures,CDI,Annecy,74,0,,,,
Emploi Distribution,hôte de caisse h f,hôte de caisse h f nocibé hyères - 83 cdd 1 mois rattaché au groupe international douglas et spécialisé en distribution de parfumerie sélective nocibe représente un réseau de plus voir l offre il y a 10 heures,CDD,Hyères,83,0,,,,
Emploi Distribution,equipier magasin equipe transverse h f,equipier magasin equipe transverse h f auchan retail france grasse - 06 cdi 23 910 - 24 160 an nous sommes auchan retail france une entreprise de distribution de clients chaque année ce que nous voulons voir l offre il y a 10 heures,CDI,23 910,24 160 € / an,0,23910.0,24160.0,24035.0,annual
Emploi Distribution,employé polyvalent alternance h f,employé polyvalent alternance h f groupe alternance marseille marseille - 13 alternance 774 - 1 801 mois 24 mois et assurer son entretien - effectuer les encaissements et gérer les flux de la caisse - participer à voir l offre il y a 10 heures,Alternance,774,1 801 € / mois,0,9288.0,21612.0,15450.0,monthly
Emploi Distribution,manager de rayon non alimentaire h f,manager de rayon non alimentaire h f carrefour coquelles - 62 cdi sain plus local plus responsable leader mondial de la distribution digitale tout en créant un environnement de travail inclusif voir l offre il y a 10 heures,CDI,Coquelles,62,0,,,,
Emploi Distribution,employé libre service h f,employé libre service h f u magasins couilly-pont-aux-dames - 77 cdi - dynamisme rapidité et capacité à travailler efficacement en équipe - flexibilité horaire variables du lundi au voir l offre il y a 10 heures,CDI,Couilly-Pont-aux-Dames,77,0,,,,
Emploi Distribution,employe libre service h f,employe libre service h f stokomani ruaudin - 72 cdi des travailleurs handicapés devenez ambassadeur stokomani il n'y a pas que nos produits qui bénéficient de promotions voir l offre il y a 10 heures,CDI,Ruaudin,72,0,,,,
Emploi Distribution,equipier magasin au frais industriel h f,equipier magasin au frais industriel h f auchan retail france isère - 38 cdi 24 089 an étudions à compétences égales chaque candidature et toutes nos offres peuvent faire l'objet d'aménagements spécifiques en cas de handicap - voir l offre il y a 10 heures,CDI,Isère,38,0,24089.0,24089.0,24089.0,annual
Emploi Distribution,equipier commerce boulangerie h f,equipier commerce boulangerie h f auchan retail france semécourt - 57 cdi 23 910 - 24 160 an chez auchan nous sommes convaincus que la diversité fait la richesse d'une entreprise nous étudions à compétences égales chaque candidature voir l offre il y a 10 heures,CDI,23 910,24 160 € / an,0,23910.0,24160.0,24035.0,annual
Emploi Distribution,hôte de caisse h f,hôte de caisse h f e leclerc templeuve-en-pévèle - 59 cdd temps partiel 1 mois agréable une bonne adaptabilité et le sens du travail en équipe sont nécessaires pour réussir dans ce poste de contact voir l offre il y a 10 heures,Temps partiel,Templeuve-en-Pévèle,59,0,,,,
Emploi Distribution,employé polyvalent commercial h f,employé polyvalent commercial h f e leclerc blain - 44 cdi n'hésitez pas à nous adresser votre candidature dès maintenant dans votre centre e leclerc de blain tout voir l offre il y a 10 heures,CDI,Blain,44,0,,,,
Emploi Distribution,equipier de commerce h f,equipier de commerce h f auchan retail france montrouge - 92 cdi 23 850 - 23 870 an nous sommes auchan retail france une entreprise de distribution de clients chaque année ce que nous voulons voir l offre il y a 10 heures,CDI,23 850,23 870 € / an,0,23850.0,23870.0,23860.0,annual
Emploi Distribution,equipier polyvalent 35h h f,equipier polyvalent 35h h f lidl gap - 05 cdi 2 000 mois - tu as le goût du challenge et de la performance si tu as répondu voir l offre il y a 10 heures,CDI,Gap,05,0,24000.0,24000.0,24000.0,monthly
Emploi Distribution,employé commercial h f,employé commercial h f u magasins pontarlier - 25 cdi cette offre vous ressemble et correspond aux défis que vous vous êtes fixés n'hésitez plus adresser voir l offre il y a 10 heures,CDI,Pontarlier,25,0,,,,
Emploi Distribution,coordinateur caisse accueil 35h h f,coordinateur caisse accueil 35h h f lidl châteauneuf-les-martigues - 13 cdi 2 181 mois es un véritable ambassadeur de la satisfaction client en étant garant de la gestion de la ligne des caisses et voir l offre il y a 10 heures,CDI,Châteauneuf-les-Martigues,13,0,26172.0,26172.0,26172.0,monthly
Emploi Distribution,equipier polyvalent etudiant h f,equipier polyvalent etudiant h f lidl saint-jean-de-maurienne - 73 cdi samedi missions en tant qu'equipier polyvalent etudiant tu contribues à une expérience d'achat voir l offre il y a 10 heures,CDI,Saint-Jean-de-Maurienne,73,0,,,,
Emploi Distribution,employé commercial libre-service h f,employé commercial libre-service h f u magasins lavardac - 47 cdi sein du magasin - autorisations d'absences pour événements familiaux vous vous reconnaissez et vous voir l offre il y a 10 heures,CDI,Lavardac,47,0,,,,
Emploi Distribution,directeur de supermarché h f,directeur de supermarché h f jean-françois philippe cabinet de recrutement grande distribution isère - 38 cdi 4 500 - 4 800 mois votre expérience de la distribution reste indispensable votre passion voir l offre il y a 10 heures,CDI,4 500,4 800 € / mois,0,54000.0,57600.0,55800.0,monthly
Emploi Distribution,responsable de secteur h f,responsable de secteur h f onet propreté et services reims - 51 cdi de directeur d'agence de commerce de be permis b indispensable onet est engagée depuis de nombreuses années en voir l offre il y a 10 heures,CDI,Reims,51,0,,,,
Emploi Distribution,employé commercial balme de sillingy cdi h f,employé commercial balme de sillingy cdi h f e leclerc annecy - 74 cdi plusieurs personnes vous avez le goût du travail en groupe et êtes disponible voir l offre il y a 10 heures,CDI,Annecy,74,0,,,,
Emploi Distribution,promoteur des ventes gms h f,promoteur des ventes gms h f dmf landerneau - 29 cdd 1 900 - 2 050 mois 3 mois dans un univers nécessitant de déplacer des charges lourdes boisson eaux lessives vous êtes voir l offre il y a 10 heures,CDD,1 900,2 050 € / mois,0,22800.0,24600.0,23700.0,monthly
Emploi Distribution,responsable magasin h f,responsable magasin h f districenter saint-ouen-l'aumône - 95 cdi 2 339 mois - vous disposez d'une première expérience managériale dans la distribution spécialisée - vous êtes reconnu pour votre leadership - voir l offre il y a 10 heures,CDI,Saint-Ouen-l'Aumône,95,0,28068.0,28068.0,28068.0,monthly
Emploi Distribution,employé commercial en alternance h f,employé commercial en alternance h f formavenir et recrutement marles-les-mines - 62 alternance 486 49 - 1 801 80 mois 12 mois vos atouts sont - polyvalent e - ponctuel le - voir l offre il y a 10 heures,Alternance,"486,49","1 801,80 € / mois",0,5838.0,21622.0,13730.0,monthly
Emploi Distribution,chef d'équipe drive h f,chef d'équipe drive h f e leclerc wattrelos - 59 cdi d'euros hors carburant en 2023 et est le leader de la distribution française avec une part de marché de 23 5 employeurs engagés voir l offre il y a 10 heures,CDI,Wattrelos,59,0,,,,
Emploi Distribution,responsable boucherie h f,responsable boucherie h f randstad lure - 70 cdi 23 000 - 26 000 an consultant e s vous contactera pour vérifier vos compétences et vos objectifs de carrière si votre candidature est acceptée nous vous fournirons voir l offre il y a 10 heures,CDI,23 000,26 000 € / an,0,23000.0,26000.0,24500.0,annual
Emploi Distribution,equipier polyvalent etudiant h f,equipier polyvalent etudiant h f lidl bourg-saint-maurice - 73 cdi le samedi missions en tant qu'equipier polyvalent etudiant tu contribues à une expérience voir l offre il y a 10 heures,CDI,Bourg-Saint-Maurice,73,0,,,,
Emploi Distribution,responsable adjoint h f,responsable adjoint h f nocibé metz - 57 cdd - metz rattaché au groupe international douglas et spécialisé en distribution de parfumerie sélective nocibe représente un réseau de voir l offre il y a 10 heures,CDD,Metz,57,0,,,,
Emploi Distribution,hôte de caisse et d'accueil h f,hôte de caisse et d'accueil h f intersport dechy - 59 cdd 5 mois expérience similaire idéalement acquise au sein d'une enseigne de distribution où le client est une priorité si cette formidable voir l offre il y a 10 heures,CDD,Dechy,59,0,,,,
Emploi Distribution,equipier magasin h f,equipier magasin h f cabinet de recrutement de travailleurs handicapés cholet - 49 cdi à première expérience dans la grande distribution et ou la distribution spécialisée polyvalent e et dynamique vous avez le sens du voir l offre il y a 10 heures,CDI,Cholet,49,0,,,,
Emploi Distribution,manager drive h f,manager drive h f carrefour sevran - 93 cdi mesure à la croissance de ca la productivité du picking et à la satisfaction client vos missions voir l offre il y a 10 heures,CDI,Sevran,93,0,,,,
Emploi Distribution,employé polyvalent alternance h f,employé polyvalent alternance h f groupe alternance aix-en-provence marignane - 13 alternance 774 - 1 801 mois 24 mois l'alternance et certifiée qualiopi vous propose une opportunité en alternance pour préparer un bts management commercial opérationnel mco voir l offre il y a 10 heur,Alternance,774,1 801 € / mois,0,9288.0,21612.0,15450.0,monthly
Emploi Distribution,responsable textile h f,responsable textile h f e leclerc mâcon - 71 cdi profil recherché autres métiers encadrement et généralistes le la candidat e idéal e pour ce poste de responsable textile voir l offre il y a 10 heures,CDI,Mâcon,71,0,,,,
Emploi Distribution,merchandiseur els h f,merchandiseur els h f districom marmande - 47 cdd 12 heure vous êtes autonome et dynamique vous n'aimez pas la routine et vous souhaitez maîtriser votre emploi du temps voir l offre il y a 10 heures,CDD,Marmande,47,0,19740.0,19740.0,19740.0,hourly
Emploi Distribution,vendeur - caissier h f,vendeur - caissier h f brico dépôt tournon - 73 cdi simples - un parcours de formation adapté pour accompagner votre réussite - des opportunités d'évolution et voir l offre il y a 10 heures,CDI,Tournon,73,0,,,,
Emploi Distribution,manager drive h f,manager drive h f carrefour marzy - 58 cdi suivre activement les indicateurs clés ca productivité taux de rupture conformité et établir des plans d'action immédiats voir l offre il y a 10 heures,CDI,Marzy,58,0,,,,
Emploi Distribution,personne de caisse caissier h f,personne de caisse caissier h f eureka istres - 13 intérim 1 mois - caisse informatisée - caisse enregistreuse - flexibilité pour travailler selon des horaires variés incluant les weekends voir l offre il y a 10 heures,Intérim,Istres,13,0,,,,
Emploi Distribution,manager drive junior h f,manager drive junior h f carrefour aix-en-provence - 13 cdi dans les décisions du quotidien ce que nous vous proposons rémunération sur 13 voir l offre il y a 10 heures,CDI,Aix-en-Provence,13,0,,,,
Emploi Distribution,opticien diplomé cdi h f,opticien diplomé cdi h f viou lunettier brest - 29 cdi -sens esthétique et goût pour les lunettes de créateurs designers -excellent relationnel rigueur sens du détail voir l offre il y a 10 heures,CDI,Brest,29,0,,,,
Emploi Distribution,chef de secteur h f,chef de secteur h f salesfactory clermont-ferrand - 63 cdi 25 000 - 30 000 an capacité relationnelle capacité à convaincre exigence de résultats analyse rigueur voir l offre il y a 10 heures,CDI,25 000,30 000 € / an,0,25000.0,30000.0,27500.0,annual
Emploi Distribution,employé polyvalent en alternance h f,,,Non précisé,N/A,0,,,,
Emploi Distribution,responsable des rayons liquides h f,,,Non précisé,N/A,0,,,,
Emploi Distribution,adjoint chef de rayon alternance h f,adjoint chef de rayon alternance h f e leclerc saint-astier - 24 alternance 486 49 - 1 801 80 mois 24 mois client et travailler en équipe avoir le goût du commerce est un préalable pour le reste nous vous accompagnerons voir l offre il y a 10 heures,Alternance,"486,49","1 801,80 € / mois",0,5838.0,21622.0,13730.0,monthly
Emploi Distribution,equipier polyvalent 30h cdd h f,equipier polyvalent 30h cdd h f lidl charmes - 88 cdd 1 656 mois tu aimes travailler en équipe pour progresser ensemble - tu es organisé e et tu sais prioriser tes actions voir l offre il y a 10 heures,CDD,Charmes,88,0,19872.0,19872.0,19872.0,monthly
Emploi Distribution,employé polyvalent alternance h f,employé polyvalent alternance h f groupe alternance aix-en-provence aix-en-provence - 13 alternance 774 - 1 801 mois 24 mois présentation et bon relationnel client - sens du service et de l'organisation - dynamisme esprit d'équipe et polyvalence voir l offre il y a 10 heures,Alternance,774,1 801 € / mois,0,9288.0,21612.0,15450.0,monthly
Emploi Distribution,employe commercial - libre service h f,employe commercial - libre service h f e leclerc raon-l'étape - 88 cdi autonome polyvalent et organisé dynamique vous aimez le travail en équipe et avez le goût du commerce voir l offre il y a 10 heures,CDI,Raon-l'Étape,88,0,,,,
Emploi Distribution,preparateur de commande drive h f,preparateur de commande drive h f e leclerc digoin - 71 cdi produits commandés à l'aide de la scannette et assurez leur distribution lors de la livraison assemblage des différents éléments de voir l offre il y a 10 heures,CDI,Digoin,71,0,,,,
Emploi Distribution,manager de rayon - mayotte h f,manager de rayon - mayotte h f carrefour mamoudzou - 976 cdi ensemble rejoignez-nous nous recherchons pour notre périmètre de distribution rattaché au manager de département votre mission est voir l offre il y a 10 heures,CDI,Mamoudzou,976,0,,,,
Emploi Distribution,chef de département alimentaire - hf - le lamentin - martinique h f,chef de département alimentaire - hf - le lamentin - martinique h f carrefour le lamentin - 972 cdi pôle structuré autour de la distribution automobile de la location de la distribution de pneumatiques et de pièces voir l offre il y a 10 heures,CDI,Le Lamentin,972,0,,,,
Emploi Distribution,employe polyvalent en alternance h f,employe polyvalent en alternance h f groupe alternance aix-en-provence aix-en-provence - 13 alternance 763 - 1 774 mois 24 mois diplôme minimum obligatoire baccalauréat recherche contrat en alternance voir l offre il y a 10 heures,Alternance,763,1 774 € / mois,0,9156.0,21288.0,15222.0,monthly
Emploi Distribution,equipier polyvalent 35h h f,equipier polyvalent 35h h f lidl saint-martin-de-queyrières - 05 cdi 2 000 mois de 3 ans et au-delà - une prime de participation et ou d'intéressement en fonction des résultats de l'entreprise voir l offre il y a 10 heures,CDI,Saint-Martin-de-Queyrières,05,0,24000.0,24000.0,24000.0,monthly
Emploi Distribution,employé polyvalent de nuit - paris h f,employé polyvalent de nuit - paris h f big fernand super recruteur paris - 75 cdi 1 801 80 mois alors tu es déjà un e fernand e qui s'ignore et nous avons hâte de te le faire découvrir voir l offre il y a 10 heures,CDI,Paris,75,0,21622.0,21622.0,21622.0,monthly
Emploi Distribution,promoteur des ventes gms h f,promoteur des ventes gms h f dmf castanet-tolosan - 31 cdd 1 900 - 2 050 mois 3 mois tire-palette et avez une bonne connaissance de la gms vous êtes basé idéalement à toulouse couverture de 2 voir l offre il y a 10 heures,CDD,1 900,2 050 € / mois,0,22800.0,24600.0,23700.0,monthly
Emploi Distribution,manager de rayon boucherie h f,manager de rayon boucherie h f carrefour bouzonville - 57 cdi rayon boucherie idéalement acquise dans le milieu de la distribution alimentaire vous avez une parfaite connaissance de la chaine à voir l offre il y a 10 heures,CDI,Bouzonville,57,0,,,,
Emploi Distribution,chef de secteur en alternance h f,chef de secteur en alternance h f ipac bachelor factory laval laval - 53 alternance 1 801 80 mois 12 mois lors des campagnes d'animation - réaliser ponctuellement des animations distributions de coupons sur l'heure du déjeuner - faire le voir l offre il y a 10 heures,Alternance,Laval,53,0,21622.0,21622.0,21622.0,monthly
Emploi Distribution,stage - modélisation de la position d'équilibre d'assemblages de carters turbomoteurs d'hélicoptères h f,stage - modélisation de la position d'équilibre d'assemblages de carters turbomoteurs d'hélicoptères h f safran bordes - 64 stage 6 mois mécanique mécanique des solides dimensionnement statique en mathématiques appliquées et en programmation python 3 12 sera privilégié - des connaissances,Stage,Bordes,64,0,,,,
Emploi Distribution,apprentissage - employé libre-service alimentaire h f,apprentissage - employé libre-service alimentaire h f cfa ifcdis la rochelle - 17 alternance 486 49 - 1 801 89 mois 12 mois tous les jours dans ton magasin et pour ça il faut que tu sois dynamique souriant accueillant et que tu voir l offre il y a 10 heures,Alternance,"486,49","1 801,89 € / mois",0,5838.0,21623.0,13730.5,monthly
Emploi Distribution,equipier polyvalent 35h h f,equipier polyvalent 35h h f lidl corbeil-essonnes - 91 cdi 2 000 mois fonctionnement du supermarché le poste nécessite d'être disponible le samedi et certains dimanches missions voir l offre il y a 10 heures,CDI,Corbeil-Essonnes,91,0,24000.0,24000.0,24000.0,monthly
Emploi Distribution,responsable de magasin h f,responsable de magasin h f gamm vert - groupe oxyane lozanne - 69 cdi univers stimulant au coeur du végétal - de vraies perspectives d'évolution dans un groupe qui valorise ses talents voir l offre il y a 10 heures,CDI,Lozanne,69,0,,,,
Emploi Distribution,contrat de professionnalisation - employé libre-service h f,contrat de professionnalisation - employé libre-service h f cfa ifcdis merville - 31 alternance 1 040 54 - 1 891 89 mois 6 mois souhait de te former alors prépare tes arguments pour convaincre nos équipes admission et avoir la chance d'intégrer nos formations voir l offre il y a 10 heures,Alternance,"1 040,54","1 891,89 € / mois",0,12486.0,22703.0,17594.5,monthly
Emploi Distribution,responsable de rayon - guadeloupe h f,responsable de rayon - guadeloupe h f talented international baie-mahault - 971 cdi 38 000 - 45 000 an profil recherché - vous êtes titulaire d'un bac 2 3 et avez une expérience significative dans la voir l offre il y a 10 heures,CDI,38 000,45 000 € / an,0,38000.0,45000.0,41500.0,annual
Emploi Distribution,apprentissage - employé libre-service alimentaire h f,apprentissage - employé libre-service alimentaire h f cfa ifcdis moissac - 82 alternance 486 49 - 1 801 80 mois 12 mois pour nous ce qui compte c'est que tu puisses t'épanouir tous les jours dans ton magasin et pour ça il voir l offre il y a 10 heures,Alternance,"486,49","1 801,80 € / mois",0,5838.0,21622.0,13730.0,monthly
Emploi Distribution,fileteur h f,fileteur h f arhémis cherbourg cherbourg-en-cotentin - 50 intérim 4 mois an d'expérience sur le poste de fileteur - vous êtes dynamique et le rythme de travail soutenu ne vous voir l offre il y a 10 heures,Intérim,Cherbourg-en-Cotentin,50,0,,,,
Emploi Distribution,chef de département rayons marée trads ls département 69 nord h f,chef de département rayons marée trads ls département 69 nord h f jean-françois philippe cabinet de recrutement grande distribution rhône - 69 cdi 2 400 - 2 600 mois et efficace dans la gestion des rayons expérience exigée 4 8 ans réussie sur le voir l offre il y a 10 heures,CDI,2 400,2 600 € / mois,0,28800.0,31200.0,30000.0,monthly
Emploi Distribution,employe commercial mise en rayon h f,employe commercial mise en rayon h f e leclerc chalon-sur-saône - 71 cdi profil recherché approvisionnements gestion fournisseurs dynamique autonome et réactif ve vous saurez démontrer votre professionnalisme par votre rigueur voir l offre il y a 10 heures,CDI,Chalon-sur-Saône,71,0,,,,
Emploi Distribution,coordinateur caisse accueil 35h h f,coordinateur caisse accueil 35h h f lidl albertville - 73 cdi 2 181 mois profil que tu aies de l'expérience dans le commerce ou non nous recherchons avant tout voir l offre il y a 10 heures,CDI,Albertville,73,0,26172.0,26172.0,26172.0,monthly
Emploi Distribution,alternance - employé libre-service drive h f,alternance - employé libre-service drive h f retravailler dans l'ouest durtal - 49 alternance 486 49 - 1 801 80 mois 11 mois tu es lycéen étudiants et ou demandeurs d'emploi à l'écoute et bien organisé e de voir l offre il y a 10 heures,Alternance,"486,49","1 801,80 € / mois",0,5838.0,21622.0,13730.0,monthly
Emploi Distribution,employé service traiteur h f,employé service traiteur h f e leclerc rivery - 80 cdd 1 mois rigoureux méthodique vous avez l'esprit d'initiative et le sens du commerce et de la relation client rejoignez-nous voir l offre il y a 10 heures,CDD,Rivery,80,0,,,,
Emploi Distribution,equipier de commerce secteur frais - liquide h f,equipier de commerce secteur frais - liquide h f auchan retail france cournon-d'auvergne - 63 cdi 23 850 - 23 870 an 4 piliers de responsabilité sociétale et environnementale majeurs offre responsable environnement solidarité humain rendez-vous sur voir l offre il y a 10 heures,CDI,23 850,23 870 € / an,0,23850.0,23870.0,23860.0,annual
Emploi Distribution,responsable de rayon charcuterie h f,responsable de rayon charcuterie h f e leclerc strasbourg - 67 cdi de manière autonome tout en collaborant efficacement avec les autres services une formation en commerce gestion ou dans un domaine voir l offre il y a 10 heures,CDI,Strasbourg,67,0,,,,
Emploi Distribution,directeur ice de magasin femme - compiègne h f,directeur ice de magasin femme - compiègne h f armand thiery compiègne - 60 cdi passionné e par la mode vous maîtrisez les outils de gestion commerciale vous justifiez d'une expérience réussie de la vente et voir l offre il y a 10 heures,CDI,Compiègne,60,0,,,,
Emploi Distribution,responsable rayon textile chaussures h f,responsable rayon textile chaussures h f e leclerc villers-cotterêts - 02 cdi vous avez une expérience significative et réussie dans la distribution grande ou spécialisée et les capacités à manager une équipe voir l offre il y a 10 heures,CDI,Villers-Cotterêts,02,0,,,,
Emploi Distribution,manager alimentaire h f,manager alimentaire h f carrefour nord - 59 cdi sain plus local plus responsable leader mondial de la distribution digitale tout en créant un environnement de travail inclusif voir l offre il y a 10 heures,CDI,Nord,59,0,,,,
Emploi Distribution,alternance - employé commercial en grande distribution h f,alternance - employé commercial en grande distribution h f groupe alternance niort parthenay - 79 alternance 486 49 - 1 801 80 mois 12 mois - être organisé et sérieux - vous êtes polyvalent et flexible voir l offre il y a 10 heures,Alternance,"486,49","1 801,80 € / mois",0,5838.0,21622.0,13730.0,monthly
Emploi Distribution,equipier polyvalent etudiant h f,equipier polyvalent etudiant h f lidl pontorson - 50 cdi produits - garantir la qualité et la fraîcheur des produits - participer à la production des produits du voir l offre il y a 10 heures,CDI,Pontorson,50,0,,,,
Emploi Distribution,adjoint responsable produits frais h f,adjoint responsable produits frais h f e leclerc étampes - 91 cdi métiers encadrement et généralistes de formation bac à bac 2 commerciale gestion vous êtes fort de plusieurs voir l offre il y a 10 heures,CDI,Étampes,91,0,,,,
Emploi Distribution,equipier polyvalent 30h h f,equipier polyvalent 30h h f lidl aixe-sur-vienne - 87 cdd 3 ans et au-delà - une prime de participation et ou d'intéressement en fonction des résultats de l'entreprise - voir l offre il y a 10 heures,CDD,Aixe-sur-Vienne,87,0,,,,
Emploi Distribution,caissier - vendeur h f,caissier - vendeur h f brico dépôt pavie - 32 cdd temps partiel - vous veillerez à la qualité des encaissements et au respect des procédures - vous gérerez voir l offre il y a 10 heures,Temps partiel,Pavie,32,0,,,,
Emploi Distribution,manager drive h f,manager drive h f carrefour athis-mons - 91 cdi et ajuster les parcours de collecte les outils de préparation et les ressources humaines pour maximiser l'efficacité et la vitesse voir l offre il y a 10 heures,CDI,Athis-Mons,91,0,,,,
Emploi Distribution,chef de secteur,chef de secteur - cdi h f hozelock exel clermont-ferrand - 63 cdi télétravail partiel les métiers de la vente et du commerce sur le terrain et de la distribution ou bac 3 avec 2 ans minimum d'expérience en qualité de voir l offre il y a 10 heures,,Non précisé,N/A,1,,,,
Emploi Distribution,adjoint directeur de magasin h f,adjoint directeur de magasin h f nextgen rh super recruteur compiègne - 60 cdi 26 000 - 32 800 an long du processus de recrutement à travers une approche fondamentalement humaine un seul interlocuteur tout au long voir l offre il y a 10 heures,CDI,26 000,32 800 € / an,0,26000.0,32800.0,29400.0,annual
Emploi Distribution,equipier commerce boutique du frais h f,equipier commerce boutique du frais h f auchan retail france vineuil - 41 cdi 22 775 - 22 776 an nous sommes auchan retail france une entreprise de distribution de clients chaque année ce que nous voulons voir l offre il y a 10 heures,CDI,22 775,22 776 € / an,0,22775.0,22776.0,22775.5,annual
Emploi Distribution,gerant de magasin dans l'herault 34 h f,gerant de magasin dans l'herault 34 h f carrefour proximité super recruteur hérault - 34 franchise 25 000 - 28 000 an et à votre clientèle - vous avez une expérience réussie en distribution pour votre compte - vous rêvez d'entreprendre mais votre voir l offre il y a 10 heures,,25 000,28 000 € / an,0,25000.0,28000.0,26500.0,annual
Emploi Distribution,hôte de caisse - accueil expert h f,hôte de caisse - accueil expert h f brico dépôt beaucouzé - 49 cdi proposés à nos clients carte brico dépôt location de véhicules solution de paiement tout en respectant le concept commercial brico dépôt voir l offre il y a 10 heures,CDI,Beaucouzé,49,0,,,,
Emploi Distribution,alternant directeur rice de supermarché h f,alternant directeur rice de supermarché h f digital school of paris île-de-france alternance 2 ans d'une délivrant un bac 5 idéalement en commerce management ou distribution - dynamique vous avez le sens des responsabilités et voir l offre il y a 10 heures,Alternance,Non précisé,N/A,0,,,,
Emploi Distribution,employé libre service h f,employé libre service h f randstad vire normandie - 14 cdi 21 000 an vous devez être titulaire d'un bac et avoir au moins 3 années d'expérience une première expérience sur un poste similaire voir l offre il y a 10 heures,CDI,Vire Normandie,14,0,21000.0,21000.0,21000.0,annual
Emploi Distribution,equipier de commerce temps partiel h f,equipier de commerce temps partiel h f auchan retail france paris - 75 cdi 23 850 - 23 870 an nous sommes auchan retail france une entreprise de distribution de clients chaque année ce que nous voulons voir l offre il y a 10 heures,CDI,23 850,23 870 € / an,0,23850.0,23870.0,23860.0,annual
Emploi Distribution,merchandiseur els h f,merchandiseur els h f districom saint-jean-de-luz - 64 cdd 12 heure pour réussir votre mission ce qui nous rend unique c'est vous alors rejoignez nous voir l offre il y a 10 heures,CDD,Saint-Jean-de-Luz,64,0,19740.0,19740.0,19740.0,hourly
Emploi Distribution,employé polyvalent alternance h f,employé polyvalent alternance h f groupe alternance marseille cabriès - 13 alternance 774 - 1 801 mois 24 mois en juillet 2025 pour être prêt e à la rentrée de septembre et une véritable opportunité d'embauche après l'alternance 80 voir l offre il y a 10 heures,Alternance,774,1 801 € / mois,0,9288.0,21612.0,15450.0,monthly
Emploi Distribution,responsable de magasin h f,responsable de magasin h f boulangerie louise nœux-les-mines - 62 cdi 2 200 mois centre de profit dans le milieu du commerce ou de la restauration traditionnelle ou rapide 2 ans d'expérience souhaitée voir l offre il y a 10 heures,CDI,Nœux-les-Mines,62,0,26400.0,26400.0,26400.0,monthly
Emploi Distribution,employé libre service h f,employé libre service h f stokomani orange - 84 cdd appréciant le travail d'équipe notre entreprise s'engage en faveur de la diversité culturelle l'égalité femmes-hommes et l'emploi des travailleurs voir l offre il y a 10 heures,CDD,Orange,84,0,,,,
Emploi Distribution,adjoint manager de supermarché - parcours certifiant h f,adjoint manager de supermarché - parcours certifiant h f lidl toulouse - 31 cdi 32 942 an dans le domaine du commerce du management ou de la distribution rejoindre lidl nous reconnaissons le travail et l'investissement de voir l offre il y a 10 heures,CDI,Toulouse,31,0,32942.0,32942.0,32942.0,annual
Emploi Distribution,manager de rayon boulangerie pâtisserie h f,manager de rayon boulangerie pâtisserie h f u magasins hambach - 57 cdi du magasin - autorisations d'absences pour événements familiaux vous vous reconnaissez et voir l offre il y a 10 heures,CDI,Hambach,57,0,,,,
Emploi Distribution,employé qualifié libre service n2 boucherie h f,employé qualifié libre service n2 boucherie h f auchan retail france la trinité - 06 cdi 23 910 - 24 160 an nous sommes auchan retail france une entreprise de distribution de clients chaque année ce que nous voulons voir l offre il y a 10 heures,CDI,23 910,24 160 € / an,0,23910.0,24160.0,24035.0,annual
Emploi Distribution,directeur ice de magasin - varennes sur seine h f,directeur ice de magasin - varennes sur seine h f armand thiery varennes-sur-seine - 77 cdi pragmatique et agile au savoir faire reconnu qui place la transmission au coeur de ses métiers n'hésitez plus postulez voir l offre il y a 10 heures,CDI,Varennes-sur-Seine,77,0,,,,
Emploi Distribution,hôte de caisse - accueil h f,hôte de caisse - accueil h f truffaut plaisir - 78 cdi issu d'une formation en comptabilité gestion vous avez idéalement une première expérience professionnelle à un poste similaire vous êtes voir l offre il y a 10 heures,CDI,Plaisir,78,0,,,,
Emploi Distribution,responsable de secteur h f,responsable de secteur h f kuribay ambert - 63 cdi dans le domaine de la banque assurance vous avez par ailleurs une expérience d'au moins 2 ans comme voir l offre il y a 10 heures,CDI,Ambert,63,0,,,,
Emploi Distribution,employe libre service - e leclerc montaigu vendee 85 h f,employe libre service - e leclerc montaigu vendee 85 h f e leclerc montaigu-vendée - 85 cdi profil recherché approvisionnements gestion fournisseurs - une première expérience est un plus mais les débutants sont les voir l offre il y a 10 heures,CDI,Montaigu-Vendée,85,0,,,,
Emploi Distribution,responsable magasin ou magasinier confirmé h f,responsable magasin ou magasinier confirmé h f randstad chaumont - 52 cdi 30 000 - 31 000 an responsabilité d'un magasinier vous êtes à l'aise avec l'outil informatique sage ou équivalent excel anglais appréciée vous êtes autonome voir l offre il y a 10 heures,CDI,30 000,31 000 € / an,0,30000.0,31000.0,30500.0,annual
Emploi Distribution,manager de rayon boucherie h f,manager de rayon boucherie h f supermarchés match bouzonville - 57 cdi rayon boucherie idéalement acquise dans le milieu de la distribution alimentaire vous avez une parfaite connaissance de la chaine voir l offre il y a 10 heures,CDI,Bouzonville,57,0,,,,
Emploi Distribution,manager drive h f,manager drive h f carrefour la ville-du-bois - 91 cdi piloter les flux superviser la gestion des commandes de la préparation au retrait livraison pour garantir la fiabilité voir l offre il y a 10 heures,CDI,La Ville-du-Bois,91,0,,,,
Emploi Distribution,manager drive h f,manager drive h f carrefour drancy - 93 cdi e-commerce de la zone assurerla meilleure proposition de substitution possible en cas d'indisponibilité voir l offre il y a 10 heures,CDI,Drancy,93,0,,,,
Emploi Distribution,manager drive h f,manager drive h f carrefour quimper - 29 cdi flux superviser la gestion des commandes de la préparation au retrait livraison pour garantir la fiabilité et le respect des délais voir l offre il y a 10 heures,CDI,Quimper,29,0,,,,
Emploi Distribution,responsable adjoint en alternance h f,responsable adjoint en alternance h f groupe alternance toulon toulon - 83 alternance 24 mois d'embauche après l'alternance 80 de nos étudiants décrochent un cdi ou un cdd les conditions d'admission titulaire voir l offre il y a 10 heures,Alternance,Toulon,83,0,,,,
Emploi Distribution,employé polyvalent alternance h f,employé polyvalent alternance h f groupe alternance aix-en-provence cabriès - 13 alternance 774 - 1 801 mois 24 mois un cdd ne ratez pas cette opportunité postulez dès maintenant et boostez votre carrière en alternance voir l offre il y a 10 heures,Alternance,774,1 801 € / mois,0,9288.0,21612.0,15450.0,monthly
Emploi Distribution,adjoint responsable de magasin h f,adjoint responsable de magasin h f olivier mery super recruteur paris 13e - 75 cdi 26 000 - 27 000 an votre passion du commerce et votre leadership au service d'une belle enseigne alors écrivons ensemble la prochaine étape de votre voir l offre il y a 10 heures,CDI,26 000,27 000 € / an,0,26000.0,27000.0,26500.0,annual
Emploi Distribution,responsable de secteur paris 11 ième h f,responsable de secteur paris 11 ième h f onela super recruteur paris 11e - 75 cdi 2 000 mois fragile et dépendant personnes âgées personnes en situation de handicap vous maîtrisez idéalement le secteur médico-social voir l offre il y a 10 heures,CDI,Paris 11e,75,0,24000.0,24000.0,24000.0,monthly
Emploi Distribution,chef de rayon aménagement h f,chef de rayon aménagement h f castorama chambourcy - 78 cdi à 4 avec une expérience indispensable dans le secteur de la distribution en magasin tu bénéficies d'avantages tels que la mutuelle voir l offre il y a 10 heures,CDI,Chambourcy,78,0,,,,
Emploi Distribution,responsable de secteur paris 16 h f,responsable de secteur paris 16 h f onela super recruteur paris 16e - 75 cdi 2 000 mois titulaire d'un diplôme de niveau bac 2 minimum bts sp3s bts esf services à la personne management commercial ressources humaines voir l offre il y a 10 heures,CDI,Paris 16e,75,0,24000.0,24000.0,24000.0,monthly
Emploi Distribution,alternance employé polyvalent et commercial - voiron h f,alternance employé polyvalent et commercial - voiron h f iscod voiron - 38 alternance 486 49 - 1 801 80 mois clients - participer à la bonne tenue du restaurant profil vous êtes voir l offre il y a 10 heures,Alternance,"486,49","1 801,80 € / mois",0,5838.0,21622.0,13730.0,monthly
Emploi Distribution,alternance employé polyvalent et commercial - genay h f,alternance employé polyvalent et commercial - genay h f iscod genay - 69 alternance 486 49 - 1 801 80 mois vous assurez les missions suivantes - préparer et servir dans les règles - assurer un voir l offre il y a 10 heures,Alternance,"486,49","1 801,80 € / mois",0,5838.0,21622.0,13730.0,monthly
Emploi Distribution,alternance employé polyvalent et commercial - riorges h f,alternance employé polyvalent et commercial - riorges h f iscod riorges - 42 alternance 486 49 - 1 801 80 mois par l'etat de niveau 5 à niveau 7 bac 2 bachelor bac 3 ou mastère bac 5 choisissez l'alternance nouvelle génération voir l offre il y a 10 heures,Alternance,"486,49","1 801,80 € / mois",0,5838.0,21622.0,13730.0,monthly
Emploi Distribution,responsable de secteur la garenne colombes h f,responsable de secteur la garenne colombes h f onela super recruteur la garenne-colombes - 92 cdd 2 000 mois vous avez le sens des responsabilités des priorités et du service notamment auprès d'un public fragile et dépendant personnes âgées voir l offre il y a 10 heures,CDD,La Garenne-Colombes,92,0,24000.0,24000.0,24000.0,monthly
Emploi Distribution,alternance employé polyvalent et commercial - saint-égrève h f,alternance employé polyvalent et commercial - saint-égrève h f iscod saint-égrève - 38 alternance 486 49 - 1 801 80 mois pour son entreprise partenaire une société spécialisée dans la restauration rapide un employé polyvalent et commercial polyvalent en contrat d'apprentissage voir l o,Alternance,"486,49","1 801,80 € / mois",0,5838.0,21622.0,13730.0,monthly
Emploi Distribution,responsable de zone h f,responsable de zone h f calypso rh super recruteur colmar - 68 cdi 3 500 - 4 000 mois télétravail occasionnel votre profil - formation et expérience de formation bac 2 à bac 5 minimum vous voir l offre il y a 10 heures,CDI,3 500,4 000 € / mois,1,42000.0,48000.0,45000.0,monthly
Emploi Distribution,hôte de caisse - employé polyvalent h f,hôte de caisse - employé polyvalent h f u magasins uzerche - 19 cdd temps partiel 3 mois vous qui êtes - toujours souriant avec une bonne humeur qui fait voir l offre il y a 10 heures,Temps partiel,Uzerche,19,0,,,,
Emploi Distribution,employe commercial cdi h f,employe commercial cdi h f groupement mousquetaires cadaujac - 33 cdi 21 621 60 an vous avez envie de vous investir et d'évoluer au sein d'une équipe de passionnés et qui saura reconnaître votre talent voir l offre il y a 12 heures,CDI,Cadaujac,33,0,21622.0,21622.0,21622.0,annual
Emploi Distribution,employe commercial - temps partiel h f,employe commercial - temps partiel h f groupement mousquetaires toulouse - 31 cdi temps partiel vivez votre passion et engagez-vous à nos côtés au sein d'une équipe humaine et conviviale voir l offre il y a 12 heures,Temps partiel,Toulouse,31,0,,,,
Emploi Distribution,employé de rayon boucherie - volaille h f,employé de rayon boucherie - volaille h f monoprix - magasins dijon - 21 cdd temps partiel 3 mois pour satisfaire une clientèle exigeante autonome organisé e et flexible vous êtes à l'aise avec les chiffres vos capacités d'analyse et voir l offre il y a 13 heures,Temps partiel,Dijon,21,0,,,,
Emploi Distribution,employé de rayon parapharmacie h f,employé de rayon parapharmacie h f monoprix - magasins dijon - 21 cdd temps partiel 3 mois pour satisfaire une clientèle exigeante et développer le chiffre d'affaires de votre secteur vous disposez d'une voir l offre il y a 13 heures,Temps partiel,Dijon,21,0,,,,
Emploi Distribution,employé de caisse accueil h f,employé de caisse accueil h f monoprix - magasins cannes - 06 cdd temps partiel 1 mois seront des atouts pour votre mission 100 souriant e et positif ve postulez voir l offre il y a 13 heures,Temps partiel,Cannes,06,0,,,,
Emploi Distribution,employé de caisse accueil h f,employé de caisse accueil h f monoprix - magasins cannes - 06 cdd temps partiel 1 mois vous êtes enthousiaste flexible autonome et organisé e votre sens de l'analyse et votre esprit d'équipe seront des atouts pour votre voir l offre il y a 13 heures,Temps partiel,Cannes,06,0,,,,
Emploi Distribution,employé de rayon boucherie - volaille h f,employé de rayon boucherie - volaille h f monoprix - magasins dijon - 21 cdd 3 mois vous avez de l'expérience et vous avez développé votre sens du service vous avez les qualités relationnelles essentielles pour satisfaire voir l offre il y a 13 heures,CDD,Dijon,21,0,,,,
Emploi Distribution,employé de rayon boucherie - volaille h f,employé de rayon boucherie - volaille h f monoprix - magasins auxerre - 89 cdd temps partiel 1 mois vous avez développé votre sens du service vous avez les qualités relationnelles essentielles pour satisfaire une clientèle exigeante autonome organisé e voir l offre il y a 13 heures,Temps partiel,Auxerre,89,0,,,,
Emploi Distribution,employé de rayons crèmerie et surgelés h f,employé de rayons crèmerie et surgelés h f monoprix - magasins dijon - 21 cdd temps partiel 3 mois la manutention vous avez le sens du service et vos qualités relationnelles savent satisfaire une clientèle exigeante vous êtes autonome voir l offre il y a 13 heures,Temps partiel,Dijon,21,0,,,,
Emploi Distribution,employé de rayon épicerie - entretien h f,employé de rayon épicerie - entretien h f monoprix - magasins dijon - 21 cdd temps partiel 3 mois clientèle exigeante vous êtes autonome organisé e motivé e par les projets novateurs vous avez une bonne maîtrise des calculs vos voir l offre il y a 13 heures,Temps partiel,Dijon,21,0,,,,
Emploi Distribution,responsable rayon épicerie h f,responsable rayon épicerie h f e leclerc normanville - 27 cdi 3 mois d'ancienneté sur exercice comptable mais aussi - une mutuelle avec 50 voir l offre il y a 13 heures,CDI,Normanville,27,0,,,,
Emploi Distribution,responsable bvp h f,responsable bvp h f e leclerc normanville - 27 cdi le sens du commerce et des responsabilités de bonnes qualités relationnelles et un esprit d'équipe lui permettent d'appréhender le voir l offre il y a 13 heures,CDI,Normanville,27,0,,,,
Emploi Distribution,employé de caisse accueil h f,employé de caisse accueil h f monoprix - magasins marseille 1er - 13 cdd 1 mois seront des atouts pour votre mission 100 souriant e et positif ve postulez voir l offre il y a 13 heures,CDD,Marseille 1er,13,0,,,,
Emploi Distribution,preparateur rice de commandes drive h f,preparateur rice de commandes drive h f e leclerc lux - 71 cdi produits commandés à l'aide de la scannette et assurez leur distribution lors de la livraison assemblage des différents éléments de voir l offre il y a 13 heures,CDI,Lux,71,0,,,,
Emploi Distribution,employé de caisse accueil h f,employé de caisse accueil h f monoprix - magasins auxerre - 89 cdd temps partiel 1 mois et votre esprit d'équipe seront des atouts pour votre mission 100 souriant e voir l offre il y a 13 heures,Temps partiel,Auxerre,89,0,,,,
Emploi Distribution,préparateur de commandes - drive h f,préparateur de commandes - drive h f e leclerc ploudalmézeau - 29 cdi produits commandés à l'aide de la scannette - assurer la distribution des commandes lors de la livraison assemblage des différents voir l offre il y a 13 heures,CDI,Ploudalmézeau,29,0,,,,
Emploi Distribution,opticien diplômé h f,opticien diplômé h f alain afflelou venette - 60 cdi n'attendez plus et rejoignez la grande famille afflelou votre talent fera la différence voir l offre il y a 13 heures,CDI,Venette,60,0,,,,
Emploi Distribution,employé de caisse accueil h f,employé de caisse accueil h f monoprix - magasins auxerre - 89 cdd temps partiel 1 mois esprit d'équipe seront des atouts pour votre mission 100 souriant e et positif ve voir l offre il y a 13 heures,Temps partiel,Auxerre,89,0,,,,
Emploi Distribution,employé de rayon textile h f,employé de rayon textile h f monoprix - magasins dijon - 21 cdd temps partiel 3 mois première expérience réussie dans le textile ou la mise en rayon créatif ve et rigoureux se rejoignez-nous voir l offre il y a 13 heures,Temps partiel,Dijon,21,0,,,,
Emploi Distribution,hôte de caisse h f,hôte de caisse h f artus interim châtellerault - 86 intérim 11 88 - 12 heure expérience 1 ans d'expériences voir l offre il y a 14 heures,Intérim,"11,88",12 € / heure,0,19543.0,19740.0,19641.5,hourly
Emploi Distribution,employé de libre-service h f,employé de libre-service h f gifi réseau beynost - 01 cdd 21 621 60 an 2 mois capacité à travailler en équipe - connaissance des techniques de vente - maîtrise des voir l offre il y a 14 heures,CDD,Beynost,01,0,21622.0,21622.0,21622.0,annual
Emploi Distribution,employe commercial emploi saisonnier periode estivale 2026 h f,employe commercial emploi saisonnier periode estivale 2026 h f groupement mousquetaires bozouls - 12 cdd ou sans formation avec ou sans expérience vous aimez faire plaisir et valoriser des produits qui vous tiennent à coeur voir l offre il y a 14 heures,CDD,Bozouls,12,0,,,,
Emploi Distribution,- hôte de caisse h f,- hôte de caisse h f groupement mousquetaires auzances - 23 cdi temps partiel chez intermarché l'audace et l'envie d'entreprendre sont un véritable état d'esprit vous avez envie de vous investir et d'évoluer au voir l offre il y a 14 heures,Temps partiel,Auzances,23,0,,,,
Emploi Comptabilité,responsable comptabilité et finance h f,responsable comptabilité et finance h f fonction support nantes - 44 cdi 40 000 - 50 000 an - bac 5 en comptabilité raf responsable comptable comptable voir l offre moins d'une heure,CDI,40 000,50 000 € / an,0,40000.0,50000.0,45000.0,annual
Emploi Comptabilité,manager expertise comptable h f,manager expertise comptable h f exco france cdi 45 000 - 55 000 an télétravail partiel vous avez au minimum 5 à 7 ans d'expérience dans la comptabilité et 1 année d'expérience en tant que manager expertise comptable en voir l offre moins d'une heure,CDI,45 000,55 000 € / an,1,45000.0,55000.0,50000.0,annual
Emploi Comptabilité,comptable général confirmé h f,comptable général confirmé h f comptalents paris - 75 cdi 40 000 - 45 000 an télétravail partiel 14 58 mois cadre - rtt tr télétravail possible transport métro 11 - voir l offre moins d'une heure,CDI,40 000,45 000 € / an,1,40000.0,45000.0,42500.0,annual
Emploi Comptabilité,collaborateur comptable confirmé - évry 91 h f,collaborateur comptable confirmé - évry 91 h f odas conseil évry-courcouronnes - 91 cdi 35 000 - 42 000 an télétravail partiel et vous - vous êtes diplômé e d'une formation en comptabilité - vous justifiez de 2 à 4 périodes fiscales complètes voir l offre moins d'une heure,CDI,35 000,42 000 € / an,1,35000.0,42000.0,38500.0,annual
Emploi Comptabilité,collaborateur comptable confirmé h f,collaborateur comptable confirmé h f club comptable super recruteur mandelieu-la-napoule - 06 cdi 35 000 - 42 500 an et vous issu d'une formation en comptabilité comptable réussie vous êtes organisé e polyvalent e rigoureux se voir l offre moins d'une heure,CDI,35 000,42 500 € / an,0,35000.0,42500.0,38750.0,annual
Emploi Comptabilité,expert-comptable salarié - association possible - puteaux 92 h f,expert-comptable salarié - association possible - puteaux 92 h f odas conseil puteaux - 92 cdi 48 000 - 55 000 an télétravail partiel une vision long terme et une perspective d'association réelle pourquoi rejoindre ce cabinet voir l offre moins d'une heure,CDI,48 000,55 000 € / an,1,48000.0,55000.0,51500.0,annual
Emploi Comptabilité,chef de mission expertise comptable - expert-comptable stagiaire - mémorialiste - saint-gaudens 31 h f,chef de mission expertise comptable - expert-comptable stagiaire - mémorialiste - saint-gaudens 31 h f odas conseil saint-gaudens - 31 cdi 46 000 - 50 000 an télétravail partiel avantages - mutuelle 100 prise en charge - tickets restaurant - plan voir l offre moins d'une heure,CDI,46 000,50 000 € / an,1,46000.0,50000.0,48000.0,annual
Emploi Comptabilité,chef de mission expertise comptable - toulouse montaudran 31 h f,chef de mission expertise comptable - toulouse montaudran 31 h f odas conseil toulouse - 31 cdi 48 000 - 52 000 an télétravail partiel et vous - diplômé e d'une formation en comptabilité 5 ans en cabinet d'expertise comptable - maîtrise voir l offre moins d'une heure,CDI,48 000,52 000 € / an,1,48000.0,52000.0,50000.0,annual
Emploi Comptabilité,collaborateur comptable confirmé - balma 31 h f,collaborateur comptable confirmé - balma 31 h f odas conseil pin-balma - 31 cdi 35 000 - 38 000 an télétravail partiel et vous - diplômé e d'une formation en comptabilité minimum 3 ans en cabinet d'expertise comptable - voir l offre moins d'une heure,CDI,35 000,38 000 € / an,1,35000.0,38000.0,36500.0,annual
Emploi Comptabilité,chef de mission expertise comptable - le chesnay 78 h f,chef de mission expertise comptable - le chesnay 78 h f odas conseil le chesnay-rocquencourt - 78 cdi 55 000 - 65 000 an télétravail partiel structuré e et organisé e vous appréciez les environnements exigeants et les dossiers complexes pourquoi rejoindre ce cabinet voir l offre moi,CDI,55 000,65 000 € / an,1,55000.0,65000.0,60000.0,annual
Emploi Comptabilité,comptable fournisseurs h f,comptable fournisseurs h f elma recrutement paris - 75 cdi 35 000 - 45 000 an télétravail occasionnel - formation supérieure en comptabilité - expérience confirmée au voir l offre moins d'une heure,CDI,35 000,45 000 € / an,1,35000.0,45000.0,40000.0,annual
Emploi Comptabilité,comptable gestion locative h f,comptable gestion locative h f credit agricole immobilier toulouse - 31 cdd 26 000 - 32 000 an télétravail partiel 1 - vous avez une formation en comptabilité - une première expérience sur un voir l offre moins d'une heure,CDD,26 000,32 000 € / an,1,26000.0,32000.0,29000.0,annual
Emploi Comptabilité,comptable fournisseurs h f,comptable fournisseurs h f valexane super recruteur valence - 26 cdi 27 000 - 31 000 an option finance-comptabilité vous disposez d'une première expérience en comptabilité vous maîtrisez les fondamentaux du cycle ainsi à voir l offre moins d'une heure,CDI,27 000,31 000 € / an,0,27000.0,31000.0,29000.0,annual
Emploi Comptabilité,chargé de gestion comptable - budgétaire et affaires générales h f,chargé de gestion comptable - budgétaire et affaires générales h f voies navigables de france lyon 7e - 69 cdd curieux se le travail en équipe et le sens du contact sont une seconde nature chez vous alors rejoignez-nous voir l offre moins d'une heure,CDD,Lyon 7e,69,0,,,,
Emploi Comptabilité,comptable h f,comptable h f neodif bouguenais - 44 cdi 29 000 - 30 000 an 2 de type bts dut dans la comptabilité - maîtriser les outils numériques et informatiques voir l offre moins d'une heure,CDI,29 000,30 000 € / an,0,29000.0,30000.0,29500.0,annual
Emploi Comptabilité,comptable général confirmé h f,comptable général confirmé h f meogroup boulogne-billancourt - 92 cdi 48 000 - 60 000 an télétravail occasionnel as une formation en comptabilité ou finance dcg dscg master cca ou équivalent la comptabilité générale n'a plus voir l offre moins d'une heure,CDI,48 000,60 000 € / an,1,48000.0,60000.0,54000.0,annual
Emploi Comptabilité,manager comptable h f,manager comptable h f fab group orléans - 45 cdi 40 000 - 45 000 an télétravail occasionnel rémunération 40 à 45 k selon profil statut cadre au forfait jours voir l offre moins d'une heure,CDI,40 000,45 000 € / an,1,40000.0,45000.0,42500.0,annual
Emploi Comptabilité,comptable confirmé h f,comptable confirmé h f aecd marignane - 13 cdd 6 mois de la préparation du bilan comptable - maîtrise d'un logiciel de comptabilité quadratus minimum 5 ans d'expérience et des outils - voir l offre moins d'une heure,CDD,Marignane,13,0,,,,
Emploi Comptabilité,comptable h f,comptable h f l'industrie recrute béziers - 34 cdi utilise diverses technologies telles que des logiciels de comptabilité cloud pour optimiser leurs processus limiter les erreurs aux voir l offre moins d'une heure,CDI,Béziers,34,0,,,,
Emploi Comptabilité,référent comptable sap et reporting groupe h f,référent comptable sap et reporting groupe h f ate château-gontier-sur-mayenne - 53 cdi télétravail occasionnel femme ou homme expérimenté e ayant exercé en comptabilité dans un groupe multi-sociétés vous faites preuve voir l offre il y a 1 heure,CDI,Château-Gontier-sur-Mayenne,53,1,,,,
Emploi Comptabilité,chargé de recouvrement contentieux h f,chargé de recouvrement contentieux h f scp gmbg marseille - 13 cdi 26 864 an qualités professionnelles recherchées - rigueur - sens de l'organisation - qualités relationnelles voir l offre il y a 2 heures,CDI,Marseille,13,0,26864.0,26864.0,26864.0,annual
Emploi Comptabilité,aide comptable h f,aide comptable h f groupe actual muret - 31 intérim travail de jour 1 mois pour ce poste vous devez posséder des compétences en comptabilité une expérience dans la gestion des factures et des voir l offre il y a 2 heures,Intérim,Muret,31,0,,,,
Emploi Comptabilité,comptable h f,comptable h f adwork s travail temporaire lamotte-beuvron - 41 cdi 20 000 - 25 000 an vous avez une expérience significative en comptabilité générale vous êtes rigoureux et consciencieux voir l offre il y a 2 heures,CDI,20 000,25 000 € / an,0,20000.0,25000.0,22500.0,annual
Emploi Comptabilité,assistant comptable h f,assistant comptable h f groupe actual plaisance-du-touch - 31 intérim 25 000 - 35 000 an travail de jour 1 vous souhaitez mettre à profit vos compétences en comptabilité n'hésitez pas à postuler dès maintenant voir l offre il y a 2 heures,Intérim,25 000,35 000 € / an,0,25000.0,35000.0,30000.0,annual
Emploi Comptabilité,commissaire aux comptes - expert-comptable h f,commissaire aux comptes - expert-comptable h f baker tilly rennes - 35 cdi télétravail partiel diverses et variées et à l'écoute des salariés formations et vous vous êtes diplômé du voir l offre il y a 3 heures,CDI,Rennes,35,1,,,,
Emploi Comptabilité,manager expertise comptable h f,manager expertise comptable h f baker tilly strasbourg - 67 cdi télétravail partiel qui en ont le projet et vous vous êtes diplômé en comptabilité vous êtes animé par la gestion d'entreprise et l'accompagnement voir l offre il y a 3 heures,CDI,Strasbourg,67,1,,,,
Emploi Comptabilité,chargé de mission expertise comptable sénior h f,chargé de mission expertise comptable sénior h f baker tilly amboise - 37 cdi télétravail partiel qui en ont le projet et vous vous êtes diplômé en comptabilité vous êtes animé par la gestion d'entreprise et l'accompagnement voir l offre il y a 3 heures,CDI,Amboise,37,1,,,,
Emploi Comptabilité,comptable - charge de recouvrement h f,comptable - charge de recouvrement h f initial rh morières-lès-avignon - 84 intérim 2 000 - 2 500 mois 6 mois titulaire d'un diplôme bac pro comptabilité et ou bts comptabilité expérience exigée sur un poste voir l offre il y a 3 heures,Intérim,2 000,2 500 € / mois,0,24000.0,30000.0,27000.0,monthly
Emploi Comptabilité,collaborateur comptable - responsable de dossiers h f,collaborateur comptable - responsable de dossiers h f harry hope hœrdt - 67 cdi 30 000 - 35 000 an formation comptable avec au moins 2-3 années d'expérience en cabinet d'expertise comptable vous êtes relativement autonome sur vos tâches et voir l offre il y a 3 heures,CDI,30 000,35 000 € / an,0,30000.0,35000.0,32500.0,annual
Emploi Comptabilité,chargé de mission expertise comptable sénior h f,chargé de mission expertise comptable sénior h f baker tilly rambouillet - 78 cdi télétravail partiel qui en ont le projet et vous vous êtes diplômé en comptabilité vous êtes animé par la gestion d'entreprise et l'accompagnement voir l offre il y a 3 heures,CDI,Rambouillet,78,1,,,,
Emploi Comptabilité,chargé de mission expertise comptable sénior h f,chargé de mission expertise comptable sénior h f baker tilly schiltigheim - 67 cdi télétravail partiel qui en ont le projet et vous vous êtes diplômé en comptabilité vous êtes animé par la gestion d'entreprise et l'accompagnement voir l offre il y a 3 heures,CDI,Schiltigheim,67,1,,,,
Emploi Comptabilité,chargé de mission expertise comptable junior h f,chargé de mission expertise comptable junior h f baker tilly lille - 59 cdi télétravail partiel qui en ont le projet et vous vous êtes diplômé en comptabilité vous êtes animé par la gestion d'entreprise et l'accompagnement voir l offre il y a 3 heures,CDI,Lille,59,1,,,,
Emploi Comptabilité,collaborateur comptable confirmé h f,collaborateur comptable confirmé h f temporis experts et cadres toulon - 83 cdi 33 000 - 35 000 an - - de déclaration trimestrielle profil vous êtes titulaire d'un bts compta ou dcg dscg vous avez 4 5 d'expérience réussis sur un voir l offre il y a 3 heures,CDI,33 000,35 000 € / an,0,33000.0,35000.0,34000.0,annual
Emploi Comptabilité,assistant comptable h f,assistant comptable h f temporis interim aÿ-champagne - 51 cdd 14 - 15 20 heure un poste similaire tu possède de l'expérience sur les logiciels de comptabilité lieu aÿ au coeur du vignoble salaire entre 14 voir l offre il y a 3 heures,CDD,14,"15,20 € / heure",0,23030.0,25004.0,24017.0,hourly
Emploi Comptabilité,comptable h f,comptable h f temporis experts et cadres toulon - 83 intérim et un comptable h f missions - gestion de la comptabilité généraux et des immobilisations jusqu'à la préparation des règlements voir l offre il y a 3 heures,Intérim,Toulon,83,0,,,,
Emploi Comptabilité,assistant - assistante comptable h f,assistant - assistante comptable h f temporis experts et cadres toulon - 83 intérim les sociétés profil diplômé e d'un bac 2 minimum en comptabilité vous êtes autonome sur la saisie idéalement vous avez des de voir l offre il y a 3 heures,Intérim,Toulon,83,0,,,,
Emploi Comptabilité,aide-comptable h f,aide-comptable h f temporis experts et cadres la garde - 83 intérim 12 - 14 heure remplacement vous gérez la facturation et l'exportation des factures pour les clients et le cabinet comptable sur le logiciel pmi voir l offre il y a 3 heures,Intérim,12,14 € / heure,0,19740.0,23030.0,21385.0,hourly
Emploi Comptabilité,assistant - assistante comptable en cabinet h f,assistant - assistante comptable en cabinet h f temporis experts et cadres toulon - 83 intérim 1 802 - 2 100 mois tant comptable vous êtes diplomé d'un bac 2 dans le domaine comptabilité et vous souhaitez poursuivre votre chemin chez l'un de nos voir l offre il y a 3 heures,Intérim,1 802,2 100 € / mois,0,21624.0,25200.0,23412.0,monthly
Emploi Comptabilité,assistant comptable - intégrateur de données h f,assistant comptable - intégrateur de données h f hr link super recruteur vienne - 38 cdi 28 000 - 30 000 an titulaire d'un bts en comptabilité acd vous justifiez d'une voir l offre il y a 3 heures,CDI,28 000,30 000 € / an,0,28000.0,30000.0,29000.0,annual
Emploi Comptabilité,comptable frais généraux h f,comptable frais généraux h f page personnel lucé - 28 cdi 23 000 - 24 000 an poste ouvert aux candidats en situation de handicap issu d'une formation en comptabilité finance vous possédez au moins une première expérience voir l offre il y a 3 heures,CDI,23 000,24 000 € / an,0,23000.0,24000.0,23500.0,annual
Emploi Comptabilité,comptable auxiliaire h f,comptable auxiliaire h f page personnel colomiers - 31 intérim 25 000 - 32 000 an 6 mois clients et fournisseurs vos missions gestion de la comptabilité et immobilisation veiller à la bonne imputation des avances voir l offre il y a 3 heures,Intérim,25 000,32 000 € / an,0,25000.0,32000.0,28500.0,annual
Emploi Comptabilité,comptable temps partiel h f,comptable temps partiel h f page personnel mérignac - 33 intérim 28 000 - 32 000 an 2 mois de formation en comptabilité vous justifiez d'une expérience significative en comptabilité vous maîtrisez la voir l offre il y a 3 heures,Intérim,28 000,32 000 € / an,0,28000.0,32000.0,30000.0,annual
Emploi Comptabilité,comptable fournisseurs - aide comptable h f,comptable fournisseurs - aide comptable h f page personnel toulouse - 31 cdi 24 000 - 26 000 an formation en comptabilité en comptabilité fournisseurs voir l offre il y a 3 heures,CDI,24 000,26 000 € / an,0,24000.0,26000.0,25000.0,annual
Emploi Comptabilité,collaborateur comptable confirmé h f,collaborateur comptable confirmé h f page personnel dunkerque - 59 cdi 32 000 - 39 000 an issu d'une formation de type bac 2 minimum en comptabilité sur un poste similaire en cabinet d'expertise comptable sur voir l offre il y a 3 heures,CDI,32 000,39 000 € / an,0,32000.0,39000.0,35500.0,annual
Emploi Comptabilité,comptable h f,comptable h f page personnel bordeaux - 33 cdi 35 000 - 40 000 an de formation bac 3 minimum spécialisé en comptabilité professionnelle de 5 ans sur un poste voir l offre il y a 3 heures,CDI,35 000,40 000 € / an,0,35000.0,40000.0,37500.0,annual
Emploi Comptabilité,assistant comptable h f,assistant comptable h f page personnel cestas - 33 cdi 28 000 - 35 000 an bonne maîtrise d'excel tcd logique et curiosité informatique langues anglais est voir l offre il y a 3 heures,CDI,28 000,35 000 € / an,0,28000.0,35000.0,31500.0,annual
Emploi Comptabilité,collaborateur comptable h f,collaborateur comptable h f page personnel licques - 62 cdi 28 000 - 34 000 an issu d'une formation de type bac 3 minimum en comptabilité première expérience en cabinet comptable et vous souhaitez continuer de voir l offre il y a 3 heures,CDI,28 000,34 000 € / an,0,28000.0,34000.0,31000.0,annual
Emploi Comptabilité,adjoint responsable comptable h f,adjoint responsable comptable h f page personnel nantes - 44 intérim 35 000 - 40 000 an 2 mois bac 5 minimum en comptabilité succursales anglais courant voir l offre il y a 3 heures,Intérim,35 000,40 000 € / an,0,35000.0,40000.0,37500.0,annual
Emploi Comptabilité,assistant comptable trésorerie h f,assistant comptable trésorerie h f page personnel nanterre - 92 intérim 29 000 - 30 000 an 3 mois à l'aise avec les systèmes d'information vous êtes volontaire impliqué rigoureux dynamique et avez un excellent relationnel postulez voir l offre il y a 3 heures,Intérim,29 000,30 000 € / an,0,29000.0,30000.0,29500.0,annual
Emploi Comptabilité,comptable clients et fournisseurs h f,comptable clients et fournisseurs h f page personnel livry-gargan - 93 intérim 30 000 - 34 000 an 4 mois du plan de comptes très bonne maîtrise des techniques de comptabilité maîtrise des outils office excel word esprit travail voir l offre il y a 3 heures,Intérim,30 000,34 000 € / an,0,30000.0,34000.0,32000.0,annual
Emploi Comptabilité,expert comptable diplomé h f,expert comptable diplomé h f skills rennes mayet - 72 cdi 70 000 - 90 000 an maîtrise approfondie des normes comptables fiscales et juridiques - aptitude à superviser conseiller et sécuriser les prises de voir l offre il y a 4 heures,CDI,70 000,90 000 € / an,0,70000.0,90000.0,80000.0,annual
Emploi Comptabilité,collaborateur comptable h f,collaborateur comptable h f skills rennes évron - 53 cdi 25 000 - 29 000 an et des normes fiscales vous disposez idéalement d'une formation en comptabilité et justifiez d'une expérience d'au moins 1 à 3 ans voir l offre il y a 4 heures,CDI,25 000,29 000 € / an,0,25000.0,29000.0,27000.0,annual
Emploi Comptabilité,collborateur comptable h f,collborateur comptable h f skills bordeaux peyrehorade - 40 cdi 30 000 - 36 000 an compétences attendues incluent - une formation supérieure en comptabilité dscg ou équivalent - une première expérience réussie voir l offre il y a 4 heures,CDI,30 000,36 000 € / an,0,30000.0,36000.0,33000.0,annual
Emploi Comptabilité,collaborateur comptable h f,collaborateur comptable h f skills paris paris 16e - 75 cdi 42 000 - 50 000 an télétravail partiel seront pleinement valorisés idéalement issu e d'une formation supérieure en comptabilité en cabinet et démontrez une grande rigueur voir l offre il y a 4 heures,CDI,42 000,50 000 € / an,1,42000.0,50000.0,46000.0,annual
Emploi Comptabilité,collaborateur comptable confirmé h f,collaborateur comptable confirmé h f skills grenoble crolles - 38 cdi 30 000 - 40 000 an 5 compétences et qualités requises -titulaire d'un bac 3 minimum en comptabilité -expérience significative de 3 à 5 ans en tant voir l offre il y a 4 heures,CDI,30 000,40 000 € / an,0,30000.0,40000.0,35000.0,annual
Emploi Comptabilité,collaborateur comptable h f,collaborateur comptable h f skills grenoble chatte - 38 cdi 30 000 - 33 000 an comptable des clients compétences requises - formation en comptabilité ans en cabinet d'expertise comptable - maîtrise des outils voir l offre il y a 4 heures,CDI,30 000,33 000 € / an,0,30000.0,33000.0,31500.0,annual
Emploi Comptabilité,collaborateur comptable confirmé h f,collaborateur comptable confirmé h f skills lyon craponne - 69 cdi 40 000 - 44 000 an comptable profil vous possédez une formation supérieure en comptabilité vous justifiez d'une expérience réussie d'au moins 3 ans voir l offre il y a 4 heures,CDI,40 000,44 000 € / an,0,40000.0,44000.0,42000.0,annual
Emploi Comptabilité,collaborateur comptable ba h f,collaborateur comptable ba h f skills lille avesnelles - 59 cdi 28 000 - 35 000 an voici ce qui fera la différence - une formation en comptabilité une expérience solide dans le domaine - une première expérience voir l offre il y a 4 heures,CDI,28 000,35 000 € / an,0,28000.0,35000.0,31500.0,annual
Emploi Comptabilité,assistant comptable h f,assistant comptable h f skills grenoble voiron - 38 cdi 25 000 - 29 000 an vous êtes diplômé e d'une formation de niveau bac 2 en comptabilité évoluer dans un environnement stimulant si vous êtes prêt e à voir l offre il y a 4 heures,CDI,25 000,29 000 € / an,0,25000.0,29000.0,27000.0,annual
Emploi Comptabilité,collaborateur comptable confirmé h f,collaborateur comptable confirmé h f skills grenoble moirans - 38 cdi 30 000 - 40 000 an d'un cabinet à taille humaine compétences requises - diplôme en comptabilité d'au moins 3 ans en cabinet d'expertise comptable - voir l offre il y a 4 heures,CDI,30 000,40 000 € / an,0,30000.0,40000.0,35000.0,annual
Emploi Comptabilité,collaborateur comptable h f,collaborateur comptable h f skills nantes saint-herblain - 44 cdi 30 000 - 38 000 an nous un e collaborateur trice comptable diplômé e d'un bac 2 3 en comptabilité avec une première expérience réussie en cabinet voir l offre il y a 4 heures,CDI,30 000,38 000 € / an,0,30000.0,38000.0,34000.0,annual
Emploi Comptabilité,expert-comptable stagiaire h f,expert-comptable stagiaire h f skills vendée poitou-charentes poitiers - 86 cdi 27 000 - 37 000 an management d'équipe et de participer au développement commercial notre client vous offre un environnement valorisant un collectif voir l offre il y a 4 heures,CDI,27 000,37 000 € / an,0,27000.0,37000.0,32000.0,annual
Emploi Comptabilité,collaborateur confirmé h f,collaborateur confirmé h f skills vendée poitou-charentes luçon - 85 cdi 30 000 - 37 000 an télétravail partiel et de - bonne connaissance des outils informatiques et logiciels de comptabilité idéalement cegid quadra acd ou équivalents - à voir l offre il y a 4 heures,CDI,30 000,37 000 € / an,1,30000.0,37000.0,33500.0,annual
Emploi Comptabilité,collaborateur comptable confirmé h f,collaborateur comptable confirmé h f skills lyon villefranche-sur-saône - 69 cdi 38 000 - 45 000 an développement du cabinet - de formation bac 3 minimum en comptabilité années en cabinet d'expertise comptable - maîtrise des normes voir l offre il y a 4 heures,CDI,38 000,45 000 € / an,0,38000.0,45000.0,41500.0,annual
Emploi Comptabilité,comptable général h f,comptable général h f skills vendée poitou-charentes la roche-sur-yon - 85 cdi 35 000 - 42 000 an télétravail partiel - reconnu pour votre aisance relationnelle vous savez travailler en équipe aussi bien en proximité qu'à distance - vous aimez voir l offre il y a 4 heures,CDI,35 000,42 000 € / an,1,35000.0,42000.0,38500.0,annual
Emploi Comptabilité,collaborateur comptable h f,collaborateur comptable h f skills grenoble voglans - 73 cdi 30 000 - 35 000 an vous êtes diplômé e d'une formation supérieure en comptabilité justifiez d'une première expérience réussie 2 ans voir l offre il y a 4 heures,CDI,30 000,35 000 € / an,0,30000.0,35000.0,32500.0,annual
Emploi Comptabilité,collaborateur comptable h f,collaborateur comptable h f skills vendée poitou-charentes rouillé - 86 cdi 30 000 - 35 000 an télétravail partiel du quotidien vous êtes diplômé e d'une formation supérieure en comptabilité d'au moins 3 années d'expérience réussie en cabinet - voir l offre il y a 4 heures,CDI,30 000,35 000 € / an,1,30000.0,35000.0,32500.0,annual
Emploi Comptabilité,comptable général h f,comptable général h f skills vendée poitou-charentes le poiré-sur-vie - 85 cdi 30 000 - 35 000 an dcg dscg ou équivalent - vous disposez d'une expérience confirmée en comptabilité 5 à 10 ans - vous êtes doté e d'un esprit et voir l offre il y a 4 heures,CDI,30 000,35 000 € / an,0,30000.0,35000.0,32500.0,annual
Emploi Comptabilité,collaborateur comptable h f,collaborateur comptable h f skills nice la colle-sur-loup - 06 cdi 27 600 - 28 800 an en cabinet comptable - une bonne maîtrise des bases de la comptabilité générale - un esprit analytique et une capacité à gérer voir l offre il y a 4 heures,CDI,27 600,28 800 € / an,0,27600.0,28800.0,28200.0,annual
Emploi Comptabilité,collaborateur comptable h f,collaborateur comptable h f skills vendée poitou-charentes chauvigny - 86 cdi 32 000 - 40 000 an favoriser votre réussite idéalement issu e d'une formation en comptabilité expérience d'environ deux ans en cabinet comptable ou un voir l offre il y a 4 heures,CDI,32 000,40 000 € / an,0,32000.0,40000.0,36000.0,annual
Emploi Comptabilité,collaborateur comptable h f,collaborateur comptable h f skills vendée poitou-charentes rouillé - 86 cdi 30 000 - 35 000 an télétravail partiel du quotidien vous êtes diplômé e d'une formation supérieure en comptabilité d'au moins 3 années d'expérience réussie en cabinet - voir l offre il y a 4 heures,CDI,30 000,35 000 € / an,1,30000.0,35000.0,32500.0,annual
Emploi Comptabilité,chef de mission comptable h f,chef de mission comptable h f skills rennes rennes - 35 cdi 40 000 - 50 000 an télétravail partiel issu e d'une formation supérieure en comptabilité d'une expérience significative d'au moins voir l offre il y a 4 heures,CDI,40 000,50 000 € / an,1,40000.0,50000.0,45000.0,annual
Emploi Comptabilité,collaborateur comptable ba h f,collaborateur comptable ba h f skills lille arras - 62 cdi 28 000 - 35 000 an que nous aimerions retrouver chez vous - formation en comptabilité première expérience en cabinet ou sur un portefeuille agricole voir l offre il y a 4 heures,CDI,28 000,35 000 € / an,0,28000.0,35000.0,31500.0,annual
Emploi Comptabilité,comptable clients h f,comptable clients h f skills paris paris 1er - 75 cdi 28 000 - 30 000 an des comptables excel erp - bonne connaissance des règles de comptabilité clients et des procédures de recouvrement - rigueur et - voir l offre il y a 4 heures,CDI,28 000,30 000 € / an,0,28000.0,30000.0,29000.0,annual
Emploi Comptabilité,chef de mission h f,chef de mission h f skills grenoble échirolles - 38 cdi 40 000 - 45 000 an cdi compétences requises - diplôme de niveau bac 5 en comptabilité expertise comptable ou équivalent dscg ou dec souhaité - voir l offre il y a 4 heures,CDI,40 000,45 000 € / an,0,40000.0,45000.0,42500.0,annual
Emploi Comptabilité,responsable de dossiers clients h f,responsable de dossiers clients h f skills grenoble la tronche - 38 cdi 34 000 - 36 000 an complexes compétences requises - titulaire d'un diplôme en comptabilité justifiez d'une expérience significative d'au moins 3 ans voir l offre il y a 4 heures,CDI,34 000,36 000 € / an,0,34000.0,36000.0,35000.0,annual
Emploi Comptabilité,collaborateur comptable h f,collaborateur comptable h f skills grenoble le bourg-d'oisans - 38 cdi 30 000 - 40 000 an dynamique et autonome dotée d'une solide formation en comptabilité et d'une expérience significative en cabinet le candidat idéal voir l offre il y a 4 heures,CDI,30 000,40 000 € / an,0,30000.0,40000.0,35000.0,annual
Emploi Comptabilité,expert-comptable stagiare dec h f,expert-comptable stagiare dec h f skills vendée poitou-charentes la roche-sur-yon - 85 cdi 40 000 - 50 000 an télétravail partiel prime de participation o comité d'animation défis concours tournois sportifs bref de nombreux moments de convivialité voir l offre il y a 4 heures,CDI,40 000,50 000 € / an,1,40000.0,50000.0,45000.0,annual
Emploi Comptabilité,chef de mission h f,chef de mission h f skills grenoble cluses - 74 cdi 37 000 - 42 000 an nous recherchons un e professionnel le de la comptabilité et ayant démontré des capacités à voir l offre il y a 4 heures,CDI,37 000,42 000 € / an,0,37000.0,42000.0,39500.0,annual
Emploi Comptabilité,assistant comptable h f,assistant comptable h f skills grenoble meylan - 38 cdi 24 000 - 30 000 an suivantes - formation en comptabilité de type bts comptabilité expérience significative en cabinet comptable ou en entreprise dans voir l offre il y a 4 heures,CDI,24 000,30 000 € / an,0,24000.0,30000.0,27000.0,annual
Emploi Comptabilité,collaborateur comptable h f,collaborateur comptable h f skills nice toulon - 83 cdi 35 000 - 42 000 an vous disposez idéalement d'une formation supérieure en comptabilité et justifiez d'une première expérience en cabinet voir l offre il y a 4 heures,CDI,35 000,42 000 € / an,0,35000.0,42000.0,38500.0,annual
Emploi Comptabilité,comptable général h f,comptable général h f skills rennes laval - 53 cdi 30 000 - 35 000 an vous avez une première expérience réussie 2 à 5 ans en comptabilité françaises ainsi que la gestion des déclarations fiscales et - voir l offre il y a 4 heures,CDI,30 000,35 000 € / an,0,30000.0,35000.0,32500.0,annual
Emploi Comptabilité,chef de mission h f,chef de mission h f skills grenoble seyssinet-pariset - 38 cdi 45 000 - 55 000 an sont les suivantes - diplôme supérieur en expertise comptable dec dscg ou équivalent validé - expérience réussie de voir l offre il y a 4 heures,CDI,45 000,55 000 € / an,0,45000.0,55000.0,50000.0,annual
Emploi Comptabilité,collaborateur comptable h f,collaborateur comptable h f skills vendée poitou-charentes saint-junien - 87 cdi 28 000 - 32 000 an solide formation comptable idéalement un diplôme de type bts comptabilité et gestion dcg ou équivalent complétée par une première voir l offre il y a 4 heures,CDI,28 000,32 000 € / an,0,28000.0,32000.0,30000.0,annual
Emploi Comptabilité,responsable de dossiers h f,responsable de dossiers h f skills vendée poitou-charentes périgny - 17 cdi 40 000 - 50 000 an des compétences et qualités suivantes - diplôme supérieur en comptabilité dcg dscg master cca ou équivalent - expérience de 3 voir l offre il y a 4 heures,CDI,40 000,50 000 € / an,0,40000.0,50000.0,45000.0,annual
Emploi Comptabilité,collaborateur comptable h f,collaborateur comptable h f skills vendée poitou-charentes royan - 17 cdi 26 000 - 30 000 an votre profil idéal - titulaire d'un diplôme en comptabilité une première expérience en cabinet stage ou alternance acceptés un voir l offre il y a 4 heures,CDI,26 000,30 000 € / an,0,26000.0,30000.0,28000.0,annual
Emploi Comptabilité,collaborateur comptable confirmé h f,collaborateur comptable confirmé h f skills vendée poitou-charentes poitiers - 86 cdi 35 000 - 45 000 an à clients en autonomie - solides connaissances en fiscalité comptabilité générale et révision - rigueur sens de l'organisation et voir l offre il y a 4 heures,CDI,35 000,45 000 € / an,0,35000.0,45000.0,40000.0,annual
Emploi Comptabilité,collaborateur comptable acs h f,collaborateur comptable acs h f skills vendée poitou-charentes angles - 85 cdi 27 000 - 38 000 an de comptable acs vous justifiez d'une formation en comptabilité expérience significative dans un cabinet d'expertise comptable les voir l offre il y a 4 heures,CDI,27 000,38 000 € / an,0,27000.0,38000.0,32500.0,annual
Emploi Comptabilité,expert-comptable stagiare dec h f,expert-comptable stagiare dec h f skills vendée poitou-charentes la roche-sur-yon - 85 cdi 40 000 - 50 000 an télétravail partiel qui vous accompagne tout au long de votre parcours et vous offre des possibilités d'évolution o vous aimez voir l offre il y a 4 heures,CDI,40 000,50 000 € / an,1,40000.0,50000.0,45000.0,annual
Emploi Comptabilité,collaborateur comptable h f,collaborateur comptable h f skills lyon lyon 4e - 69 cdi 35 000 - 40 000 an télétravail partiel vos incluront prendre en charge la gestion complète de la comptabilité clients effectuer les révisions comptables et établir les voir l offre il y a 4 heures,CDI,35 000,40 000 € / an,1,35000.0,40000.0,37500.0,annual
Emploi Comptabilité,chargé de mission h f,chargé de mission h f skills rennes cesson-sévigné - 35 cdi 38 000 - 45 000 an d'une profil recherché - diplômé e d'une formation supérieure en comptabilité équivalent - expérience de 3 ans minimum en cabinet voir l offre il y a 4 heures,CDI,38 000,45 000 € / an,0,38000.0,45000.0,41500.0,annual
Emploi Comptabilité,collaborateur comptable confirmé h f,collaborateur comptable confirmé h f skills grenoble crolles - 38 cdi 32 000 - 39 000 an télétravail partiel et la sont des qualités indispensables une formation supérieure en comptabilité la connaissance de logiciels comptables tels que voir l offre il y a 4 heures,CDI,32 000,39 000 € / an,1,32000.0,39000.0,35500.0,annual
Emploi Comptabilité,chef de mission h f,chef de mission h f skills grenoble annecy - 74 cdi 30 000 - 35 000 an profil répond aux attentes suivantes - diplôme supérieur en comptabilité dscg ou équivalent - expérience significative en audit voir l offre il y a 4 heures,CDI,30 000,35 000 € / an,0,30000.0,35000.0,32500.0,annual
Emploi Comptabilité,collaborateur comptable agricole h f,collaborateur comptable agricole h f skills vendée poitou-charentes limoges - 87 cdi 30 000 - 45 000 an télétravail partiel vous êtes titulaire d'une formation supérieure en comptabilité btsa etc et disposez d'une expérience voir l offre il y a 4 heures,CDI,30 000,45 000 € / an,1,30000.0,45000.0,37500.0,annual
Emploi Comptabilité,comptable fournisseurs h f,comptable fournisseurs h f skills paris paris 1er - 75 cdi 27 000 - 35 000 an de formation bac 2 en comptabilité réussie dans un poste similaire voir l offre il y a 4 heures,CDI,27 000,35 000 € / an,0,27000.0,35000.0,31000.0,annual
Emploi Comptabilité,collaborateur comptable ba h f,collaborateur comptable ba h f skills lille lorgies - 62 cdi 28 000 - 35 000 an voici ce que nous attendons de vous - formation en comptabilité - une première expérience réussie en cabinet idéalement sur des voir l offre il y a 4 heures,CDI,28 000,35 000 € / an,0,28000.0,35000.0,31500.0,annual
Emploi Comptabilité,assistant recouvrement h f,assistant recouvrement h f skills nantes nantes - 44 cdd 24 000 - 25 000 an ou vous disposez au minimum d'une première expérience réussie en comptabilité stages et alternances compris - vous avez de bonnes voir l offre il y a 4 heures,CDD,24 000,25 000 € / an,0,24000.0,25000.0,24500.0,annual
Emploi Comptabilité,chef de mission h f,chef de mission h f skills grenoble saint-marcellin - 38 cdi 40 000 - 55 000 an nous recherchons un e candidat e diplômé e d'un bac 5 en comptabilité une expérience réussie d'au moins 3 ans dans un voir l offre il y a 4 heures,CDI,40 000,55 000 € / an,0,40000.0,55000.0,47500.0,annual
Emploi Comptabilité,comptable général h f,comptable général h f skills paris colombes - 92 cdi 48 000 - 55 000 an motivé e et rigoureux se titulaire d'un bac 3 à bac 5 en comptabilité ou en finance avec une expérience de 3 à 5 ans minimum un voir l offre il y a 4 heures,CDI,48 000,55 000 € / an,0,48000.0,55000.0,51500.0,annual
Emploi Comptabilité,chef de missions h f,chef de missions h f skills grenoble échirolles - 38 cdi 40 000 - 50 000 an synthèse votre profil se caractérise par - diplôme supérieur en comptabilité - expérience professionnelle confirmée de 3 à 5 ans voir l offre il y a 4 heures,CDI,40 000,50 000 € / an,0,40000.0,50000.0,45000.0,annual
Emploi Comptabilité,directeur de mission - expert-comptable h f,directeur de mission - expert-comptable h f skills vendée poitou-charentes poitiers - 86 cdi 45 000 - 70 000 an - esprit d'initiative et adaptabilité face aux évolutions technologiques et réglementaires - vous partagez les valeurs d'une entreprise responsable impliquée voir l offre il y,CDI,45 000,70 000 € / an,0,45000.0,70000.0,57500.0,annual
Emploi Comptabilité,collaborateur comptable h f,collaborateur comptable h f skills vendée poitou-charentes les sables-d'olonne - 85 cdi 30 000 - 40 000 an le idéal - vous êtes titulaire d'un bac 2 à bac 5 en comptabilité master cca etc - vous avez une expérience d'au moins 2 ans voir l offre il y a 4 heures,CDI,30 000,40 000 € / an,0,30000.0,40000.0,35000.0,annual
Emploi Comptabilité,expert comptable - directeur de missions h f,expert comptable - directeur de missions h f skills vendée poitou-charentes périgny - 17 cdi 45 000 - 65 000 an comptable - maîtrise des outils informatiques liés à la comptabilité et à la gestion de cabinet - capacités managériales avérées voir l offre il y a 4 heures,CDI,45 000,65 000 € / an,0,45000.0,65000.0,55000.0,annual
Emploi Comptabilité,comptable général h f,comptable général h f skills lyon metz - 57 cdi 26 000 - 32 000 an le la candidat e idéal e doit justifier d'une formation en comptabilité d'une première expérience significative sur un poste une voir l offre il y a 4 heures,CDI,26 000,32 000 € / an,0,26000.0,32000.0,29000.0,annual
Emploi Comptabilité,collaborateur comptable confirmé h f,collaborateur comptable confirmé h f skills rennes laval - 53 cdi 30 000 - 40 000 an en développement basé à laval issu e d'une formation supérieure en comptabilité expérience d'au moins 3 ans en cabinet d'expertise voir l offre il y a 4 heures,CDI,30 000,40 000 € / an,0,30000.0,40000.0,35000.0,annual
Emploi Comptabilité,collaborateur comptable h f,collaborateur comptable h f skills grenoble la tour-du-pin - 38 cdi 30 000 - 33 000 an les qualifications et compétences suivantes - diplôme en comptabilité bts dcg ou équivalent - expérience réussie d'au moins 2 voir l offre il y a 4 heures,CDI,30 000,33 000 € / an,0,30000.0,33000.0,31500.0,annual
Emploi Comptabilité,assistant comptable h f,assistant comptable h f skills nice nice - 06 cdi 27 000 - 29 000 an gestion ou dut gea - une première expérience réussie en comptabilité - une bonne maîtrise des outils bureautiques excel word et voir l offre il y a 4 heures,CDI,27 000,29 000 € / an,0,27000.0,29000.0,28000.0,annual
Emploi Comptabilité,assistant comptable h f,assistant comptable h f skills nice nice - 06 cdi 25 000 - 28 000 an - expérience d'au moins 2 ans sur un poste similaire en comptabilité ou dans un environnement d'audit - maîtrise des outils excel et voir l offre il y a 4 heures,CDI,25 000,28 000 € / an,0,25000.0,28000.0,26500.0,annual
Emploi Comptabilité,comptable général h f,comptable général h f skills vendée poitou-charentes saint-benoît - 86 cdi 26 000 - 28 000 an d'une formation bac 2 bts comptabilité et gestion bac 3 diplôme de comptabilité et gestion vous disposez au voir l offre il y a 4 heures,CDI,26 000,28 000 € / an,0,26000.0,28000.0,27000.0,annual
Emploi Comptabilité,collaborateur comptable h f,collaborateur comptable h f skills grenoble échirolles - 38 cdi 28 000 - 32 000 an - maîtrise des normes comptables et fiscales - gestion de la comptabilité générale et des déclarations fiscales - capacité à établir voir l offre il y a 4 heures,CDI,28 000,32 000 € / an,0,28000.0,32000.0,30000.0,annual
Emploi Comptabilité,collaborateur comptable h f,collaborateur comptable h f skills lyon dardilly - 69 cdi 35 000 - 38 000 an télétravail partiel un haut niveau de qualité et de satisfaction client - diplôme en comptabilité - expérience d'au moins 2 ans en cabinet d'expertise voir l offre il y a 4 heures,CDI,35 000,38 000 € / an,1,35000.0,38000.0,36500.0,annual
Emploi Comptabilité,collaborateur comptable h f,collaborateur comptable h f skills lyon brignais - 69 cdi 35 000 - 38 000 an télétravail partiel en pleine croissance - diplômé e d'un bac 3 minimum en comptabilité une première expérience en cabinet appréciée - connaissance voir l offre il y a 4 heures,CDI,35 000,38 000 € / an,1,35000.0,38000.0,36500.0,annual
Emploi Comptabilité,collaborateur comptable agricole h f,collaborateur comptable agricole h f skills rennes guichen - 35 cdi 33 000 - 36 000 an vous êtes titulaire d'une formation supérieure en comptabilité d'une première expérience réussie en cabinet comptable voir l offre il y a 4 heures,CDI,33 000,36 000 € / an,0,33000.0,36000.0,34500.0,annual
Emploi Comptabilité,assistant comptable confirmé h f,assistant comptable confirmé h f skills vendée poitou-charentes cognac - 16 cdi 24 000 - 27 000 an compétences requises - maîtrise des bases de la comptabilité des outils bureautiques notamment excel - expérience préalable sur un voir l offre il y a 4 heures,CDI,24 000,27 000 € / an,0,24000.0,27000.0,25500.0,annual
Emploi Comptabilité,directeur de missions h f,directeur de missions h f skills lyon saint-didier-au-mont-d'or - 69 cdi 60 000 - 70 000 an en communication et relation client vous êtes à la recherche d'un cabinet qui valorise à la fois l'équilibre vie voir l offre il y a 4 heures,CDI,60 000,70 000 € / an,0,60000.0,70000.0,65000.0,annual
Emploi Comptabilité,collaborateur comptable h f,collaborateur comptable h f skills grenoble villard-de-lans - 38 alternance 15 000 - 23 000 an nous recherchons un e candidat e motivé e et curieux se désireux se de développer ses compétences dans le domaine de l'audit et de l'expertise voir l offre il y a 4 heures,Alternance,15 000,23 000 € / an,0,15000.0,23000.0,19000.0,annual
Emploi Comptabilité,collaborateur comptable confirmé h f,collaborateur comptable confirmé h f skills grenoble échirolles - 38 cdi 32 000 - 40 000 an télétravail partiel les compétences et qualités attendues sont - formation en comptabilité bts dcg dscg ou équivalent - expérience confirmée d'au 3 voir l offre il y a 4 heures,CDI,32 000,40 000 € / an,1,32000.0,40000.0,36000.0,annual
Emploi Comptabilité,collaborateur comptable h f,collaborateur comptable h f skills nantes nantes - 44 cdi 30 000 - 38 000 an candidat e doté e des compétences suivantes - diplôme en comptabilité dscg ou équivalent - expérience préalable d'au moins 2 voir l offre il y a 4 heures,CDI,30 000,38 000 € / an,0,30000.0,38000.0,34000.0,annual
Emploi Comptabilité,chef de mission comptable h f,chef de mission comptable h f skills grenoble meylan - 38 cdi 40 000 - 45 000 an recherchons un e candidat e possédant une solide formation en comptabilité et justifiant d'une expérience significative dans un voir l offre il y a 4 heures,CDI,40 000,45 000 € / an,0,40000.0,45000.0,42500.0,annual
Emploi Comptabilité,collaborateur comptable h f,collaborateur comptable h f skills grenoble meylan - 38 cdi 28 000 - 37 000 an atouts suivants - maîtrise des principes de base de la comptabilité fiscales courantes - expérience dans la tenue et la révision - voir l offre il y a 4 heures,CDI,28 000,37 000 € / an,0,28000.0,37000.0,32500.0,annual
Emploi Comptabilité,responsable de dossiers h f,responsable de dossiers h f skills grenoble saint-clair-de-la-tour - 38 cdi 36 000 - 43 000 an vous êtes diplômé e d'un bac 3 minimum en comptabilité significative dans le domaine de l'audit et de voir l offre il y a 4 heures,CDI,36 000,43 000 € / an,0,36000.0,43000.0,39500.0,annual
Emploi Comptabilité,responsable dossier h f,responsable dossier h f skills rennes laval - 53 cdi 33 000 - 40 000 an équipe confirmée idéalement issu e d'une formation supérieure en comptabilité vous justifiez d'une première expérience réussie à voir l offre il y a 4 heures,CDI,33 000,40 000 € / an,0,33000.0,40000.0,36500.0,annual
Emploi Comptabilité,collaborateur comptable h f,collaborateur comptable h f skills rennes saint-grégoire - 35 cdi 25 000 - 32 000 an télétravail partiel professionnel le répondant au profil suivant - titulaire d'un diplôme en comptabilité de niveau bac 2 à bac 3 bts cg dut gea voir l offre il y a 4 heures,CDI,25 000,32 000 € / an,1,25000.0,32000.0,28500.0,annual
Emploi Comptabilité,responsable comptable h f,responsable comptable h f skills massy rungis - 94 cdi 50 000 - 55 000 an commerce ou ingénieur bac 5 avec une expérience confirmée en comptabilité responsable comptable ou en cabinet en tant que manager voir l offre il y a 4 heures,CDI,50 000,55 000 € / an,0,50000.0,55000.0,52500.0,annual
Emploi Comptabilité,collaborateur comptable h f,collaborateur comptable h f skills bordeaux bayonne - 64 cdi 35 000 - 45 000 an au profil si vous présentez les atouts suivants - formation supérieure en comptabilité audit ou gestion bac 2 à bac 5 - en voir l offre il y a 4 heures,CDI,35 000,45 000 € / an,0,35000.0,45000.0,40000.0,annual
Emploi Comptabilité,collaborateur comptable ba h f,collaborateur comptable ba h f skills lille hazebrouck - 59 cdi 28 000 - 35 000 an les qualités et atouts recherchés - formation supérieure en comptabilité expérience en cabinet idéalement dédiée à des dossiers ba voir l offre il y a 4 heures,CDI,28 000,35 000 € / an,0,28000.0,35000.0,31500.0,annual
Emploi Comptabilité,collaborateur comptable h f,collaborateur comptable h f skills vendée poitou-charentes brive-la-gaillarde - 19 cdi 34 000 - 39 000 an télétravail partiel en cabinet d'expertise comptable ou d'un bac 2 3 dcg bts iut compta vous êtes reconnu e pour votre rigueur et votre sens de vous voir l offre il y a 4 heures,CDI,34 000,39 000 € / an,1,34000.0,39000.0,36500.0,annual
Emploi Comptabilité,chef de mission comptable h f,chef de mission comptable h f skills grenoble montbonnot-saint-martin - 38 cdi 40 000 - 47 000 an issu e d'une formation supérieure en comptabilité expérience réussie d'au moins 4 voir l offre il y a 4 heures,CDI,40 000,47 000 € / an,0,40000.0,47000.0,43500.0,annual
Emploi Comptabilité,directeur de mission - expert-comptable h f,directeur de mission - expert-comptable h f skills vendée poitou-charentes loudun - 86 cdi 45 000 - 70 000 an télétravail partiel et savez conjuguer rigueur technique et sens commercial votre profil conjugue compétences techniques pointues leadership naturel et excellentes qualités voir,CDI,45 000,70 000 € / an,1,45000.0,70000.0,57500.0,annual
Emploi Comptabilité,collaborateur comptable h f,collaborateur comptable h f skills grenoble grenoble - 38 cdi 29 000 - 35 000 an poste de collaborateur trice comptable dispose d'une formation supérieure en comptabilité finance ou gestion de type bts cg dcg voir l offre il y a 4 heures,CDI,29 000,35 000 € / an,0,29000.0,35000.0,32000.0,annual
Emploi Comptabilité,responsable de dossiers h f,responsable de dossiers h f skills bordeaux bordeaux - 33 cdi 30 000 - 38 000 an êtes diplômé e d'une formation supérieure en comptabilité type bts comptabilité dscg et justifiez d'une première voir l offre il y a 4 heures,CDI,30 000,38 000 € / an,0,30000.0,38000.0,34000.0,annual
Emploi Comptabilité,comptable bras droit du dirigeant h f,comptable bras droit du dirigeant h f skills vendée poitou-charentes le poiré-sur-vie - 85 cdi 30 000 - 35 000 an dcg dscg ou équivalent - vous disposez d'une expérience confirmée en comptabilité 5 à 10 ans - vous êtes doté e d'un esprit et voir l offre il y a 4 heures,CDI,30 000,35 000 € / an,0,30000.0,35000.0,32500.0,annual
Emploi Comptabilité,comptable générale h f,comptable générale h f skills lyon nancy - 54 cdi 28 000 - 38 000 an - d'au moins 3 ans dans un poste similaire en comptabilité générale idéalement dans le secteur banque-finance-assurance - maîtrise voir l offre il y a 4 heures,CDI,28 000,38 000 € / an,0,28000.0,38000.0,33000.0,annual
Emploi Comptabilité,collaborateur comptable h f,collaborateur comptable h f skills bordeaux cenon - 33 cdi 32 000 - 36 000 an - formation et diplôme titulaire d'un diplôme en comptabilité première expérience réussie en cabinet comptable avec gestion d'un voir l offre il y a 4 heures,CDI,32 000,36 000 € / an,0,32000.0,36000.0,34000.0,annual
Emploi Comptabilité,collaborateur comptable h f,collaborateur comptable h f skills rennes mayet - 72 cdi 30 000 - 35 000 an de formation bac 3 à bac 5 en comptabilité moins 3 ans en cabinet d'expertise comptable où voir l offre il y a 4 heures,CDI,30 000,35 000 € / an,0,30000.0,35000.0,32500.0,annual
Emploi Comptabilité,assistant comptable h f,assistant comptable h f skills nice la garde - 83 cdi 33 000 - 38 000 an répondre aux critères suivants - titulaire d'un diplôme en comptabilité bts dut dcg ou équivalent - expérience préalable en voir l offre il y a 4 heures,CDI,33 000,38 000 € / an,0,33000.0,38000.0,35500.0,annual
Emploi Comptabilité,assistant comptable h f,assistant comptable h f skills vendée poitou-charentes poitiers - 86 cdi 24 000 - 26 000 an télétravail partiel dcg ou équivalent - expérience de deux ans minimum en comptabilité des outils bureautiques - connaissances solides en fiscalité et voir l offre il y a 4 heures,CDI,24 000,26 000 € / an,1,24000.0,26000.0,25000.0,annual
Emploi Comptabilité,expert comptable salarié h f,expert comptable salarié h f skills lyon vourles - 69 cdi 65 000 - 80 000 an en sur un poste d'encadrement - excellente maîtrise technique en comptabilité fiscalité et audit légal - goût prononcé pour le voir l offre il y a 4 heures,CDI,65 000,80 000 € / an,0,65000.0,80000.0,72500.0,annual
Emploi Comptabilité,collaborateur comptable h f,collaborateur comptable h f skills vendée poitou-charentes poitiers - 86 cdi 32 000 - 38 000 an atout déterminant titulaire d'une formation bac 2 minimum en comptabilité d'une première expérience au sein d'un cabinet comptable voir l offre il y a 4 heures,CDI,32 000,38 000 € / an,0,32000.0,38000.0,35000.0,annual
Emploi Comptabilité,collaborateur comptable h f,collaborateur comptable h f skills nice brignoles - 83 cdi 28 000 - 36 000 an y compris en alternance - maîtrise des bases de la comptabilité - aisance avec les outils numériques et les logiciels comptables - voir l offre il y a 4 heures,CDI,28 000,36 000 € / an,0,28000.0,36000.0,32000.0,annual
Emploi Comptabilité,collaborateur comptable h f,collaborateur comptable h f skills rennes le mans - 72 cdi 30 000 - 38 000 an autour des éléments suivants - formation supérieure en comptabilité bts dcg dscg ou équivalent - expérience confirmée en au 3 voir l offre il y a 4 heures,CDI,30 000,38 000 € / an,0,30000.0,38000.0,34000.0,annual
Emploi Comptabilité,collaborateur comptable h f,collaborateur comptable h f skills nice la garde - 83 cdi 33 000 - 38 000 an ou audit vous maîtrisez les outils informatiques dédiés à la comptabilité chiffres et la production de reportings vos qualités et voir l offre il y a 4 heures,CDI,33 000,38 000 € / an,0,33000.0,38000.0,35500.0,annual
Emploi Comptabilité,collaborateur comptable h f,collaborateur comptable h f skills grenoble échirolles - 38 cdi 30 000 - 40 000 an doit aux critères suivants - diplôme de niveau bac 2 minimum en comptabilité bts dcg etc - expérience de 2 à 5 ans en cabinet voir l offre il y a 4 heures,CDI,30 000,40 000 € / an,0,30000.0,40000.0,35000.0,annual
Emploi Comptabilité,collaborateur comptable h f,collaborateur comptable h f skills bordeaux mérignac - 33 cdi 30 000 - 45 000 an vos dans un environnement évolutif - formation supérieure en comptabilité comptable idéalement sur un portefeuille en autonomie - voir l offre il y a 4 heures,CDI,30 000,45 000 € / an,0,30000.0,45000.0,37500.0,annual
Emploi Comptabilité,collaborateur comptable h f,collaborateur comptable h f skills vendée poitou-charentes limoges - 87 cdi 30 000 - 35 000 an ou équivalent - expérience confirmée de 5 ans minimum en comptabilité et logiciels comptables - capacité d'analyse et de synthèse voir l offre il y a 4 heures,CDI,30 000,35 000 € / an,0,30000.0,35000.0,32500.0,annual
Emploi Comptabilité,manager comptable h f,manager comptable h f skills grenoble grenoble - 38 cdi 40 000 - 50 000 an de comptable ou équivalent votre formation supérieure en comptabilité l'ensemble des techniques comptables fiscales et sociales - voir l offre il y a 4 heures,CDI,40 000,50 000 € / an,0,40000.0,50000.0,45000.0,annual
Emploi Comptabilité,collaborateur comptable h f,collaborateur comptable h f skills grenoble beaurepaire - 38 cdi 30 000 - 33 000 an concrètes à ses clients et prête à évoluer dans un environnement professionnel où la collaboration et le développement sont valorisés voir l offre il y a 4 heures,CDI,30 000,33 000 € / an,0,30000.0,33000.0,31500.0,annual
Emploi Comptabilité,chef de mission h f,chef de mission h f skills montigny jouars-pontchartrain - 78 cdi 45 000 - 48 000 an une équipe où la collaboration et l'initiative sont valorisées et où vos ambitions seront soutenues ce poste vous attend voir l offre il y a 4 heures,CDI,45 000,48 000 € / an,0,45000.0,48000.0,46500.0,annual
Emploi Comptabilité,collaborateur comptable h f,collaborateur comptable h f skills grenoble échirolles - 38 cdi 30 000 - 39 000 an recherchons un e collaborateur rice comptable ayant une formation en comptabilité équivalent bts dcg dscg master cca vous voir l offre il y a 4 heures,CDI,30 000,39 000 € / an,0,30000.0,39000.0,34500.0,annual
Emploi Comptabilité,collaborateur comptable h f,collaborateur comptable h f skills grenoble voiron - 38 cdi 30 000 - 40 000 an nous recherchons un e candidat e ayant une solide formation en comptabilité dcg ou équivalent et une première expérience en voir l offre il y a 4 heures,CDI,30 000,40 000 € / an,0,30000.0,40000.0,35000.0,annual
Emploi Comptabilité,collaborateur comptable h f,collaborateur comptable h f skills grenoble échirolles - 38 cdi 30 000 - 36 000 an requises pour ce poste sont les suivantes - une formation en comptabilité type bac 2 minimum bts comptabilité dut gea dcg ou voir l offre il y a 4 heures,CDI,30 000,36 000 € / an,0,30000.0,36000.0,33000.0,annual
Emploi Comptabilité,collaborateur comptable h f,collaborateur comptable h f skills bordeaux mérignac - 33 cdi 25 000 - 32 000 an pour sa culture d'entreprise inclusive - formation supérieure en comptabilité en cabinet comptable alternance incluse - maîtrise voir l offre il y a 4 heures,CDI,25 000,32 000 € / an,0,25000.0,32000.0,28500.0,annual
Emploi Comptabilité,comptable fournisseurs h f,comptable fournisseurs h f skills lyon nancy - 54 cdi 28 000 - 38 000 an à dans le secteur industriel vous êtes titulaire d'un diplôme en comptabilité 5 ans dans un poste similaire une maîtrise des outils voir l offre il y a 4 heures,CDI,28 000,38 000 € / an,0,28000.0,38000.0,33000.0,annual
Emploi Comptabilité,collaborateur comptable h f,collaborateur comptable h f skills grenoble gières - 38 cdi 34 000 - 39 000 an un e collaborateur trice comptable de formation bac 2 minimum en comptabilité ou audit avec une première expérience réussie en ou voir l offre il y a 4 heures,CDI,34 000,39 000 € / an,0,34000.0,39000.0,36500.0,annual
Emploi Comptabilité,collaborateur comptable h f,collaborateur comptable h f skills vendée poitou-charentes angoulême - 16 cdi 35 000 - 40 000 an moderne attentive au développement professionnel de ses équipes le profil attendu inclut - une expérience significative en cabinet voir l offre il y a 4 heures,CDI,35 000,40 000 € / an,0,35000.0,40000.0,37500.0,annual
Emploi Comptabilité,collaborateur comptable h f,collaborateur comptable h f skills rennes chantepie - 35 cdi 33 000 - 37 000 an un e collaborateur trice comptable disposant d'une formation supérieure en comptabilité type bts cg dcg ou équivalent et d'une voir l offre il y a 4 heures,CDI,33 000,37 000 € / an,0,33000.0,37000.0,35000.0,annual
Emploi Comptabilité,collaborateur rice comptable h f,collaborateur rice comptable h f skills montigny saint-germain-en-laye - 78 cdi 34 000 - 40 000 an la pour ce poste devra justifier d'une formation supérieure en comptabilité dcg dscg ou équivalent et d'une première expérience en voir l offre il y a 4 heures,CDI,34 000,40 000 € / an,0,34000.0,40000.0,37000.0,annual
Emploi Comptabilité,expert comptable - stagiaire dec h f,expert comptable - stagiaire dec h f skills vendée poitou-charentes challans - 85 cdi 50 000 - 60 000 an à challans pour vivre une expérience professionnelle enrichissante avec un salaire attractif entre 50 000 et 60 000 voir l offre il y a 4 heures,CDI,50 000,60 000 € / an,0,50000.0,60000.0,55000.0,annual
Emploi Comptabilité,comptable général h f,comptable général h f skills grenoble voiron - 38 cdi 28 000 - 30 000 an équivalent - justifiez d'une première expérience significative en comptabilité - maîtrisez les principes comptables et fiscaux voir l offre il y a 4 heures,CDI,28 000,30 000 € / an,0,28000.0,30000.0,29000.0,annual
Emploi Comptabilité,assistant comptable h f,assistant comptable h f skills vendée poitou-charentes limoges - 87 cdi 23 000 - 25 000 an - bureautiques excel word et idéalement des logiciels de comptabilité - bonne connaissance des principes comptables et fiscaux en voir l offre il y a 4 heures,CDI,23 000,25 000 € / an,0,23000.0,25000.0,24000.0,annual
Emploi Comptabilité,collaborateur comptable h f,collaborateur comptable h f skills rennes sablé-sur-sarthe - 72 cdi 30 000 - 38 000 an leurs enjeux comptables et financiers - formation supérieure en comptabilité - expérience en cabinet d'expertise comptable appréciée voir l offre il y a 4 heures,CDI,30 000,38 000 € / an,0,30000.0,38000.0,34000.0,annual
Emploi Comptabilité,collaborateur comptable h f,collaborateur comptable h f skills vendée poitou-charentes niort - 79 cdi 30 000 - 40 000 an les délais vous êtes un e professionnel le passionné e par la comptabilité où la collaboration et la confiance sont primordiales voir l offre il y a 4 heures,CDI,30 000,40 000 € / an,0,30000.0,40000.0,35000.0,annual
Emploi Comptabilité,collaborateur comptable agricole h f,collaborateur comptable agricole h f skills rennes janzé - 35 cdi 33 000 - 36 000 an vous êtes titulaire d'une formation supérieure en comptabilité d'une première expérience réussie en cabinet comptable voir l offre il y a 4 heures,CDI,33 000,36 000 € / an,0,33000.0,36000.0,34500.0,annual
Emploi Comptabilité,collaborateur comptable h f,collaborateur comptable h f skills vendée poitou-charentes niort - 79 cdi 30 000 - 40 000 an vous êtes titulaire d'un diplôme en comptabilité expérience réussie de 3 à 5 voir l offre il y a 4 heures,CDI,30 000,40 000 € / an,0,30000.0,40000.0,35000.0,annual
Emploi Comptabilité,chef de mission h f,chef de mission h f skills rennes changé - 53 cdi 45 000 - 50 000 an titulaire d'une formation supérieure en comptabilité école de commerce vous justifiez voir l offre il y a 4 heures,CDI,45 000,50 000 € / an,0,45000.0,50000.0,47500.0,annual
Emploi Comptabilité,collaborateur comptable h f,collaborateur comptable h f skills grenoble bourgoin-jallieu - 38 cdi 36 000 - 45 000 an et fiscales ainsi que des outils bureautiques excel logiciels de comptabilité - capacité à gérer un portefeuille client de et à voir l offre il y a 4 heures,CDI,36 000,45 000 € / an,0,36000.0,45000.0,40500.0,annual
Emploi Comptabilité,expert comptable - stagiaire dec h f,expert comptable - stagiaire dec h f skills vendée poitou-charentes les sables-d'olonne - 85 cdi 50 000 - 60 000 an télétravail partiel à moyen terme - de travailler dans une ville agréable à vivre entre océan et nature ici on ne voir l offre il y a 4 heures,CDI,50 000,60 000 € / an,1,50000.0,60000.0,55000.0,annual
Emploi Comptabilité,responsable de dossiers comptables h f,responsable de dossiers comptables h f skills vendée poitou-charentes angoulême - 16 cdi 38 000 - 50 000 an issu e d'une formation en comptabilité réussie d'au moins 3 voir l offre il y a 4 heures,CDI,38 000,50 000 € / an,0,38000.0,50000.0,44000.0,annual
Emploi Comptabilité,collaborateur comptable h f,collaborateur comptable h f skills vendée poitou-charentes cognac - 16 cdi 28 000 - 36 000 an télétravail partiel titulaire d'une formation supérieure en comptabilité expérience confirmée en cabinet d'expertise voir l offre il y a 4 heures,CDI,28 000,36 000 € / an,1,28000.0,36000.0,32000.0,annual
Emploi Comptabilité,comptable service des tutelles h f,comptable service des tutelles h f croix-rouge française saint-pierre - 974 cdi vous êtes titulaire d'un bac 2 3 en comptabilité vous avez déjà une première expérience réussie voir l offre il y a 5 heures,CDI,Saint-Pierre,974,0,,,,
Emploi Comptabilité,comptable international h f,comptable international h f croix-rouge française montrouge - 92 cdd temps partiel 5 mois la générale vous êtes à l'aise avec la gestion de la comptabilité pour réussir sur ce poste vous devrez connaître les principes de voir l offre il y a 5 heures,Temps partiel,Montrouge,92,0,,,,
Emploi Comptabilité,comptable h f,comptable h f croix-rouge française messigny-et-vantoux - 21 cdi temps partiel 12 000 - 14 000 an vous êtes titulaire d'un bac 2 en comptabilité professionnel rigoureux organisé votre sens de la voir l offre il y a 5 heures,Temps partiel,12 000,14 000 € / an,0,12000.0,14000.0,13000.0,annual
Emploi Comptabilité,contrôleur interne 69 h f,contrôleur interne 69 h f groupe mutualia rhône - 69 cdi télétravail partiel recherché vous êtes titulaire d'un diplôme universitaire en finance comptabilité école de commerce et disposez d'un minimum de 2 voir l offre il y a 6 heures,CDI,Rhône,69,1,,,,
Emploi Comptabilité,comptable fournisseurs h f,comptable fournisseurs h f supplay le neubourg - 27 cdi 25 000 - 30 000 an cdi vous êtes un professionnel du secteur de la comptabilité notre client est une entreprise solide et reconnue spécialisée dans voir l offre il y a 6 heures,CDI,25 000,30 000 € / an,0,25000.0,30000.0,27500.0,annual
Emploi Comptabilité,comptable h f,comptable h f supplay mont-saint-aignan - 76 intérim 11 88 - 14 heure 4 mois nous recherchons de candidats dispoible rapidement étant motivée et dynamique voir l offre il y a 6 heures,Intérim,"11,88",14 € / heure,0,19543.0,23030.0,21286.5,hourly
Emploi Comptabilité,aide comptable h f,aide comptable h f supplay la rue-saint-pierre - 76 intérim 11 88 - 13 heure 18 mois en comptabilité et qui ont déjà pu exercer sur le logiciel quadra compta pré-requis demandés - lire une facture - assurer le suivi voir l offre il y a 6 heures,Intérim,"11,88",13 € / heure,0,19543.0,21385.0,20464.0,hourly
Emploi Comptabilité,comptable en gestion locative h f,comptable en gestion locative h f orpi clichy - 92 cdi profil formation - bac 2 minimum en comptabilité bts comptabilité - une expérience professionnelle de 10 ans voir l offre il y a 6 heures,CDI,Clichy,92,0,,,,
Emploi Comptabilité,collaborateur comptable senior private equity h f,collaborateur comptable senior private equity h f momenti paris 8e - 75 cdi 45 000 - 60 000 an télétravail partiel - vous justifiez d'une expérience d'au moins 4 ans en comptabilité equity - une maîtrise professionnelle de l'anglais est appréciée voir l offre il y a 8 heures,CDI,45 000,60 000 € / an,1,45000.0,60000.0,52500.0,annual
Emploi Comptabilité,collaborateur comptable expérimenté h f,collaborateur comptable expérimenté h f nextep hr rouen - 76 cdi 35 000 - 45 000 an télétravail partiel titulaire d'un bac 2 à bac 5 en comptabilité en cabinet d'expertise comptable curiosité sens du service voir l offre il y a 8 heures,CDI,35 000,45 000 € / an,1,35000.0,45000.0,40000.0,annual
Emploi Comptabilité,chargé recouvrement locatif h f,chargé recouvrement locatif h f 3f alfortville - 94 cdd 30 000 - 40 000 an télétravail partiel 1 une première expérience dans un poste similaire vos qualités d'analyse de rigueur votre sens de l'organisation et votre esprit voir l offre il y a 8 heures,CDD,30 000,40 000 € / an,1,30000.0,40000.0,35000.0,annual
Emploi Comptabilité,tours - expert-comptable mémorialiste h f,tours - expert-comptable mémorialiste h f momenti tours - 37 cdi 30 000 - 40 000 an télétravail partiel cabinet d'expertise comptable- solides compétences techniques en comptabilité fiscalité et conseil- autonomie sens des voir l offre il y a 8 heures,CDI,30 000,40 000 € / an,1,30000.0,40000.0,35000.0,annual
Emploi Comptabilité,tours - chef de mission h f,tours - chef de mission h f momenti tours - 37 cdi 35 000 - 60 000 an télétravail partiel ce que nous recherchons - formation spécialisée en comptabilité dcg dscg master cca - expérience significative de voir l offre il y a 8 heures,CDI,35 000,60 000 € / an,1,35000.0,60000.0,47500.0,annual
Emploi Comptabilité,alternant dscg - cabinet d'expertise comptable h f,alternant dscg - cabinet d'expertise comptable h f nextep hr combs-la-ville - 77 cdi 25 000 - 30 000 an télétravail partiel et encadrées participation à la tenue et à la révision comptable d'un portefeuille clients aide à l'établissement des déclarations voir l offre il y a 8 heures,CDI,25 000,30 000 € / an,1,25000.0,30000.0,27500.0,annual
Emploi Comptabilité,comptable h f,comptable h f team emploi sens - 89 cdi 30 000 - 40 000 an télétravail partiel - bts dut dcg - 3 ans d'expérience minimum en comptabilité secteur grande distribution - maîtrise des techniques comptables voir l offre il y a 8 heures,CDI,30 000,40 000 € / an,1,30000.0,40000.0,35000.0,annual
Emploi Comptabilité,tours - collaborateur comptable h f,tours - collaborateur comptable h f momenti tours - 37 cdi 30 000 - 40 000 an télétravail partiel recherchons - une formation bac 5 en comptabilité une première expérience réussie de minimum 2 ans en cabinet comptable- voir l offre il y a 8 heures,CDI,30 000,40 000 € / an,1,30000.0,40000.0,35000.0,annual
Emploi Comptabilité,comptable clients h f,comptable clients h f passion froid - groupe pomona lyon - 69 cdi réductions tarifaires c'est aussi évoluer dans un groupe à l'actionnariat familial stable et être au coeur d'une politique voir l offre il y a 8 heures,CDI,Lyon,69,0,,,,
Emploi Comptabilité,comptable fournisseurs h f,comptable fournisseurs h f groupe actual le chambon-feugerolles - 42 intérim 25 000 - 35 000 an travail de jour 1 formation supérieure en comptabilité expérience significative 2 ans voir l offre il y a 9 heures,Intérim,25 000,35 000 € / an,0,25000.0,35000.0,30000.0,annual
Emploi Comptabilité,comptable h f,comptable h f partnaire orléans - 45 cdi 30 000 an travail de jour 1 des erreurs restent significatives connaître parfaitement la comptabilité agricoles et aux contrats saisonniers intervenir sur la voir l offre il y a 9 heures,CDI,Orléans,45,0,30000.0,30000.0,30000.0,annual
Emploi Comptabilité,comptable general le port h f,comptable general le port h f alter ego le port - 974 intérim 17 - 18 heure travail de jour 1 formation et expérience -bts comptabilité dcg diplôme de comptabilité de gestion dscg diplôme supérieur voir l offre il y a 9 heures,Intérim,17,18 € / heure,0,27965.0,29610.0,28787.5,hourly
Emploi Comptabilité,comptable fournisseurs - temps partiel 80 h f,comptable fournisseurs - temps partiel 80 h f actua ernolsheim-lès-saverne - 67 intérim temps partiel 22 000 - 24 000 an 1 profil recherché - formation ou première expérience en comptabilité organisation et sens du travail en équipe - voir l offre il y a 9 heures,Temps partiel,22 000,24 000 € / an,0,22000.0,24000.0,23000.0,annual
Emploi Comptabilité,agent de recouvrement activites poids lourds h f,agent de recouvrement activites poids lourds h f ad poids lourds lucé - 28 cdi 1 900 - 2 000 mois et de fermeté pour assurer le recouvrement des créances clients - travailler en autonomie tout en collaborant efficacement voir l offre il y a 9 heures,CDI,1 900,2 000 € / mois,0,22800.0,24000.0,23400.0,monthly
Emploi Comptabilité,collaborateur comptable confirmé - conseiller comptable h f,collaborateur comptable confirmé - conseiller comptable h f mercato de l'emploi parthenay - 79 cdi 35 000 - 41 000 an télétravail partiel de 3 à 5 ans en cabinet - autonomie technique en comptabilité - rigueur et sens de l'organisation - aisance relationnelle et sens de voir l offre il y a 9,CDI,35 000,41 000 € / an,1,35000.0,41000.0,38000.0,annual
Emploi Comptabilité,collaborateur comptable confirmé - conseiller comptable h f,collaborateur comptable confirmé - conseiller comptable h f mercato de l'emploi bressuire - 79 cdi 35 000 - 41 000 an télétravail partiel de 3 à 5 ans en cabinet - autonomie technique en comptabilité - rigueur et sens de l'organisation - aisance relationnelle et sens de voir l offre il y a 9,CDI,35 000,41 000 € / an,1,35000.0,41000.0,38000.0,annual
Emploi Comptabilité,collaborateur comptable h f,collaborateur comptable h f mercato de l'emploi bordeaux - 33 cdi 30 000 an postulez dès maintenant envoyez votre cv nous avons hâte de vous rencontrer ref l70z8gfnpt voir l offre il y a 9 heures,CDI,Bordeaux,33,0,30000.0,30000.0,30000.0,annual
Emploi Comptabilité,assistant comptable h f,assistant comptable h f lynx rh toulouse - 31 cdi et engagée profil recherché profil recherché - formation en comptabilité - une première expérience sur un poste similaire est voir l offre il y a 9 heures,CDI,Toulouse,31,0,,,,
Emploi Comptabilité,charge de recouvrement h f,charge de recouvrement h f start people cholet - 49 cdd 2 200 - 2 400 mois 6 mois de votre profil nous vous accueillerons ensuite en agence pour vous faire passer des tests sécurité et finaliser votre inscription voir l offre il y a 9 heures,CDD,2 200,2 400 € / mois,0,26400.0,28800.0,27600.0,monthly
Emploi Comptabilité,comptable - secretariat h f,comptable - secretariat h f start people arques-la-bataille - 76 intérim 11 88 - 12 50 heure 3 mois êtes titulaire du bac avec expérience l'offre est faites pour vous rémunération selon le profil prêt à vous voir l offre il y a 9 heures,Intérim,"11,88","12,50 € / heure",0,19543.0,20562.0,20052.5,hourly
Emploi Comptabilité,aide comptable h f,aide comptable h f start people cognac - 16 cdi 12 - 15 heure vous disposez d'un bac 2 3 en comptabilité vous détenez une aisance sur un voir l offre il y a 9 heures,CDI,12,15 € / heure,0,19740.0,24675.0,22207.5,hourly
Emploi Comptabilité,responsable comptable h f,responsable comptable h f start people la capelle-bleys - 12 cdi 40 000 - 45 000 an et compétences techniques -expertise en gestion de la comptabilité -connaissance approfondie des logiciels comptables et erp sage voir l offre il y a 9 heures,CDI,40 000,45 000 € / an,0,40000.0,45000.0,42500.0,annual
Emploi Comptabilité,collaborateur comptable confirmé h f,collaborateur comptable confirmé h f comptalents saint-grégoire - 35 cdi 30 000 - 38 000 an télétravail partiel gestion d'un portefeuille clients varié - gestion de la comptabilité clients déclarations fiscales révision liasses - gestion voir l offre il y a 9 heures,CDI,30 000,38 000 € / an,1,30000.0,38000.0,34000.0,annual
Emploi Comptabilité,collaborateur comptable confirmé h f,collaborateur comptable confirmé h f talents aec saint-grégoire - 35 cdi 30 000 - 38 000 an télétravail partiel gestion d'un portefeuille clients varié - gestion de la comptabilité clients déclarations fiscales révision liasses - gestion voir l offre il y a 9 heures,CDI,30 000,38 000 € / an,1,30000.0,38000.0,34000.0,annual
Emploi Comptabilité,comptable fournisseurs h f,comptable fournisseurs h f comptalents saint-pierre-du-perray - 91 cdd 30 000 - 33 000 an 6 mois et vous maîtrisez donc la partie inter société ainsi que la comptabilité analytique la connaissance de sage 1000 est un plus le voir l offre il y a 9 heures,CDD,30 000,33 000 € / an,0,30000.0,33000.0,31500.0,annual
Emploi Comptabilité,collaborateur comptable confirmé h f,collaborateur comptable confirmé h f talents aec saint-grégoire - 35 cdi 30 000 - 37 000 an télétravail partiel sur le territoire national il est organisé en différents pôles comptabilité dans le cadre de son développement le cabinet est à - voir l offre il y a 9 heures,CDI,30 000,37 000 € / an,1,30000.0,37000.0,33500.0,annual
Emploi Comptabilité,comptable fournisseurs h f,comptable fournisseurs h f comptalents paris - 75 intérim 25 000 - 35 000 an 2 mois votre profil - vous justifiez d'une première expérience en comptabilité fournisseurs - une connaissance de sap s4 hana est un plus voir l offre il y a 9 heures,Intérim,25 000,35 000 € / an,0,25000.0,35000.0,30000.0,annual
Emploi Comptabilité,expert-comptable h f,expert-comptable h f cocerto cesson-sévigné - 35 cdi télétravail partiel adn c'est pourquoi on se déplace régulièrement sur site afin d'être plus proches du terrain et de mieux comprendre leurs voir l offre il y a 10 heures,CDI,Cesson-Sévigné,35,1,,,,
Emploi Comptabilité,collaborateur comptable sénior h f,collaborateur comptable sénior h f bdo super recruteur saint-gilles-croix-de-vie - 85 cdi 36 000 - 45 000 an télétravail partiel des clients dans un secteur où les évolutions de la réglementation et des solutions technologiques sont importantes voir l offre il y a 10 heures,CDI,36 000,45 000 € / an,1,36000.0,45000.0,40500.0,annual
Emploi Comptabilité,collaborateur comptable - lyon h f,collaborateur comptable - lyon h f numbr lyon 2e - 69 cdi 10 heure télétravail partiel ton avis compte - des outils innovant chez nous la compta - des parcours de formation entièrement conçus par des experts métiers voir l offre il y a 10 heures,CDI,Lyon 2e,69,1,16450.0,16450.0,16450.0,hourly
Emploi Comptabilité,collaborateur confirmé - réviseur comptable h f,collaborateur confirmé - réviseur comptable h f geco recrutement super recruteur royan - 17 cdi 35 000 - 43 000 an de formation supérieure type bts dcg master dscg ou cca vous disposez d'une expérience professionnelle réussie d'au moins 2 ans voir l offre il y a 10 heures,CDI,35 000,43 000 € / an,0,35000.0,43000.0,39000.0,annual
Emploi Comptabilité,collaborateur confirmé - réviseur comptable h f,collaborateur confirmé - réviseur comptable h f geco recrutement super recruteur brive-la-gaillarde - 19 cdi 35 000 - 40 000 an de formation supérieure en comptabilité comptable ou en association voir l offre il y a 10 heures,CDI,35 000,40 000 € / an,0,35000.0,40000.0,37500.0,annual
Emploi Comptabilité,chef de mission expertise comptable h f,chef de mission expertise comptable h f s a associates orléans - 45 cdi 45 000 - 60 000 an parcours et vos objectifs professionnels afin de voir comment nous pouvons vous accompagner au mieux - soumission de votre candidature voir l offre il y a 10 heures,CDI,45 000,60 000 € / an,0,45000.0,60000.0,52500.0,annual
Emploi Comptabilité,comptable général h f,comptable général h f ixora fort-de-france - 972 cdi word powerpoint teams - la connaissance de sage ligne 100 sl compta - vous êtes dynamique et force de proposition - maitrise - voir l offre il y a 10 heures,CDI,Fort-de-France,972,0,,,,
Emploi Comptabilité,comptable général h f,comptable général h f cluxelite super recruteur le lamentin - 972 cdi 35 000 - 38 000 an télétravail occasionnel ou équivalent validé vous justifiez d'une expérience confirmée en comptabilité vous êtes reconnu pour votre rigueur votre sens de voir l offre il y a 10 heures,CDI,35 000,38 000 € / an,1,35000.0,38000.0,36500.0,annual
Emploi Comptabilité,comptable général - trésorier h f,comptable général - trésorier h f les zelles la bresse - 88 cdi 37 000 - 40 000 an vous êtes titulaire au minimum d'un bac 3 en comptabilité significative 10 ans minimum en entreprise ou cabinet en voir l offre il y a 10 heures,CDI,37 000,40 000 € / an,0,37000.0,40000.0,38500.0,annual
Emploi Comptabilité,collaborateur confirmé - réviseur comptable h f,collaborateur confirmé - réviseur comptable h f geco recrutement super recruteur uzerche - 19 cdi 35 000 - 40 000 an autonomie vous avez le sens du travail en équipe vous souhaitez vous investir au sein d'un cabinet convivial et dynamique voir l offre il y a 10 heures,CDI,35 000,40 000 € / an,0,35000.0,40000.0,37500.0,annual
Emploi Comptabilité,assistante recouvrement h f,assistante recouvrement h f ava6 limonest - 69 cdi 26 000 - 30 000 an compétences d'assistant e tes qualités humaines feront la différence cette mission t'intéresse alors postule et viens nous rencontrer voir l offre il y a 10 heures,CDI,26 000,30 000 € / an,0,26000.0,30000.0,28000.0,annual
Emploi Comptabilité,comptable immobilier senior h f,comptable immobilier senior h f sinclair ressources paris 5e - 75 cdi 50 000 - 55 000 an minimum bts dut dcg ou équivalent idéalement - expérience en comptabilité immobilière serait un plus - maîtrise de la fiscalité voir l offre il y a 10 heures,CDI,50 000,55 000 € / an,0,50000.0,55000.0,52500.0,annual
Emploi Comptabilité,chef de mission comptable - cabient bienveillant et dynamique h f,chef de mission comptable - cabient bienveillant et dynamique h f comptalents paris - 75 cdi 45 000 - 60 000 an télétravail partiel - diplômé e d'une formation comptable au minimum bac 2 en comptabilité gestion - vous disposez d'au minimum 5-8 ans d'expérience voir l offre il y a 10 heur,CDI,45 000,60 000 € / an,1,45000.0,60000.0,52500.0,annual
Emploi Comptabilité,collaborateur comptable h f,collaborateur comptable h f juny recrutement paris 9e - 75 cdi télétravail occasionnel de formation type dcg vous disposez d'au moins deux années d'expérience en cabinet comptable alternance comprise voir l offre il y a 10 heures,CDI,Paris 9e,75,1,,,,
Emploi Comptabilité,chargé d'études actuarielles - stage h f,chargé d'études actuarielles - stage h f axa en france nanterre - 92 stage 832 - 1 868 mois vous êtes en master 2 en mathématiques appliquées en data ou en actuariat vous recherchez un stage de 6 voir l offre il y a 10 heures,Stage,832,1 868 € / mois,0,9984.0,22416.0,16200.0,monthly
Emploi Comptabilité,responsable de cabinet expertise-comptable h f,responsable de cabinet expertise-comptable h f peakh mulhouse - 68 cdi 50 000 - 60 000 an télétravail occasionnel un poste d'encadrement notre client apprécie les candidats curieux rigoureux et motivés la confidentialité de votre candidature voir l offre il y a 10 heures,CDI,50 000,60 000 € / an,1,50000.0,60000.0,55000.0,annual
Emploi Comptabilité,collaborateur comptable h f,collaborateur comptable h f talents aec vieux-thann - 68 cdi 32 000 - 35 000 an du cabinet - equipe soudée et stable des évènements restaurants escape game sont régulièrement organisés pour voir l offre il y a 10 heures,CDI,32 000,35 000 € / an,0,32000.0,35000.0,33500.0,annual
Emploi Comptabilité,expert comptable diplômé h f,expert comptable diplômé h f lea super recruteur millau - 12 cdi 60 000 - 80 000 an titulaire du dec vous justifiez d'une expérience significative votre appétence managériale est un atout pour ce poste voir l offre il y a 10 heures,CDI,60 000,80 000 € / an,0,60000.0,80000.0,70000.0,annual
Emploi Comptabilité,collaborateur comptable confirmé h f,collaborateur comptable confirmé h f tac recrutement super recruteur baillargues - 34 cdi 33 000 - 36 000 an télétravail partiel comptable ou agc titulaire d'une formation supérieure en comptabilité la confidentialité de votre candidature est assurée par notre voir l offre il y a 10 heures,CDI,33 000,36 000 € / an,1,33000.0,36000.0,34500.0,annual
Emploi Comptabilité,comptable projets h f,comptable projets h f rh partners toulouse - 31 cdd 30 000 - 35 000 an profil attendu - vous êtes titulaire d'un bac 2 minimum en comptabilité - vous justifiez d'une première expérience réussie en voir l offre il y a 10 heures,CDD,30 000,35 000 € / an,0,30000.0,35000.0,32500.0,annual
Emploi Comptabilité,charge de recouvrement h f,charge de recouvrement h f job link paris 11e - 75 cdi 36 000 an preuve d'organisation d'autonomie et de réactivité - la maîtrise d'un crm ou d'un logiciel de gestion est un plus voir l offre il y a 10 heures,CDI,Paris 11e,75,0,36000.0,36000.0,36000.0,annual
Emploi Comptabilité,expert-comptable diplômé ou mémorialiste - 77 h f,expert-comptable diplômé ou mémorialiste - 77 h f actiforces lieusaint - 77 cdi télétravail partiel - pour les mémorialistes un accompagnement renforcé dans la rédaction du mémoire et sur l'ensemble du parcours de voir l offre il y a 10 heures,CDI,Lieusaint,77,1,,,,
Emploi Comptabilité,expert-comptable diplômé ou mémorialiste - 88 h f,expert-comptable diplômé ou mémorialiste - 88 h f actiforces saint-nabord - 88 cdi télétravail partiel - une charte télétravail permettant jusqu'à 40 jours par an - un engagement fort en matière de voir l offre il y a 10 heures,CDI,Saint-Nabord,88,1,,,,
Emploi Comptabilité,collaborateur comptable h f,collaborateur comptable h f providence paris 16e - 75 cdi 35 000 - 45 000 an télétravail occasionnel excel et les outils comptables - rigueur curiosité aisance relationnelle et esprit d'analyse seront vos meilleurs atouts voir l offre il y a 10 heures,CDI,35 000,45 000 € / an,1,35000.0,45000.0,40000.0,annual
Emploi Comptabilité,collaborateur comptable - chargé de dossiers h f,collaborateur comptable - chargé de dossiers h f geco recrutement super recruteur les herbiers - 85 cdi 35 000 - 43 000 an titulaire d'un bac 2 au minimum en comptabilité cabinet comptable vous souhaitez vous investir dans voir l offre il y a 10 heures,CDI,35 000,43 000 € / an,0,35000.0,43000.0,39000.0,annual
Emploi Comptabilité,collaborateur comptable confirmé h f,collaborateur comptable confirmé h f cabinet filigrane super recruteur auneau-bleury-saint-symphorien - 28 cdi 35 000 - 45 000 an télétravail occasionnel profil recherché vous avez une expérience d'au moins 3 ans en cabinet comptable êtes dynamique voir l offre il y a 10 heures,CDI,35 000,45 000 € / an,1,35000.0,45000.0,40000.0,annual
Emploi Comptabilité,assistant comptable h f,assistant comptable h f institut f2i paris - 75 alternance 24 mois titulaire du baccalaureat vous êtes reconnu e pour votre sens de la confidentialité et autonomie voir l offre il y a 10 heures,Alternance,Paris,75,0,,,,
Emploi Comptabilité,collaborateur comptable h f,collaborateur comptable h f juny recrutement paris 15e - 75 cdi 35 000 - 45 000 an de formation type dcg ou dscg vous disposez de 3 ans en cabinet comptable sur poste similaire voir l offre il y a 10 heures,CDI,35 000,45 000 € / an,0,35000.0,45000.0,40000.0,annual
Emploi Comptabilité,collaborateur comptable confirmé h f,collaborateur comptable confirmé h f cabinet filigrane super recruteur chaillac - 36 cdi 35 000 - 45 000 an télétravail occasionnel pour discuter de vos aspirations et valider votre candidature anonyme auprès du client - présentation détaillée découverte du voir l offre il y a 10 heu,CDI,35 000,45 000 € / an,1,35000.0,45000.0,40000.0,annual
Emploi Comptabilité,collaborateur comptable confirmé h f,collaborateur comptable confirmé h f cabinet filigrane super recruteur vineuil - 41 cdi 35 000 - 45 000 an télétravail occasionnel et formation des opportunités de formation continue et de progression de carrière avantages - voir l offre il y a 10 heures,CDI,35 000,45 000 € / an,1,35000.0,45000.0,40000.0,annual
Emploi Comptabilité,collaborateur comptable confirmé h f,collaborateur comptable confirmé h f cabinet filigrane super recruteur arradon - 56 cdi 35 000 - 45 000 an télétravail occasionnel déclarations mensuelles et annuelles - accompagnement clients conseil personnalisé pour optimiser la gestion financière des entreprises - voir l offre il,CDI,35 000,45 000 € / an,1,35000.0,45000.0,40000.0,annual
Emploi Comptabilité,collaborateur comptable confirmé h f,collaborateur comptable confirmé h f cabinet filigrane super recruteur saint-ouen - 41 cdi 35 000 - 45 000 an télétravail occasionnel - présentation détaillée découverte du poste et du cabinet suivie d'un entretien avec la structure informations voir l offre il y a 10 heures,CDI,35 000,45 000 € / an,1,35000.0,45000.0,40000.0,annual
Emploi Comptabilité,assistant comptable en alternance h f,assistant comptable en alternance h f aftec laval laval - 53 alternance 1 801 80 mois 24 mois une opportunité d'apprentissage pratique dans le domaine de la comptabilité sein d'une entreprise dynamique les missions sous la voir l offre il y a 10 heures,Alternance,Laval,53,0,21622.0,21622.0,21622.0,monthly
Emploi Comptabilité,collaborateur comptable h f,collaborateur comptable h f talents aec toulouse - 31 cdi 30 000 - 40 000 an télétravail partiel 5 poste en cabinet d'expertise comptable - vous bénéficiez d'une formation comptabilité votre candidature sera traitée en toute en voir l offre il y a 10 heures,CDI,30 000,40 000 € / an,1,30000.0,40000.0,35000.0,annual
Emploi Comptabilité,collaborateur comptable h f,collaborateur comptable h f gio recrutement lille - 59 cdi 30 000 - 39 998 an profil recherché - titulaire d'un bac 2 minimum en comptabilité réalisé une alternance dans le cadre de votre formation et voir l offre il y a 10 heures,CDI,30 000,39 998 € / an,0,30000.0,39998.0,34999.0,annual
Emploi Comptabilité,responsable comptable h f,responsable comptable h f gmd eurocast gaillon - 27 cdi opérationnelle et stratégique est à mi-chemin entre la comptabilité contrôle de gestion responsabilités vos principales missions voir l offre il y a 10 heures,CDI,Gaillon,27,0,,,,
Emploi Comptabilité,responsable comptable agricole h f,responsable comptable agricole h f cerfrance picardie nord de seine venette - 60 cdi 36 000 - 50 000 an télétravail partiel profil recherché - expérience en cabinet comptable de plus de 5 ans - maîtrise des voir l offre il y a 10 heures,CDI,36 000,50 000 € / an,1,36000.0,50000.0,43000.0,annual
Emploi Comptabilité,comptable général expérimenté h f,comptable général expérimenté h f lhh recruitment solutions poitiers - 86 cdi 30 000 - 38 000 an comptables vos missions consisteront notamment à - tenir la comptabilité documents comptables produits - produire les états des voir l offre il y a 10 heures,CDI,30 000,38 000 € / an,0,30000.0,38000.0,34000.0,annual
Emploi Comptabilité,assistant comptable bts comptabilité et gestion cabourg14 h f,assistant comptable bts comptabilité et gestion cabourg14 h f aftec caen caen - 14 alternance 24 mois rigoureux précis et impliqué bonnes connaissances des outils bureautiques word excel expérience niveau requis voir l offre il y a 10 heures,Alternance,Caen,14,0,,,,
Emploi Comptabilité,chargé d'études actuarielles réassurance h f,chargé d'études actuarielles réassurance h f finance people super recruteur saint-mandé - 94 cdi 50 000 - 55 000 an formation supérieure en statistique actuariat vous avez au moins 3 années d'expérience sur un poste similaire hors stage et alternance voir l offre il y a 10 heures,CDI,50 000,55 000 € / an,0,50000.0,55000.0,52500.0,annual
Emploi Comptabilité,collaborateur comptable confirme h f,collaborateur comptable confirme h f timtargett besançon - 25 cdi de supérieure type bac 2 dans le domaine de la comptabilité expérience en cabinet d'expertise comptable profils issus du monde de voir l offre il y a 10 heures,CDI,Besançon,25,0,,,,
Emploi Comptabilité,expert-comptable stagiaire h f,expert-comptable stagiaire h f tfd recrutement la farlède - 83 cdi 26 000 - 30 000 an télétravail partiel issu e du dscg vous entreprenez d'obtenir le dec vous êtes de nature dynamique et rigoureux se vous aimez travailler en équipe voir l offre il y a 10 heures,CDI,26 000,30 000 € / an,1,26000.0,30000.0,28000.0,annual
Emploi Comptabilité,comptable de cabinet d'expertise h f,comptable de cabinet d'expertise h f pago partners lambersart - 59 cdi 32 000 - 42 000 an télétravail partiel 2 à 3 ans en cabinet comptable - vous êtes dynamique et pro-actif et vous savez gérer voir l offre il y a 10 heures,CDI,32 000,42 000 € / an,1,32000.0,42000.0,37000.0,annual
Emploi Comptabilité,comptable de cabinet d'expertise h f,comptable de cabinet d'expertise h f pago partners domont - 95 cdi 32 000 - 42 000 an télétravail partiel votre future cabinet je représente un beau cabinet comptable implanté à domont 95 qui accompagne leurs voir l offre il y a 10 heures,CDI,32 000,42 000 € / an,1,32000.0,42000.0,37000.0,annual
Emploi Comptabilité,expert-comptable diplômé ou mémorialiste - 54 h f,expert-comptable diplômé ou mémorialiste - 54 h f actiforces nancy - 54 cdi télétravail partiel rse - un projet d'association accompagné - mobilité interne nationale et internationale - pour les voir l offre il y a 10 heures,CDI,Nancy,54,1,,,,
Emploi Comptabilité,expert-comptable h f,expert-comptable h f in extenso donville-les-bains - 50 cdi télétravail partiel expérience d'au moins 5 ans en management d'équipes pluridisciplinaires vous disposez de solides compétences techniques managériales et voir l offre il y a 10 heures,CDI,Donville-les-Bains,50,1,,,,
Emploi Comptabilité,assistant comptable marché agricole h f,assistant comptable marché agricole h f cerfrance brocéliande montfort-sur-meu - 35 cdi 23 530 - 31 950 an identifier l'origine des problématiques rencontrées votre relationnel reconnu vous permet d'envisager une évolution vers la responsabilité d'un portefeuille clients voir l offre il,CDI,23 530,31 950 € / an,0,23530.0,31950.0,27740.0,annual
Emploi Comptabilité,chargé de recouvrement contentieux h f,chargé de recouvrement contentieux h f tertialis paris 15e - 75 cdi 31 000 - 35 000 an supérieur dans le domaine de l'immobilier ou en droit - expérience réussie d'au moins 3 voir l offre il y a 10 heures,CDI,31 000,35 000 € / an,0,31000.0,35000.0,33000.0,annual
Emploi Comptabilité,comptable général h f,comptable général h f mahé recrutement super recruteur épinal - 88 cdi 37 000 - 45 000 an véritable bras droit du chef comptable vous maîtrisez la comptabilité multi sociétés vous êtes synthétique rigoureux se et vous voir l offre il y a 10 heures,CDI,37 000,45 000 € / an,0,37000.0,45000.0,41000.0,annual
Emploi Comptabilité,comptable de cabinet d'expertise h f,comptable de cabinet d'expertise h f pago partners basse-terre - 971 cdi 32 000 - 42 000 an télétravail partiel sortie de la liasse fiscale - ainsi que le conseil et la fidélisation des clients voir l offre il y a 10 heures,CDI,32 000,42 000 € / an,1,32000.0,42000.0,37000.0,annual
Emploi Comptabilité,manager comptable h f,manager comptable h f in extenso granville - 50 cdi télétravail partiel compétences budget comptabilité management voir l offre il y a 10 heures,CDI,Granville,50,1,,,,
Emploi Comptabilité,collaborateur comptable à fontenay s - bois h f,collaborateur comptable à fontenay s - bois h f ndrh recrutement fontenay-sous-bois - 94 cdi 40 000 - 50 000 an télétravail partiel 40 à 50k selon profil profil recherché - expérience confirmée en comptabilité - autonomie et rigueur - bon relationnel et goût du voir l offre il y a 10 heure,CDI,40 000,50 000 € / an,1,40000.0,50000.0,45000.0,annual
Emploi Comptabilité,expert-comptable diplômé ou mémorialiste - 35 h f,expert-comptable diplômé ou mémorialiste - 35 h f actiforces redon - 35 cdi télétravail partiel jusqu'à l'association - un accompagnement personnalisé par un associé expert-comptable et commissaire aux comptes - des voir l offre il y a 10 heures,CDI,Redon,35,1,,,,
Emploi Comptabilité,collaborateur comptable sénior h f,collaborateur comptable sénior h f talents aec paris - 75 cdi 45 000 - 55 000 an télétravail partiel introduite auprès de la cnil pour en savoir plus sur notre politique de protection de vos données personnelles cliquez ici voir l offre il y a 10 heures,CDI,45 000,55 000 € / an,1,45000.0,55000.0,50000.0,annual
Emploi Comptabilité,collaborateur comptable h f,collaborateur comptable h f ketsuin super recruteur rambouillet - 78 cdi 38 000 - 43 000 an télétravail occasionnel êtes titulaire d'un diplôme ou d'une formation supérieure en comptabilité expérience significative d'au moins 3 années en cabinet voir l offre il y a 10 heures,CDI,38 000,43 000 € / an,1,38000.0,43000.0,40500.0,annual
Emploi Comptabilité,collaborateur comptable confirmé h f,collaborateur comptable confirmé h f kesy partners marseille - 13 cdi 35 000 - 50 000 an télétravail partiel - formation supérieure en comptabilité - expérience significative minimum voir l offre il y a 10 heures,CDI,35 000,50 000 € / an,1,35000.0,50000.0,42500.0,annual
Emploi Comptabilité,collaborateur comptable confirmé h f,collaborateur comptable confirmé h f tfd recrutement salon-de-provence - 13 cdi 29 000 - 37 000 an - titulaire d'un diplôme en comptabilité fiscalité et gestion de la voir l offre il y a 10 heures,CDI,29 000,37 000 € / an,0,29000.0,37000.0,33000.0,annual
Emploi Comptabilité,expert e-comptable h f,expert e-comptable h f tfd recrutement châteaurenard - 13 cdi 70 000 - 90 000 an long terme et justifiez impérativement d'une expérience similaire en tant qu'expert-comptable ou alors vous venez de valider le dec et voir l offre il y a 10 heures,CDI,70 000,90 000 € / an,0,70000.0,90000.0,80000.0,annual
Emploi Comptabilité,trésorier - analyste trésorerie groupe h f,trésorier - analyste trésorerie groupe h f logista france vincennes - 94 cdi 45 000 - 55 000 an télétravail partiel ii en finance comptabilité ou domaine connexe voir l offre il y a 10 heures,CDI,45 000,55 000 € / an,1,45000.0,55000.0,50000.0,annual
Emploi Comptabilité,assistant comptable h f,assistant comptable h f confidence rh super recruteur saint-genis-laval - 69 cdi 28 000 - 35 000 an télétravail occasionnel vous êtes diplômé e en comptabilité alternance incluse vous appréciez voir l offre il y a 10 heures,CDI,28 000,35 000 € / an,1,28000.0,35000.0,31500.0,annual
Emploi Comptabilité,collaborateur comptable confirmé h f,collaborateur comptable confirmé h f cabinet filigrane super recruteur huisseau-sur-mauves - 45 cdi 35 000 - 45 000 an télétravail occasionnel filigrane recrute pour son client collaborateur comptable confirmé h f vous recherchez un environnement de travail moderne voir l offre il y a 10,CDI,35 000,45 000 € / an,1,35000.0,45000.0,40000.0,annual
Emploi Comptabilité,collaborateur comptable sénior h f,collaborateur comptable sénior h f comptalents paris - 75 cdi 45 000 - 55 000 an télétravail partiel en cliquant ici en cas de contestation une réclamation peut être introduite auprès de la cnil pour en savoir plus voir l offre il y a 10 heures,CDI,45 000,55 000 € / an,1,45000.0,55000.0,50000.0,annual
Emploi Comptabilité,assistant comptable - 35h sur 4 5j h f,assistant comptable - 35h sur 4 5j h f talents aec bourgoin-jallieu - 38 cdi 22 000 - 27 000 an télétravail partiel avez à apporter au cabinet - de formation supérieure en comptabilité finance vous justifiez d'une expérience réussie sur un poste voir l offre il y a 10 heures,CDI,22 000,27 000 € / an,1,22000.0,27000.0,24500.0,annual
Emploi Comptabilité,manager comptable - pme h f,manager comptable - pme h f in extenso donville-les-bains - 50 cdi télétravail partiel compétences budget comptabilité management voir l offre il y a 10 heures,CDI,Donville-les-Bains,50,1,,,,
Emploi Comptabilité,collaborateur comptable h f,collaborateur comptable h f cabexperts recrutement clermont-ferrand - 63 cdi 33 000 - 36 000 an télétravail partiel 4 en cabinet comptable vous possédez de solides connaissances en comptabilité et fiscalité vous êtes respectueux se des délais et voir l offre il y a 10 heures,CDI,33 000,36 000 € / an,1,33000.0,36000.0,34500.0,annual
Emploi Comptabilité,collaborateur comptable confirmé h f,collaborateur comptable confirmé h f cabinet filigrane super recruteur henrichemont - 18 cdi 35 000 - 45 000 an télétravail occasionnel processus de recrutement simplifié - échange téléphonique premier contact avec filigrane pour discuter de vos aspirations et voir l offre il y a 10 h,CDI,35 000,45 000 € / an,1,35000.0,45000.0,40000.0,annual
Emploi Comptabilité,collaborateur comptable confirmé h f,collaborateur comptable confirmé h f cabinet filigrane super recruteur déols - 36 cdi 35 000 - 45 000 an télétravail occasionnel - gestion comptable révision des comptes réconciliation bancaire suivi et clôture des comptes - déclarations fiscales voir l offre il y a 10 heures,CDI,35 000,45 000 € / an,1,35000.0,45000.0,40000.0,annual
Emploi Comptabilité,collaborateur comptable confirmé h f,collaborateur comptable confirmé h f cabinet filigrane super recruteur lignières - 18 cdi 35 000 - 45 000 an télétravail occasionnel carrière votre rôle en tant que collaborateur comptable en tant que membre clé voir l offre il y a 10 heures,CDI,35 000,45 000 € / an,1,35000.0,45000.0,40000.0,annual
Emploi Comptabilité,collaborateur comptable confirmé h f,collaborateur comptable confirmé h f cabinet filigrane super recruteur fondettes - 37 cdi 35 000 - 45 000 an télétravail occasionnel pour développer votre carrière votre rôle en tant que collaborateur comptable en tant voir l offre il y a 10 heures,CDI,35 000,45 000 € / an,1,35000.0,45000.0,40000.0,annual
Emploi Comptabilité,chef de mission h f,chef de mission h f lea super recruteur perpignan - 66 cdi 40 000 - 45 000 an profil recherché - formation bac 3 à bac 5 en comptabilité - expérience minimum 4 à 5 ans en cabinet d'expertise voir l offre il y a 10 heures,CDI,40 000,45 000 € / an,0,40000.0,45000.0,42500.0,annual
Emploi Comptabilité,comptable h f,comptable h f solution recrutement cdi cdd super recruteur lavelanet - 09 cdi 30 000 - 35 000 an le candidat idéal si - vous êtes titulaire d'un bac 2 en comptabilité d'au moins 5 ans d'expérience dans le domaine - vous êtes voir l offre il y a 10 heures,CDI,30 000,35 000 € / an,0,30000.0,35000.0,32500.0,annual
Emploi Comptabilité,collaborateur comptable confirmé h f,collaborateur comptable confirmé h f cabinet filigrane super recruteur ardentes - 36 cdi 35 000 - 45 000 an télétravail occasionnel allie innovation esprit collaboratif et accompagnement personnalisé pour développer votre carrière votre rôle en tant que collaborateur voir l offre il y a,CDI,35 000,45 000 € / an,1,35000.0,45000.0,40000.0,annual
Emploi Comptabilité,collaborateur comptable h f,collaborateur comptable h f mayer consulting fréjus - 83 cdi 35 000 - 40 000 an télétravail partiel etre force de proposition sérieux sens du relationnel esprit d'équipe réactivité voir l offre il y a 10 heures,CDI,35 000,40 000 € / an,1,35000.0,40000.0,37500.0,annual
Emploi Comptabilité,chef de mission expertise comptable h f,chef de mission expertise comptable h f lea super recruteur montpellier - 34 cdi 45 000 - 52 000 an participation aux rendez-vous bilan profil recherché - diplôme en comptabilité ou finance - expérience d'au moins 6 ans en cabinet voir l offre il y a 10 heures,CDI,45 000,52 000 € / an,0,45000.0,52000.0,48500.0,annual
Emploi Comptabilité,collaborateur comptable autonome h f,collaborateur comptable autonome h f tac recrutement super recruteur narbonne - 11 cdi 30 000 - 36 000 an télétravail partiel comptable ou agc titulaire d'une formation supérieure en comptabilité la confidentialité de votre candidature est assurée par notre voir l offre il y a 10 heures,CDI,30 000,36 000 € / an,1,30000.0,36000.0,33000.0,annual
Emploi Comptabilité,collaborateur comptable h f,collaborateur comptable h f behive super recruteur montrevel-en-bresse - 01 cdi 30 000 - 40 000 an télétravail partiel issu e d'une formation bac 2 ou supérieur en comptabilité expérience d'au moins 3 ans acquise en cabinet voir l offre il y a 10 heures,CDI,30 000,40 000 € / an,1,30000.0,40000.0,35000.0,annual
Emploi Comptabilité,collaborateur comptable confirmé h f,collaborateur comptable confirmé h f cabinet filigrane super recruteur buzançais - 36 cdi 35 000 - 45 000 an télétravail occasionnel - analyse et reporting production de rapports financiers et d'analyses stratégiques pour éclairer les décisions des clients voir l offre il y a 10 heure,CDI,35 000,45 000 € / an,1,35000.0,45000.0,40000.0,annual
Emploi Ressources Humaines,gestionnaire de paie h f,gestionnaire de paie h f cette entreprise souhaite rester anonyme serres-castet - 64 cdi 14 - 15 heure - bonne logique comptables - connaissance des logiciels silae et kélio serait un plus - bon relationnel voir l offre moins d'une heure,CDI,14,15 € / heure,0,23030.0,24675.0,23852.5,hourly
Emploi Ressources Humaines,chargé de recrutement à saint herblain h f,chargé de recrutement à saint herblain h f derichebourg interim saint-herblain - 44 cdi 2 000 mois expérience vous souhaitez travailler dans les ressources humaines avec ou sans expérience nous recherchons une personne polyvalente à l'aise voir l offre moins d'une heure,CDI,Saint-Herblain,44,0,24000.0,24000.0,24000.0,monthly
Emploi Ressources Humaines,responsable relations sociales cdd h f,responsable relations sociales cdd h f michael page intérim management roissy-en-france - 95 cdd 60 000 - 62 000 an 8 mois dans un secteur à forte main d'oeuvre vous maîtrisez les outils bureautiques et avez une bonne aisance rédactionnelle voir l offre moins d'une heure,CDD,60 000,62 000 € / an,0,60000.0,62000.0,61000.0,annual
Emploi Ressources Humaines,responsable d'agence sav h f,responsable d'agence sav h f page personnel chassieu - 69 cdi 43 000 - 47 000 an vous devez être doté e de capacité à organiser anticiper et fédérer une équipe rigueur sens du service client et maîtrise des voir l offre moins d'une heure,CDI,43 000,47 000 € / an,0,43000.0,47000.0,45000.0,annual
Emploi Ressources Humaines,gestionnaire paie h f,gestionnaire paie h f skills rennes changé - 53 cdi 28 000 - 33 000 an ses collaborateurs et un cabinet partenaire de skills rennes reconnu pour la qualité de son accompagnement et son exigence professionnelle voir l offre moins d'une heure,CDI,28 000,33 000 € / an,0,28000.0,33000.0,30500.0,annual
Emploi Ressources Humaines,gestionnaire de paie h f,gestionnaire de paie h f skills montigny vélizy-villacoublay - 78 intérim 35 000 - 45 000 an environnement structuré et exigeant vous serez amené e à contribuer activement à la fiabilité de la paie et à la qualité voir l offre moins d'une heure,Intérim,35 000,45 000 € / an,0,35000.0,45000.0,40000.0,annual
Emploi Ressources Humaines,gestionnaire de paie h f,gestionnaire de paie h f skills lyon lyon 9e - 69 cdi 30 000 - 32 000 an en gestion de la paie rh ou comptabilité - expérience significative 2 à 3 ans en gestion de la paie voir l offre moins d'une heure,CDI,30 000,32 000 € / an,0,30000.0,32000.0,31000.0,annual
Emploi Ressources Humaines,responsable d'agence h f,responsable d'agence h f skills vendée poitou-charentes les herbiers - 85 cdi 40 000 - 60 000 an télétravail partiel métier et souhaitez rejoindre une structure à taille humaine offrant de belles perspectives d'évolution ce poste est fait pour vous voir l offre moins d'une heure,CDI,40 000,60 000 € / an,1,40000.0,60000.0,50000.0,annual
Emploi Ressources Humaines,responsable d'agence h f,responsable d'agence h f skills grenoble moirans - 38 cdi 47 000 - 55 000 an nous recherchons un e responsable d'agence doté e d'une expérience significative dans la gestion d'agence ou de cabinet en expertise comptable vous voir l offre moins d'une heure,CDI,47 000,55 000 € / an,0,47000.0,55000.0,51000.0,annual
Emploi Ressources Humaines,responsable agence h f,responsable agence h f skills grenoble beaurepaire - 38 cdi 55 000 - 65 000 an pour ce poste de responsable d'agence en cabinet d'expertise comptable nous recherchons un e professionnel le rigoureux se engagé e et doté e d'un fort voir l offre moins d'une heure,CDI,55 000,65 000 € / an,0,55000.0,65000.0,60000.0,annual
Emploi Ressources Humaines,gestionnaire de paie h f,gestionnaire de paie h f skills lyon thionville - 57 cdi 27 000 - 32 000 an expérience confirmée de 2 à 3 ans minimum en gestion de paie - connaissance approfondie de la législation sociale des voir l offre moins d'une heure,CDI,27 000,32 000 € / an,0,27000.0,32000.0,29500.0,annual
Emploi Ressources Humaines,consultant en recrutement h f,consultant en recrutement h f skills paris grenoble - 38 cdi 36 000 - 46 000 an solides compétences organisationnelles et capacité à gérer plusieurs processus de recrutement simultanément - esprit d'analyse et capacité à utiliser les voir l offre moins d'une heure,CDI,36 000,46 000 € / an,0,36000.0,46000.0,41000.0,annual
Emploi Ressources Humaines,gestionnaire de paie h f,gestionnaire de paie h f skills lyon nancy - 54 cdi 28 000 - 38 000 an autonome et dotée d'un excellent sens de l'organisation pour occuper ce poste de gestionnaire de paie vous justifiez voir l offre moins d'une heure,CDI,28 000,38 000 € / an,0,28000.0,38000.0,33000.0,annual
Emploi Ressources Humaines,responsable paie h f,responsable paie h f skills vendée poitou-charentes poitiers - 86 cdi 35 000 - 40 000 an télétravail partiel capacité d'analyse et veille juridique proactive - organisation et discrétion dans le traitement des données sensibles ce poste offre voir l offre moins d'une heure,CDI,35 000,40 000 € / an,1,35000.0,40000.0,37500.0,annual
Emploi Ressources Humaines,gestionnaire de paie h f,gestionnaire de paie h f skills vendée poitou-charentes lagord - 17 cdi 28 000 - 32 000 an un portefeuille clients important vous êtes rigoureux se organisé e et capable de travailler de manière autonome tout en étant réactif ve face voir l offre moins d'une heure,CDI,28 000,32 000 € / an,0,28000.0,32000.0,30000.0,annual
Emploi Ressources Humaines,gestionnaire paie h f,gestionnaire paie h f skills paris paris 2e - 75 cdi 30 000 - 35 000 an le profil recherché est de formation bac 2 minimum en gestion des ressources humaines ou en comptabilité vous voir l offre moins d'une heure,CDI,30 000,35 000 € / an,0,30000.0,35000.0,32500.0,annual
Emploi Ressources Humaines,gestionnaire de paie confirmé h f,gestionnaire de paie confirmé h f skills lyon saint-didier-au-mont-d'or - 69 cdi 33 000 - 38 000 an télétravail partiel - capacité à gérer plusieurs dossiers simultanément avec rigueur et autonomie - aisance relationnelle et sens du voir l offre moins d'une heure,CDI,33 000,38 000 € / an,1,33000.0,38000.0,35500.0,annual
Emploi Ressources Humaines,responsable d'agence comptable h f,responsable d'agence comptable h f skills grenoble moirans - 38 cdi 47 000 - 55 000 an dynamique et stimulant ce poste est fait pour vous rejoignez une équipe ambitieuse et contribuez au succès du cabinet dans voir l offre moins d'une heure,CDI,47 000,55 000 € / an,0,47000.0,55000.0,51000.0,annual
Emploi Ressources Humaines,gestionnaire de paie h f,gestionnaire de paie h f skills lyon metz - 57 cdi 26 000 - 32 000 an conventions collectives - expérience dans la gestion des déclarations sociales des cotisations et des obligations réglementaires - capacité à suivre voir l offre moins d'une heure,CDI,26 000,32 000 € / an,0,26000.0,32000.0,29000.0,annual
Emploi Ressources Humaines,gestionnaire de paie h f,gestionnaire de paie h f skills grenoble chambéry - 73 cdi 30 000 - 35 000 an du travail en équipe vous aimez évoluer dans un cadre professionnel stimulant où l'autonomie va de pair avec l'esprit voir l offre moins d'une heure,CDI,30 000,35 000 € / an,0,30000.0,35000.0,32500.0,annual
Emploi Ressources Humaines,gestionnaire de paie h f,gestionnaire de paie h f skills vendée poitou-charentes les sables-d'olonne - 85 cdi 30 000 - 38 000 an d'évolution une montée en compétences est envisageable grâce à l'accompagnement des responsables de pôle et à des formations internes régulières voir l offre il y a 3 heures,CDI,30 000,38 000 € / an,0,30000.0,38000.0,34000.0,annual
Emploi Ressources Humaines,contrôleur de gestion sociale et rémunération h f,contrôleur de gestion sociale et rémunération h f skills massy ivry-sur-seine - 94 intérim 45 000 - 51 000 an universitaire - première expérience réussie en rémunération contrôle de gestion sociale ou analyse rh - excellentes voir l offre il y a 3 heures,Intérim,45 000,51 000 € / an,0,45000.0,51000.0,48000.0,annual
Emploi Ressources Humaines,responsable social h f,responsable social h f skills nice fréjus - 83 cdi 35 000 - 45 000 an problématiques sociales complexes - sens du service client et aisance relationnelle capable de conseiller et d'accompagner les dirigeants voir l offre il y a 3 heures,CDI,35 000,45 000 € / an,0,35000.0,45000.0,40000.0,annual
Emploi Ressources Humaines,responsable ressources humaines magasin h f,responsable ressources humaines magasin h f leroy merlin saint-priest-en-jarez - 42 cdi 41 000 - 46 000 an arriver à n'importe quel moment - ne pas considérer le recrutement comme un fil rouge régulier - penser voir l offre il y a 4 heures,CDI,41 000,46 000 € / an,0,41000.0,46000.0,43500.0,annual
Emploi Ressources Humaines,consultant en recrutement indépendant h f,consultant en recrutement indépendant h f mistertemp' massy - 91 indépendant contrats paie facturation déclarations le soutien de proximité de l'agence lynx voir l offre il y a 6 heures,,Massy,91,0,,,,
Emploi Ressources Humaines,entreprenez dans le recrutement - recruteur indépendant - mistertemp' group poitiers h f,entreprenez dans le recrutement - recruteur indépendant - mistertemp' group poitiers h f mistertemp' poitiers - 86 indépendant - un groupe en forte croissance réalisant plus de 420 millions d'euros de ca - voir l offre il y a 8 heures,,Poitiers,86,0,,,,
Emploi Ressources Humaines,consultant en recrutement indépendant toulouse h f,consultant en recrutement indépendant toulouse h f mistertemp' saint-jean - 31 indépendant disposant d'un réseau de contacts dans la région le groupe vous accompagne dans le développement commercial de votre activité sur voir l offre il y a 8 heures,,Saint-Jean,31,0,,,,
Emploi Ressources Humaines,consultant en recrutement indépendant aubagne h f,consultant en recrutement indépendant aubagne h f mistertemp' aubagne - 13 indépendant vous avez un intérêt pour la découverte des métiers afin d'être meilleur voir l offre il y a 8 heures,,Aubagne,13,0,,,,
Emploi Ressources Humaines,devenez consultant en recrutement indépendant - accompagné par mistertemp' group saint-brieuc h f,devenez consultant en recrutement indépendant - accompagné par mistertemp' group saint-brieuc h f mistertemp' saint-brieuc - 22 indépendant votre mission - développer votre portefeuille clients sur tous secteurs d'activité - gérer vos voir l offre il y a 8 heures,,Saint-Brieuc,22,0,,,,
Emploi Ressources Humaines,consultant en recrutement indépendant h f,consultant en recrutement indépendant h f mistertemp' montblanc - 34 indépendant nous accueillons les candidatures des personnes de tout genre âge ethnie nationalité religion orientation sexuelle et handicap voir l offre il y a 8 heures,,Montblanc,34,0,,,,
Emploi Ressources Humaines,consultant en recrutement indépendant mâcon h f,consultant en recrutement indépendant mâcon h f mistertemp' mâcon - 71 indépendant vous-même de gérer votre planning librement et d'être rémunéré e à la hauteur de vos efforts - voir l offre il y a 8 heures,,Mâcon,71,0,,,,
Emploi Ressources Humaines,consultant en recrutement indépendant - angers h f,consultant en recrutement indépendant - angers h f mistertemp' angers - 49 indépendant un soutien administratif complet gestion des heures déclarations contrats factures etc assuré par l'agence aquila rh angers voir l offre il y a 8 heures,,Angers,49,0,,,,
Emploi Ressources Humaines,consultant en recrutement indépendant h f,consultant en recrutement indépendant h f mistertemp' saint-paul-trois-châteaux - 26 indépendant une formation personnalisée et un onboarding complet voir l offre il y a 8 heures,,Saint-Paul-Trois-Châteaux,26,0,,,,
Emploi Ressources Humaines,devenez consultant en recrutement indépendant à la mulatière h f,devenez consultant en recrutement indépendant à la mulatière h f mistertemp' bron - 69 indépendant collaborez avec l'agence aquila rh la mulatière et son équipe déjà implantée sur le secteur - simplicité voir l offre il y a 8 heures,,Bron,69,0,,,,
Emploi Ressources Humaines,consultant en recrutement indépendant h f,consultant en recrutement indépendant h f mistertemp' aix-en-provence - 13 indépendant fibre commerciale reconnue informations complémentaires type de contrat autre voir l offre il y a 8 heures,,Aix-en-Provence,13,0,,,,
Emploi Ressources Humaines,consultant en recrutement indépendant - aix en provence h f,consultant en recrutement indépendant - aix en provence h f mistertemp' aix-en-provence - 13 indépendant une rémunération attractive indexée sur vos performances pré-requis pré-requis devenir voir l offre il y a 8 heures,,Aix-en-Provence,13,0,,,,
Emploi Ressources Humaines,consultant en recrutement indépendant goussainville h f,consultant en recrutement indépendant goussainville h f mistertemp' goussainville - 95 indépendant propre réussite grâce à votre engagement et votre rigueur avantages voir l offre il y a 8 heures,,Goussainville,95,0,,,,
Emploi Ressources Humaines,consultant en recrutement indépendant h f,consultant en recrutement indépendant h f mistertemp' saint-jean - 31 indépendant les outils digitaux vous avez une véritable sensibilité pour les métiers voir l offre il y a 8 heures,,Saint-Jean,31,0,,,,
Emploi Ressources Humaines,consultant en recrutement indépendant rosny sous-bois h f,consultant en recrutement indépendant rosny sous-bois h f mistertemp' rosny-sous-bois - 93 indépendant accès aux principaux jobboards et multidiffusion d'annonces pour maximiser votre sourcing voir l offre il y a 8 heures,,Rosny-sous-Bois,93,0,,,,
Emploi Ressources Humaines,chargé de recrutement h f,chargé de recrutement h f aboutir emploi la rochelle - 17 cdi 1 900 - 2 000 mois vous aimez le challenge et vous souhaitez un poste polyvalent alors n'hésitez plus à candidater en nous envoyant votre cv voir l offre il y a 8 heures,CDI,1 900,2 000 € / mois,0,22800.0,24000.0,23400.0,monthly
Emploi Ressources Humaines,chargé de recrutement h f,chargé de recrutement h f adeva nantes ouest saint-herblain - 44 cdi une expérience stimulante où l'ennui n'a pas sa place mes avantages - une mutuelle santé voir l offre il y a 8 heures,CDI,Saint-Herblain,44,0,,,,
Emploi Ressources Humaines,responsable d'agence grenoble ou environs h f,responsable d'agence grenoble ou environs h f jubil intérim sassenage - 38 cdi 35 000 - 50 000 an télétravail partiel ayant un bac 2 minimum vous avez une expérience dans la prestation de services btob et une bonne connaissance du voir l offre il y a 8 heures,CDI,35 000,50 000 € / an,1,35000.0,50000.0,42500.0,annual
Emploi Ressources Humaines,responsable compensation and benefits h f,responsable compensation and benefits h f cette entreprise souhaite rester anonyme paris 8e - 75 cdd 60 000 - 90 000 an télétravail partiel 1 une fonction similaire en rémunération paie ou adp dans un rôle à forte responsabilité opérationnelle avec un anglais professionnel requis voir l,CDD,60 000,90 000 € / an,1,60000.0,90000.0,75000.0,annual
Emploi Ressources Humaines,technicien paie h f,technicien paie h f expectra colomiers - 31 intérim 30 000 - 34 000 an télétravail partiel 1 5 ans d'expérience dans un rôle similaire - solide maîtrise de la paie et des logiciels adp et horoquartz - voir l offre il y a 8 heures,Intérim,30 000,34 000 € / an,1,30000.0,34000.0,32000.0,annual
Emploi Ressources Humaines,talent acquisition fonctions commerciales h f,talent acquisition fonctions commerciales h f capgemini issy-les-moulineaux - 92 cdd télétravail occasionnel 6 mois appétence pour la chasse via linkedin le challenge et la négociation vous êtes curieux perséverant rigoureux et discret voir l offre il y a 9 heures,CDD,Issy-les-Moulineaux,92,1,,,,
Emploi Ressources Humaines,chargé de recrutement h f,chargé de recrutement h f partnaire saint-gilles-croix-de-vie - 85 cdi 22 000 - 25 000 an travail de jour serait un atout votre capacité à vous approprier notre culture d'entreprise votre sens du service ainsi que votre voir l offre il y a 9 heures,CDI,22 000,25 000 € / an,0,22000.0,25000.0,23500.0,annual
Emploi Ressources Humaines,chargé de recrutement h f,chargé de recrutement h f groupe actual toulouse - 31 cdi 25 000 - 30 000 an travail de jour travail temporaire une bonne connaissance du bassin d'emploi local serait un atout supplémentaire doté e d'un excellent sens voir l offre il y a 9 heures,CDI,25 000,30 000 € / an,0,25000.0,30000.0,27500.0,annual
Emploi Ressources Humaines,gestionnaire de paie h f,gestionnaire de paie h f groupe actual saint-denis-la-chevasse - 85 intérim 2 000 - 2 900 mois travail de jour 2 vous appréciez les environnements dynamiques les équipes autonomes et la proximité terrain bonus voir l offre il y a 9 heures,Intérim,2 000,2 900 € / mois,0,24000.0,34800.0,29400.0,monthly
Emploi Ressources Humaines,responsable d'agence h f,responsable d'agence h f triangle intérim angoulême - 16 cdi 35 000 - 40 000 an de terrain vous avez un réel goût du challenge et un vrai sens du contact une expérience réussie dans le voir l offre il y a 9 heures,CDI,35 000,40 000 € / an,0,35000.0,40000.0,37500.0,annual
Emploi Ressources Humaines,consultant recrutement h f,consultant recrutement h f triangle intérim angoulême - 16 cdi 2 000 - 2 500 mois talents vous maitrisez le sourcing sur le bout des doigts vous êtes proactif dynamique et passionné e par le recrutement vous voir l offre il y a 9 heures,CDI,2 000,2 500 € / mois,0,24000.0,30000.0,27000.0,monthly
Emploi Ressources Humaines,assistant rh h f,assistant rh h f groupe actual vieillevigne - 44 intérim 11 88 - 12 heure travail de jour 1 gérer les tâches administratives avec précision est essentielle une attention particulière aux détails et un sens aigu de l'organisation sont voir l offre il y a 9 heures,Intérim,"11,88",12 € / heure,0,19543.0,19740.0,19641.5,hourly
Emploi Ressources Humaines,stage gestionnaire rh - administration du personnel h f,stage gestionnaire rh - administration du personnel h f merieux nutrisciences silliker super recruteur cergy - 95 stage 6 mois à gérer plusieurs missions en parallèle environnement de travail stage réalisé en open space au sein d'une équipe voir l offre il y a 9 heures,Stage,Cergy,95,0,,,,
Emploi Ressources Humaines,assistant d'agence - chargé de recrutement h f,assistant d'agence - chargé de recrutement h f sup interim saint-vit - 25 cdi 12 heure travail de jour humain le travail en équipe et les journées bien remplies - à l'aise avec les outils digitaux et les réseaux voir l offre il y a 9 heures,CDI,Saint-Vit,25,0,19740.0,19740.0,19740.0,hourly
Emploi Ressources Humaines,responsable paie et administration du personnel - france et international h f,responsable paie et administration du personnel - france et international h f ponant marseille - 13 cdi télétravail occasionnel sujets en parallèle et travaillez efficacement en équipe de manière transverse votre esprit de synthèse et d'analyse vous permet voir l offre il y a 9 heures,CDI,Marseille,13,1,,,,
Emploi Ressources Humaines,responsable d'agence h f,responsable d'agence h f vitalliance siège super recruteur saint-andré-de-cubzac - 33 cdi 2 500 - 3 000 mois sur le terrain et travailler en équipe - vous êtes autonome et avez envie de faire partie d'une aventure voir l offre il y a 9 heures,CDI,2 500,3 000 € / mois,0,30000.0,36000.0,33000.0,monthly
Emploi Ressources Humaines,gestionnaire de paie h f,gestionnaire de paie h f mercato de l'emploi auray - 56 cdi 28 000 - 36 000 an du paramétrage du logiciel serait fortement appréciée très attentif ve à la confidentialité et à la qualité du voir l offre il y a 9 heures,CDI,28 000,36 000 € / an,0,28000.0,36000.0,32000.0,annual
Emploi Ressources Humaines,responsable rh h f,responsable rh h f armonia super recruteur paris - 75 cdi 3 400 - 3 650 mois télétravail partiel des managers - rigueur juridique et sens des priorités - autonomie réactivité et capacité à gérer des sujets voir l offre il y a 9 heures,CDI,3 400,3 650 € / mois,1,40800.0,43800.0,42300.0,monthly
Emploi Ressources Humaines,assistant chargé de recrutement - stage h f,assistant chargé de recrutement - stage h f lynx rh nancy - 54 stage 121 jours que tout roule - participer activement à la vie de l'agence et aux projets rh voir l offre il y a 9 heures,Stage,Nancy,54,0,,,,
Emploi Ressources Humaines,gestionnaire paie et administration du personnel h f,gestionnaire paie et administration du personnel h f lynx rh le kremlin-bicêtre - 94 intérim 31 999 - 32 000 an 68 jours vos missions - recevoir et analyser les demandes d'attestations émises par les collaborateurs voir l offre il y a 9 heures,Intérim,31 999,32 000 € / an,0,31999.0,32000.0,31999.5,annual
Emploi Ressources Humaines,consultant en recrutement h f,consultant en recrutement h f aquila rh gagny - 93 cdi tout au long du processus de recrutement - développer et maintenir des relations solides avec nos clients et comprendre leurs voir l offre il y a 9 heures,CDI,Gagny,93,0,,,,
Emploi Ressources Humaines,assistant formation h f,assistant formation h f lynx rh nanterre - 92 intérim 36 000 - 38 999 an 32 jours informations complémentaires type de contrat intérim temps de travail voir l offre il y a 9 heures,Intérim,36 000,38 999 € / an,0,36000.0,38999.0,37499.5,annual
Emploi Ressources Humaines,responsable ressources humaines h f,responsable ressources humaines h f start people bouxwiller - 67 cdi 3 750 mois 5 ans sur un poste similaire -vous maîtriser la législation du travail et de la paie -vous avez voir l offre il y a 9 heures,CDI,Bouxwiller,67,0,45000.0,45000.0,45000.0,monthly
Emploi Ressources Humaines,assistant rh h f,assistant rh h f start people holtzheim - 67 intérim 13 - 15 heure 3 mois l'outil informatique et du pack office word et excel votre rigueur dynamisme autonomie et discrétion seront des qualités indispensables dans voir l offre il y a 9 heures,Intérim,13,15 € / heure,0,21385.0,24675.0,23030.0,hourly
Emploi Ressources Humaines,assistant d'agence h f,assistant d'agence h f azaé béthune - 62 cdi 13 heure voir nos collaborateurs grandir et s'épanouir notre philosophie de recrutement rassembler des talents et contribuer à leur bien-être voir l offre il y a 9 heures,CDI,Béthune,62,0,21385.0,21385.0,21385.0,hourly
Emploi Ressources Humaines,chargé de recrutement h f,chargé de recrutement h f synergie nantes - 44 cdd 20 000 - 25 000 an à conditions de nombreux avantages via un cse national horaires de journées 12 rtt an matériel informatique mis voir l offre il y a 9 heures,CDD,20 000,25 000 € / an,0,20000.0,25000.0,22500.0,annual
Emploi Ressources Humaines,chef de projet paie h f,chef de projet paie h f pay job paris - 75 cdi 35 000 - 40 000 an - faire un audit des pratiques de paies actuelles en lien avec la réglementation du travail la ccn et voir l offre il y a 9 heures,CDI,35 000,40 000 € / an,0,35000.0,40000.0,37500.0,annual
Emploi Ressources Humaines,gestionnaire de paie h f,gestionnaire de paie h f pay job soisy-sur-seine - 91 intérim 30 000 - 33 000 an pay job cabinet de recrutement spécialisé en paie vous propose régulièrement des offres d'emploi ciblées gestionnaire responsable paie adp voir l offre il y a 9 heures,Intérim,30 000,33 000 € / an,0,30000.0,33000.0,31500.0,annual
Emploi Ressources Humaines,gestionnaire administration du personnel h f,gestionnaire administration du personnel h f pay job saint-ouen-l'aumône - 95 intérim 35 000 - 38 000 an télétravail partiel pay job cabinet de recrutement spécialisé en paie vous propose régulièrement des offres d'emploi ciblées gestionnaire responsable paie adp voir l offre il y a 9 h,Intérim,35 000,38 000 € / an,1,35000.0,38000.0,36500.0,annual
Emploi Ressources Humaines,gestionnaire paie et adp h f,gestionnaire paie et adp h f pay job ivry-sur-seine - 94 intérim 40 000 - 42 000 an bon relationnel et rédactionnel statut non cadre 35 heures rémunération 35 42k sur voir l offre il y a 9 heures,Intérim,40 000,42 000 € / an,0,40000.0,42000.0,41000.0,annual
Emploi Ressources Humaines,alternance - assistant de ressources humaines h f,alternance - assistant de ressources humaines h f studi cfa sète - 34 alternance 486 49 - 1 801 80 mois niveau ou porteurs d'un projet de création reprise d'entreprise seuls les candidats intéressés pour suivre une formation studi voir l offre il y a 10 heures,Alternance,"486,49","1 801,80 € / mois",0,5838.0,21622.0,13730.0,monthly
Emploi Ressources Humaines,recrutement interne h f,recrutement interne h f feelinks super recruteur toulouse - 31 cdi des services modernes et adaptés à leurs besoins le projet casser les codes du recrutement classique en promouvant un voir l offre il y a 10 heures,CDI,Toulouse,31,0,,,,
Emploi Ressources Humaines,chef de projet rh - stage h f,chef de projet rh - stage h f pierre fabre haute-garonne - 31 stage télétravail partiel reconnue d'utilité publique et secondairement par ses collaborateurs à travers un plan d'actionnariat salarié en 2021 ecocert environnement a voir l offre il y a 10 heures,Stage,Haute-Garonne,31,1,,,,
Emploi Ressources Humaines,rsp compensations et bénéfices h f,rsp compensations et bénéfices h f lhh recruitment solutions boulogne-billancourt - 92 cdi 100 000 - 105 000 an de vos ambitions nos spécialistes en recrutement vous conseillent et vous guident afin de vous épanouir et d'atteindre la prochaine voir l offre il y a 10 heures,CDI,100 000,105 000 € / an,0,100000.0,105000.0,102500.0,annual
Emploi Ressources Humaines,alternance- assistantadministratif bts sam h f,alternance- assistantadministratif bts sam h f institut f2i paris - 75 alternance 1 801 80 mois 24 mois un poste similaire vous êtes le profil idéal cette offre est à pourvoir exclusivement via notre école voir l offre il y a 10 heures,Alternance,Paris,75,0,21622.0,21622.0,21622.0,monthly
Emploi Ressources Humaines,chargé de recrutement en alternance h f,chargé de recrutement en alternance h f groupe alternance toulon toulon - 83 alternance 12 mois grâce à un accompagnement personnalisé et un réseau de partenaires unique c'est la garantie de démarrer votre alternance en apprentissage voir l offre il y a 10 heures,Alternance,Toulon,83,0,,,,
Emploi Ressources Humaines,chargée de recrutement en alternance h f,chargée de recrutement en alternance h f groupe alternance aix-en-provence aix-en-provence - 13 alternance 774 - 1 801 mois 24 mois gratuite aucun frais d'inscription ni de scolarité - un accompagnement pédagogique personnalisé - des perspectives d'embauche réelles à l'issue de voir l o,Alternance,774,1 801 € / mois,0,9288.0,21612.0,15450.0,monthly
Emploi Ressources Humaines,gestionnaire de paie h f,gestionnaire de paie h f tfd recrutement sainte-maxime - 83 cdi 28 000 - 30 000 an télétravail occasionnel évoluer dans une entreprise chaleureuse à l'ambiance familiale où le bien être du collaborateur est essentiel alors postulez vite voir l offre il y a 10 heures,CDI,28 000,30 000 € / an,1,28000.0,30000.0,29000.0,annual
Emploi Ressources Humaines,stage en développement rh h f,stage en développement rh h f safran bordes - 64 stage 6 mois humaines vous combinez rigueur d'analyse et créativité de présentation à l'aise avec la rédaction les outils de présentation powerpoint voir l offre il y a 10 heures,Stage,Bordes,64,0,,,,
Emploi Ressources Humaines,stage - gestionnaire de paie h f,stage - gestionnaire de paie h f dassault systèmes vélizy-villacoublay - 78 stage axé sur le bien-être et la santé salles de sport de musique conciergerie - engagement voir l offre il y a 10 heures,Stage,Vélizy-Villacoublay,78,0,,,,
Emploi Ressources Humaines,chargéde mission rh sur la gestion du temps de travail h f,chargéde mission rh sur la gestion du temps de travail h f etablissement public de santé mentale epsm de la marne châlons-en-champagne - 51 cdd 6 mois secrétariat et gestion administrative bon rédactionnel - qualités relationnelles voir l offre il y a 10 heures,CDD,Châlons-en-Champagne,51,0,,,,
Emploi Ressources Humaines,chargé de recrutement en alternance h f,chargé de recrutement en alternance h f institut f2i paris - 75 alternance télétravail occasionnel 12 mois sur un poste similaire vous avez un grand sens du relationnel et avez une bonne capacité à voir l offre il y a 10 heures,Alternance,Paris,75,1,,,,
Emploi Ressources Humaines,consultant en recrutement alternance - recrutement développement commercial h f,consultant en recrutement alternance - recrutement développement commercial h f job2bedone paris - 75 alternance 486 49 - 1 801 80 mois de l'excellence et du challenge où vous aurez un vrai impact - des opportunités d'évolution vers un poste de voir l offre il y a 10 heures,Alternance,"486,49","1 801,80 € / mois",0,5838.0,21622.0,13730.0,monthly
Emploi Ressources Humaines,assistant ressources humaines en alternance h f,assistant ressources humaines en alternance h f ipac bachelor factory laval laval - 53 alternance 1 801 80 mois 12 mois - capacité d'organisation - polyvalence - aisance relationnelle voir l offre il y a 10 heures,Alternance,Laval,53,0,21622.0,21622.0,21622.0,monthly
Emploi Ressources Humaines,consultant en recrutement practice leader - cdi h f,consultant en recrutement practice leader - cdi h f job2bedone paris - 75 cdi engagement et rigueur - esprit d'initiative vous aimez les défis et avez une vision stratégique voir l offre il y a 10 heures,CDI,Paris,75,0,,,,
Emploi Ressources Humaines,alternance - assistant rh h f,alternance - assistant rh h f digital school of paris paris - 75 alternance télétravail partiel 24 mois stage ressources humaines - bonne maîtrise du pack office word excel ppt - capacité à travailler voir l offre il y a 10 heures,Alternance,Paris,75,1,,,,
Emploi Ressources Humaines,assistant d'agence en alternance h f,assistant d'agence en alternance h f horizon saverne - 67 alternance 21 621 60 an 24 mois sp3s services et prestations des secteurs sanitaire et social dans notre centre tout en développant des compétences sur le terrain voir l offre il y a 10 heures,Alternance,Saverne,67,0,21622.0,21622.0,21622.0,annual
Emploi Ressources Humaines,responsable ressources humaines h f,responsable ressources humaines h f elior services créteil - 94 cdi 50 000 - 55 000 an disciplinaires de nature autonome dynamique et rigoureuse vous appréciez la relation avec les équipes terrain en perpétuel mouvement vous maîtrisez voir l offre il y a 10 heures,CDI,50 000,55 000 € / an,0,50000.0,55000.0,52500.0,annual
Emploi Ressources Humaines,commercial chasseur consultant en recrutement h f,commercial chasseur consultant en recrutement h f réseau talents super recruteur lons-le-saunier - 39 cdi 25 000 - 35 000 an télétravail partiel excellez dans les techniques de prospection et savez être convaincant e au téléphone vos qualités humaines savoir-être voir l offre il y,CDI,25 000,35 000 € / an,1,25000.0,35000.0,30000.0,annual
Emploi Ressources Humaines,chargé de missions rh et droit social - stage ppi h f,chargé de missions rh et droit social - stage ppi h f ratp cap île-de-france neuilly-plaisance - 93 stage ferroviaire transport à la demande - pour une mobilité durable et performante au service de millions de voyageurs voir l offre il y a 10 heures,Stage,Neuilly-Plaisance,93,0,,,,
Emploi Ressources Humaines,adjoint au responsable d'agence chargé de l'exploitation et de l'entretien routier - direction des infrastructures h f,adjoint au responsable d'agence chargé de l'exploitation et de l'entretien routier - direction des infrastructures h f département de la charente maritime marennes-hiers-brouage - 17 cdi b obligatoire les avantages à nous rejoindre - equilibre vie professionnelle voir l offre il y a 10 h,CDI,Marennes-Hiers-Brouage,17,0,,,,
Emploi Ressources Humaines,chargé d'affaires indépendant spécialisé en intérim indépendant h f,chargé d'affaires indépendant spécialisé en intérim indépendant h f transicia bayonne - 64 indépendant rioux afin d'encore mieux cerner notre projet et notre offre nous vous proposerons enfin de venir rencontrer voir l offre il y a 10 heures,,Bayonne,64,0,,,,
Emploi Ressources Humaines,contrôleur de gestion sociale h f,contrôleur de gestion sociale h f club med lyon - 69 cdi rôle de co-administrateur métier de l'outil adaptive insight - participer aux projets d'évolution de l'outil expression des besoins suivi voir l offre il y a 10 heures,CDI,Lyon,69,0,,,,
Emploi Ressources Humaines,chargé de relation exposants bts n d r c en alternance h f,chargé de relation exposants bts n d r c en alternance h f aurlom paris - 75 alternance 400 - 1 700 mois 2 ans très bon relationnel et goût du travail en équipe - aisance rédactionnelle et bonne maîtrise des outils bureautiques et voir l offre il y a 10 heures,Alternance,400,1 700 € / mois,0,4800.0,20400.0,12600.0,monthly
Emploi Ressources Humaines,responsable d'agence - mulhouse h f,responsable d'agence - mulhouse h f job link mulhouse - 68 cdi mensuelles et annuelles sur objectifs - statut cadre 37h semaine et 6 jours de rtt par an - carte voir l offre il y a 10 heures,CDI,Mulhouse,68,0,,,,
Emploi Ressources Humaines,gestionnaire de paie h f,gestionnaire de paie h f e leclerc ruffec - 16 cdi cdi avec période d'essai programmation du lundi au vendredi travail en journée voir l offre il y a 10 heures,CDI,Ruffec,16,0,,,,
Emploi Ressources Humaines,assistant d'agence en alternance h f,assistant d'agence en alternance h f groupe alternance aix-en-provence meyreuil - 13 alternance 774 - 1 801 mois 24 mois et certifiée qualiopi vous propose une opportunité en alternance avec l'un de ses partenaires pour un poste d'assistant e d'agence voir l offre il y a 10 heures,Alternance,774,1 801 € / mois,0,9288.0,21612.0,15450.0,monthly
Emploi Ressources Humaines,chargé de missions rh en alternance h f,chargé de missions rh en alternance h f groupe alternance toulon toulon - 83 alternance 24 mois professionnalisation l'alternance une véritable opportunité d'embauche après l'alternance 80 de nos étudiants décrochent un cdi ou un cdd voir l offre il y a 10 heures,Alternance,Toulon,83,0,,,,
Emploi Ressources Humaines,stage chargé e de mission rh h f,stage chargé e de mission rh h f menirh super recruteur lorient - 56 stage 4 35 - 5 heure 6 mois des rh doté e d'un bon relationnel tu apprécies travailler dans un environnement dynamique organisation voir l offre il y a 10 heures,Stage,"4,35",5 € / heure,0,7156.0,8225.0,7690.5,hourly
Emploi Ressources Humaines,responsable d'agence - clermont-ferrand h f,responsable d'agence - clermont-ferrand h f job link clermont-ferrand - 63 cdi - statut cadre 37h semaine et 6 jours de rtt par an - carte swile tickets restaurant et bons plans voir l offre il y a 10 heures,CDI,Clermont-Ferrand,63,0,,,,
Emploi Ressources Humaines,chargé du recrutement h f,chargé du recrutement h f lhh recruitment solutions carquefou - 44 cdi de leur parcours votre profil profil recherché de formation voir l offre il y a 10 heures,CDI,Carquefou,44,0,,,,
Emploi Ressources Humaines,gestionnaire de paie et adp confirmé h f,gestionnaire de paie et adp confirmé h f pay job bussy-saint-georges - 77 cdi 33 000 - 39 000 an télétravail partiel prise de poste possibilité de gérer un préavis localisation bussy-saint-georges 77 les voir l offre il y a 10 heures,CDI,33 000,39 000 € / an,1,33000.0,39000.0,36000.0,annual
Emploi Ressources Humaines,gestionnaire paie et adp h f,gestionnaire paie et adp h f ainterim miribel - 01 cdi 32 500 - 40 000 an personnel reconnu e pour votre discrétion votre bonne communication votre efficacité et votre rigueur en paie et en administration du voir l offre il y a 10 heures,CDI,32 500,40 000 € / an,0,32500.0,40000.0,36250.0,annual
Emploi Ressources Humaines,recruteur indépendant intérim h f,recruteur indépendant intérim h f transicia nouvelle-aquitaine indépendant univers vous convient ensuite un contact avec arnaud notre responsable réseau pour un 1er voir l offre il y a 10 heures,,Non précisé,N/A,0,,,,
Emploi Ressources Humaines,assistant paie en alternance h f,assistant paie en alternance h f ipac bachelor factory vannes morbihan - 56 alternance 21 621 60 - 22 000 an 12 mois relationnel - vous pouvez mener plusieurs dossiers de front en toute confidentialité - vous êtes exigeant et appréciez voir l offre il y a 10 heures,Alternance,"21 621,60",22 000 € / an,0,21622.0,22000.0,21811.0,annual
Emploi Ressources Humaines,cadre ressources humaines régional h f,cadre ressources humaines régional h f lidl les arcs - 83 cdi situation de handicap selon les besoins spécifiques de chacun un aménagement matériel et ou organisationnel du poste de travail sera étudié voir l offre il y a 10 heures,CDI,Les Arcs,83,0,,,,
Emploi Ressources Humaines,stagiaire h f,stagiaire h f randstad limas - 69 cdd 11 65 heure 30 jours et avoir au moins 1 année d'expérience travail d'équipe autonomie rigueur administrative et aisance commerciale horaires 8h 12h 14h 18h voir l offre il y a 10 heures,CDD,Limas,69,0,19164.0,19164.0,19164.0,hourly
Emploi Ressources Humaines,responsable des ressources humaines h f,responsable des ressources humaines h f l'industrie recrute reignier-ésery - 74 cdi suivi des périodes d'essai documents ruptures de contrat etc préparation et contrôle des éléments variables de paie voir l offre il y a 10 heures,CDI,Reignier-Ésery,74,0,,,,
Emploi Ressources Humaines,responsable ressources humaines - mayotte h f,responsable ressources humaines - mayotte h f carrefour mamoudzou - 976 cdi et de la performance de nos ressources humaines et êtes le garant d'un bon climat social orienté résultats voir l offre il y a 10 heures,CDI,Mamoudzou,976,0,,,,
Emploi Ressources Humaines,contrat d'apprentissage master rh h f,contrat d'apprentissage master rh h f institut f2i paris - 75 alternance 1 000 - 1 200 mois 16 mois etre titulaire d'un bac 2 avec une expérience significative dans ce domaine voir l offre il y a 10 heures,Alternance,1 000,1 200 € / mois,0,12000.0,14400.0,13200.0,monthly
Emploi Ressources Humaines,assistant ressources humaines - alternance h f,assistant ressources humaines - alternance h f ief2i education paris - 75 alternance 486 49 - 1 801 80 mois 24 mois - souci du détail et respect de la confidentialité - maîtrise des outils informatiques et de la suite voir l offre il y a 10 heures,Alternance,"486,49","1 801,80 € / mois",0,5838.0,21622.0,13730.0,monthly
Emploi Ressources Humaines,chargé de recrutement en cdd h f,chargé de recrutement en cdd h f gs consultants blois - 41 cdd entretien téléphonique physique test et prise de références - présentation du profil au client voir l offre il y a 10 heures,CDD,Blois,41,0,,,,
Emploi Ressources Humaines,responsable d'agence d'intérim indépendant h f,responsable d'agence d'intérim indépendant h f hubjob super recruteur rouen - 76 indépendant 5 000 - 15 000 mois télétravail complet relation client et intérimaire - organiser votre activité et suivre vos priorités avec rigueur voir l offre il y a 10 heures,,5 000,15 000 € / mois,1,60000.0,180000.0,120000.0,monthly
Emploi Ressources Humaines,gestionnaire paie h f,gestionnaire paie h f juny recrutement limas - 69 cdi 30 000 - 40 000 an télétravail occasionnel issu e d'une formation en paie vous disposez d'une expérience de 4 ans dans un cabinet d'expertise comptable voir l offre il y a 10 heures,CDI,30 000,40 000 € / an,1,30000.0,40000.0,35000.0,annual
Emploi Ressources Humaines,responsable d'agence d'intérim indépendant h f,responsable d'agence d'intérim indépendant h f hubjob super recruteur france indépendant 5 000 - 15 000 mois télétravail complet - organisation et autonomie dans la gestion quotidienne - goût pour le développement commercial sur le terrain voir l offre il y a 10 heures,,5 000,15 000 € / mois,1,60000.0,180000.0,120000.0,monthly
Emploi Ressources Humaines,directeur - responsable d'agence h f,directeur - responsable d'agence h f randstad challans - 85 cdi 40 999 - 41 000 an télétravail partiel presque oublié de l'écrire ce poste est ouvert aux personnes en situation de handicap notre différence ce sera toi voir l offre il y a 10 heures,CDI,40 999,41 000 € / an,1,40999.0,41000.0,40999.5,annual
Emploi Ressources Humaines,gestionnaire paie et comptable - 80 paie et 20 comptabilité h f,gestionnaire paie et comptable - 80 paie et 20 comptabilité h f gio recrutement cayenne - 973 cdi 35 000 - 40 000 an une personne avec une expérience de 2 ans en cabinet d'expertise comptable ou sur un poste similaire n'hésitez pas voir l offre il y a 10 heures,CDI,35 000,40 000 € / an,0,35000.0,40000.0,37500.0,annual
Emploi Ressources Humaines,stagiaire assistant ressources humaines h f,stagiaire assistant ressources humaines h f appel médical auxerre - 89 cdd 11 88 heure 6 mois rh ou commerce stagiaire assistant planning rh commerce h f à compter de décembre 2025 pour 4 à voir l offre il y a 10 heures,CDD,Auxerre,89,0,19543.0,19543.0,19543.0,hourly
Emploi Ressources Humaines,alternance bac 3 - chargé de recrutement h f,alternance bac 3 - chargé de recrutement h f groupe alternance toulon toulon - 83 alternance 35 heures ligne les annonces d'emploi - effectuer les actions de sourcing et enrichir la base de données - voir l offre il y a 10 heures,Alternance,Toulon,83,0,,,,
Emploi Ressources Humaines,responsable d'agence d'intérim indépendant h f,responsable d'agence d'intérim indépendant h f hubjob super recruteur strasbourg - 67 indépendant télétravail complet fois les aspects administratifs et la gestion des missions vous savez organiser vos priorités et travailler dans un cadre autonome voir l offre il y a 10 heures,,Strasbourg,67,1,,,,
Emploi Ressources Humaines,assistant de recherche h f,assistant de recherche h f sciences po paris - 75 cdd - sensibilité aux standards et formats de métadonnées ex ddi rdf xml - capacité voir l offre il y a 10 heures,CDD,Paris,75,0,,,,
Emploi Ressources Humaines,responsable - manager d'agence immobilière h f,responsable - manager d'agence immobilière h f guenno immobilier premium service rennes - 35 cdi 50 000 - 75 000 an expérience d'au moins 3 ans à un poste équivalent voir l offre il y a 10 heures,CDI,50 000,75 000 € / an,0,50000.0,75000.0,62500.0,annual
Emploi Ressources Humaines,business partner ressources humaines régional h f,business partner ressources humaines régional h f cap ingelec paris - 75 cdi équivalent vous avez acquis au moins 10 ans d'expérience sur un rôle similaire dans le secteur du btp voir l offre il y a 10 heures,CDI,Paris,75,0,,,,
Emploi Ressources Humaines,consultant paie sirh - ile de france h f,consultant paie sirh - ile de france h f sopra steria courbevoie - 92 cdi télétravail occasionnel vous êtes diplômé e d'un master en ressources humaines ou en systèmes d'information rh vous voir l offre il y a 10 heures,CDI,Courbevoie,92,1,,,,
Emploi Ressources Humaines,responsable d'agence intérim h f,responsable d'agence intérim h f gs consultants aix-en-provence - 13 cdi - échange téléphonique avec cécile responsable recrutement pour apprendre à se connaître comprendre vos attentes répondre voir l offre il y a 10 heures,CDI,Aix-en-Provence,13,0,,,,
Emploi Ressources Humaines,happiness manager - cdi h f,happiness manager - cdi h f circles france super recruteur chessy - 77 cdi temps partiel 1 462 - 1 570 mois bon sens et de polyvalence - vous maitrisez le pack office excel word etc et idéalement aussi voir l offre il y a 10 heures,Temps partiel,1 462,1 570 € / mois,0,17544.0,18840.0,18192.0,monthly
Emploi Ressources Humaines,recruteur indépendant h f,recruteur indépendant h f mercato de l'emploi haute-marne - 52 indépendant télétravail occasionnel recrutement outil métier de suivi de candidature et suivi client créer par le mercato pour le mercato profiter de voir l offre il y a 10 heures,,Haute-Marne,52,1,,,,
Emploi Ressources Humaines,alternance bac 2 bts ndrc - assistant d'agence immobilière h f,alternance bac 2 bts ndrc - assistant d'agence immobilière h f groupe alternance toulon toulon - 83 alternance 700 - 1 700 mois 24 mois suivi des biens proposés à la vente ou à la location - rédiger les descriptions des biens disponibles voir l offre il y a 10 heures,Alternance,700,1 700 € / mois,0,8400.0,20400.0,14400.0,monthly
Emploi Ressources Humaines,responsable d'agence d'intérim indépendant h f,responsable d'agence d'intérim indépendant h f hubjob super recruteur toulon - 83 indépendant 5 000 - 15 000 mois télétravail complet pour réussir vous savez cibler et convaincre des interlocuteurs variés de la pme locale au grand groupe voir l offre il y a 10 heures,,5 000,15 000 € / mois,1,60000.0,180000.0,120000.0,monthly
Emploi Ressources Humaines,chargé de paie h f,chargé de paie h f viaposte le kremlin-bicêtre - 94 cdi savez faire preuve d'une certaine discrétion et confidentialité - vous maîtrisez excel un ou plusieurs sirh et la gestion voir l offre il y a 10 heures,CDI,Le Kremlin-Bicêtre,94,0,,,,
Emploi Ressources Humaines,responsable d'agence de travail temporaire h f,responsable d'agence de travail temporaire h f axia rh artigues-près-bordeaux - 33 cdi 2 700 - 3 400 mois oeuvre pour atteindre vos objectifs tout en prônant les valeurs de disponibilité réactivité sens du service et proximité propres aux voir l offre il y a 10 heures,CDI,2 700,3 400 € / mois,0,32400.0,40800.0,36600.0,monthly
Emploi Ressources Humaines,chargé de recrutement intérim - indépendant h f,chargé de recrutement intérim - indépendant h f transicia la rochelle - 17 indépendant de valider notre projet de collaboration pour rejoindre ce projet ambitieux et collaborer avec une voir l offre il y a 10 heures,,La Rochelle,17,0,,,,
Emploi Ressources Humaines,assistant ressources humaines en alternance h f,assistant ressources humaines en alternance h f ipac bachelor factory laval laval - 53 alternance 1 801 80 mois télétravail occasionnel 1 persuasion - maîtrise du pack office word excel powerpoint outlook - fort intérêt pour le recrutement et l'administratif voir l offre il y a 10 heu,Alternance,Laval,53,1,21622.0,21622.0,21622.0,monthly
Emploi Ressources Humaines,gestionnaire de paie confirmé h f,gestionnaire de paie confirmé h f tac recrutement super recruteur marseille 8e - 13 cdi 35 000 - 43 000 an télétravail occasionnel de la gestion de paie vous justifiez au moins de 4 années d'expérience acquise en gestion de la paie idéalement voir l offre il y a 10 heures,CDI,35 000,43 000 € / an,1,35000.0,43000.0,39000.0,annual
Emploi Ressources Humaines,responsable d'agence - nancy h f,responsable d'agence - nancy h f job link nancy - 54 cdi mensuelles et annuelles sur objectifs - statut cadre 37h semaine et 6 jours de rtt par an - carte voir l offre il y a 10 heures,CDI,Nancy,54,0,,,,
Emploi Ressources Humaines,gestionnaire de paie et rh - chambéry h f,gestionnaire de paie et rh - chambéry h f forvis mazars la motte-servolex - 73 cdi télétravail occasionnel avez au minimum 2 années d'expérience dans un contexte multi-conventions au sein d'un cabinet comptable curieux se rigoureux se et voir l offre il y a 10 heures,CDI,La Motte-Servolex,73,1,,,,
Emploi Ressources Humaines,gestionnaire de paie confirmé h f,gestionnaire de paie confirmé h f groupe empruntis saint-denis - 93 cdd 40 000 - 42 000 an 8 mois lucca est un - reconnu pour votre rigueur votre sens de l'initiative et votre capacité à travailler en équipe voir l offre il y a 10 heures,CDD,40 000,42 000 € / an,0,40000.0,42000.0,41000.0,annual
Emploi Ressources Humaines,consultant junior - business development recrutement alternance h f,consultant junior - business development recrutement alternance h f job2bedone paris - 75 alternance 486 49 - 1 801 80 mois à l'oral goût du challenge vous avez envie d'évoluer dans un environnement exigeant et rythmé organisation voir l offre il y a 10 heures,Alternance,"486,49","1 801,80 € / mois",0,5838.0,21622.0,13730.0,monthly
Emploi Ressources Humaines,recruteur indépendant - placement et intérim h f,recruteur indépendant - placement et intérim h f transicia pau - 64 indépendant nous vous proposerons enfin de venir rencontrer notre équipe et visiter nos locaux dans le cadre d'une demi journée voir l offre il y a 10 heures,,Pau,64,0,,,,
Emploi Ressources Humaines,chargé de recrutement h f,chargé de recrutement h f randstad cestas - 33 cdi 25 000 - 29 000 an sûr ça nous semble tellement évident qu'on aurait presque oublié de l'écrire ce poste est ouvert aux personnes en voir l offre il y a 10 heures,CDI,25 000,29 000 € / an,0,25000.0,29000.0,27000.0,annual
Emploi Ressources Humaines,assistant ressources humaines h f,assistant ressources humaines h f derichebourg propreté la courneuve - 93 cdi 2 300 - 2 600 mois formation bac 3 avec une spécialité en rapport avec le domaine rh exercé bac 5 en grh sociologie voir l offre il y a 10 heures,CDI,2 300,2 600 € / mois,0,27600.0,31200.0,29400.0,monthly
Emploi Ressources Humaines,chargé de projet rh alternance h f,chargé de projet rh alternance h f groupe alternance marseille marseille - 13 alternance 774 - 1 801 mois 24 mois pour assurer la bonne mise en oeuvre des actions rh - analyser les besoins et proposer des améliorations pour voir l offre il y a 10 heures,Alternance,774,1 801 € / mois,0,9288.0,21612.0,15450.0,monthly
Emploi Ressources Humaines,expert en recrutement et développement commercial indépendant h f,expert en recrutement et développement commercial indépendant h f mercato de l'emploi paris - 75 indépendant 2 500 - 10 000 mois télétravail occasionnel créer votre cabinet de recrutement - vous voulez maîtriser votre carrière et prendre en main votre destin voir l offre il y a 10 heu,,2 500,10 000 € / mois,1,30000.0,120000.0,75000.0,monthly
Emploi Ressources Humaines,assistant ressources humaines en alternance h f,assistant ressources humaines en alternance h f ipac bachelor factory laval laval - 53 alternance 1 801 80 mois télétravail occasionnel 1 persuasion - maîtrise du pack office word excel powerpoint outlook - fort intérêt pour le recrutement et l'administratif voir l offre il y a 10 heu,Alternance,Laval,53,1,21622.0,21622.0,21622.0,monthly
Emploi Ressources Humaines,gestionnaire de paie h f,gestionnaire de paie h f pay job lyon 9e - 69 cdi 30 000 - 35 000 an télétravail partiel d'un portefeuille de 200 paies sous 2 conventions collectives - gestion des absences cp rtt maladie et suivi voir l offre il y a 10 heures,CDI,30 000,35 000 € / an,1,30000.0,35000.0,32500.0,annual
Emploi Ressources Humaines,responsable ressources humaines h f,responsable ressources humaines h f adhap services libourne - 33 cdi 16 50 - 17 heure - vous êtes diplômé e et ou expérimenté e dans un poste similaire - connaissance de voir l offre il y a 10 heures,CDI,"16,50",17 € / heure,0,27142.0,27965.0,27553.5,hourly
Emploi Ressources Humaines,chargé de projet ressources humaines en alternance h f,chargé de projet ressources humaines en alternance h f ipac bachelor factory vannes lorient - 56 alternance 21 621 60 - 22 000 an 12 mois profil recherché - solide compréhension des lois et réglementations en matière de ressources humaines - excellentes compétences en voir l offre il y a 10,Alternance,"21 621,60",22 000 € / an,0,21622.0,22000.0,21811.0,annual
Emploi Ressources Humaines,expert en recrutement et développement commercial indépendant h f,expert en recrutement et développement commercial indépendant h f mercato de l'emploi gironde - 33 indépendant 2 500 - 10 000 mois télétravail occasionnel prospection physique et téléphonique - vous voulez entreprendre et créer votre cabinet de recrutement - vous voulez voir l offre,,2 500,10 000 € / mois,1,30000.0,120000.0,75000.0,monthly
Emploi Ressources Humaines,chargé de recrutement alternance h f,chargé de recrutement alternance h f groupe alternance marseille marseille - 13 alternance 774 - 1 801 mois 24 mois ce que nous vous offrons une formation 100 gratuite aucun frais d'inscription ou de scolarité un contrat d'apprentissage voir l offre il y a 10 heures,Alternance,774,1 801 € / mois,0,9288.0,21612.0,15450.0,monthly
Emploi Ressources Humaines,directeur des ressources humaines h f,directeur des ressources humaines h f perfhomme niort - 79 cdi 54 000 - 62 000 an sites du groupe conditions - statut cadre - voir l offre il y a 10 heures,CDI,54 000,62 000 € / an,0,54000.0,62000.0,58000.0,annual
Emploi Ressources Humaines,consultant en recrutement freelance h f,consultant en recrutement freelance h f peakh valbonne - 06 indépendant télétravail partiel pour vous n'hésitez pas à postuler et nous reviendrons vers vous dans les meilleurs délais votre candidature voir l offre il y a 10 heures,,Valbonne,06,1,,,,
Emploi Ressources Humaines,alternance bac 3 rh chargé de recrutement h f,alternance bac 3 rh chargé de recrutement h f ecofac business school nantes nantes - 44 alternance 774 97 - 1 802 25 mois 12 mois de l'écoute votre adaptabilité et votre envie d'apprendre seront des atouts essentiels pour réussir dans ce poste rencontrons-nous et construisons ensemble vo,Alternance,"774,97","1 802,25 € / mois",0,9300.0,21627.0,15463.5,monthly
Emploi Ressources Humaines,stage - human resources business partner - rh de proximité supply chain h f,stage - human resources business partner - rh de proximité supply chain h f safran réau - 77 stage 6 mois vrai sens du relationnel de la curiosité et l'envie d'apprendre chaque jour au contact des équipes - rigueur sens de voir l offre il y a 10 heures,Stage,Réau,77,0,,,,
Emploi Ressources Humaines,assistant ressources humaines en alternance h f,assistant ressources humaines en alternance h f walter learning carcassonne - 11 alternance 760 - 1 802 mois 18 mois vous êtes titulaire d'un bac et souhaitez évoluer dans le secteur des resources humaines - votre voir l offre il y a 10 heures,Alternance,760,1 802 € / mois,0,9120.0,21624.0,15372.0,monthly
Emploi Ressources Humaines,assistant d'agence saint germain en laye h f,assistant d'agence saint germain en laye h f onela super recruteur saint-germain-en-laye - 78 cdi 1 950 mois maîtrise des outils bureautiques sens de l'écoute et de la communication capacité à appliquer les procédures internes gestion administrative voir l offre il y a 10 heures,CDI,Saint-Germain-en-Laye,78,0,23400.0,23400.0,23400.0,monthly
Emploi Ressources Humaines,alternance gestionnaire rh et paie - saint-germain-en-laye h f,alternance gestionnaire rh et paie - saint-germain-en-laye h f iscod saint-germain-en-laye - 78 alternance 486 49 - 1 801 80 mois charge à 100 par l'entreprise vous êtes intéressé e par cette offre d'emploi en alternance postulez dès maintenant voir l offre il y a 10 heures,Alternance,"486,49","1 801,80 € / mois",0,5838.0,21622.0,13730.0,monthly
Emploi Ressources Humaines,responsable de paie et adp - saint-brieuc 22 h f,responsable de paie et adp - saint-brieuc 22 h f mon consultant indépendant rennes - 35 indépendant 480 - 500 jour télétravail partiel d'adp sur son site de bretagne proche saint-brieuc 22 le poste nécessite un candidat pédagogue patient et voir l offre il y a 10 heures,,480,500 € / jour,1,480.0,500.0,490.0,annual
Emploi Ressources Humaines,stage ressources humaines h f,stage ressources humaines h f equans france saint-priest - 69 stage 6 mois tu es dynamique à l'aise aussi bien en groupe que devant des tableaux excel et tu as le permis b voir l offre il y a 10 heures,Stage,Saint-Priest,69,0,,,,
Emploi Ressources Humaines,alternance talent acquisition manager - commercial en recrutement - neuilly-sur-seine h f,alternance talent acquisition manager - commercial en recrutement - neuilly-sur-seine h f iscod neuilly-sur-seine - 92 alternance 486 49 - 1 801 80 mois clients missions principales - construire une stratégie de recherche de talents et participer à l'amélioration continue des process v,Alternance,"486,49","1 801,80 € / mois",0,5838.0,21622.0,13730.0,monthly
Emploi Ressources Humaines,responsable des ressources humaines h f,responsable des ressources humaines h f e leclerc provins - 77 cdi commerce de détail et de gros de préférence - excellente connaissance des outils logiciels et voir l offre il y a 13 heures,CDI,Provins,77,0,,,,
Emploi Ressources Humaines,gestionnaire de paie et rh h f,gestionnaire de paie et rh h f soleme créteil - 94 cdi 35 000 - 45 000 an télétravail partiel avez 3 ans minimum d'expérience en cabinet comptable ou de paie - vous avez une formation rh de paie voir l offre il y a 13 heures,CDI,35 000,45 000 € / an,1,35000.0,45000.0,40000.0,annual
Emploi Ressources Humaines,gestionnaire de paie en cabinet comptable h f,gestionnaire de paie en cabinet comptable h f soleme paris 12e - 75 cdi 30 000 - 35 000 an télétravail partiel êtes autonome rigoureux se et doté e d'un bon relationnel - vous avez envie de vous investir durablement dans une équipe voir l offre il y a 13 heures,CDI,30 000,35 000 € / an,1,30000.0,35000.0,32500.0,annual
Emploi Ressources Humaines,chargé du recrutement h f,chargé du recrutement h f adecco medical seyssinet-pariset - 38 cdi 26 000 - 30 000 an début le 2 mars de proximité pour accompagner au mieux leur carrière et leur formation nous proposons des contrats en cdi voir l offre il y a 14 heures,CDI,26 000,30 000 € / an,0,26000.0,30000.0,28000.0,annual
Emploi Ressources Humaines,stage chargé de recrutement h f,stage chargé de recrutement h f ingeliance technologies poitiers - 86 stage 1 000 mois 6 mois ats jobboards réseaux sociaux professionnels et avez une bonne connaissance des techniques de sourcing et de pré-sélection voir l offre il y a 14 heures,Stage,Poitiers,86,0,12000.0,12000.0,12000.0,monthly
Emploi Ressources Humaines,stage chargé de recrutement h f,stage chargé de recrutement h f ingeliance technologies bordeaux - 33 stage 1 000 mois 6 mois vous maîtrisez les outils de recrutement ats jobboards réseaux sociaux professionnels et avez une bonne connaissance des techniques voir l offre il y a 14 heures,Stage,Bordeaux,33,0,12000.0,12000.0,12000.0,monthly
Emploi Ressources Humaines,gestionnaire de paie h f,gestionnaire de paie h f soleme magny-les-hameaux - 78 cdi 38 000 - 48 000 an - vous avez 3 ans minimum d'expérience en cabinet comptable ou de paie - vous avez une formation rh voir l offre il y a 14 heures,CDI,38 000,48 000 € / an,0,38000.0,48000.0,43000.0,annual
Emploi Ressources Humaines,chargé de recrutement h f,chargé de recrutement h f adéquat recrute pour adéquat salon-de-provence - 13 cdi 22 000 - 27 000 an vous souhaitez rejoindre une entreprise dans laquelle vous pourrez vous épanouir avec adéquat vous êtes au bon voir l offre il y a 14 heures,CDI,22 000,27 000 € / an,0,22000.0,27000.0,24500.0,annual
Emploi Ressources Humaines,assistant rh h f,assistant rh h f artus interim saint-philbert-de-grand-lieu - 44 intérim temps partiel 13 heure c'est à vous de jouer n'hésitez plus et rejoignez la artus family voir l offre il y a 14 heures,Temps partiel,Saint-Philbert-de-Grand-Lieu,44,0,21385.0,21385.0,21385.0,hourly
Emploi Ressources Humaines,assistant administratif ressources humaines h f,assistant administratif ressources humaines h f artus interim dadonville - 45 intérim 12 50 heure rejoignez la artus family expérience voir l offre il y a 14 heures,Intérim,Dadonville,45,0,20562.0,20562.0,20562.0,hourly
Emploi Ressources Humaines,assistant rh h f,assistant rh h f artus interim gasny - 27 intérim dédiés mutuelle logement garde enfant déplacement maintenant c'est à vous de jouer voir l offre il y a 14 heures,Intérim,Gasny,27,0,,,,
Emploi Ressources Humaines,talent acquisition specialist - scale-up tech h f,talent acquisition specialist - scale-up tech h f trois cent onze recrutement conseil paris - 75 cdi 40 000 - 45 000 an - rigueur dans la qualification des candidats et la gestion du pipeline - maîtrise du sourcing voir l offre il y a 14 heures,CDI,40 000,45 000 € / an,0,40000.0,45000.0,42500.0,annual
Emploi Ressources Humaines,chargé de recrutement h f,chargé de recrutement h f gi group holding nantes - 44 cdi 26 000 - 28 000 an télétravail partiel prêt e à contribuer a un projet ambitieux postulez dès maintenant et devenez un life changer voir l offre il y a 15 heures,CDI,26 000,28 000 € / an,1,26000.0,28000.0,27000.0,annual
Emploi Ressources Humaines,chargé de recrutement bordeaux h f,chargé de recrutement bordeaux h f gi group holding bordeaux - 33 cdi 27 000 - 29 000 an télétravail partiel durable découvrez nos valeurs prêt e à contribuer a un projet ambitieux postulez dès maintenant et voir l offre il y a 15 heures,CDI,27 000,29 000 € / an,1,27000.0,29000.0,28000.0,annual
Emploi Ressources Humaines,chargé de développement rh h f,chargé de développement rh h f lhh recruitment solutions saint-herblain - 44 intérim 35 000 - 40 000 an 6 mois la drh compte rendu d'entretien - entretenir un contact régulier et constructif avec les partenaires de recrutement voir l offre il y a 15 heures,Intérim,35 000,40 000 € / an,0,35000.0,40000.0,37500.0,annual
Emploi Ressources Humaines,gestionnaire de paie - cdi h f,gestionnaire de paie - cdi h f groupe parlym marseille 16e - 13 cdi pour votre sérieux votre organisation et votre sens du service vous apportez - voir l offre il y a 15 heures,CDI,Marseille 16e,13,0,,,,
Emploi Ressources Humaines,directeur des ressources humaines h f,directeur des ressources humaines h f gaïac consulting carrières-sur-seine - 78 cdi transversal - connaissance des outils sirh - maîtrise des outils bureautiques vous vous reconnaissez dans voir l offre il y a 15 heures,CDI,Carrières-sur-Seine,78,0,,,,
Emploi Ressources Humaines,assistant d'agence o2 h f,assistant d'agence o2 h f o2 pont-audemer - 27 cdi 1 900 mois rémunération 1900 bruts mensuels ce poste est fait pour vous rejoignez o2 élue marque préférée voir l offre il y a 15 heures,CDI,Pont-Audemer,27,0,22800.0,22800.0,22800.0,monthly
Emploi Ressources Humaines,gestionnaire de paie h f,gestionnaire de paie h f groupe piment fontenay-sur-eure - 28 cdi 30 000 - 35 000 an bac à bac 2 en paie ou formation équivalente vous cumulez une expérience de minimum trois voir l offre il y a 15 heures,CDI,30 000,35 000 € / an,0,30000.0,35000.0,32500.0,annual
Emploi Ressources Humaines,recruteur h f,recruteur h f groupe piment méaulte - 80 intérim 1 750 - 2 500 mois 4 mois - formation rh un plus mais pas obligatoire - 5 ans d'expérience souhaités alternance comprise - connaissance voir l offre il y a 15 heures,Intérim,1 750,2 500 € / mois,0,21000.0,30000.0,25500.0,monthly
Emploi Ressources Humaines,responsable relations sociales h f,responsable relations sociales h f ratp cap île-de-france nanterre - 92 cdi et des différentes instances représentatives du personnel irp vous veillerez à garantir un dialogue social de qualité et constructif et voir l offre il y a 15 heures,CDI,Nanterre,92,0,,,,
Emploi Ressources Humaines,responsable developpement rh et strategie h f,responsable developpement rh et strategie h f pep71 chalon-sur-saône - 71 cdi 3 127 - 4 094 mois transmission des savoirs savoir-faire -capacité à rédiger des documents juridiques accords règlements notes voir l offre il y a 15 heures,CDI,3 127,4 094 € / mois,0,37524.0,49128.0,43326.0,monthly
Emploi Ressources Humaines,responsable d'agence de location h f,responsable d'agence de location h f dailliez consulting argenteuil - 95 cdi 3 000 - 3 500 mois type loxam kiloutou locamod colber votre sens du service clients votre intérêt prononcé pour les challenges et voir l offre il y a 16 heures,CDI,3 000,3 500 € / mois,0,36000.0,42000.0,39000.0,monthly
Emploi Ressources Humaines,chargé de ressources humaines h f,chargé de ressources humaines h f numih france loos - 59 cdi télétravail partiel france concilier vie pro vie perso avec 48 jours de congés annuels 28 voir l offre il y a 16 heures,CDI,Loos,59,1,,,,
Emploi Ressources Humaines,consultant e rh indépendant e - paris h f,consultant e rh indépendant e - paris h f la ressource humaine paris - 75 indépendant temps partiel télétravail complet développer des compétences commerciales prospection offre relation client - tu veux sortir de l'isolement et t'appuyer sur un collectif voir l offre il y a 16 heures,Temps partiel,Paris,75,1,,,,
Emploi Ressources Humaines,assistant paie adm h f,assistant paie adm h f elior restauration bègles - 33 cdd 2 450 mois 6 mois et de performance nous construisons nos équipes en nous appuyant sur les compétences et la personnalité de chacun elior s'engage voir l offre il y a 16 heures,CDD,Bègles,33,0,29400.0,29400.0,29400.0,monthly
Emploi Ressources Humaines,gestionnaire paie et administration du personnel confirmé e h f,gestionnaire paie et administration du personnel confirmé e h f desautel super recruteur montluel - 01 cdi 36 000 - 40 000 an humaines - vous justifiez d'une experience de minimum 5 ans en tant que gestionnaire de paie et vous gérez voir l offre il y a 16 heures,CDI,36 000,40 000 € / an,0,36000.0,40000.0,38000.0,annual
Emploi Ressources Humaines,assistant rh et paies h f,assistant rh et paies h f lip tertiaire vénissieux - 69 cdi 2 000 - 2 200 mois ans d'expériences dans le domaine des ressources humaines vous maîtrisez parfaitement excel vous êtes une personne méthodique organisée et structurée voir l offre il y a 16 heures,CDI,2 000,2 200 € / mois,0,24000.0,26400.0,25200.0,monthly
Emploi Ressources Humaines,gestionnaire de paie h f,gestionnaire de paie h f toma intérim lambres-lez-douai - 59 cdi 13 - 15 heure de paie idéalement en milieu industriel bonne connaissance des horaires postés maîtrise des outils adp et d'un logiciel voir l offre il y a 16 heures,CDI,13,15 € / heure,0,21385.0,24675.0,23030.0,hourly
Emploi Ressources Humaines,chargé d'affaires en recrutement h f,chargé d'affaires en recrutement h f lip recrute pour lip saint-étienne - 42 cdi 45 000 an un pc portable - une voiture selon atteinte des objectifs - des rtt - une mutuelle - des tickets restaurant voir l offre il y a 16 heures,CDI,Saint-Étienne,42,0,45000.0,45000.0,45000.0,annual
Emploi Ressources Humaines,exploitant recruteur h f,exploitant recruteur h f lip recrute pour lip saint-brieuc - 22 cdi 45 000 an est simple et rapide - echange téléphonique et rencontre avec un membre de l'équipe du recrutement interne - entretien voir l offre il y a 16 heures,CDI,Saint-Brieuc,22,0,45000.0,45000.0,45000.0,annual
Emploi Ressources Humaines,cdd -chargé e de recrutement h f,cdd -chargé e de recrutement h f animalis paris - 75 cdd 6 mois la situation de handicap ici seules la motivation et les compétences comptent dans un environnement ouvert à tous voir l offre il y a 16 heures,CDD,Paris,75,0,,,,
Emploi Ressources Humaines,gestionnaire de paies confirmé h f,gestionnaire de paies confirmé h f cr m paie laxou - 54 cdi - vous maitrisez le logiciel silae - vous avez à coeur de respecter les délais - vous voir l offre il y a 16 heures,CDI,Laxou,54,0,,,,
Emploi Ressources Humaines,assistant rh et de direction h f,assistant rh et de direction h f robert half massy - 91 cdd 34 000 - 38 000 an télétravail occasionnel 1 avez un niveau d'anglais correct à l'écrit comme à l'oral afin de communiquer avec l'ensemble du groupe à l'international voir l offre il y a 16 heures,CDD,34 000,38 000 € / an,1,34000.0,38000.0,36000.0,annual
Emploi Ressources Humaines,assistant du service recrutement h f,assistant du service recrutement h f région pays de la loire nantes - 44 cdd 1 623 mois 6 mois situations variées vous maîtrisez les outils numériques et respectez scrupuleusement la confidentialité des informations traitées vous aimez le travail collaboratif voir l offre il y a 16 heur,CDD,Nantes,44,0,19476.0,19476.0,19476.0,monthly
Emploi Ressources Humaines,assistant d'agence h f,assistant d'agence h f onela super recruteur saint-nazaire - 44 cdi 1 900 mois aptitudes professionnelles sens du service et de l'accueil maîtrise des outils bureautiques sens de l'écoute et voir l offre il y a 16 heures,CDI,Saint-Nazaire,44,0,22800.0,22800.0,22800.0,monthly
Emploi Ressources Humaines,responsable d'agence dans les services à la personne h f,responsable d'agence dans les services à la personne h f petits-fils développement dinan - 22 cdi 2 600 mois du service et au bien-être de nos équipes vous bénéficierez d'un environnement de travail bienveillant et convivial propice à votre voir l offre il y a 16 heures,CDI,Dinan,22,0,31200.0,31200.0,31200.0,monthly
Emploi Ressources Humaines,chargé de recrutement h f,chargé de recrutement h f derichebourg interim montargis - 45 cdi 2 000 - 2 500 mois formation bac 2 rh commerce gestion ou équivalent une première expérience en recrutement ou dans le secteur de l'intérim est voir l offre il y a 16 heures,CDI,2 000,2 500 € / mois,0,24000.0,30000.0,27000.0,monthly
Emploi Ressources Humaines,responsable d'agence h f,responsable d'agence h f omnium rh annecy - 74 cdi 60 000 - 65 000 an télétravail occasionnel savoir coordonner et synthétiser des informations provenant de sources variées - savoir gérer les imprévus et rechercher les solutions voir l offre il y a 16 heures,CDI,60 000,65 000 € / an,1,60000.0,65000.0,62500.0,annual
Emploi Ressources Humaines,gestionnaire administration du personnel h f,gestionnaire administration du personnel h f meogroup boulogne-billancourt - 92 cdi 33 000 - 38 000 an télétravail occasionnel disponible dès début janvier vous avez une première expérience de un an post alternance sur un poste similaire voir l offre il y a 16 heures,CDI,33 000,38 000 € / an,1,33000.0,38000.0,35500.0,annual
Emploi Ressources Humaines,gestionnaire de paie - silae h f,gestionnaire de paie - silae h f ekko rh super recruteur carquefou - 44 cdi 34 000 - 38 000 an télétravail occasionnel vous bénéficiez d'une expérience significative sur un poste similaire en cabinet n'hésitez plus voir l offre il y a 16 heures,CDI,34 000,38 000 € / an,1,34000.0,38000.0,36000.0,annual
Emploi Ressources Humaines,chargé d'affaires agence d'intérim h f,chargé d'affaires agence d'intérim h f athena interim lyon 7e - 69 cdi h f issu du travail temporaire voir l offre il y a 16 heures,CDI,Lyon 7e,69,0,,,,
Emploi Ressources Humaines,stage - rh - early career h f,stage - rh - early career h f bnp paribas rueil-malmaison - 92 stage la gestion du recrutement de leurs populations vous serez le point de contact avec les équipes rh voir l offre il y a 16 heures,Stage,Rueil-Malmaison,92,0,,,,
Emploi Ressources Humaines,gestionnaire paie h f,gestionnaire paie h f ses interim maisons alfort maisons-alfort - 94 cdd 38 000 - 42 000 an 5 mois - esprit d'équipe et sens du service - bon relationnel et capacité d'adaptation voir l offre il y a 16 heures,CDD,38 000,42 000 € / an,0,38000.0,42000.0,40000.0,annual
Emploi Ressources Humaines,chargé de recrutement h f,chargé de recrutement h f samsic emploi eysines - 33 cdi 1 900 - 2 000 mois poste à pourvoir en cdi au sein de notre agence basée à eysines rémunération voir l offre il y a 16 heures,CDI,1 900,2 000 € / mois,0,22800.0,24000.0,23400.0,monthly
Emploi Ressources Humaines,responsable d'agence interim h f,responsable d'agence interim h f athena interim lyon 7e - 69 cdi 3 500 - 4 000 mois h f issu des métiers de l'emploi ou du service voir l offre il y a 16 heures,CDI,3 500,4 000 € / mois,0,42000.0,48000.0,45000.0,monthly
Emploi Ressources Humaines,gestionnaire de paie h f,gestionnaire de paie h f neithwork marseille 13e - 13 cdd 30 000 - 35 000 an 12 mois sur les logiciels de paie idéalement sur une solution adp autonome rigoureux se et organisé e vous aimez travailler voir l offre il y a 16 heures,CDD,30 000,35 000 € / an,0,30000.0,35000.0,32500.0,annual
Emploi Ressources Humaines,responsable des ressources humaines h f,responsable des ressources humaines h f implid lyon 6e - 69 cdi télétravail partiel avec un e professionnel le rh engagé e animé e par l'envie de grandir et faire grandir au sein de l'organisation et de contribuer voir l offre il y a 17 heures,CDI,Lyon 6e,69,1,,,,
Emploi Ressources Humaines,assistant formation projets h f,assistant formation projets h f cafés richard gennevilliers - 92 intérim 3 mois - maitrise des outils informatiques google drive mail agenda - aisance relationnelle sens de l'organisation et esprit d'équipe - sensibilité voir l offre il y a 17 heures,Intérim,Gennevilliers,92,0,,,,
Emploi Ressources Humaines,directeur des ressources humaines h f,directeur des ressources humaines h f harry hope chaumont - 52 cdi 60 000 - 110 000 an travail et du dialogue social solide expérience en contextes complexes tendus ou en transition qualités attendues leadership sens de voir l offre il y a 17 heures,CDI,60 000,110 000 € / an,0,60000.0,110000.0,85000.0,annual
Emploi Ressources Humaines,charge de recrutement medico social h f,charge de recrutement medico social h f domino rh poitiers - 86 cdi 25 000 - 30 000 an à notre mission de valorisation des richesses humaines nous sommes impatients de vous rencontrer postulez dès maintenant et rejoignez notre voir l offre il y a 17 heures,CDI,25 000,30 000 € / an,0,25000.0,30000.0,27500.0,annual
Emploi Ressources Humaines,consultant recrutement h f,consultant recrutement h f auroch interim neufchâteau - 88 cdi 2 000 mois vous êtes motivé e vous avez envie d'apprendre et de développer de nouvelles compétences vous aimez atteindre des objectifs et vous voir l offre il y a 17 heures,CDI,Neufchâteau,88,0,24000.0,24000.0,24000.0,monthly
Emploi Ressources Humaines,assistant ressources humaines polyvalent h f,assistant ressources humaines polyvalent h f gsf châtenoy-le-royal - 71 cdi 30 000 - 35 000 an rémunération est attractive et évolutive 34keuros brut primes rejoindre gsf c'est s'investir dans un groupe attaché voir l offre il y a 17 heures,CDI,30 000,35 000 € / an,0,30000.0,35000.0,32500.0,annual
Emploi Ressources Humaines,assistant intérim et administratif rh h f,assistant intérim et administratif rh h f groupe brangeon cholet - 49 cdi vos compétences en action les outils bureautiques n'ont plus de secret pour vous et une première expérience sur pixid serait voir l offre il y a 17 heures,CDI,Cholet,49,0,,,,
Emploi Ressources Humaines,responsable social h f,responsable social h f harry hope narbonne - 11 cdi 35 000 - 45 000 an télétravail partiel excellente maîtrise de silae autonomie complète sur la gestion de la paie rigueur sens de l'organisation et voir l offre il y a 17 heures,CDI,35 000,45 000 € / an,1,35000.0,45000.0,40000.0,annual
Emploi Ressources Humaines,attache commercial et recrutement ide h f,attache commercial et recrutement ide h f domino rh poitiers - 86 cdi 30 000 - 40 000 an une première expérience commerciale ou relation client est un plus mais une forte appétence pour le développement commercial est demandé voir l offre il y a 17 heures,CDI,30 000,40 000 € / an,0,30000.0,40000.0,35000.0,annual
Emploi Ressources Humaines,conseiller en insertion professionnelle cip h f,conseiller en insertion professionnelle cip h f coallia outreau - 62 cdd 12 mois titulaire du titre professionnel conseiller en insertion professionnelle vous justifiez d'une première expérience dans le domaine de l'accompagnement auprès d'un voir l offre il y a 17 heures,CDD,Outreau,62,0,,,,
Emploi Ressources Humaines,rrh hypermarche h f,rrh hypermarche h f cc forma seine-maritime - 76 cdi 3 500 - 3 800 mois - maîtrise des processus et outils de paie - bonne connaissance du droit voir l offre il y a 17 heures,CDI,3 500,3 800 € / mois,0,42000.0,45600.0,43800.0,monthly
Emploi Ressources Humaines,gestionnaire paie h f,gestionnaire paie h f lhh recruitment solutions nantes - 44 intérim 30 000 - 35 000 an 6 mois saisie vérification et validation des éléments variables de paie - vous assurez l'ensemble des voir l offre il y a 17 heures,Intérim,30 000,35 000 € / an,0,30000.0,35000.0,32500.0,annual
Emploi Ressources Humaines,charge de recrutement h f,charge de recrutement h f adh vandœuvre-lès-nancy - 54 cdi ciblés poste en cdi basé à nancy vous rejoignez voir l offre il y a 17 heures,CDI,Vandœuvre-lès-Nancy,54,0,,,,
Emploi Ressources Humaines,payroll partner french-speaking h f,payroll partner french-speaking h f sumup paris - 75 cdi l d budget of 2 000 for attending conferences and or advancing your career through further education enrolment onto voir l offre il y a 17 heures,CDI,Paris,75,0,,,,
Emploi Ressources Humaines,vie - chargé e de mission rh h f,vie - chargé e de mission rh h f safran corbeil-essonnes - 91 cdd 21 mois required qualifications skills - masters degree in hr or equivalent - full professional proficiency in english written voir l offre il y a 17 heures,CDD,Corbeil-Essonnes,91,0,,,,
Emploi Ressources Humaines,vie - chargé e de mission rh h f,vie - chargé e de mission rh h f safran corbeil-essonnes - 91 cdd 24 mois required qualifications skills - masters degree in hr or equivalent - full professional proficiency in english written voir l offre il y a 17 heures,CDD,Corbeil-Essonnes,91,0,,,,
Emploi Ressources Humaines,cdd - chargé e de ressources humaines h f,cdd - chargé e de ressources humaines h f safran colombes - 92 cdd 1 an de formation bac 5 vous savez établir une relation et un dialogue permanent avec divers interlocuteurs vous êtes rigoureux-se voir l offre il y a 17 heures,CDD,Colombes,92,0,,,,
Emploi Ressources Humaines,human resources business partner - généraliste rh expérimenté h f,human resources business partner - généraliste rh expérimenté h f w hunt luxembourg cdi 60 000 - 70 000 an télétravail partiel d'avocats conseil services professionnels savez travailler en autonomie avez le sens des priorités et faites preuve de finesse relationnelle et voir l offre,CDI,60 000,70 000 € / an,1,60000.0,70000.0,65000.0,annual
Emploi Ressources Humaines,consultant reclassement collectif - freelance - langres h f,consultant reclassement collectif - freelance - langres h f aksis langres - 52 freelance expérience en cabinet de reclassement ou en outplacement est un plus compétences - excellente voir l offre il y a 17 heures,Freelance,Langres,52,0,,,,
Emploi Ressources Humaines,gestionnaire paie h f,gestionnaire paie h f cfep paris - 75 cdi télétravail partiel de travail - administration du personnel entrées sorties - veille sociale voir l offre il y a 17 heures,CDI,Paris,75,1,,,,
Emploi Ressources Humaines,gestionnaire de paie confirmé silae - toulouse 31200 h f,gestionnaire de paie confirmé silae - toulouse 31200 h f odas conseil toulouse - 31 cdi 33 000 - 36 000 an télétravail partiel votre profil - expérience confirmée d'au moins 3 ans en cabinet d'expertise comptable - maîtrise voir l offre il y a 17 heures,CDI,33 000,36 000 € / an,1,33000.0,36000.0,34500.0,annual
Emploi Ressources Humaines,gestionnaire de paie medico social h f,gestionnaire de paie medico social h f abil ressources évreux - 27 intérim 40 000 - 51 000 an 3 mois rigueur fiabilité et sens du service diplomatie adaptabilité et posture professionnelle affirmée voir l offre il y a 17 heures,Intérim,40 000,51 000 € / an,0,40000.0,51000.0,45500.0,annual
Emploi Ressources Humaines,gestionnaire de paie confirmé silae et administration du personnel - alès 30 h f,gestionnaire de paie confirmé silae et administration du personnel - alès 30 h f odas conseil alès - 30 cdi 33 000 - 36 000 an télétravail partiel rémunération entre 33-36k brut annuel selon profil chez odas conseil nous rapprochons les talents et les voir l offre il y a 17 heures,CDI,33 000,36 000 € / an,1,33000.0,36000.0,34500.0,annual
Emploi Ressources Humaines,responsable d'agence h f,responsable d'agence h f menco la rochelle - 17 cdi 2 500 - 2 900 mois vos partenaires la satisfaction clients et intérimaires sont une priorités pour vous grâce à votre sens du voir l offre il y a 17 heures,CDI,2 500,2 900 € / mois,0,30000.0,34800.0,32400.0,monthly
Emploi Ressources Humaines,consultant en recrutement h f,consultant en recrutement h f menco la rochelle - 17 cdi 1 900 - 2 200 mois idéalement vous possédez une première expérience réussie dans le milieu des ressources humaines et notamment dans le domaine de l'intérim voir l offre il y a 17 heures,CDI,1 900,2 200 € / mois,0,22800.0,26400.0,24600.0,monthly
Emploi Ressources Humaines,gestionnaire de paie - evreux h f,gestionnaire de paie - evreux h f actual talent évreux - 27 cdd 24 000 - 25 000 an un poste similaire et idéalement d'une connaissance du secteur du travail temporaire ce poste est également ouvert aux détenteurs d'un voir l offre il y a 17 heures,CDD,24 000,25 000 € / an,0,24000.0,25000.0,24500.0,annual
Emploi Ressources Humaines,conseiller - conseillere emploi accompagne jobcoach h f,conseiller - conseillere emploi accompagne jobcoach h f epnak villefranche-sur-saône - 69 cdd 1 mois sera réalisée ou attestation d'honorabilité si l'unité est concernée le bulletin n 3 sera demandé pour toute embauche au sein de voir l offre il y a 17 heures,CDD,Villefranche-sur-Saône,69,0,,,,
Emploi Ressources Humaines,assistant rh h f,assistant rh h f synergie chavagnes-en-paillers - 85 cdi 20 000 - 25 000 an début le 12 janv déployer le plan de développement des compétences - gérer les relations humaines et jouer un rôle de médiateur - maîtriser voir l offre il y a 17 heures,CDI,20 000,25 000 € / an,0,20000.0,25000.0,22500.0,annual
Emploi Ressources Humaines,gestionnaire paie h f,gestionnaire paie h f pay job nozay - 44 cdd 28 000 - 35 000 an télétravail partiel pay job cabinet de recrutement spécialisé en paie vous propose régulièrement des offres d'emploi ciblées gestionnaire responsable paie adp voir l offre il y a 17 heures,CDD,28 000,35 000 € / an,1,28000.0,35000.0,31500.0,annual
Emploi Ressources Humaines,gestionnaire de paie h f,gestionnaire de paie h f club comptable super recruteur dijon - 21 cdi 29 000 - 35 000 an télétravail partiel votre candidature sera traitée en toute confidentialité aucun cv ne sera voir l offre il y a 17 heures,CDI,29 000,35 000 € / an,1,29000.0,35000.0,32000.0,annual
Emploi Ressources Humaines,collaborateur social - cabinet comptable - saint-martin-boulogne h f,collaborateur social - cabinet comptable - saint-martin-boulogne h f cr ohmyjob saint-martin-boulogne - 62 cdi 30 000 - 40 000 an maîtrise de silae - autonomie rigueur et sens du service client - goût pour le conseil et l'accompagnement voir l offre il y a 17 heures,CDI,30 000,40 000 € / an,0,30000.0,40000.0,35000.0,annual
Emploi Ressources Humaines,chargé de recrutement h f,chargé de recrutement h f premi homme loiret - 45 cdi h f neuville-aux-bois 45 cdi le groupe artus chez voir l offre il y a 17 heures,CDI,Loiret,45,0,,,,
Emploi Ressources Humaines,chargé ressources humaines h f,chargé ressources humaines h f fayat energies services gennevilliers - 92 cdi et d'une grande adaptabilité vous avez la capacité à gérer un grand nombre de projets en parallèle et à les voir l offre il y a 17 heures,CDI,Gennevilliers,92,0,,,,
Emploi Ressources Humaines,responsable d'agence transport 13 h f,responsable d'agence transport 13 h f foselev vitrolles - 13 cdi une grande réactivité qui implique un pouvoir d'initiative fort - un accompagnement de vos ambitions professionnelles c'est à voir l offre il y a 17 heures,CDI,Vitrolles,13,0,,,,
Emploi Ressources Humaines,chargé de recrutement et administratif expérimenté intérim h f,chargé de recrutement et administratif expérimenté intérim h f hubjob super recruteur roissy-en-france - 95 cdi 27 600 - 28 800 an esprit d'équipe vous maîtrisez la législation du travail temporaire vous maitrisez le pack office voir l offre il y a 18 heures,CDI,27 600,28 800 € / an,0,27600.0,28800.0,28200.0,annual
Emploi Ressources Humaines,chargé de recrutement h f,chargé de recrutement h f working spirit belfort - 90 cdi 24 000 - 28 000 an et à travailler dans un environnement dynamique - maîtrise des outils informatiques et des jobboards - capacité à voir l offre il y a 18 heures,CDI,24 000,28 000 € / an,0,24000.0,28000.0,26000.0,annual
Emploi Ressources Humaines,gestionnaire paie - secteur btp h f,gestionnaire paie - secteur btp h f intonae toulouse - 31 cdd 32 000 - 35 999 98 an télétravail occasionnel 1 votre discrétion et votre sens de la confidentialité et vous organisez vos missions en fonction des priorités doté e d'un bon voir l offre il y a 18 heures,CDD,32 000,"35 999,98 € / an",1,32000.0,36000.0,34000.0,annual
Emploi Ressources Humaines,assistant d'agence h f,assistant d'agence h f pôle rh chartres chartres - 28 intérim 14 - 15 heure 3 mois et dynamisme - aisance avec les outils bureautiques et administratifs la rémunération sera fixée en fonction voir l offre il y a 18 heures,Intérim,14,15 € / heure,0,23030.0,24675.0,23852.5,hourly
Emploi Ressources Humaines,chargé rh confirmé h f,chargé rh confirmé h f réseau talents super recruteur charleville-mézières - 08 cdi 40 000 - 50 000 an - capacité d'adaptation sens de l'écoute et de la confidentialité je suis léo santarelli consultant indépendant partenaire voir l offre il y a 18 heures,CDI,40 000,50 000 € / an,0,40000.0,50000.0,45000.0,annual
Emploi Ressources Humaines,chargé de recrutement h f,chargé de recrutement h f arnal - résotainer sète - 34 cdd 30 000 - 33 000 an 12 mois bac 3 minimum en ressources humaines vous disposez d'une expérience d'au moins 2 ans en recrutement cabinet agence d'intérim ou voir l offre il y a 18 heures,CDD,30 000,33 000 € / an,0,30000.0,33000.0,31500.0,annual
Emploi Ressources Humaines,stage - chef de projet rh h f,stage - chef de projet rh h f gbh baie-mahault - 971 stage compétences aisance rédactionnelle capacité d'analyse et sens de l'organisation autonomie rigueur et goût du travail en mode projet voir l offre il y a 18 heures,Stage,Baie-Mahault,971,0,,,,
Emploi Ressources Humaines,assistant rh et recrutement h f,assistant rh et recrutement h f linkt mont-saint-aignan - 76 stage télétravail occasionnel tu prépares une formation de type bac 3 4 en ressources humaines tu es avant tout digne de voir l offre il y a 18 heures,Stage,Mont-Saint-Aignan,76,1,,,,
Emploi Ressources Humaines,consultant en recrutement h f,consultant en recrutement h f fab group bordeaux - 33 cdi votre profil expérience réussie en cabinet goût du contact humain de la négociation et du challenge voir l offre il y a 18 heures,CDI,Bordeaux,33,0,,,,
Emploi Ressources Humaines,stagiaire chargé de recrutement h f,stagiaire chargé de recrutement h f team interim montpellier montpellier - 34 stage 2 mois gérer plusieurs tâches simultanément rigueur et souci du détail dans la gestion administrative sont indispensables voir l offre il y a 18 heures,Stage,Montpellier,34,0,,,,
Emploi Ressources Humaines,internship - hr monitoring officer h f,internship - hr monitoring officer h f cma cgm apt - 84 stage supporting the hr monitoring team in dealing with day-to-day activities - providing insight voir l offre il y a 18 heures,Stage,Apt,84,0,,,,
Emploi Ressources Humaines,poste gestionnaire de paie assistante ressources humaines h f,poste gestionnaire de paie assistante ressources humaines h f u magasins lingolsheim - 67 cdi bac 3 en ressources humaines compatibilité ou gestion expérience expérience de 2 ans minimum voir l offre il y a 18 heures,CDI,Lingolsheim,67,0,,,,
Emploi Ressources Humaines,talent acquisition - cabinet de conseil en ingénierie h f,talent acquisition - cabinet de conseil en ingénierie h f key points recrutement lyon - 69 cdi 33 000 - 36 000 an télétravail occasionnel est nécessaire vous êtes diplômé e d'un master 2 validé en école de commerce ou université voir l offre il y a 18 heures,CDI,33 000,36 000 € / an,1,33000.0,36000.0,34500.0,annual
Emploi Ressources Humaines,chef de projet - spécialiste du recrutement dans les métiers des transports et de la logistique h f,chef de projet - spécialiste du recrutement dans les métiers des transports et de la logistique h f cette entreprise souhaite rester anonyme paris 8e - 75 cdi sommes un centre de formation professionnelle basé à paris dans la cadre de notre expansion nous recherchons voir l offre il y a 18,CDI,Paris 8e,75,0,,,,
Emploi Ressources Humaines,chef de projet - spécialiste du recrutement dans les métiers de nettoyage et de l'hygiène h f,chef de projet - spécialiste du recrutement dans les métiers de nettoyage et de l'hygiène h f cette entreprise souhaite rester anonyme toulon - 83 cdi centre de formation professionnelle basé à paris dans la cadre de notre expansion nous recherchons 1 chef voir l offre il y a 18 heures,CDI,Toulon,83,0,,,,
Emploi Ressources Humaines,chef de projet - spécialiste du recrutement dans les métiers de la sécurité des biens et des personnes h f,chef de projet - spécialiste du recrutement dans les métiers de la sécurité des biens et des personnes h f cette entreprise souhaite rester anonyme neuilly-sur-seine - 92 cdi projet h f pour notre nouvelle base de niveau bac 5 en rh vente marketing vous avez une expérience réussie voir l,CDI,Neuilly-sur-Seine,92,0,,,,
Emploi Ressources Humaines,gestionnaire paie h f,gestionnaire paie h f spph quetigny - 21 cdd 3 mois - diplôme bac 2 3 à bac 5 en gestion des ressources humaines droit social ou équivalent - expérience confirmée voir l offre il y a 18 heures,CDD,Quetigny,21,0,,,,
Emploi Ressources Humaines,chargé de recrutement h f,chargé de recrutement h f s a associates nantes - 44 cdi 30 000 - 36 000 an télétravail partiel recrutement - prendre les besoins clients rédiger et diffuser les offres d'emploi - sourcer les meilleurs profils sur cvthèques voir l offre il y a 18 heures,CDI,30 000,36 000 € / an,1,30000.0,36000.0,33000.0,annual
Emploi Ressources Humaines,expert paie - sirh h f,expert paie - sirh h f generali france saint-denis - 93 cdi télétravail occasionnel approfondie en paie gestion administrative et dsn connaissances en gestion des temps capacités rédactionnelles pour la production de voir l offre il y a 18 heures,CDI,Saint-Denis,93,1,,,,
Emploi Ressources Humaines,cdd - responsable rh et relations sociales - l'occitane en provence h f,cdd - responsable rh et relations sociales - l'occitane en provence h f l'occitane paris 4e - 75 cdd télétravail occasionnel 7 mois de la cosmétique est un plus capacité d'écoute et d'influence rapidité d'exécution maitrise du français et idéalement de voir l offre il y a 18 heures,CDD,Paris 4e,75,1,,,,
Emploi Ressources Humaines,responsable paie et rh en cabinet h f,responsable paie et rh en cabinet h f pago partners paris 16e - 75 cdi 48 000 - 60 000 an télétravail partiel en cabinet d'expertise comptable et avez déjà managé des collaborateurs paie déposez votre voir l offre il y a 19 heures,CDI,48 000,60 000 € / an,1,48000.0,60000.0,54000.0,annual
Emploi Ressources Humaines,assistant ressources humaines h f,assistant ressources humaines h f groupement mousquetaires agromousquetaires vitré - 35 cdd 25 000 - 30 000 an êtes force de proposition et saurez évoluer au sein de l'équipe en toute autonomie vous justifiez d'une voir l offre il y a 19 heures,CDD,25 000,30 000 € / an,0,25000.0,30000.0,27500.0,annual
Emploi Ressources Humaines,gérant d'agence en cogérance h f,gérant d'agence en cogérance h f or en cash la rochelle - 17 cdi 23 000 - 45 000 an local est un vrai plus pour faire rayonner l'agence chez or en cash votre rémunération est directement voir l offre il y a 19 heures,CDI,23 000,45 000 € / an,0,23000.0,45000.0,34000.0,annual
Emploi Ressources Humaines,stagiaire en recrutement - campagne d'alternance 2026 h f,stagiaire en recrutement - campagne d'alternance 2026 h f groupama rhône alpes auvergne lyon - 69 alternance 486 49 - 1 801 80 mois 6 mois une équipe collaborative et dynamique des missions variées et responsabilisantes une expérience qui fera la différence sur ton cv voir l offre il y a,Alternance,"486,49","1 801,80 € / mois",0,5838.0,21622.0,13730.0,monthly
Emploi Ressources Humaines,consultant sénior sirh h f,consultant sénior sirh h f eosium super recruteur nantes - 44 cdi 48 000 - 62 000 an impératifs sur ce poste processus de recrutement présélection cv voir l offre il y a 19 heures,CDI,48 000,62 000 € / an,0,48000.0,62000.0,55000.0,annual
Emploi Ressources Humaines,assistant sirh h f,assistant sirh h f groupe zephyr paris 5e - 75 stage 2 mois au sein d'un groupe en plein développement - la possibilité de montée en compétences sur des logiciels professionnels voir l offre il y a 19 heures,Stage,Paris 5e,75,0,,,,
Emploi Ressources Humaines,stagiaire ressources humaines h f,stagiaire ressources humaines h f educazen vincennes - 94 stage 11 88 - 13 03 heure 6 mois - faire preuve d'impartialité dans ses choix concernant les candidats - avoir une très bonne voir l offre il y a 19 heures,Stage,"11,88","13,03 € / heure",0,19543.0,21434.0,20488.5,hourly
