Titre,Entreprise,Localisation,Type contrat,Niveau d'études,Expérience,Date Publication,Salaire,Lien Offre,Description
Responsable Technique Régional H/F,123 Pare-Brise recrutement,Île-de-France,CDI,"BEP, CAP",Bac,10/12/2025,3 250 - 3 500 € / mois,https://www.hellowork.com/fr-fr/emplois/72465778.html,"Se connecter à Hellowork avec Google
Continuer avec Google
En poursuivant votre connexion via Google, vous acceptez les
CGU
et déclarez avoir pris connaissance de la
politique de protection des données
d’Hellowork. Si vous ne disposez pas déjà d’un compte Hellowork associé
à l'adresse email de votre compte Google, un compte Hellowork vous sera créé."
Responsable Administratif et Financier Maitrise d'Ouvrage H/F,Société Dauphinoise pour l'Habitat recrutement,Échirolles - 38,CDI,"Bac +3, Bac +4",Bac +5,10/12/2025,37 240 - 40 000 € / an,https://www.hellowork.com/fr-fr/emplois/70129438.html,"Se connecter à Hellowork avec Google
Continuer avec Google
En poursuivant votre connexion via Google, vous acceptez les
CGU
et déclarez avoir pris connaissance de la
politique de protection des données
d’Hellowork. Si vous ne disposez pas déjà d’un compte Hellowork associé
à l'adresse email de votre compte Google, un compte Hellowork vous sera créé."
Responsable d'Affaires en Génie Électrique H/F,Vinci Energies France Tertiaire Grand Ouest recrutement,Tours - 37,CDI,Bac +5,Secteur Energie • Environnement,10/12/2025,42 000 - 49 000 € / an,https://www.hellowork.com/fr-fr/emplois/71366888.html,"Se connecter à Hellowork avec Google
Continuer avec Google
En poursuivant votre connexion via Google, vous acceptez les
CGU
et déclarez avoir pris connaissance de la
politique de protection des données
d’Hellowork. Si vous ne disposez pas déjà d’un compte Hellowork associé
à l'adresse email de votre compte Google, un compte Hellowork vous sera créé."
Chargé de Mission Sécurité au Travail H/F,Voies Navigables de France recrutement,Béthune - 62,CDI,Bac +5,Transport • Logistique,10/12/2025,Estimation → 30 100 - 43 800 € / an,https://www.hellowork.com/fr-fr/emplois/71366848.html,"Se connecter à Hellowork avec Google
Continuer avec Google
En poursuivant votre connexion via Google, vous acceptez les
CGU
et déclarez avoir pris connaissance de la
politique de protection des données
d’Hellowork. Si vous ne disposez pas déjà d’un compte Hellowork associé
à l'adresse email de votre compte Google, un compte Hellowork vous sera créé."
Conducteur de Matériel de Collecte Bom Di H/F,Veolia Environnement recrutement,Saint-Herblain - 44,CDI,"BEP, CAP",Bac,10/12/2025,Estimation → 23 300 - 29 300 € / an,https://www.hellowork.com/fr-fr/emplois/70136841.html,"Se connecter à Hellowork avec Google
Continuer avec Google
En poursuivant votre connexion via Google, vous acceptez les
CGU
et déclarez avoir pris connaissance de la
politique de protection des données
d’Hellowork. Si vous ne disposez pas déjà d’un compte Hellowork associé
à l'adresse email de votre compte Google, un compte Hellowork vous sera créé."
Assistant Chef Produits H/F,Groupe COFAQ recrutement,Poitiers - 86,CDI,Bac +2,Distribution • Commerce de gros,10/12/2025,Pas de salaire renseigné,https://www.hellowork.com/fr-fr/emplois/71358323.html,"Se connecter à Hellowork avec Google
Continuer avec Google
En poursuivant votre connexion via Google, vous acceptez les
CGU
et déclarez avoir pris connaissance de la
politique de protection des données
d’Hellowork. Si vous ne disposez pas déjà d’un compte Hellowork associé
à l'adresse email de votre compte Google, un compte Hellowork vous sera créé."
Biologiste Médical en Onco-Hématologie H/F,Groupe Cerba Healthcare recrutement,Frépillon - 95,CDI,Bac +5,Service public hospitalier,10/12/2025,Pas de salaire renseigné,https://www.hellowork.com/fr-fr/emplois/71349340.html,"Se connecter à Hellowork avec Google
Continuer avec Google
En poursuivant votre connexion via Google, vous acceptez les
CGU
et déclarez avoir pris connaissance de la
politique de protection des données
d’Hellowork. Si vous ne disposez pas déjà d’un compte Hellowork associé
à l'adresse email de votre compte Google, un compte Hellowork vous sera créé."
Poseur Confirme H/F,Ouverture's recrutement,Pont-l'Évêque - 14,CDI,"BEP, CAP",Industrie Manufacturière,10/12/2025,Pas de salaire renseigné,https://www.hellowork.com/fr-fr/emplois/70113418.html,"Se connecter à Hellowork avec Google
Continuer avec Google
En poursuivant votre connexion via Google, vous acceptez les
CGU
et déclarez avoir pris connaissance de la
politique de protection des données
d’Hellowork. Si vous ne disposez pas déjà d’un compte Hellowork associé
à l'adresse email de votre compte Google, un compte Hellowork vous sera créé."
Chargé d'Affaires CVC H/F,Groupe Fauché recrutement,Collonges-au-Mont-d'Or - 69,CDI,Bac +2,"Bac +3, Bac +4",10/12/2025,50 000 - 55 000 € / an,https://www.hellowork.com/fr-fr/emplois/70119909.html,"Se connecter à Hellowork avec Google
Continuer avec Google
En poursuivant votre connexion via Google, vous acceptez les
CGU
et déclarez avoir pris connaissance de la
politique de protection des données
d’Hellowork. Si vous ne disposez pas déjà d’un compte Hellowork associé
à l'adresse email de votre compte Google, un compte Hellowork vous sera créé."
Chef de Projets AMOA H/F,MAF - Mutuelle des Architectes Français recrutement,Paris 17e - 75,CDI,Bac +5,Banque • Assurance • Finance,10/12/2025,Estimation → 45 000 - 66 000 € / an,https://www.hellowork.com/fr-fr/emplois/70133665.html,"Se connecter à Hellowork avec Google
Continuer avec Google
En poursuivant votre connexion via Google, vous acceptez les
CGU
et déclarez avoir pris connaissance de la
politique de protection des données
d’Hellowork. Si vous ne disposez pas déjà d’un compte Hellowork associé
à l'adresse email de votre compte Google, un compte Hellowork vous sera créé."
Responsable Maintenance 01 H/F,Lactalis recrutement,Saint-Vulbas - 01,CDI,Bac +2,"Bac +3, Bac +4",10/12/2025,Estimation → 33 000 - 47 500 € / an,https://www.hellowork.com/fr-fr/emplois/70115682.html,"Se connecter à Hellowork avec Google
Continuer avec Google
En poursuivant votre connexion via Google, vous acceptez les
CGU
et déclarez avoir pris connaissance de la
politique de protection des données
d’Hellowork. Si vous ne disposez pas déjà d’un compte Hellowork associé
à l'adresse email de votre compte Google, un compte Hellowork vous sera créé."
Adr 297 - Head Of Revenue Operations H/F,Groupe La Centrale recrutement,Paris 8e - 75,CDI,Bac +5,Distribution • Commerce de gros,10/12/2025,Estimation → 40 000 - 67 500 € / an,https://www.hellowork.com/fr-fr/emplois/71365556.html,"Se connecter à Hellowork avec Google
Continuer avec Google
En poursuivant votre connexion via Google, vous acceptez les
CGU
et déclarez avoir pris connaissance de la
politique de protection des données
d’Hellowork. Si vous ne disposez pas déjà d’un compte Hellowork associé
à l'adresse email de votre compte Google, un compte Hellowork vous sera créé."
Gardien d'Immeubles H/F,Scalis recrutement,La Châtre - 36,CDI,Bac,Immobilier,10/12/2025,1 930 - 1 931 € / mois,https://www.hellowork.com/fr-fr/emplois/71352877.html,"Se connecter à Hellowork avec Google
Continuer avec Google
En poursuivant votre connexion via Google, vous acceptez les
CGU
et déclarez avoir pris connaissance de la
politique de protection des données
d’Hellowork. Si vous ne disposez pas déjà d’un compte Hellowork associé
à l'adresse email de votre compte Google, un compte Hellowork vous sera créé."
Responsable de Magasin 2025 H/F,Happy Curl - La Boutique du Coiffeur recrutement,Essey-lès-Nancy - 54,CDI,Bac +2,"Bac +3, Bac +4",10/12/2025,2 075 - 2 657 € / mois,https://www.hellowork.com/fr-fr/emplois/71358988.html,"Se connecter à Hellowork avec Google
Continuer avec Google
En poursuivant votre connexion via Google, vous acceptez les
CGU
et déclarez avoir pris connaissance de la
politique de protection des données
d’Hellowork. Si vous ne disposez pas déjà d’un compte Hellowork associé
à l'adresse email de votre compte Google, un compte Hellowork vous sera créé."
Infirmier Préleveur - Technicien Préleveur H/F,Groupe Cerba Healthcare recrutement,Indre - 36,CDI,Bac +2,"Bac +3, Bac +4",10/12/2025,Pas de salaire renseigné,https://www.hellowork.com/fr-fr/emplois/62652092.html,"Se connecter à Hellowork avec Google
Continuer avec Google
En poursuivant votre connexion via Google, vous acceptez les
CGU
et déclarez avoir pris connaissance de la
politique de protection des données
d’Hellowork. Si vous ne disposez pas déjà d’un compte Hellowork associé
à l'adresse email de votre compte Google, un compte Hellowork vous sera créé."
Category Leader H/F,Brico Dépôt recrutement,Longpont-sur-Orge - 91,CDI,Bac +5,Distribution • Commerce de gros,10/12/2025,Pas de salaire renseigné,https://www.hellowork.com/fr-fr/emplois/71361715.html,"Se connecter à Hellowork avec Google
Continuer avec Google
En poursuivant votre connexion via Google, vous acceptez les
CGU
et déclarez avoir pris connaissance de la
politique de protection des données
d’Hellowork. Si vous ne disposez pas déjà d’un compte Hellowork associé
à l'adresse email de votre compte Google, un compte Hellowork vous sera créé."
Technicien Installation Ascenseurs H/F,Kone recrutement,Saint-Nazaire - 44,CDI,Bac,Bac +2,10/12/2025,Estimation → 25 700 - 34 500 € / an,https://www.hellowork.com/fr-fr/emplois/65244564.html,"Se connecter à Hellowork avec Google
Continuer avec Google
En poursuivant votre connexion via Google, vous acceptez les
CGU
et déclarez avoir pris connaissance de la
politique de protection des données
d’Hellowork. Si vous ne disposez pas déjà d’un compte Hellowork associé
à l'adresse email de votre compte Google, un compte Hellowork vous sera créé."
Auxilaire de Vie H/F,ADHAP recrutement,Vitrolles - 13,CDI,"BEP, CAP",Services aux Personnes • Particuliers,10/12/2025,"11,88 - 12,49 € / heure",https://www.hellowork.com/fr-fr/emplois/70129906.html,"Se connecter à Hellowork avec Google
Continuer avec Google
En poursuivant votre connexion via Google, vous acceptez les
CGU
et déclarez avoir pris connaissance de la
politique de protection des données
d’Hellowork. Si vous ne disposez pas déjà d’un compte Hellowork associé
à l'adresse email de votre compte Google, un compte Hellowork vous sera créé."
Responsable Marketing Qualite et Experience Client H/F,Volkswagen recrutement,Noisy-le-Grand - 93,CDI,Bac +5,Industrie Auto • Meca • Navale,10/12/2025,Estimation → 42 500 - 71 200 € / an,https://www.hellowork.com/fr-fr/emplois/72462439.html,"Se connecter à Hellowork avec Google
Continuer avec Google
En poursuivant votre connexion via Google, vous acceptez les
CGU
et déclarez avoir pris connaissance de la
politique de protection des données
d’Hellowork. Si vous ne disposez pas déjà d’un compte Hellowork associé
à l'adresse email de votre compte Google, un compte Hellowork vous sera créé."
Responsable de Magasin H/F,Boulangerie  Ange recrutement,Écully - 69,CDI,Bac +2,"Bac +3, Bac +4",10/12/2025,Estimation → 25 700 - 40 000 € / an,https://www.hellowork.com/fr-fr/emplois/71363386.html,"Se connecter à Hellowork avec Google
Continuer avec Google
En poursuivant votre connexion via Google, vous acceptez les
CGU
et déclarez avoir pris connaissance de la
politique de protection des données
d’Hellowork. Si vous ne disposez pas déjà d’un compte Hellowork associé
à l'adresse email de votre compte Google, un compte Hellowork vous sera créé."
Conducteur de Travaux Photovoltaïque H/F,Groupe OPNR recrutement,Lyon - 69,CDI,Bac +2,"Bac +3, Bac +4",10/12/2025,3 175 € / mois,https://www.hellowork.com/fr-fr/emplois/71359943.html,"Se connecter à Hellowork avec Google
Continuer avec Google
En poursuivant votre connexion via Google, vous acceptez les
CGU
et déclarez avoir pris connaissance de la
politique de protection des données
d’Hellowork. Si vous ne disposez pas déjà d’un compte Hellowork associé
à l'adresse email de votre compte Google, un compte Hellowork vous sera créé."
Chef de Centre H/F,123 Pare-Brise recrutement,Saint-Brice-sous-Forêt - 95,CDI,"BEP, CAP",Bac +2,10/12/2025,2 510 - 3 000 € / mois,https://www.hellowork.com/fr-fr/emplois/72465759.html,"Se connecter à Hellowork avec Google
Continuer avec Google
En poursuivant votre connexion via Google, vous acceptez les
CGU
et déclarez avoir pris connaissance de la
politique de protection des données
d’Hellowork. Si vous ne disposez pas déjà d’un compte Hellowork associé
à l'adresse email de votre compte Google, un compte Hellowork vous sera créé."
Technicien Automobile H/F,123 Pare-Brise recrutement,Saint-Brice-sous-Forêt - 95,CDI,"BEP, CAP",Bac,10/12/2025,2 081 - 2 350 € / mois,https://www.hellowork.com/fr-fr/emplois/72465762.html,"Se connecter à Hellowork avec Google
Continuer avec Google
En poursuivant votre connexion via Google, vous acceptez les
CGU
et déclarez avoir pris connaissance de la
politique de protection des données
d’Hellowork. Si vous ne disposez pas déjà d’un compte Hellowork associé
à l'adresse email de votre compte Google, un compte Hellowork vous sera créé."
Mécanicien Robinetier H/F,Groupe Foure Lagadec recrutement,Vénissieux - 69,CDI,Bac +2,BTP,10/12/2025,2 000 - 2 500 € / mois,https://www.hellowork.com/fr-fr/emplois/70111803.html,"Se connecter à Hellowork avec Google
Continuer avec Google
En poursuivant votre connexion via Google, vous acceptez les
CGU
et déclarez avoir pris connaissance de la
politique de protection des données
d’Hellowork. Si vous ne disposez pas déjà d’un compte Hellowork associé
à l'adresse email de votre compte Google, un compte Hellowork vous sera créé."
Chef de Chantier Construction Bois H/F,VCSP Batiment Nord Est et ANSC recrutement,Rueil-Malmaison - 92,CDI,Bac +2,BTP,10/12/2025,Estimation → 36 200 - 57 500 € / an,https://www.hellowork.com/fr-fr/emplois/67780601.html,"Se connecter à Hellowork avec Google
Continuer avec Google
En poursuivant votre connexion via Google, vous acceptez les
CGU
et déclarez avoir pris connaissance de la
politique de protection des données
d’Hellowork. Si vous ne disposez pas déjà d’un compte Hellowork associé
à l'adresse email de votre compte Google, un compte Hellowork vous sera créé."
Conducteur de Travaux Confirmé Construction Bois H/F,VCSP Batiment Nord Est et ANSC recrutement,Chemillé-en-Anjou - 49,CDI,Bac +5,BTP,10/12/2025,Estimation → 30 000 - 42 500 € / an,https://www.hellowork.com/fr-fr/emplois/70137895.html,"Se connecter à Hellowork avec Google
Continuer avec Google
En poursuivant votre connexion via Google, vous acceptez les
CGU
et déclarez avoir pris connaissance de la
politique de protection des données
d’Hellowork. Si vous ne disposez pas déjà d’un compte Hellowork associé
à l'adresse email de votre compte Google, un compte Hellowork vous sera créé."
Monteur Réseaux Aériens H/F,VINCI Energies France Infras Grand Ouest recrutement,Granville - 50,CDI,"BEP, CAP",Secteur Energie • Environnement,10/12/2025,25 000 - 34 000 € / an,https://www.hellowork.com/fr-fr/emplois/71366869.html,"Se connecter à Hellowork avec Google
Continuer avec Google
En poursuivant votre connexion via Google, vous acceptez les
CGU
et déclarez avoir pris connaissance de la
politique de protection des données
d’Hellowork. Si vous ne disposez pas déjà d’un compte Hellowork associé
à l'adresse email de votre compte Google, un compte Hellowork vous sera créé."
Coordinateur Technique H/F,CBRE GWS FRANCE recrutement,Courbevoie - 92,CDI,Bac +2,Immobilier,10/12/2025,38 000 - 42 000 € / an,https://www.hellowork.com/fr-fr/emplois/69006659.html,"Se connecter à Hellowork avec Google
Continuer avec Google
En poursuivant votre connexion via Google, vous acceptez les
CGU
et déclarez avoir pris connaissance de la
politique de protection des données
d’Hellowork. Si vous ne disposez pas déjà d’un compte Hellowork associé
à l'adresse email de votre compte Google, un compte Hellowork vous sera créé."
Ingénieur·e Systeme Exploitation Windows Server H/F,Safran recrutement,Bordeaux - 33,CDI,Bac +5,Industrie Aéronautique • Aérospatial,10/12/2025,Pas de salaire renseigné,https://www.hellowork.com/fr-fr/emplois/70128201.html,"Se connecter à Hellowork avec Google
Continuer avec Google
En poursuivant votre connexion via Google, vous acceptez les
CGU
et déclarez avoir pris connaissance de la
politique de protection des données
d’Hellowork. Si vous ne disposez pas déjà d’un compte Hellowork associé
à l'adresse email de votre compte Google, un compte Hellowork vous sera créé."
Directeur de Station de Télésurveillance H/F,Goron Securité recrutement,Tremblay-en-France - 93,CDI,Bac +5,Services aux Entreprises,10/12/2025,Pas de salaire renseigné,https://www.hellowork.com/fr-fr/emplois/70148781.html,"Se connecter à Hellowork avec Google
Continuer avec Google
En poursuivant votre connexion via Google, vous acceptez les
CGU
et déclarez avoir pris connaissance de la
politique de protection des données
d’Hellowork. Si vous ne disposez pas déjà d’un compte Hellowork associé
à l'adresse email de votre compte Google, un compte Hellowork vous sera créé."
Responsable Technique Régional H/F,123 Pare-Brise recrutement,Île-de-France,CDI,"BEP, CAP",Bac,10/12/2025,3 250 - 3 500 € / mois,https://www.hellowork.com/fr-fr/emplois/72465778.html,"Se connecter à Hellowork avec Google
Continuer avec Google
En poursuivant votre connexion via Google, vous acceptez les
CGU
et déclarez avoir pris connaissance de la
politique de protection des données
d’Hellowork. Si vous ne disposez pas déjà d’un compte Hellowork associé
à l'adresse email de votre compte Google, un compte Hellowork vous sera créé."
Responsable Administratif et Financier Maitrise d'Ouvrage H/F,Société Dauphinoise pour l'Habitat recrutement,Échirolles - 38,CDI,"Bac +3, Bac +4",Bac +5,10/12/2025,37 240 - 40 000 € / an,https://www.hellowork.com/fr-fr/emplois/70129438.html,"Se connecter à Hellowork avec Google
Continuer avec Google
En poursuivant votre connexion via Google, vous acceptez les
CGU
et déclarez avoir pris connaissance de la
politique de protection des données
d’Hellowork. Si vous ne disposez pas déjà d’un compte Hellowork associé
à l'adresse email de votre compte Google, un compte Hellowork vous sera créé."
Responsable d'Affaires en Génie Électrique H/F,Vinci Energies France Tertiaire Grand Ouest recrutement,Tours - 37,CDI,Bac +5,Secteur Energie • Environnement,10/12/2025,42 000 - 49 000 € / an,https://www.hellowork.com/fr-fr/emplois/71366888.html,"Se connecter à Hellowork avec Google
Continuer avec Google
En poursuivant votre connexion via Google, vous acceptez les
CGU
et déclarez avoir pris connaissance de la
politique de protection des données
d’Hellowork. Si vous ne disposez pas déjà d’un compte Hellowork associé
à l'adresse email de votre compte Google, un compte Hellowork vous sera créé."
Chargé de Mission Sécurité au Travail H/F,Voies Navigables de France recrutement,Béthune - 62,CDI,Bac +5,Transport • Logistique,10/12/2025,Estimation → 30 100 - 43 800 € / an,https://www.hellowork.com/fr-fr/emplois/71366848.html,"Se connecter à Hellowork avec Google
Continuer avec Google
En poursuivant votre connexion via Google, vous acceptez les
CGU
et déclarez avoir pris connaissance de la
politique de protection des données
d’Hellowork. Si vous ne disposez pas déjà d’un compte Hellowork associé
à l'adresse email de votre compte Google, un compte Hellowork vous sera créé."
Conducteur de Matériel de Collecte Bom Di H/F,Veolia Environnement recrutement,Saint-Herblain - 44,CDI,"BEP, CAP",Bac,10/12/2025,Estimation → 23 300 - 29 300 € / an,https://www.hellowork.com/fr-fr/emplois/70136841.html,"Se connecter à Hellowork avec Google
Continuer avec Google
En poursuivant votre connexion via Google, vous acceptez les
CGU
et déclarez avoir pris connaissance de la
politique de protection des données
d’Hellowork. Si vous ne disposez pas déjà d’un compte Hellowork associé
à l'adresse email de votre compte Google, un compte Hellowork vous sera créé."
Assistant Chef Produits H/F,Groupe COFAQ recrutement,Poitiers - 86,CDI,Bac +2,Distribution • Commerce de gros,10/12/2025,Pas de salaire renseigné,https://www.hellowork.com/fr-fr/emplois/71358323.html,"Se connecter à Hellowork avec Google
Continuer avec Google
En poursuivant votre connexion via Google, vous acceptez les
CGU
et déclarez avoir pris connaissance de la
politique de protection des données
d’Hellowork. Si vous ne disposez pas déjà d’un compte Hellowork associé
à l'adresse email de votre compte Google, un compte Hellowork vous sera créé."
Biologiste Médical en Onco-Hématologie H/F,Groupe Cerba Healthcare recrutement,Frépillon - 95,CDI,Bac +5,Service public hospitalier,10/12/2025,Pas de salaire renseigné,https://www.hellowork.com/fr-fr/emplois/71349340.html,"Se connecter à Hellowork avec Google
Continuer avec Google
En poursuivant votre connexion via Google, vous acceptez les
CGU
et déclarez avoir pris connaissance de la
politique de protection des données
d’Hellowork. Si vous ne disposez pas déjà d’un compte Hellowork associé
à l'adresse email de votre compte Google, un compte Hellowork vous sera créé."
Poseur Confirme H/F,Ouverture's recrutement,Pont-l'Évêque - 14,CDI,"BEP, CAP",Industrie Manufacturière,10/12/2025,Pas de salaire renseigné,https://www.hellowork.com/fr-fr/emplois/70113418.html,"Se connecter à Hellowork avec Google
Continuer avec Google
En poursuivant votre connexion via Google, vous acceptez les
CGU
et déclarez avoir pris connaissance de la
politique de protection des données
d’Hellowork. Si vous ne disposez pas déjà d’un compte Hellowork associé
à l'adresse email de votre compte Google, un compte Hellowork vous sera créé."
Chargé d'Affaires CVC H/F,Groupe Fauché recrutement,Collonges-au-Mont-d'Or - 69,CDI,Bac +2,"Bac +3, Bac +4",10/12/2025,50 000 - 55 000 € / an,https://www.hellowork.com/fr-fr/emplois/70119909.html,"Se connecter à Hellowork avec Google
Continuer avec Google
En poursuivant votre connexion via Google, vous acceptez les
CGU
et déclarez avoir pris connaissance de la
politique de protection des données
d’Hellowork. Si vous ne disposez pas déjà d’un compte Hellowork associé
à l'adresse email de votre compte Google, un compte Hellowork vous sera créé."
Chef de Projets AMOA H/F,MAF - Mutuelle des Architectes Français recrutement,Paris 17e - 75,CDI,Bac +5,Banque • Assurance • Finance,10/12/2025,Estimation → 45 000 - 66 000 € / an,https://www.hellowork.com/fr-fr/emplois/70133665.html,"Se connecter à Hellowork avec Google
Continuer avec Google
En poursuivant votre connexion via Google, vous acceptez les
CGU
et déclarez avoir pris connaissance de la
politique de protection des données
d’Hellowork. Si vous ne disposez pas déjà d’un compte Hellowork associé
à l'adresse email de votre compte Google, un compte Hellowork vous sera créé."
Responsable Maintenance 01 H/F,Lactalis recrutement,Saint-Vulbas - 01,CDI,Bac +2,"Bac +3, Bac +4",10/12/2025,Estimation → 33 000 - 47 500 € / an,https://www.hellowork.com/fr-fr/emplois/70115682.html,"Se connecter à Hellowork avec Google
Continuer avec Google
En poursuivant votre connexion via Google, vous acceptez les
CGU
et déclarez avoir pris connaissance de la
politique de protection des données
d’Hellowork. Si vous ne disposez pas déjà d’un compte Hellowork associé
à l'adresse email de votre compte Google, un compte Hellowork vous sera créé."
Adr 297 - Head Of Revenue Operations H/F,Groupe La Centrale recrutement,Paris 8e - 75,CDI,Bac +5,Distribution • Commerce de gros,10/12/2025,Estimation → 40 000 - 67 500 € / an,https://www.hellowork.com/fr-fr/emplois/71365556.html,"Se connecter à Hellowork avec Google
Continuer avec Google
En poursuivant votre connexion via Google, vous acceptez les
CGU
et déclarez avoir pris connaissance de la
politique de protection des données
d’Hellowork. Si vous ne disposez pas déjà d’un compte Hellowork associé
à l'adresse email de votre compte Google, un compte Hellowork vous sera créé."
Gardien d'Immeubles H/F,Scalis recrutement,La Châtre - 36,CDI,Bac,Immobilier,10/12/2025,1 930 - 1 931 € / mois,https://www.hellowork.com/fr-fr/emplois/71352877.html,"Se connecter à Hellowork avec Google
Continuer avec Google
En poursuivant votre connexion via Google, vous acceptez les
CGU
et déclarez avoir pris connaissance de la
politique de protection des données
d’Hellowork. Si vous ne disposez pas déjà d’un compte Hellowork associé
à l'adresse email de votre compte Google, un compte Hellowork vous sera créé."
Responsable de Magasin 2025 H/F,Happy Curl - La Boutique du Coiffeur recrutement,Essey-lès-Nancy - 54,CDI,Bac +2,"Bac +3, Bac +4",10/12/2025,2 075 - 2 657 € / mois,https://www.hellowork.com/fr-fr/emplois/71358988.html,"Se connecter à Hellowork avec Google
Continuer avec Google
En poursuivant votre connexion via Google, vous acceptez les
CGU
et déclarez avoir pris connaissance de la
politique de protection des données
d’Hellowork. Si vous ne disposez pas déjà d’un compte Hellowork associé
à l'adresse email de votre compte Google, un compte Hellowork vous sera créé."
Infirmier Préleveur - Technicien Préleveur H/F,Groupe Cerba Healthcare recrutement,Indre - 36,CDI,Bac +2,"Bac +3, Bac +4",10/12/2025,Pas de salaire renseigné,https://www.hellowork.com/fr-fr/emplois/62652092.html,"Se connecter à Hellowork avec Google
Continuer avec Google
En poursuivant votre connexion via Google, vous acceptez les
CGU
et déclarez avoir pris connaissance de la
politique de protection des données
d’Hellowork. Si vous ne disposez pas déjà d’un compte Hellowork associé
à l'adresse email de votre compte Google, un compte Hellowork vous sera créé."
Category Leader H/F,Brico Dépôt recrutement,Longpont-sur-Orge - 91,CDI,Bac +5,Distribution • Commerce de gros,10/12/2025,Pas de salaire renseigné,https://www.hellowork.com/fr-fr/emplois/71361715.html,"Se connecter à Hellowork avec Google
Continuer avec Google
En poursuivant votre connexion via Google, vous acceptez les
CGU
et déclarez avoir pris connaissance de la
politique de protection des données
d’Hellowork. Si vous ne disposez pas déjà d’un compte Hellowork associé
à l'adresse email de votre compte Google, un compte Hellowork vous sera créé."
Technicien Installation Ascenseurs H/F,Kone recrutement,Saint-Nazaire - 44,CDI,Bac,Bac +2,10/12/2025,Estimation → 25 700 - 34 500 € / an,https://www.hellowork.com/fr-fr/emplois/65244564.html,"Se connecter à Hellowork avec Google
Continuer avec Google
En poursuivant votre connexion via Google, vous acceptez les
CGU
et déclarez avoir pris connaissance de la
politique de protection des données
d’Hellowork. Si vous ne disposez pas déjà d’un compte Hellowork associé
à l'adresse email de votre compte Google, un compte Hellowork vous sera créé."
Auxilaire de Vie H/F,ADHAP recrutement,Vitrolles - 13,CDI,"BEP, CAP",Services aux Personnes • Particuliers,10/12/2025,"11,88 - 12,49 € / heure",https://www.hellowork.com/fr-fr/emplois/70129906.html,"Se connecter à Hellowork avec Google
Continuer avec Google
En poursuivant votre connexion via Google, vous acceptez les
CGU
et déclarez avoir pris connaissance de la
politique de protection des données
d’Hellowork. Si vous ne disposez pas déjà d’un compte Hellowork associé
à l'adresse email de votre compte Google, un compte Hellowork vous sera créé."
Responsable Marketing Qualite et Experience Client H/F,Volkswagen recrutement,Noisy-le-Grand - 93,CDI,Bac +5,Industrie Auto • Meca • Navale,10/12/2025,Estimation → 42 500 - 71 200 € / an,https://www.hellowork.com/fr-fr/emplois/72462439.html,"Se connecter à Hellowork avec Google
Continuer avec Google
En poursuivant votre connexion via Google, vous acceptez les
CGU
et déclarez avoir pris connaissance de la
politique de protection des données
d’Hellowork. Si vous ne disposez pas déjà d’un compte Hellowork associé
à l'adresse email de votre compte Google, un compte Hellowork vous sera créé."
Responsable de Magasin H/F,Boulangerie  Ange recrutement,Écully - 69,CDI,Bac +2,"Bac +3, Bac +4",10/12/2025,Estimation → 25 700 - 40 000 € / an,https://www.hellowork.com/fr-fr/emplois/71363386.html,"Se connecter à Hellowork avec Google
Continuer avec Google
En poursuivant votre connexion via Google, vous acceptez les
CGU
et déclarez avoir pris connaissance de la
politique de protection des données
d’Hellowork. Si vous ne disposez pas déjà d’un compte Hellowork associé
à l'adresse email de votre compte Google, un compte Hellowork vous sera créé."
Conducteur de Travaux Photovoltaïque H/F,Groupe OPNR recrutement,Lyon - 69,CDI,Bac +2,"Bac +3, Bac +4",10/12/2025,3 175 € / mois,https://www.hellowork.com/fr-fr/emplois/71359943.html,"Se connecter à Hellowork avec Google
Continuer avec Google
En poursuivant votre connexion via Google, vous acceptez les
CGU
et déclarez avoir pris connaissance de la
politique de protection des données
d’Hellowork. Si vous ne disposez pas déjà d’un compte Hellowork associé
à l'adresse email de votre compte Google, un compte Hellowork vous sera créé."
Chef de Centre H/F,123 Pare-Brise recrutement,Saint-Brice-sous-Forêt - 95,CDI,"BEP, CAP",Bac +2,10/12/2025,2 510 - 3 000 € / mois,https://www.hellowork.com/fr-fr/emplois/72465759.html,"Se connecter à Hellowork avec Google
Continuer avec Google
En poursuivant votre connexion via Google, vous acceptez les
CGU
et déclarez avoir pris connaissance de la
politique de protection des données
d’Hellowork. Si vous ne disposez pas déjà d’un compte Hellowork associé
à l'adresse email de votre compte Google, un compte Hellowork vous sera créé."
Technicien Automobile H/F,123 Pare-Brise recrutement,Saint-Brice-sous-Forêt - 95,CDI,"BEP, CAP",Bac,10/12/2025,2 081 - 2 350 € / mois,https://www.hellowork.com/fr-fr/emplois/72465762.html,"Se connecter à Hellowork avec Google
Continuer avec Google
En poursuivant votre connexion via Google, vous acceptez les
CGU
et déclarez avoir pris connaissance de la
politique de protection des données
d’Hellowork. Si vous ne disposez pas déjà d’un compte Hellowork associé
à l'adresse email de votre compte Google, un compte Hellowork vous sera créé."
Mécanicien Robinetier H/F,Groupe Foure Lagadec recrutement,Vénissieux - 69,CDI,Bac +2,BTP,10/12/2025,2 000 - 2 500 € / mois,https://www.hellowork.com/fr-fr/emplois/70111803.html,"Se connecter à Hellowork avec Google
Continuer avec Google
En poursuivant votre connexion via Google, vous acceptez les
CGU
et déclarez avoir pris connaissance de la
politique de protection des données
d’Hellowork. Si vous ne disposez pas déjà d’un compte Hellowork associé
à l'adresse email de votre compte Google, un compte Hellowork vous sera créé."
Chef de Chantier Construction Bois H/F,VCSP Batiment Nord Est et ANSC recrutement,Rueil-Malmaison - 92,CDI,Bac +2,BTP,10/12/2025,Estimation → 36 200 - 57 500 € / an,https://www.hellowork.com/fr-fr/emplois/67780601.html,"Se connecter à Hellowork avec Google
Continuer avec Google
En poursuivant votre connexion via Google, vous acceptez les
CGU
et déclarez avoir pris connaissance de la
politique de protection des données
d’Hellowork. Si vous ne disposez pas déjà d’un compte Hellowork associé
à l'adresse email de votre compte Google, un compte Hellowork vous sera créé."
Conducteur de Travaux Confirmé Construction Bois H/F,VCSP Batiment Nord Est et ANSC recrutement,Chemillé-en-Anjou - 49,CDI,Bac +5,BTP,10/12/2025,Estimation → 30 000 - 42 500 € / an,https://www.hellowork.com/fr-fr/emplois/70137895.html,"Se connecter à Hellowork avec Google
Continuer avec Google
En poursuivant votre connexion via Google, vous acceptez les
CGU
et déclarez avoir pris connaissance de la
politique de protection des données
d’Hellowork. Si vous ne disposez pas déjà d’un compte Hellowork associé
à l'adresse email de votre compte Google, un compte Hellowork vous sera créé."
Monteur Réseaux Aériens H/F,VINCI Energies France Infras Grand Ouest recrutement,Granville - 50,CDI,"BEP, CAP",Secteur Energie • Environnement,10/12/2025,25 000 - 34 000 € / an,https://www.hellowork.com/fr-fr/emplois/71366869.html,"Se connecter à Hellowork avec Google
Continuer avec Google
En poursuivant votre connexion via Google, vous acceptez les
CGU
et déclarez avoir pris connaissance de la
politique de protection des données
d’Hellowork. Si vous ne disposez pas déjà d’un compte Hellowork associé
à l'adresse email de votre compte Google, un compte Hellowork vous sera créé."
Coordinateur Technique H/F,CBRE GWS FRANCE recrutement,Courbevoie - 92,CDI,Bac +2,Immobilier,10/12/2025,38 000 - 42 000 € / an,https://www.hellowork.com/fr-fr/emplois/69006659.html,"Se connecter à Hellowork avec Google
Continuer avec Google
En poursuivant votre connexion via Google, vous acceptez les
CGU
et déclarez avoir pris connaissance de la
politique de protection des données
d’Hellowork. Si vous ne disposez pas déjà d’un compte Hellowork associé
à l'adresse email de votre compte Google, un compte Hellowork vous sera créé."
Ingénieur·e Systeme Exploitation Windows Server H/F,Safran recrutement,Bordeaux - 33,CDI,Bac +5,Industrie Aéronautique • Aérospatial,10/12/2025,Pas de salaire renseigné,https://www.hellowork.com/fr-fr/emplois/70128201.html,"Se connecter à Hellowork avec Google
Continuer avec Google
En poursuivant votre connexion via Google, vous acceptez les
CGU
et déclarez avoir pris connaissance de la
politique de protection des données
d’Hellowork. Si vous ne disposez pas déjà d’un compte Hellowork associé
à l'adresse email de votre compte Google, un compte Hellowork vous sera créé."
Directeur de Station de Télésurveillance H/F,Goron Securité recrutement,Tremblay-en-France - 93,CDI,Bac +5,Services aux Entreprises,10/12/2025,Pas de salaire renseigné,https://www.hellowork.com/fr-fr/emplois/70148781.html,"Se connecter à Hellowork avec Google
Continuer avec Google
En poursuivant votre connexion via Google, vous acceptez les
CGU
et déclarez avoir pris connaissance de la
politique de protection des données
d’Hellowork. Si vous ne disposez pas déjà d’un compte Hellowork associé
à l'adresse email de votre compte Google, un compte Hellowork vous sera créé."
Responsable Technique Régional H/F,123 Pare-Brise recrutement,Île-de-France,CDI,"BEP, CAP",Bac,10/12/2025,3 250 - 3 500 € / mois,https://www.hellowork.com/fr-fr/emplois/72465778.html,"Se connecter à Hellowork avec Google
Continuer avec Google
En poursuivant votre connexion via Google, vous acceptez les
CGU
et déclarez avoir pris connaissance de la
politique de protection des données
d’Hellowork. Si vous ne disposez pas déjà d’un compte Hellowork associé
à l'adresse email de votre compte Google, un compte Hellowork vous sera créé."
Responsable Administratif et Financier Maitrise d'Ouvrage H/F,Société Dauphinoise pour l'Habitat recrutement,Échirolles - 38,CDI,"Bac +3, Bac +4",Bac +5,10/12/2025,37 240 - 40 000 € / an,https://www.hellowork.com/fr-fr/emplois/70129438.html,"Se connecter à Hellowork avec Google
Continuer avec Google
En poursuivant votre connexion via Google, vous acceptez les
CGU
et déclarez avoir pris connaissance de la
politique de protection des données
d’Hellowork. Si vous ne disposez pas déjà d’un compte Hellowork associé
à l'adresse email de votre compte Google, un compte Hellowork vous sera créé."
Responsable d'Affaires en Génie Électrique H/F,Vinci Energies France Tertiaire Grand Ouest recrutement,Tours - 37,CDI,Bac +5,Secteur Energie • Environnement,10/12/2025,42 000 - 49 000 € / an,https://www.hellowork.com/fr-fr/emplois/71366888.html,"Se connecter à Hellowork avec Google
Continuer avec Google
En poursuivant votre connexion via Google, vous acceptez les
CGU
et déclarez avoir pris connaissance de la
politique de protection des données
d’Hellowork. Si vous ne disposez pas déjà d’un compte Hellowork associé
à l'adresse email de votre compte Google, un compte Hellowork vous sera créé."
Chargé de Mission Sécurité au Travail H/F,Voies Navigables de France recrutement,Béthune - 62,CDI,Bac +5,Transport • Logistique,10/12/2025,Estimation → 30 100 - 43 800 € / an,https://www.hellowork.com/fr-fr/emplois/71366848.html,"Se connecter à Hellowork avec Google
Continuer avec Google
En poursuivant votre connexion via Google, vous acceptez les
CGU
et déclarez avoir pris connaissance de la
politique de protection des données
d’Hellowork. Si vous ne disposez pas déjà d’un compte Hellowork associé
à l'adresse email de votre compte Google, un compte Hellowork vous sera créé."
Conducteur de Matériel de Collecte Bom Di H/F,Veolia Environnement recrutement,Saint-Herblain - 44,CDI,"BEP, CAP",Bac,10/12/2025,Estimation → 23 300 - 29 300 € / an,https://www.hellowork.com/fr-fr/emplois/70136841.html,"Se connecter à Hellowork avec Google
Continuer avec Google
En poursuivant votre connexion via Google, vous acceptez les
CGU
et déclarez avoir pris connaissance de la
politique de protection des données
d’Hellowork. Si vous ne disposez pas déjà d’un compte Hellowork associé
à l'adresse email de votre compte Google, un compte Hellowork vous sera créé."
Assistant Chef Produits H/F,Groupe COFAQ recrutement,Poitiers - 86,CDI,Bac +2,Distribution • Commerce de gros,10/12/2025,Pas de salaire renseigné,https://www.hellowork.com/fr-fr/emplois/71358323.html,"Se connecter à Hellowork avec Google
Continuer avec Google
En poursuivant votre connexion via Google, vous acceptez les
CGU
et déclarez avoir pris connaissance de la
politique de protection des données
d’Hellowork. Si vous ne disposez pas déjà d’un compte Hellowork associé
à l'adresse email de votre compte Google, un compte Hellowork vous sera créé."
Biologiste Médical en Onco-Hématologie H/F,Groupe Cerba Healthcare recrutement,Frépillon - 95,CDI,Bac +5,Service public hospitalier,10/12/2025,Pas de salaire renseigné,https://www.hellowork.com/fr-fr/emplois/71349340.html,"Se connecter à Hellowork avec Google
Continuer avec Google
En poursuivant votre connexion via Google, vous acceptez les
CGU
et déclarez avoir pris connaissance de la
politique de protection des données
d’Hellowork. Si vous ne disposez pas déjà d’un compte Hellowork associé
à l'adresse email de votre compte Google, un compte Hellowork vous sera créé."
Poseur Confirme H/F,Ouverture's recrutement,Pont-l'Évêque - 14,CDI,"BEP, CAP",Industrie Manufacturière,10/12/2025,Pas de salaire renseigné,https://www.hellowork.com/fr-fr/emplois/70113418.html,"Se connecter à Hellowork avec Google
Continuer avec Google
En poursuivant votre connexion via Google, vous acceptez les
CGU
et déclarez avoir pris connaissance de la
politique de protection des données
d’Hellowork. Si vous ne disposez pas déjà d’un compte Hellowork associé
à l'adresse email de votre compte Google, un compte Hellowork vous sera créé."
Chargé d'Affaires CVC H/F,Groupe Fauché recrutement,Collonges-au-Mont-d'Or - 69,CDI,Bac +2,"Bac +3, Bac +4",10/12/2025,50 000 - 55 000 € / an,https://www.hellowork.com/fr-fr/emplois/70119909.html,"Se connecter à Hellowork avec Google
Continuer avec Google
En poursuivant votre connexion via Google, vous acceptez les
CGU
et déclarez avoir pris connaissance de la
politique de protection des données
d’Hellowork. Si vous ne disposez pas déjà d’un compte Hellowork associé
à l'adresse email de votre compte Google, un compte Hellowork vous sera créé."
Chef de Projets AMOA H/F,MAF - Mutuelle des Architectes Français recrutement,Paris 17e - 75,CDI,Bac +5,Banque • Assurance • Finance,10/12/2025,Estimation → 45 000 - 66 000 € / an,https://www.hellowork.com/fr-fr/emplois/70133665.html,"Se connecter à Hellowork avec Google
Continuer avec Google
En poursuivant votre connexion via Google, vous acceptez les
CGU
et déclarez avoir pris connaissance de la
politique de protection des données
d’Hellowork. Si vous ne disposez pas déjà d’un compte Hellowork associé
à l'adresse email de votre compte Google, un compte Hellowork vous sera créé."
Responsable Maintenance 01 H/F,Lactalis recrutement,Saint-Vulbas - 01,CDI,Bac +2,"Bac +3, Bac +4",10/12/2025,Estimation → 33 000 - 47 500 € / an,https://www.hellowork.com/fr-fr/emplois/70115682.html,"Se connecter à Hellowork avec Google
Continuer avec Google
En poursuivant votre connexion via Google, vous acceptez les
CGU
et déclarez avoir pris connaissance de la
politique de protection des données
d’Hellowork. Si vous ne disposez pas déjà d’un compte Hellowork associé
à l'adresse email de votre compte Google, un compte Hellowork vous sera créé."
Adr 297 - Head Of Revenue Operations H/F,Groupe La Centrale recrutement,Paris 8e - 75,CDI,Bac +5,Distribution • Commerce de gros,10/12/2025,Estimation → 40 000 - 67 500 € / an,https://www.hellowork.com/fr-fr/emplois/71365556.html,"Se connecter à Hellowork avec Google
Continuer avec Google
En poursuivant votre connexion via Google, vous acceptez les
CGU
et déclarez avoir pris connaissance de la
politique de protection des données
d’Hellowork. Si vous ne disposez pas déjà d’un compte Hellowork associé
à l'adresse email de votre compte Google, un compte Hellowork vous sera créé."
Gardien d'Immeubles H/F,Scalis recrutement,La Châtre - 36,CDI,Bac,Immobilier,10/12/2025,1 930 - 1 931 € / mois,https://www.hellowork.com/fr-fr/emplois/71352877.html,"Se connecter à Hellowork avec Google
Continuer avec Google
En poursuivant votre connexion via Google, vous acceptez les
CGU
et déclarez avoir pris connaissance de la
politique de protection des données
d’Hellowork. Si vous ne disposez pas déjà d’un compte Hellowork associé
à l'adresse email de votre compte Google, un compte Hellowork vous sera créé."
Responsable de Magasin 2025 H/F,Happy Curl - La Boutique du Coiffeur recrutement,Essey-lès-Nancy - 54,CDI,Bac +2,"Bac +3, Bac +4",10/12/2025,2 075 - 2 657 € / mois,https://www.hellowork.com/fr-fr/emplois/71358988.html,"Se connecter à Hellowork avec Google
Continuer avec Google
En poursuivant votre connexion via Google, vous acceptez les
CGU
et déclarez avoir pris connaissance de la
politique de protection des données
d’Hellowork. Si vous ne disposez pas déjà d’un compte Hellowork associé
à l'adresse email de votre compte Google, un compte Hellowork vous sera créé."
Infirmier Préleveur - Technicien Préleveur H/F,Groupe Cerba Healthcare recrutement,Indre - 36,CDI,Bac +2,"Bac +3, Bac +4",10/12/2025,Pas de salaire renseigné,https://www.hellowork.com/fr-fr/emplois/62652092.html,"Se connecter à Hellowork avec Google
Continuer avec Google
En poursuivant votre connexion via Google, vous acceptez les
CGU
et déclarez avoir pris connaissance de la
politique de protection des données
d’Hellowork. Si vous ne disposez pas déjà d’un compte Hellowork associé
à l'adresse email de votre compte Google, un compte Hellowork vous sera créé."
Category Leader H/F,Brico Dépôt recrutement,Longpont-sur-Orge - 91,CDI,Bac +5,Distribution • Commerce de gros,10/12/2025,Pas de salaire renseigné,https://www.hellowork.com/fr-fr/emplois/71361715.html,"Se connecter à Hellowork avec Google
Continuer avec Google
En poursuivant votre connexion via Google, vous acceptez les
CGU
et déclarez avoir pris connaissance de la
politique de protection des données
d’Hellowork. Si vous ne disposez pas déjà d’un compte Hellowork associé
à l'adresse email de votre compte Google, un compte Hellowork vous sera créé."
Technicien Installation Ascenseurs H/F,Kone recrutement,Saint-Nazaire - 44,CDI,Bac,Bac +2,10/12/2025,Estimation → 25 700 - 34 500 € / an,https://www.hellowork.com/fr-fr/emplois/65244564.html,"Se connecter à Hellowork avec Google
Continuer avec Google
En poursuivant votre connexion via Google, vous acceptez les
CGU
et déclarez avoir pris connaissance de la
politique de protection des données
d’Hellowork. Si vous ne disposez pas déjà d’un compte Hellowork associé
à l'adresse email de votre compte Google, un compte Hellowork vous sera créé."
Auxilaire de Vie H/F,ADHAP recrutement,Vitrolles - 13,CDI,"BEP, CAP",Services aux Personnes • Particuliers,10/12/2025,"11,88 - 12,49 € / heure",https://www.hellowork.com/fr-fr/emplois/70129906.html,"Se connecter à Hellowork avec Google
Continuer avec Google
En poursuivant votre connexion via Google, vous acceptez les
CGU
et déclarez avoir pris connaissance de la
politique de protection des données
d’Hellowork. Si vous ne disposez pas déjà d’un compte Hellowork associé
à l'adresse email de votre compte Google, un compte Hellowork vous sera créé."
Responsable Marketing Qualite et Experience Client H/F,Volkswagen recrutement,Noisy-le-Grand - 93,CDI,Bac +5,Industrie Auto • Meca • Navale,10/12/2025,Estimation → 42 500 - 71 200 € / an,https://www.hellowork.com/fr-fr/emplois/72462439.html,"Se connecter à Hellowork avec Google
Continuer avec Google
En poursuivant votre connexion via Google, vous acceptez les
CGU
et déclarez avoir pris connaissance de la
politique de protection des données
d’Hellowork. Si vous ne disposez pas déjà d’un compte Hellowork associé
à l'adresse email de votre compte Google, un compte Hellowork vous sera créé."
Responsable de Magasin H/F,Boulangerie  Ange recrutement,Écully - 69,CDI,Bac +2,"Bac +3, Bac +4",10/12/2025,Estimation → 25 700 - 40 000 € / an,https://www.hellowork.com/fr-fr/emplois/71363386.html,"Se connecter à Hellowork avec Google
Continuer avec Google
En poursuivant votre connexion via Google, vous acceptez les
CGU
et déclarez avoir pris connaissance de la
politique de protection des données
d’Hellowork. Si vous ne disposez pas déjà d’un compte Hellowork associé
à l'adresse email de votre compte Google, un compte Hellowork vous sera créé."
Conducteur de Travaux Photovoltaïque H/F,Groupe OPNR recrutement,Lyon - 69,CDI,Bac +2,"Bac +3, Bac +4",10/12/2025,3 175 € / mois,https://www.hellowork.com/fr-fr/emplois/71359943.html,"Se connecter à Hellowork avec Google
Continuer avec Google
En poursuivant votre connexion via Google, vous acceptez les
CGU
et déclarez avoir pris connaissance de la
politique de protection des données
d’Hellowork. Si vous ne disposez pas déjà d’un compte Hellowork associé
à l'adresse email de votre compte Google, un compte Hellowork vous sera créé."
Chef de Centre H/F,123 Pare-Brise recrutement,Saint-Brice-sous-Forêt - 95,CDI,"BEP, CAP",Bac +2,10/12/2025,2 510 - 3 000 € / mois,https://www.hellowork.com/fr-fr/emplois/72465759.html,"Se connecter à Hellowork avec Google
Continuer avec Google
En poursuivant votre connexion via Google, vous acceptez les
CGU
et déclarez avoir pris connaissance de la
politique de protection des données
d’Hellowork. Si vous ne disposez pas déjà d’un compte Hellowork associé
à l'adresse email de votre compte Google, un compte Hellowork vous sera créé."
Technicien Automobile H/F,123 Pare-Brise recrutement,Saint-Brice-sous-Forêt - 95,CDI,"BEP, CAP",Bac,10/12/2025,2 081 - 2 350 € / mois,https://www.hellowork.com/fr-fr/emplois/72465762.html,"Se connecter à Hellowork avec Google
Continuer avec Google
En poursuivant votre connexion via Google, vous acceptez les
CGU
et déclarez avoir pris connaissance de la
politique de protection des données
d’Hellowork. Si vous ne disposez pas déjà d’un compte Hellowork associé
à l'adresse email de votre compte Google, un compte Hellowork vous sera créé."
Mécanicien Robinetier H/F,Groupe Foure Lagadec recrutement,Vénissieux - 69,CDI,Bac +2,BTP,10/12/2025,2 000 - 2 500 € / mois,https://www.hellowork.com/fr-fr/emplois/70111803.html,"Se connecter à Hellowork avec Google
Continuer avec Google
En poursuivant votre connexion via Google, vous acceptez les
CGU
et déclarez avoir pris connaissance de la
politique de protection des données
d’Hellowork. Si vous ne disposez pas déjà d’un compte Hellowork associé
à l'adresse email de votre compte Google, un compte Hellowork vous sera créé."
Chef de Chantier Construction Bois H/F,VCSP Batiment Nord Est et ANSC recrutement,Rueil-Malmaison - 92,CDI,Bac +2,BTP,10/12/2025,Estimation → 36 200 - 57 500 € / an,https://www.hellowork.com/fr-fr/emplois/67780601.html,"Se connecter à Hellowork avec Google
Continuer avec Google
En poursuivant votre connexion via Google, vous acceptez les
CGU
et déclarez avoir pris connaissance de la
politique de protection des données
d’Hellowork. Si vous ne disposez pas déjà d’un compte Hellowork associé
à l'adresse email de votre compte Google, un compte Hellowork vous sera créé."
Conducteur de Travaux Confirmé Construction Bois H/F,VCSP Batiment Nord Est et ANSC recrutement,Chemillé-en-Anjou - 49,CDI,Bac +5,BTP,10/12/2025,Estimation → 30 000 - 42 500 € / an,https://www.hellowork.com/fr-fr/emplois/70137895.html,"Se connecter à Hellowork avec Google
Continuer avec Google
En poursuivant votre connexion via Google, vous acceptez les
CGU
et déclarez avoir pris connaissance de la
politique de protection des données
d’Hellowork. Si vous ne disposez pas déjà d’un compte Hellowork associé
à l'adresse email de votre compte Google, un compte Hellowork vous sera créé."
Monteur Réseaux Aériens H/F,VINCI Energies France Infras Grand Ouest recrutement,Granville - 50,CDI,"BEP, CAP",Secteur Energie • Environnement,10/12/2025,25 000 - 34 000 € / an,https://www.hellowork.com/fr-fr/emplois/71366869.html,"Se connecter à Hellowork avec Google
Continuer avec Google
En poursuivant votre connexion via Google, vous acceptez les
CGU
et déclarez avoir pris connaissance de la
politique de protection des données
d’Hellowork. Si vous ne disposez pas déjà d’un compte Hellowork associé
à l'adresse email de votre compte Google, un compte Hellowork vous sera créé."
Coordinateur Technique H/F,CBRE GWS FRANCE recrutement,Courbevoie - 92,CDI,Bac +2,Immobilier,10/12/2025,38 000 - 42 000 € / an,https://www.hellowork.com/fr-fr/emplois/69006659.html,"Se connecter à Hellowork avec Google
Continuer avec Google
En poursuivant votre connexion via Google, vous acceptez les
CGU
et déclarez avoir pris connaissance de la
politique de protection des données
d’Hellowork. Si vous ne disposez pas déjà d’un compte Hellowork associé
à l'adresse email de votre compte Google, un compte Hellowork vous sera créé."
Ingénieur·e Systeme Exploitation Windows Server H/F,Safran recrutement,Bordeaux - 33,CDI,Bac +5,Industrie Aéronautique • Aérospatial,10/12/2025,Pas de salaire renseigné,https://www.hellowork.com/fr-fr/emplois/70128201.html,"Se connecter à Hellowork avec Google
Continuer avec Google
En poursuivant votre connexion via Google, vous acceptez les
CGU
et déclarez avoir pris connaissance de la
politique de protection des données
d’Hellowork. Si vous ne disposez pas déjà d’un compte Hellowork associé
à l'adresse email de votre compte Google, un compte Hellowork vous sera créé."
Directeur de Station de Télésurveillance H/F,Goron Securité recrutement,Tremblay-en-France - 93,CDI,Bac +5,Services aux Entreprises,10/12/2025,Pas de salaire renseigné,https://www.hellowork.com/fr-fr/emplois/70148781.html,"Se connecter à Hellowork avec Google
Continuer avec Google
En poursuivant votre connexion via Google, vous acceptez les
CGU
et déclarez avoir pris connaissance de la
politique de protection des données
d’Hellowork. Si vous ne disposez pas déjà d’un compte Hellowork associé
à l'adresse email de votre compte Google, un compte Hellowork vous sera créé."
Responsable Technique Régional H/F,123 Pare-Brise recrutement,Île-de-France,CDI,"BEP, CAP",Bac,10/12/2025,3 250 - 3 500 € / mois,https://www.hellowork.com/fr-fr/emplois/72465778.html,"Se connecter à Hellowork avec Google
Continuer avec Google
En poursuivant votre connexion via Google, vous acceptez les
CGU
et déclarez avoir pris connaissance de la
politique de protection des données
d’Hellowork. Si vous ne disposez pas déjà d’un compte Hellowork associé
à l'adresse email de votre compte Google, un compte Hellowork vous sera créé."
Responsable Administratif et Financier Maitrise d'Ouvrage H/F,Société Dauphinoise pour l'Habitat recrutement,Échirolles - 38,CDI,"Bac +3, Bac +4",Bac +5,10/12/2025,37 240 - 40 000 € / an,https://www.hellowork.com/fr-fr/emplois/70129438.html,"Se connecter à Hellowork avec Google
Continuer avec Google
En poursuivant votre connexion via Google, vous acceptez les
CGU
et déclarez avoir pris connaissance de la
politique de protection des données
d’Hellowork. Si vous ne disposez pas déjà d’un compte Hellowork associé
à l'adresse email de votre compte Google, un compte Hellowork vous sera créé."
Responsable d'Affaires en Génie Électrique H/F,Vinci Energies France Tertiaire Grand Ouest recrutement,Tours - 37,CDI,Bac +5,Secteur Energie • Environnement,10/12/2025,42 000 - 49 000 € / an,https://www.hellowork.com/fr-fr/emplois/71366888.html,"Se connecter à Hellowork avec Google
Continuer avec Google
En poursuivant votre connexion via Google, vous acceptez les
CGU
et déclarez avoir pris connaissance de la
politique de protection des données
d’Hellowork. Si vous ne disposez pas déjà d’un compte Hellowork associé
à l'adresse email de votre compte Google, un compte Hellowork vous sera créé."
Chargé de Mission Sécurité au Travail H/F,Voies Navigables de France recrutement,Béthune - 62,CDI,Bac +5,Transport • Logistique,10/12/2025,Estimation → 30 100 - 43 800 € / an,https://www.hellowork.com/fr-fr/emplois/71366848.html,"Se connecter à Hellowork avec Google
Continuer avec Google
En poursuivant votre connexion via Google, vous acceptez les
CGU
et déclarez avoir pris connaissance de la
politique de protection des données
d’Hellowork. Si vous ne disposez pas déjà d’un compte Hellowork associé
à l'adresse email de votre compte Google, un compte Hellowork vous sera créé."
Conducteur de Matériel de Collecte Bom Di H/F,Veolia Environnement recrutement,Saint-Herblain - 44,CDI,"BEP, CAP",Bac,10/12/2025,Estimation → 23 300 - 29 300 € / an,https://www.hellowork.com/fr-fr/emplois/70136841.html,"Se connecter à Hellowork avec Google
Continuer avec Google
En poursuivant votre connexion via Google, vous acceptez les
CGU
et déclarez avoir pris connaissance de la
politique de protection des données
d’Hellowork. Si vous ne disposez pas déjà d’un compte Hellowork associé
à l'adresse email de votre compte Google, un compte Hellowork vous sera créé."
Assistant Chef Produits H/F,Groupe COFAQ recrutement,Poitiers - 86,CDI,Bac +2,Distribution • Commerce de gros,10/12/2025,Pas de salaire renseigné,https://www.hellowork.com/fr-fr/emplois/71358323.html,"Se connecter à Hellowork avec Google
Continuer avec Google
En poursuivant votre connexion via Google, vous acceptez les
CGU
et déclarez avoir pris connaissance de la
politique de protection des données
d’Hellowork. Si vous ne disposez pas déjà d’un compte Hellowork associé
à l'adresse email de votre compte Google, un compte Hellowork vous sera créé."
Biologiste Médical en Onco-Hématologie H/F,Groupe Cerba Healthcare recrutement,Frépillon - 95,CDI,Bac +5,Service public hospitalier,10/12/2025,Pas de salaire renseigné,https://www.hellowork.com/fr-fr/emplois/71349340.html,"Se connecter à Hellowork avec Google
Continuer avec Google
En poursuivant votre connexion via Google, vous acceptez les
CGU
et déclarez avoir pris connaissance de la
politique de protection des données
d’Hellowork. Si vous ne disposez pas déjà d’un compte Hellowork associé
à l'adresse email de votre compte Google, un compte Hellowork vous sera créé."
Poseur Confirme H/F,Ouverture's recrutement,Pont-l'Évêque - 14,CDI,"BEP, CAP",Industrie Manufacturière,10/12/2025,Pas de salaire renseigné,https://www.hellowork.com/fr-fr/emplois/70113418.html,"Se connecter à Hellowork avec Google
Continuer avec Google
En poursuivant votre connexion via Google, vous acceptez les
CGU
et déclarez avoir pris connaissance de la
politique de protection des données
d’Hellowork. Si vous ne disposez pas déjà d’un compte Hellowork associé
à l'adresse email de votre compte Google, un compte Hellowork vous sera créé."
Chargé d'Affaires CVC H/F,Groupe Fauché recrutement,Collonges-au-Mont-d'Or - 69,CDI,Bac +2,"Bac +3, Bac +4",10/12/2025,50 000 - 55 000 € / an,https://www.hellowork.com/fr-fr/emplois/70119909.html,"Se connecter à Hellowork avec Google
Continuer avec Google
En poursuivant votre connexion via Google, vous acceptez les
CGU
et déclarez avoir pris connaissance de la
politique de protection des données
d’Hellowork. Si vous ne disposez pas déjà d’un compte Hellowork associé
à l'adresse email de votre compte Google, un compte Hellowork vous sera créé."
Chef de Projets AMOA H/F,MAF - Mutuelle des Architectes Français recrutement,Paris 17e - 75,CDI,Bac +5,Banque • Assurance • Finance,10/12/2025,Estimation → 45 000 - 66 000 € / an,https://www.hellowork.com/fr-fr/emplois/70133665.html,"Se connecter à Hellowork avec Google
Continuer avec Google
En poursuivant votre connexion via Google, vous acceptez les
CGU
et déclarez avoir pris connaissance de la
politique de protection des données
d’Hellowork. Si vous ne disposez pas déjà d’un compte Hellowork associé
à l'adresse email de votre compte Google, un compte Hellowork vous sera créé."
Responsable Maintenance 01 H/F,Lactalis recrutement,Saint-Vulbas - 01,CDI,Bac +2,"Bac +3, Bac +4",10/12/2025,Estimation → 33 000 - 47 500 € / an,https://www.hellowork.com/fr-fr/emplois/70115682.html,"Se connecter à Hellowork avec Google
Continuer avec Google
En poursuivant votre connexion via Google, vous acceptez les
CGU
et déclarez avoir pris connaissance de la
politique de protection des données
d’Hellowork. Si vous ne disposez pas déjà d’un compte Hellowork associé
à l'adresse email de votre compte Google, un compte Hellowork vous sera créé."
Adr 297 - Head Of Revenue Operations H/F,Groupe La Centrale recrutement,Paris 8e - 75,CDI,Bac +5,Distribution • Commerce de gros,10/12/2025,Estimation → 40 000 - 67 500 € / an,https://www.hellowork.com/fr-fr/emplois/71365556.html,"Se connecter à Hellowork avec Google
Continuer avec Google
En poursuivant votre connexion via Google, vous acceptez les
CGU
et déclarez avoir pris connaissance de la
politique de protection des données
d’Hellowork. Si vous ne disposez pas déjà d’un compte Hellowork associé
à l'adresse email de votre compte Google, un compte Hellowork vous sera créé."
Gardien d'Immeubles H/F,Scalis recrutement,La Châtre - 36,CDI,Bac,Immobilier,10/12/2025,1 930 - 1 931 € / mois,https://www.hellowork.com/fr-fr/emplois/71352877.html,"Se connecter à Hellowork avec Google
Continuer avec Google
En poursuivant votre connexion via Google, vous acceptez les
CGU
et déclarez avoir pris connaissance de la
politique de protection des données
d’Hellowork. Si vous ne disposez pas déjà d’un compte Hellowork associé
à l'adresse email de votre compte Google, un compte Hellowork vous sera créé."
Responsable de Magasin 2025 H/F,Happy Curl - La Boutique du Coiffeur recrutement,Essey-lès-Nancy - 54,CDI,Bac +2,"Bac +3, Bac +4",10/12/2025,2 075 - 2 657 € / mois,https://www.hellowork.com/fr-fr/emplois/71358988.html,"Se connecter à Hellowork avec Google
Continuer avec Google
En poursuivant votre connexion via Google, vous acceptez les
CGU
et déclarez avoir pris connaissance de la
politique de protection des données
d’Hellowork. Si vous ne disposez pas déjà d’un compte Hellowork associé
à l'adresse email de votre compte Google, un compte Hellowork vous sera créé."
Infirmier Préleveur - Technicien Préleveur H/F,Groupe Cerba Healthcare recrutement,Indre - 36,CDI,Bac +2,"Bac +3, Bac +4",10/12/2025,Pas de salaire renseigné,https://www.hellowork.com/fr-fr/emplois/62652092.html,"Se connecter à Hellowork avec Google
Continuer avec Google
En poursuivant votre connexion via Google, vous acceptez les
CGU
et déclarez avoir pris connaissance de la
politique de protection des données
d’Hellowork. Si vous ne disposez pas déjà d’un compte Hellowork associé
à l'adresse email de votre compte Google, un compte Hellowork vous sera créé."
Category Leader H/F,Brico Dépôt recrutement,Longpont-sur-Orge - 91,CDI,Bac +5,Distribution • Commerce de gros,10/12/2025,Pas de salaire renseigné,https://www.hellowork.com/fr-fr/emplois/71361715.html,"Se connecter à Hellowork avec Google
Continuer avec Google
En poursuivant votre connexion via Google, vous acceptez les
CGU
et déclarez avoir pris connaissance de la
politique de protection des données
d’Hellowork. Si vous ne disposez pas déjà d’un compte Hellowork associé
à l'adresse email de votre compte Google, un compte Hellowork vous sera créé."
Technicien Installation Ascenseurs H/F,Kone recrutement,Saint-Nazaire - 44,CDI,Bac,Bac +2,10/12/2025,Estimation → 25 700 - 34 500 € / an,https://www.hellowork.com/fr-fr/emplois/65244564.html,"Se connecter à Hellowork avec Google
Continuer avec Google
En poursuivant votre connexion via Google, vous acceptez les
CGU
et déclarez avoir pris connaissance de la
politique de protection des données
d’Hellowork. Si vous ne disposez pas déjà d’un compte Hellowork associé
à l'adresse email de votre compte Google, un compte Hellowork vous sera créé."
Auxilaire de Vie H/F,ADHAP recrutement,Vitrolles - 13,CDI,"BEP, CAP",Services aux Personnes • Particuliers,10/12/2025,"11,88 - 12,49 € / heure",https://www.hellowork.com/fr-fr/emplois/70129906.html,"Se connecter à Hellowork avec Google
Continuer avec Google
En poursuivant votre connexion via Google, vous acceptez les
CGU
et déclarez avoir pris connaissance de la
politique de protection des données
d’Hellowork. Si vous ne disposez pas déjà d’un compte Hellowork associé
à l'adresse email de votre compte Google, un compte Hellowork vous sera créé."
Responsable Marketing Qualite et Experience Client H/F,Volkswagen recrutement,Noisy-le-Grand - 93,CDI,Bac +5,Industrie Auto • Meca • Navale,10/12/2025,Estimation → 42 500 - 71 200 € / an,https://www.hellowork.com/fr-fr/emplois/72462439.html,"Se connecter à Hellowork avec Google
Continuer avec Google
En poursuivant votre connexion via Google, vous acceptez les
CGU
et déclarez avoir pris connaissance de la
politique de protection des données
d’Hellowork. Si vous ne disposez pas déjà d’un compte Hellowork associé
à l'adresse email de votre compte Google, un compte Hellowork vous sera créé."
Responsable de Magasin H/F,Boulangerie  Ange recrutement,Écully - 69,CDI,Bac +2,"Bac +3, Bac +4",10/12/2025,Estimation → 25 700 - 40 000 € / an,https://www.hellowork.com/fr-fr/emplois/71363386.html,"Se connecter à Hellowork avec Google
Continuer avec Google
En poursuivant votre connexion via Google, vous acceptez les
CGU
et déclarez avoir pris connaissance de la
politique de protection des données
d’Hellowork. Si vous ne disposez pas déjà d’un compte Hellowork associé
à l'adresse email de votre compte Google, un compte Hellowork vous sera créé."
Conducteur de Travaux Photovoltaïque H/F,Groupe OPNR recrutement,Lyon - 69,CDI,Bac +2,"Bac +3, Bac +4",10/12/2025,3 175 € / mois,https://www.hellowork.com/fr-fr/emplois/71359943.html,"Se connecter à Hellowork avec Google
Continuer avec Google
En poursuivant votre connexion via Google, vous acceptez les
CGU
et déclarez avoir pris connaissance de la
politique de protection des données
d’Hellowork. Si vous ne disposez pas déjà d’un compte Hellowork associé
à l'adresse email de votre compte Google, un compte Hellowork vous sera créé."
Chef de Centre H/F,123 Pare-Brise recrutement,Saint-Brice-sous-Forêt - 95,CDI,"BEP, CAP",Bac +2,10/12/2025,2 510 - 3 000 € / mois,https://www.hellowork.com/fr-fr/emplois/72465759.html,"Se connecter à Hellowork avec Google
Continuer avec Google
En poursuivant votre connexion via Google, vous acceptez les
CGU
et déclarez avoir pris connaissance de la
politique de protection des données
d’Hellowork. Si vous ne disposez pas déjà d’un compte Hellowork associé
à l'adresse email de votre compte Google, un compte Hellowork vous sera créé."
Technicien Automobile H/F,123 Pare-Brise recrutement,Saint-Brice-sous-Forêt - 95,CDI,"BEP, CAP",Bac,10/12/2025,2 081 - 2 350 € / mois,https://www.hellowork.com/fr-fr/emplois/72465762.html,"Se connecter à Hellowork avec Google
Continuer avec Google
En poursuivant votre connexion via Google, vous acceptez les
CGU
et déclarez avoir pris connaissance de la
politique de protection des données
d’Hellowork. Si vous ne disposez pas déjà d’un compte Hellowork associé
à l'adresse email de votre compte Google, un compte Hellowork vous sera créé."
Mécanicien Robinetier H/F,Groupe Foure Lagadec recrutement,Vénissieux - 69,CDI,Bac +2,BTP,10/12/2025,2 000 - 2 500 € / mois,https://www.hellowork.com/fr-fr/emplois/70111803.html,"Se connecter à Hellowork avec Google
Continuer avec Google
En poursuivant votre connexion via Google, vous acceptez les
CGU
et déclarez avoir pris connaissance de la
politique de protection des données
d’Hellowork. Si vous ne disposez pas déjà d’un compte Hellowork associé
à l'adresse email de votre compte Google, un compte Hellowork vous sera créé."
Chef de Chantier Construction Bois H/F,VCSP Batiment Nord Est et ANSC recrutement,Rueil-Malmaison - 92,CDI,Bac +2,BTP,10/12/2025,Estimation → 36 200 - 57 500 € / an,https://www.hellowork.com/fr-fr/emplois/67780601.html,"Se connecter à Hellowork avec Google
Continuer avec Google
En poursuivant votre connexion via Google, vous acceptez les
CGU
et déclarez avoir pris connaissance de la
politique de protection des données
d’Hellowork. Si vous ne disposez pas déjà d’un compte Hellowork associé
à l'adresse email de votre compte Google, un compte Hellowork vous sera créé."
Conducteur de Travaux Confirmé Construction Bois H/F,VCSP Batiment Nord Est et ANSC recrutement,Chemillé-en-Anjou - 49,CDI,Bac +5,BTP,10/12/2025,Estimation → 30 000 - 42 500 € / an,https://www.hellowork.com/fr-fr/emplois/70137895.html,"Se connecter à Hellowork avec Google
Continuer avec Google
En poursuivant votre connexion via Google, vous acceptez les
CGU
et déclarez avoir pris connaissance de la
politique de protection des données
d’Hellowork. Si vous ne disposez pas déjà d’un compte Hellowork associé
à l'adresse email de votre compte Google, un compte Hellowork vous sera créé."
Monteur Réseaux Aériens H/F,VINCI Energies France Infras Grand Ouest recrutement,Granville - 50,CDI,"BEP, CAP",Secteur Energie • Environnement,10/12/2025,25 000 - 34 000 € / an,https://www.hellowork.com/fr-fr/emplois/71366869.html,"Se connecter à Hellowork avec Google
Continuer avec Google
En poursuivant votre connexion via Google, vous acceptez les
CGU
et déclarez avoir pris connaissance de la
politique de protection des données
d’Hellowork. Si vous ne disposez pas déjà d’un compte Hellowork associé
à l'adresse email de votre compte Google, un compte Hellowork vous sera créé."
Coordinateur Technique H/F,CBRE GWS FRANCE recrutement,Courbevoie - 92,CDI,Bac +2,Immobilier,10/12/2025,38 000 - 42 000 € / an,https://www.hellowork.com/fr-fr/emplois/69006659.html,"Se connecter à Hellowork avec Google
Continuer avec Google
En poursuivant votre connexion via Google, vous acceptez les
CGU
et déclarez avoir pris connaissance de la
politique de protection des données
d’Hellowork. Si vous ne disposez pas déjà d’un compte Hellowork associé
à l'adresse email de votre compte Google, un compte Hellowork vous sera créé."
Ingénieur·e Systeme Exploitation Windows Server H/F,Safran recrutement,Bordeaux - 33,CDI,Bac +5,Industrie Aéronautique • Aérospatial,10/12/2025,Pas de salaire renseigné,https://www.hellowork.com/fr-fr/emplois/70128201.html,"Se connecter à Hellowork avec Google
Continuer avec Google
En poursuivant votre connexion via Google, vous acceptez les
CGU
et déclarez avoir pris connaissance de la
politique de protection des données
d’Hellowork. Si vous ne disposez pas déjà d’un compte Hellowork associé
à l'adresse email de votre compte Google, un compte Hellowork vous sera créé."
Directeur de Station de Télésurveillance H/F,Goron Securité recrutement,Tremblay-en-France - 93,CDI,Bac +5,Services aux Entreprises,10/12/2025,Pas de salaire renseigné,https://www.hellowork.com/fr-fr/emplois/70148781.html,"Se connecter à Hellowork avec Google
Continuer avec Google
En poursuivant votre connexion via Google, vous acceptez les
CGU
et déclarez avoir pris connaissance de la
politique de protection des données
d’Hellowork. Si vous ne disposez pas déjà d’un compte Hellowork associé
à l'adresse email de votre compte Google, un compte Hellowork vous sera créé."
Manager Opérationnel - Chef de Site Site Hospitalier H/F,Dalkia recrutement,Orsay - 91,CDI,Bac +2,Secteur Energie • Environnement,10/12/2025,Pas de salaire renseigné,https://www.hellowork.com/fr-fr/emplois/71310229.html,"Se connecter à Hellowork avec Google
Continuer avec Google
En poursuivant votre connexion via Google, vous acceptez les
CGU
et déclarez avoir pris connaissance de la
politique de protection des données
d’Hellowork. Si vous ne disposez pas déjà d’un compte Hellowork associé
à l'adresse email de votre compte Google, un compte Hellowork vous sera créé."
Monteur-Électricien H/F,SPIE Industrie recrutement,Thonon-les-Bains - 74,CDI,"BEP, CAP",Bac,10/12/2025,Estimation → 22 640 - 25 480 € / an,https://www.hellowork.com/fr-fr/emplois/59102960.html,"Se connecter à Hellowork avec Google
Continuer avec Google
En poursuivant votre connexion via Google, vous acceptez les
CGU
et déclarez avoir pris connaissance de la
politique de protection des données
d’Hellowork. Si vous ne disposez pas déjà d’un compte Hellowork associé
à l'adresse email de votre compte Google, un compte Hellowork vous sera créé."
Collaborateur Comptable Confirmé H/F,Hireos recrutement,Lyon 9e - 69,CDI,Bac +2,Secteur informatique • ESN,10/12/2025,35 000 - 45 000 € / an,https://www.hellowork.com/fr-fr/emplois/71368744.html,"Se connecter à Hellowork avec Google
Continuer avec Google
En poursuivant votre connexion via Google, vous acceptez les
CGU
et déclarez avoir pris connaissance de la
politique de protection des données
d’Hellowork. Si vous ne disposez pas déjà d’un compte Hellowork associé
à l'adresse email de votre compte Google, un compte Hellowork vous sera créé."
Educateur de Jeunes Enfants Bilingue Anglais H/F,ABC Puériculture recrutement,Paris - 75,CDI,"BEP, CAP",Services aux Personnes • Particuliers,10/12/2025,2 750 - 3 550 € / mois,https://www.hellowork.com/fr-fr/emplois/71365464.html,"Se connecter à Hellowork avec Google
Continuer avec Google
En poursuivant votre connexion via Google, vous acceptez les
CGU
et déclarez avoir pris connaissance de la
politique de protection des données
d’Hellowork. Si vous ne disposez pas déjà d’un compte Hellowork associé
à l'adresse email de votre compte Google, un compte Hellowork vous sera créé."
Projeteur CFO - CFA H/F,SNEF recrutement,Aix-en-Provence - 13,CDI,Bac +2,"Bac +3, Bac +4",10/12/2025,Estimation → 31 200 - 44 700 € / an,https://www.hellowork.com/fr-fr/emplois/69009770.html,"Se connecter à Hellowork avec Google
Continuer avec Google
En poursuivant votre connexion via Google, vous acceptez les
CGU
et déclarez avoir pris connaissance de la
politique de protection des données
d’Hellowork. Si vous ne disposez pas déjà d’un compte Hellowork associé
à l'adresse email de votre compte Google, un compte Hellowork vous sera créé."
Ingénieur Études Travaux Thermiques H/F,Dalkia recrutement,Cesson-Sévigné - 35,CDI,Bac +2,"Bac +3, Bac +4",10/12/2025,Estimation → 31 000 - 53 800 € / an,https://www.hellowork.com/fr-fr/emplois/68979141.html,"Se connecter à Hellowork avec Google
Continuer avec Google
En poursuivant votre connexion via Google, vous acceptez les
CGU
et déclarez avoir pris connaissance de la
politique de protection des données
d’Hellowork. Si vous ne disposez pas déjà d’un compte Hellowork associé
à l'adresse email de votre compte Google, un compte Hellowork vous sera créé."
Ingénieur des Ventes Ascenseur H/F,Kone recrutement,Noisy-le-Sec - 93,CDI,Bac +2,"Bac +3, Bac +4",10/12/2025,Pas de salaire renseigné,https://www.hellowork.com/fr-fr/emplois/65225710.html,"Se connecter à Hellowork avec Google
Continuer avec Google
En poursuivant votre connexion via Google, vous acceptez les
CGU
et déclarez avoir pris connaissance de la
politique de protection des données
d’Hellowork. Si vous ne disposez pas déjà d’un compte Hellowork associé
à l'adresse email de votre compte Google, un compte Hellowork vous sera créé."
Chef de Groupe Etudes Installation Générale H/F,Orano recrutement,Pierrelatte - 26,CDI,Bac +2,"Bac +3, Bac +4",10/12/2025,Estimation → 29 000 - 38 500 € / an,https://www.hellowork.com/fr-fr/emplois/71347132.html,"Se connecter à Hellowork avec Google
Continuer avec Google
En poursuivant votre connexion via Google, vous acceptez les
CGU
et déclarez avoir pris connaissance de la
politique de protection des données
d’Hellowork. Si vous ne disposez pas déjà d’un compte Hellowork associé
à l'adresse email de votre compte Google, un compte Hellowork vous sera créé."
Chargé d'Affaires Travaux CVC - Plomberie H/F,Dalkia recrutement,Chasseneuil-du-Poitou - 86,CDI,Bac +2,Secteur Energie • Environnement,10/12/2025,Estimation → 42 500 - 56 200 € / an,https://www.hellowork.com/fr-fr/emplois/71301126.html,"Se connecter à Hellowork avec Google
Continuer avec Google
En poursuivant votre connexion via Google, vous acceptez les
CGU
et déclarez avoir pris connaissance de la
politique de protection des données
d’Hellowork. Si vous ne disposez pas déjà d’un compte Hellowork associé
à l'adresse email de votre compte Google, un compte Hellowork vous sera créé."
Chef de Secteur H/F,Api Restauration recrutement,Fleurbaix - 62,CDI,Tourisme • Hôtellerie • Loisirs,Exp. 1 à 7 ans,10/12/2025,2 800 € / mois,https://www.hellowork.com/fr-fr/emplois/73559876.html,"Se connecter à Hellowork avec Google
Continuer avec Google
En poursuivant votre connexion via Google, vous acceptez les
CGU
et déclarez avoir pris connaissance de la
politique de protection des données
d’Hellowork. Si vous ne disposez pas déjà d’un compte Hellowork associé
à l'adresse email de votre compte Google, un compte Hellowork vous sera créé."
Chargé d'Affaires CVC H/F,Groupe Fauché recrutement,Collonges-au-Mont-d'Or - 69,CDI,Bac +2,"Bac +3, Bac +4",10/12/2025,50 000 - 55 000 € / an,https://www.hellowork.com/fr-fr/emplois/70119909.html,"Se connecter à Hellowork avec Google
Continuer avec Google
En poursuivant votre connexion via Google, vous acceptez les
CGU
et déclarez avoir pris connaissance de la
politique de protection des données
d’Hellowork. Si vous ne disposez pas déjà d’un compte Hellowork associé
à l'adresse email de votre compte Google, un compte Hellowork vous sera créé."
Promoteur GMS H/F,CPM France recrutement,Gonesse - 95,CDI,"BEP, CAP",Bac,10/12/2025,1 827 - 1 927 € / mois,https://www.hellowork.com/fr-fr/emplois/73561017.html,"Se connecter à Hellowork avec Google
Continuer avec Google
En poursuivant votre connexion via Google, vous acceptez les
CGU
et déclarez avoir pris connaissance de la
politique de protection des données
d’Hellowork. Si vous ne disposez pas déjà d’un compte Hellowork associé
à l'adresse email de votre compte Google, un compte Hellowork vous sera créé."
Chef d'Équipe en Nettoyage Industriel H/F,Onet Propreté et Services recrutement,Saint-Pierre-la-Cour - 53,CDI,Bac,Bac +2,10/12/2025,Pas de salaire renseigné,https://www.hellowork.com/fr-fr/emplois/71346777.html,"Se connecter à Hellowork avec Google
Continuer avec Google
En poursuivant votre connexion via Google, vous acceptez les
CGU
et déclarez avoir pris connaissance de la
politique de protection des données
d’Hellowork. Si vous ne disposez pas déjà d’un compte Hellowork associé
à l'adresse email de votre compte Google, un compte Hellowork vous sera créé."
Electromécanicien Dépanneur H/F,Saint Yves Services recrutement,Aigné - 72,CDI,Bac +2,"Bac +3, Bac +4",10/12/2025,Estimation → 23 660 - 30 962 € / an,https://www.hellowork.com/fr-fr/emplois/52758771.html,"Se connecter à Hellowork avec Google
Continuer avec Google
En poursuivant votre connexion via Google, vous acceptez les
CGU
et déclarez avoir pris connaissance de la
politique de protection des données
d’Hellowork. Si vous ne disposez pas déjà d’un compte Hellowork associé
à l'adresse email de votre compte Google, un compte Hellowork vous sera créé."
Correspondant Déploiement IT Sédentaire H/F,AIS recrutement,Blagnac - 31,CDI,Bac +2,Secteur informatique • ESN,10/12/2025,26 000 - 29 000 € / an,https://www.hellowork.com/fr-fr/emplois/73559897.html,"Se connecter à Hellowork avec Google
Continuer avec Google
En poursuivant votre connexion via Google, vous acceptez les
CGU
et déclarez avoir pris connaissance de la
politique de protection des données
d’Hellowork. Si vous ne disposez pas déjà d’un compte Hellowork associé
à l'adresse email de votre compte Google, un compte Hellowork vous sera créé."
Chef de Secteur GMS H/F,Havea recrutement,Strasbourg - 67,CDI,Bac +2,Industrie Pharmaceutique • Biotechn. • Chimie,10/12/2025,Estimation → 31 800 - 49 900 € / an,https://www.hellowork.com/fr-fr/emplois/69029182.html,"Se connecter à Hellowork avec Google
Continuer avec Google
En poursuivant votre connexion via Google, vous acceptez les
CGU
et déclarez avoir pris connaissance de la
politique de protection des données
d’Hellowork. Si vous ne disposez pas déjà d’un compte Hellowork associé
à l'adresse email de votre compte Google, un compte Hellowork vous sera créé."
Chaudronnier - Tuyauteur H/F,SNEF recrutement,Dunkerque - 59,CDI,"BEP, CAP",BTP,10/12/2025,Estimation → 23 400 - 26 390 € / an,https://www.hellowork.com/fr-fr/emplois/70127665.html,"Se connecter à Hellowork avec Google
Continuer avec Google
En poursuivant votre connexion via Google, vous acceptez les
CGU
et déclarez avoir pris connaissance de la
politique de protection des données
d’Hellowork. Si vous ne disposez pas déjà d’un compte Hellowork associé
à l'adresse email de votre compte Google, un compte Hellowork vous sera créé."
Receptionnaire - Atelier Poids Lourds H/F,AUGEREAU LINKS recrutement,Cholet - 49,CDI,"BEP, CAP",Bac,10/12/2025,Pas de salaire renseigné,https://www.hellowork.com/fr-fr/emplois/67796410.html,"Se connecter à Hellowork avec Google
Continuer avec Google
En poursuivant votre connexion via Google, vous acceptez les
CGU
et déclarez avoir pris connaissance de la
politique de protection des données
d’Hellowork. Si vous ne disposez pas déjà d’un compte Hellowork associé
à l'adresse email de votre compte Google, un compte Hellowork vous sera créé."
Technicien Expert Mécanique Automobile H/F,Audi recrutement,Reims - 51,CDI,Bac +5,Industrie Auto • Meca • Navale,10/12/2025,Pas de salaire renseigné,https://www.hellowork.com/fr-fr/emplois/73559882.html,"Se connecter à Hellowork avec Google
Continuer avec Google
En poursuivant votre connexion via Google, vous acceptez les
CGU
et déclarez avoir pris connaissance de la
politique de protection des données
d’Hellowork. Si vous ne disposez pas déjà d’un compte Hellowork associé
à l'adresse email de votre compte Google, un compte Hellowork vous sera créé."
Coordinateur Bim H/F,Socotec recrutement,Casablanca - Maroc,CDI,Bac +5,Services aux Entreprises,10/12/2025,Pas de salaire renseigné,https://www.hellowork.com/fr-fr/emplois/62653984.html,"Se connecter à Hellowork avec Google
Continuer avec Google
En poursuivant votre connexion via Google, vous acceptez les
CGU
et déclarez avoir pris connaissance de la
politique de protection des données
d’Hellowork. Si vous ne disposez pas déjà d’un compte Hellowork associé
à l'adresse email de votre compte Google, un compte Hellowork vous sera créé."
Chef de Cuisine H/F,Api Restauration recrutement,Beaumont-Monteux - 26,CDI,"BEP, CAP",Bac,10/12/2025,Pas de salaire renseigné,https://www.hellowork.com/fr-fr/emplois/73559888.html,"Se connecter à Hellowork avec Google
Continuer avec Google
En poursuivant votre connexion via Google, vous acceptez les
CGU
et déclarez avoir pris connaissance de la
politique de protection des données
d’Hellowork. Si vous ne disposez pas déjà d’un compte Hellowork associé
à l'adresse email de votre compte Google, un compte Hellowork vous sera créé."
Assistant de Vie H/F,ADHAP recrutement,Saint-Étienne-du-Rouvray - 76,CDI,"BEP, CAP",Services aux Personnes • Particuliers,10/12/2025,"11,88 - 12,12 € / heure",https://www.hellowork.com/fr-fr/emplois/67780488.html,"Se connecter à Hellowork avec Google
Continuer avec Google
En poursuivant votre connexion via Google, vous acceptez les
CGU
et déclarez avoir pris connaissance de la
politique de protection des données
d’Hellowork. Si vous ne disposez pas déjà d’un compte Hellowork associé
à l'adresse email de votre compte Google, un compte Hellowork vous sera créé."
Hôte - Hôtesse d'Accueil Standardiste H/F,Phone Régie recrutement,Lyon 3e - 69,CDI,Bac,Services aux Entreprises,10/12/2025,"11,91 € / heure",https://www.hellowork.com/fr-fr/emplois/73560926.html,"Se connecter à Hellowork avec Google
Continuer avec Google
En poursuivant votre connexion via Google, vous acceptez les
CGU
et déclarez avoir pris connaissance de la
politique de protection des données
d’Hellowork. Si vous ne disposez pas déjà d’un compte Hellowork associé
à l'adresse email de votre compte Google, un compte Hellowork vous sera créé."
Intégrateur Systèmes Fluides H/F,Olys Engineering recrutement,Lyon 7e - 69,CDI,Bac +5,Secteur Energie • Environnement,10/12/2025,60 000 - 75 000 € / an,https://www.hellowork.com/fr-fr/emplois/73560962.html,"Se connecter à Hellowork avec Google
Continuer avec Google
En poursuivant votre connexion via Google, vous acceptez les
CGU
et déclarez avoir pris connaissance de la
politique de protection des données
d’Hellowork. Si vous ne disposez pas déjà d’un compte Hellowork associé
à l'adresse email de votre compte Google, un compte Hellowork vous sera créé."
Préventeur HSE H/F,NGEN recrutement,Lyon - 69,CDI,Bac +2,"Bac +3, Bac +4",10/12/2025,27 500 - 36 500 € / an,https://www.hellowork.com/fr-fr/emplois/67781605.html,"Se connecter à Hellowork avec Google
Continuer avec Google
En poursuivant votre connexion via Google, vous acceptez les
CGU
et déclarez avoir pris connaissance de la
politique de protection des données
d’Hellowork. Si vous ne disposez pas déjà d’un compte Hellowork associé
à l'adresse email de votre compte Google, un compte Hellowork vous sera créé."
Responsable Commerce H/F,Brico Dépôt recrutement,Montceau-les-Mines - 71,CDI,Bac,Bac +2,10/12/2025,Pas de salaire renseigné,https://www.hellowork.com/fr-fr/emplois/71361714.html,"Se connecter à Hellowork avec Google
Continuer avec Google
En poursuivant votre connexion via Google, vous acceptez les
CGU
et déclarez avoir pris connaissance de la
politique de protection des données
d’Hellowork. Si vous ne disposez pas déjà d’un compte Hellowork associé
à l'adresse email de votre compte Google, un compte Hellowork vous sera créé."
Technicien de Modernisation H/F,N/A,Annecy - 74,CDI,Bac +2,Industrie Manufacturière,10/12/2025,Estimation → 25 700 - 38 000 € / an,https://www.hellowork.com/fr-fr/emplois/71363364.html,"Se connecter à Hellowork avec Google
Continuer avec Google
En poursuivant votre connexion via Google, vous acceptez les
CGU
et déclarez avoir pris connaissance de la
politique de protection des données
d’Hellowork. Si vous ne disposez pas déjà d’un compte Hellowork associé
à l'adresse email de votre compte Google, un compte Hellowork vous sera créé."
Conseiller Clientèle - Yutz H/F,Crédit Agricole Lorraine recrutement,Yutz - 57,CDI,Bac +2,Banque • Assurance • Finance,10/12/2025,Estimation → 21 730 - 27 000 € / an,https://www.hellowork.com/fr-fr/emplois/73559901.html,"Se connecter à Hellowork avec Google
Continuer avec Google
En poursuivant votre connexion via Google, vous acceptez les
CGU
et déclarez avoir pris connaissance de la
politique de protection des données
d’Hellowork. Si vous ne disposez pas déjà d’un compte Hellowork associé
à l'adresse email de votre compte Google, un compte Hellowork vous sera créé."
Magasinier - Vendeur Pra H/F,Volkswagen recrutement,Cléon - 76,CDI,"BEP, CAP",Bac,10/12/2025,2 100 € / mois,https://www.hellowork.com/fr-fr/emplois/73559917.html,"Se connecter à Hellowork avec Google
Continuer avec Google
En poursuivant votre connexion via Google, vous acceptez les
CGU
et déclarez avoir pris connaissance de la
politique de protection des données
d’Hellowork. Si vous ne disposez pas déjà d’un compte Hellowork associé
à l'adresse email de votre compte Google, un compte Hellowork vous sera créé."
Monteur·se Moteurs Militaires M53 H/F,Safran recrutement,Seine-et-Marne - 77,CDI,"BEP, CAP",Bac,10/12/2025,Pas de salaire renseigné,https://www.hellowork.com/fr-fr/emplois/67801941.html,"Se connecter à Hellowork avec Google
Continuer avec Google
En poursuivant votre connexion via Google, vous acceptez les
CGU
et déclarez avoir pris connaissance de la
politique de protection des données
d’Hellowork. Si vous ne disposez pas déjà d’un compte Hellowork associé
à l'adresse email de votre compte Google, un compte Hellowork vous sera créé."
Manager Opérationnel - Chef de Site Site Hospitalier H/F,Dalkia recrutement,Orsay - 91,CDI,Bac +2,Secteur Energie • Environnement,10/12/2025,Pas de salaire renseigné,https://www.hellowork.com/fr-fr/emplois/71310229.html,"Se connecter à Hellowork avec Google
Continuer avec Google
En poursuivant votre connexion via Google, vous acceptez les
CGU
et déclarez avoir pris connaissance de la
politique de protection des données
d’Hellowork. Si vous ne disposez pas déjà d’un compte Hellowork associé
à l'adresse email de votre compte Google, un compte Hellowork vous sera créé."
Monteur-Électricien H/F,SPIE Industrie recrutement,Thonon-les-Bains - 74,CDI,"BEP, CAP",Bac,10/12/2025,Estimation → 22 640 - 25 480 € / an,https://www.hellowork.com/fr-fr/emplois/59102960.html,"Se connecter à Hellowork avec Google
Continuer avec Google
En poursuivant votre connexion via Google, vous acceptez les
CGU
et déclarez avoir pris connaissance de la
politique de protection des données
d’Hellowork. Si vous ne disposez pas déjà d’un compte Hellowork associé
à l'adresse email de votre compte Google, un compte Hellowork vous sera créé."
Collaborateur Comptable Confirmé H/F,Hireos recrutement,Lyon 9e - 69,CDI,Bac +2,Secteur informatique • ESN,10/12/2025,35 000 - 45 000 € / an,https://www.hellowork.com/fr-fr/emplois/71368744.html,"Se connecter à Hellowork avec Google
Continuer avec Google
En poursuivant votre connexion via Google, vous acceptez les
CGU
et déclarez avoir pris connaissance de la
politique de protection des données
d’Hellowork. Si vous ne disposez pas déjà d’un compte Hellowork associé
à l'adresse email de votre compte Google, un compte Hellowork vous sera créé."
Educateur de Jeunes Enfants Bilingue Anglais H/F,ABC Puériculture recrutement,Paris - 75,CDI,"BEP, CAP",Services aux Personnes • Particuliers,10/12/2025,2 750 - 3 550 € / mois,https://www.hellowork.com/fr-fr/emplois/71365464.html,"Se connecter à Hellowork avec Google
Continuer avec Google
En poursuivant votre connexion via Google, vous acceptez les
CGU
et déclarez avoir pris connaissance de la
politique de protection des données
d’Hellowork. Si vous ne disposez pas déjà d’un compte Hellowork associé
à l'adresse email de votre compte Google, un compte Hellowork vous sera créé."
Projeteur CFO - CFA H/F,SNEF recrutement,Aix-en-Provence - 13,CDI,Bac +2,"Bac +3, Bac +4",10/12/2025,Estimation → 31 200 - 44 700 € / an,https://www.hellowork.com/fr-fr/emplois/69009770.html,"Se connecter à Hellowork avec Google
Continuer avec Google
En poursuivant votre connexion via Google, vous acceptez les
CGU
et déclarez avoir pris connaissance de la
politique de protection des données
d’Hellowork. Si vous ne disposez pas déjà d’un compte Hellowork associé
à l'adresse email de votre compte Google, un compte Hellowork vous sera créé."
Ingénieur Études Travaux Thermiques H/F,Dalkia recrutement,Cesson-Sévigné - 35,CDI,Bac +2,"Bac +3, Bac +4",10/12/2025,Estimation → 31 000 - 53 800 € / an,https://www.hellowork.com/fr-fr/emplois/68979141.html,"Se connecter à Hellowork avec Google
Continuer avec Google
En poursuivant votre connexion via Google, vous acceptez les
CGU
et déclarez avoir pris connaissance de la
politique de protection des données
d’Hellowork. Si vous ne disposez pas déjà d’un compte Hellowork associé
à l'adresse email de votre compte Google, un compte Hellowork vous sera créé."
Ingénieur des Ventes Ascenseur H/F,Kone recrutement,Noisy-le-Sec - 93,CDI,Bac +2,"Bac +3, Bac +4",10/12/2025,Pas de salaire renseigné,https://www.hellowork.com/fr-fr/emplois/65225710.html,"Se connecter à Hellowork avec Google
Continuer avec Google
En poursuivant votre connexion via Google, vous acceptez les
CGU
et déclarez avoir pris connaissance de la
politique de protection des données
d’Hellowork. Si vous ne disposez pas déjà d’un compte Hellowork associé
à l'adresse email de votre compte Google, un compte Hellowork vous sera créé."
Chef de Groupe Etudes Installation Générale H/F,Orano recrutement,Pierrelatte - 26,CDI,Bac +2,"Bac +3, Bac +4",10/12/2025,Estimation → 29 000 - 38 500 € / an,https://www.hellowork.com/fr-fr/emplois/71347132.html,"Se connecter à Hellowork avec Google
Continuer avec Google
En poursuivant votre connexion via Google, vous acceptez les
CGU
et déclarez avoir pris connaissance de la
politique de protection des données
d’Hellowork. Si vous ne disposez pas déjà d’un compte Hellowork associé
à l'adresse email de votre compte Google, un compte Hellowork vous sera créé."
Chargé d'Affaires Travaux CVC - Plomberie H/F,Dalkia recrutement,Chasseneuil-du-Poitou - 86,CDI,Bac +2,Secteur Energie • Environnement,10/12/2025,Estimation → 42 500 - 56 200 € / an,https://www.hellowork.com/fr-fr/emplois/71301126.html,"Se connecter à Hellowork avec Google
Continuer avec Google
En poursuivant votre connexion via Google, vous acceptez les
CGU
et déclarez avoir pris connaissance de la
politique de protection des données
d’Hellowork. Si vous ne disposez pas déjà d’un compte Hellowork associé
à l'adresse email de votre compte Google, un compte Hellowork vous sera créé."
Chef de Secteur H/F,Api Restauration recrutement,Fleurbaix - 62,CDI,Tourisme • Hôtellerie • Loisirs,Exp. 1 à 7 ans,10/12/2025,2 800 € / mois,https://www.hellowork.com/fr-fr/emplois/73559876.html,"Se connecter à Hellowork avec Google
Continuer avec Google
En poursuivant votre connexion via Google, vous acceptez les
CGU
et déclarez avoir pris connaissance de la
politique de protection des données
d’Hellowork. Si vous ne disposez pas déjà d’un compte Hellowork associé
à l'adresse email de votre compte Google, un compte Hellowork vous sera créé."
Chargé d'Affaires CVC H/F,Groupe Fauché recrutement,Collonges-au-Mont-d'Or - 69,CDI,Bac +2,"Bac +3, Bac +4",10/12/2025,50 000 - 55 000 € / an,https://www.hellowork.com/fr-fr/emplois/70119909.html,"Se connecter à Hellowork avec Google
Continuer avec Google
En poursuivant votre connexion via Google, vous acceptez les
CGU
et déclarez avoir pris connaissance de la
politique de protection des données
d’Hellowork. Si vous ne disposez pas déjà d’un compte Hellowork associé
à l'adresse email de votre compte Google, un compte Hellowork vous sera créé."
Promoteur GMS H/F,CPM France recrutement,Gonesse - 95,CDI,"BEP, CAP",Bac,10/12/2025,1 827 - 1 927 € / mois,https://www.hellowork.com/fr-fr/emplois/73561017.html,"Se connecter à Hellowork avec Google
Continuer avec Google
En poursuivant votre connexion via Google, vous acceptez les
CGU
et déclarez avoir pris connaissance de la
politique de protection des données
d’Hellowork. Si vous ne disposez pas déjà d’un compte Hellowork associé
à l'adresse email de votre compte Google, un compte Hellowork vous sera créé."
Chef d'Équipe en Nettoyage Industriel H/F,Onet Propreté et Services recrutement,Saint-Pierre-la-Cour - 53,CDI,Bac,Bac +2,10/12/2025,Pas de salaire renseigné,https://www.hellowork.com/fr-fr/emplois/71346777.html,"Se connecter à Hellowork avec Google
Continuer avec Google
En poursuivant votre connexion via Google, vous acceptez les
CGU
et déclarez avoir pris connaissance de la
politique de protection des données
d’Hellowork. Si vous ne disposez pas déjà d’un compte Hellowork associé
à l'adresse email de votre compte Google, un compte Hellowork vous sera créé."
Electromécanicien Dépanneur H/F,Saint Yves Services recrutement,Aigné - 72,CDI,Bac +2,"Bac +3, Bac +4",10/12/2025,Estimation → 23 660 - 30 962 € / an,https://www.hellowork.com/fr-fr/emplois/52758771.html,"Se connecter à Hellowork avec Google
Continuer avec Google
En poursuivant votre connexion via Google, vous acceptez les
CGU
et déclarez avoir pris connaissance de la
politique de protection des données
d’Hellowork. Si vous ne disposez pas déjà d’un compte Hellowork associé
à l'adresse email de votre compte Google, un compte Hellowork vous sera créé."
Correspondant Déploiement IT Sédentaire H/F,AIS recrutement,Blagnac - 31,CDI,Bac +2,Secteur informatique • ESN,10/12/2025,26 000 - 29 000 € / an,https://www.hellowork.com/fr-fr/emplois/73559897.html,"Se connecter à Hellowork avec Google
Continuer avec Google
En poursuivant votre connexion via Google, vous acceptez les
CGU
et déclarez avoir pris connaissance de la
politique de protection des données
d’Hellowork. Si vous ne disposez pas déjà d’un compte Hellowork associé
à l'adresse email de votre compte Google, un compte Hellowork vous sera créé."
Chef de Secteur GMS H/F,Havea recrutement,Strasbourg - 67,CDI,Bac +2,Industrie Pharmaceutique • Biotechn. • Chimie,10/12/2025,Estimation → 31 800 - 49 900 € / an,https://www.hellowork.com/fr-fr/emplois/69029182.html,"Se connecter à Hellowork avec Google
Continuer avec Google
En poursuivant votre connexion via Google, vous acceptez les
CGU
et déclarez avoir pris connaissance de la
politique de protection des données
d’Hellowork. Si vous ne disposez pas déjà d’un compte Hellowork associé
à l'adresse email de votre compte Google, un compte Hellowork vous sera créé."
Chaudronnier - Tuyauteur H/F,SNEF recrutement,Dunkerque - 59,CDI,"BEP, CAP",BTP,10/12/2025,Estimation → 23 400 - 26 390 € / an,https://www.hellowork.com/fr-fr/emplois/70127665.html,"Se connecter à Hellowork avec Google
Continuer avec Google
En poursuivant votre connexion via Google, vous acceptez les
CGU
et déclarez avoir pris connaissance de la
politique de protection des données
d’Hellowork. Si vous ne disposez pas déjà d’un compte Hellowork associé
à l'adresse email de votre compte Google, un compte Hellowork vous sera créé."
Receptionnaire - Atelier Poids Lourds H/F,AUGEREAU LINKS recrutement,Cholet - 49,CDI,"BEP, CAP",Bac,10/12/2025,Pas de salaire renseigné,https://www.hellowork.com/fr-fr/emplois/67796410.html,"Se connecter à Hellowork avec Google
Continuer avec Google
En poursuivant votre connexion via Google, vous acceptez les
CGU
et déclarez avoir pris connaissance de la
politique de protection des données
d’Hellowork. Si vous ne disposez pas déjà d’un compte Hellowork associé
à l'adresse email de votre compte Google, un compte Hellowork vous sera créé."
Technicien Expert Mécanique Automobile H/F,Audi recrutement,Reims - 51,CDI,Bac +5,Industrie Auto • Meca • Navale,10/12/2025,Pas de salaire renseigné,https://www.hellowork.com/fr-fr/emplois/73559882.html,"Se connecter à Hellowork avec Google
Continuer avec Google
En poursuivant votre connexion via Google, vous acceptez les
CGU
et déclarez avoir pris connaissance de la
politique de protection des données
d’Hellowork. Si vous ne disposez pas déjà d’un compte Hellowork associé
à l'adresse email de votre compte Google, un compte Hellowork vous sera créé."
Coordinateur Bim H/F,Socotec recrutement,Casablanca - Maroc,CDI,Bac +5,Services aux Entreprises,10/12/2025,Pas de salaire renseigné,https://www.hellowork.com/fr-fr/emplois/62653984.html,"Se connecter à Hellowork avec Google
Continuer avec Google
En poursuivant votre connexion via Google, vous acceptez les
CGU
et déclarez avoir pris connaissance de la
politique de protection des données
d’Hellowork. Si vous ne disposez pas déjà d’un compte Hellowork associé
à l'adresse email de votre compte Google, un compte Hellowork vous sera créé."
Chef de Cuisine H/F,Api Restauration recrutement,Beaumont-Monteux - 26,CDI,"BEP, CAP",Bac,10/12/2025,Pas de salaire renseigné,https://www.hellowork.com/fr-fr/emplois/73559888.html,"Se connecter à Hellowork avec Google
Continuer avec Google
En poursuivant votre connexion via Google, vous acceptez les
CGU
et déclarez avoir pris connaissance de la
politique de protection des données
d’Hellowork. Si vous ne disposez pas déjà d’un compte Hellowork associé
à l'adresse email de votre compte Google, un compte Hellowork vous sera créé."
Assistant de Vie H/F,ADHAP recrutement,Saint-Étienne-du-Rouvray - 76,CDI,"BEP, CAP",Services aux Personnes • Particuliers,10/12/2025,"11,88 - 12,12 € / heure",https://www.hellowork.com/fr-fr/emplois/67780488.html,"Se connecter à Hellowork avec Google
Continuer avec Google
En poursuivant votre connexion via Google, vous acceptez les
CGU
et déclarez avoir pris connaissance de la
politique de protection des données
d’Hellowork. Si vous ne disposez pas déjà d’un compte Hellowork associé
à l'adresse email de votre compte Google, un compte Hellowork vous sera créé."
Hôte - Hôtesse d'Accueil Standardiste H/F,Phone Régie recrutement,Lyon 3e - 69,CDI,Bac,Services aux Entreprises,10/12/2025,"11,91 € / heure",https://www.hellowork.com/fr-fr/emplois/73560926.html,"Se connecter à Hellowork avec Google
Continuer avec Google
En poursuivant votre connexion via Google, vous acceptez les
CGU
et déclarez avoir pris connaissance de la
politique de protection des données
d’Hellowork. Si vous ne disposez pas déjà d’un compte Hellowork associé
à l'adresse email de votre compte Google, un compte Hellowork vous sera créé."
Intégrateur Systèmes Fluides H/F,Olys Engineering recrutement,Lyon 7e - 69,CDI,Bac +5,Secteur Energie • Environnement,10/12/2025,60 000 - 75 000 € / an,https://www.hellowork.com/fr-fr/emplois/73560962.html,"Se connecter à Hellowork avec Google
Continuer avec Google
En poursuivant votre connexion via Google, vous acceptez les
CGU
et déclarez avoir pris connaissance de la
politique de protection des données
d’Hellowork. Si vous ne disposez pas déjà d’un compte Hellowork associé
à l'adresse email de votre compte Google, un compte Hellowork vous sera créé."
Préventeur HSE H/F,NGEN recrutement,Lyon - 69,CDI,Bac +2,"Bac +3, Bac +4",10/12/2025,27 500 - 36 500 € / an,https://www.hellowork.com/fr-fr/emplois/67781605.html,"Se connecter à Hellowork avec Google
Continuer avec Google
En poursuivant votre connexion via Google, vous acceptez les
CGU
et déclarez avoir pris connaissance de la
politique de protection des données
d’Hellowork. Si vous ne disposez pas déjà d’un compte Hellowork associé
à l'adresse email de votre compte Google, un compte Hellowork vous sera créé."
Responsable Commerce H/F,Brico Dépôt recrutement,Montceau-les-Mines - 71,CDI,Bac,Bac +2,10/12/2025,Pas de salaire renseigné,https://www.hellowork.com/fr-fr/emplois/71361714.html,"Se connecter à Hellowork avec Google
Continuer avec Google
En poursuivant votre connexion via Google, vous acceptez les
CGU
et déclarez avoir pris connaissance de la
politique de protection des données
d’Hellowork. Si vous ne disposez pas déjà d’un compte Hellowork associé
à l'adresse email de votre compte Google, un compte Hellowork vous sera créé."
Technicien de Modernisation H/F,N/A,Annecy - 74,CDI,Bac +2,Industrie Manufacturière,10/12/2025,Estimation → 25 700 - 38 000 € / an,https://www.hellowork.com/fr-fr/emplois/71363364.html,"Se connecter à Hellowork avec Google
Continuer avec Google
En poursuivant votre connexion via Google, vous acceptez les
CGU
et déclarez avoir pris connaissance de la
politique de protection des données
d’Hellowork. Si vous ne disposez pas déjà d’un compte Hellowork associé
à l'adresse email de votre compte Google, un compte Hellowork vous sera créé."
Conseiller Clientèle - Yutz H/F,Crédit Agricole Lorraine recrutement,Yutz - 57,CDI,Bac +2,Banque • Assurance • Finance,10/12/2025,Estimation → 21 730 - 27 000 € / an,https://www.hellowork.com/fr-fr/emplois/73559901.html,"Se connecter à Hellowork avec Google
Continuer avec Google
En poursuivant votre connexion via Google, vous acceptez les
CGU
et déclarez avoir pris connaissance de la
politique de protection des données
d’Hellowork. Si vous ne disposez pas déjà d’un compte Hellowork associé
à l'adresse email de votre compte Google, un compte Hellowork vous sera créé."
Magasinier - Vendeur Pra H/F,Volkswagen recrutement,Cléon - 76,CDI,"BEP, CAP",Bac,10/12/2025,2 100 € / mois,https://www.hellowork.com/fr-fr/emplois/73559917.html,"Se connecter à Hellowork avec Google
Continuer avec Google
En poursuivant votre connexion via Google, vous acceptez les
CGU
et déclarez avoir pris connaissance de la
politique de protection des données
d’Hellowork. Si vous ne disposez pas déjà d’un compte Hellowork associé
à l'adresse email de votre compte Google, un compte Hellowork vous sera créé."
Monteur·se Moteurs Militaires M53 H/F,Safran recrutement,Seine-et-Marne - 77,CDI,"BEP, CAP",Bac,10/12/2025,Pas de salaire renseigné,https://www.hellowork.com/fr-fr/emplois/67801941.html,"Se connecter à Hellowork avec Google
Continuer avec Google
En poursuivant votre connexion via Google, vous acceptez les
CGU
et déclarez avoir pris connaissance de la
politique de protection des données
d’Hellowork. Si vous ne disposez pas déjà d’un compte Hellowork associé
à l'adresse email de votre compte Google, un compte Hellowork vous sera créé."
Responsable Technique Régional H/F,123 Pare-Brise recrutement,Île-de-France,CDI,"BEP, CAP",Bac,10/12/2025,3 250 - 3 500 € / mois,https://www.hellowork.com/fr-fr/emplois/72465778.html,"Se connecter à Hellowork avec Google
Continuer avec Google
En poursuivant votre connexion via Google, vous acceptez les
CGU
et déclarez avoir pris connaissance de la
politique de protection des données
d’Hellowork. Si vous ne disposez pas déjà d’un compte Hellowork associé
à l'adresse email de votre compte Google, un compte Hellowork vous sera créé."
Responsable Administratif et Financier Maitrise d'Ouvrage H/F,Société Dauphinoise pour l'Habitat recrutement,Échirolles - 38,CDI,"Bac +3, Bac +4",Bac +5,10/12/2025,37 240 - 40 000 € / an,https://www.hellowork.com/fr-fr/emplois/70129438.html,"Se connecter à Hellowork avec Google
Continuer avec Google
En poursuivant votre connexion via Google, vous acceptez les
CGU
et déclarez avoir pris connaissance de la
politique de protection des données
d’Hellowork. Si vous ne disposez pas déjà d’un compte Hellowork associé
à l'adresse email de votre compte Google, un compte Hellowork vous sera créé."
Responsable d'Affaires en Génie Électrique H/F,Vinci Energies France Tertiaire Grand Ouest recrutement,Tours - 37,CDI,Bac +5,Secteur Energie • Environnement,10/12/2025,42 000 - 49 000 € / an,https://www.hellowork.com/fr-fr/emplois/71366888.html,"Se connecter à Hellowork avec Google
Continuer avec Google
En poursuivant votre connexion via Google, vous acceptez les
CGU
et déclarez avoir pris connaissance de la
politique de protection des données
d’Hellowork. Si vous ne disposez pas déjà d’un compte Hellowork associé
à l'adresse email de votre compte Google, un compte Hellowork vous sera créé."
Chargé de Mission Sécurité au Travail H/F,Voies Navigables de France recrutement,Béthune - 62,CDI,Bac +5,Transport • Logistique,10/12/2025,Estimation → 30 100 - 43 800 € / an,https://www.hellowork.com/fr-fr/emplois/71366848.html,"Se connecter à Hellowork avec Google
Continuer avec Google
En poursuivant votre connexion via Google, vous acceptez les
CGU
et déclarez avoir pris connaissance de la
politique de protection des données
d’Hellowork. Si vous ne disposez pas déjà d’un compte Hellowork associé
à l'adresse email de votre compte Google, un compte Hellowork vous sera créé."
Conducteur de Matériel de Collecte Bom Di H/F,Veolia Environnement recrutement,Saint-Herblain - 44,CDI,"BEP, CAP",Bac,10/12/2025,Estimation → 23 300 - 29 300 € / an,https://www.hellowork.com/fr-fr/emplois/70136841.html,"Se connecter à Hellowork avec Google
Continuer avec Google
En poursuivant votre connexion via Google, vous acceptez les
CGU
et déclarez avoir pris connaissance de la
politique de protection des données
d’Hellowork. Si vous ne disposez pas déjà d’un compte Hellowork associé
à l'adresse email de votre compte Google, un compte Hellowork vous sera créé."
Assistant Chef Produits H/F,Groupe COFAQ recrutement,Poitiers - 86,CDI,Bac +2,Distribution • Commerce de gros,10/12/2025,Pas de salaire renseigné,https://www.hellowork.com/fr-fr/emplois/71358323.html,"Se connecter à Hellowork avec Google
Continuer avec Google
En poursuivant votre connexion via Google, vous acceptez les
CGU
et déclarez avoir pris connaissance de la
politique de protection des données
d’Hellowork. Si vous ne disposez pas déjà d’un compte Hellowork associé
à l'adresse email de votre compte Google, un compte Hellowork vous sera créé."
Biologiste Médical en Onco-Hématologie H/F,Groupe Cerba Healthcare recrutement,Frépillon - 95,CDI,Bac +5,Service public hospitalier,10/12/2025,Pas de salaire renseigné,https://www.hellowork.com/fr-fr/emplois/71349340.html,"Se connecter à Hellowork avec Google
Continuer avec Google
En poursuivant votre connexion via Google, vous acceptez les
CGU
et déclarez avoir pris connaissance de la
politique de protection des données
d’Hellowork. Si vous ne disposez pas déjà d’un compte Hellowork associé
à l'adresse email de votre compte Google, un compte Hellowork vous sera créé."
Poseur Confirme H/F,Ouverture's recrutement,Pont-l'Évêque - 14,CDI,"BEP, CAP",Industrie Manufacturière,10/12/2025,Pas de salaire renseigné,https://www.hellowork.com/fr-fr/emplois/70113418.html,"Se connecter à Hellowork avec Google
Continuer avec Google
En poursuivant votre connexion via Google, vous acceptez les
CGU
et déclarez avoir pris connaissance de la
politique de protection des données
d’Hellowork. Si vous ne disposez pas déjà d’un compte Hellowork associé
à l'adresse email de votre compte Google, un compte Hellowork vous sera créé."
Chargé d'Affaires CVC H/F,Groupe Fauché recrutement,Collonges-au-Mont-d'Or - 69,CDI,Bac +2,"Bac +3, Bac +4",10/12/2025,50 000 - 55 000 € / an,https://www.hellowork.com/fr-fr/emplois/70119909.html,"Se connecter à Hellowork avec Google
Continuer avec Google
En poursuivant votre connexion via Google, vous acceptez les
CGU
et déclarez avoir pris connaissance de la
politique de protection des données
d’Hellowork. Si vous ne disposez pas déjà d’un compte Hellowork associé
à l'adresse email de votre compte Google, un compte Hellowork vous sera créé."
Chef de Projets AMOA H/F,MAF - Mutuelle des Architectes Français recrutement,Paris 17e - 75,CDI,Bac +5,Banque • Assurance • Finance,10/12/2025,Estimation → 45 000 - 66 000 € / an,https://www.hellowork.com/fr-fr/emplois/70133665.html,"Se connecter à Hellowork avec Google
Continuer avec Google
En poursuivant votre connexion via Google, vous acceptez les
CGU
et déclarez avoir pris connaissance de la
politique de protection des données
d’Hellowork. Si vous ne disposez pas déjà d’un compte Hellowork associé
à l'adresse email de votre compte Google, un compte Hellowork vous sera créé."
Responsable Maintenance 01 H/F,Lactalis recrutement,Saint-Vulbas - 01,CDI,Bac +2,"Bac +3, Bac +4",10/12/2025,Estimation → 33 000 - 47 500 € / an,https://www.hellowork.com/fr-fr/emplois/70115682.html,"Se connecter à Hellowork avec Google
Continuer avec Google
En poursuivant votre connexion via Google, vous acceptez les
CGU
et déclarez avoir pris connaissance de la
politique de protection des données
d’Hellowork. Si vous ne disposez pas déjà d’un compte Hellowork associé
à l'adresse email de votre compte Google, un compte Hellowork vous sera créé."
Adr 297 - Head Of Revenue Operations H/F,Groupe La Centrale recrutement,Paris 8e - 75,CDI,Bac +5,Distribution • Commerce de gros,10/12/2025,Estimation → 40 000 - 67 500 € / an,https://www.hellowork.com/fr-fr/emplois/71365556.html,"Se connecter à Hellowork avec Google
Continuer avec Google
En poursuivant votre connexion via Google, vous acceptez les
CGU
et déclarez avoir pris connaissance de la
politique de protection des données
d’Hellowork. Si vous ne disposez pas déjà d’un compte Hellowork associé
à l'adresse email de votre compte Google, un compte Hellowork vous sera créé."
Gardien d'Immeubles H/F,Scalis recrutement,La Châtre - 36,CDI,Bac,Immobilier,10/12/2025,1 930 - 1 931 € / mois,https://www.hellowork.com/fr-fr/emplois/71352877.html,"Se connecter à Hellowork avec Google
Continuer avec Google
En poursuivant votre connexion via Google, vous acceptez les
CGU
et déclarez avoir pris connaissance de la
politique de protection des données
d’Hellowork. Si vous ne disposez pas déjà d’un compte Hellowork associé
à l'adresse email de votre compte Google, un compte Hellowork vous sera créé."
Responsable de Magasin 2025 H/F,Happy Curl - La Boutique du Coiffeur recrutement,Essey-lès-Nancy - 54,CDI,Bac +2,"Bac +3, Bac +4",10/12/2025,2 075 - 2 657 € / mois,https://www.hellowork.com/fr-fr/emplois/71358988.html,"Se connecter à Hellowork avec Google
Continuer avec Google
En poursuivant votre connexion via Google, vous acceptez les
CGU
et déclarez avoir pris connaissance de la
politique de protection des données
d’Hellowork. Si vous ne disposez pas déjà d’un compte Hellowork associé
à l'adresse email de votre compte Google, un compte Hellowork vous sera créé."
Infirmier Préleveur - Technicien Préleveur H/F,Groupe Cerba Healthcare recrutement,Indre - 36,CDI,Bac +2,"Bac +3, Bac +4",10/12/2025,Pas de salaire renseigné,https://www.hellowork.com/fr-fr/emplois/62652092.html,"Se connecter à Hellowork avec Google
Continuer avec Google
En poursuivant votre connexion via Google, vous acceptez les
CGU
et déclarez avoir pris connaissance de la
politique de protection des données
d’Hellowork. Si vous ne disposez pas déjà d’un compte Hellowork associé
à l'adresse email de votre compte Google, un compte Hellowork vous sera créé."
Category Leader H/F,Brico Dépôt recrutement,Longpont-sur-Orge - 91,CDI,Bac +5,Distribution • Commerce de gros,10/12/2025,Pas de salaire renseigné,https://www.hellowork.com/fr-fr/emplois/71361715.html,"Se connecter à Hellowork avec Google
Continuer avec Google
En poursuivant votre connexion via Google, vous acceptez les
CGU
et déclarez avoir pris connaissance de la
politique de protection des données
d’Hellowork. Si vous ne disposez pas déjà d’un compte Hellowork associé
à l'adresse email de votre compte Google, un compte Hellowork vous sera créé."
Technicien Installation Ascenseurs H/F,Kone recrutement,Saint-Nazaire - 44,CDI,Bac,Bac +2,10/12/2025,Estimation → 25 700 - 34 500 € / an,https://www.hellowork.com/fr-fr/emplois/65244564.html,"Se connecter à Hellowork avec Google
Continuer avec Google
En poursuivant votre connexion via Google, vous acceptez les
CGU
et déclarez avoir pris connaissance de la
politique de protection des données
d’Hellowork. Si vous ne disposez pas déjà d’un compte Hellowork associé
à l'adresse email de votre compte Google, un compte Hellowork vous sera créé."
Auxilaire de Vie H/F,ADHAP recrutement,Vitrolles - 13,CDI,"BEP, CAP",Services aux Personnes • Particuliers,10/12/2025,"11,88 - 12,49 € / heure",https://www.hellowork.com/fr-fr/emplois/70129906.html,"Se connecter à Hellowork avec Google
Continuer avec Google
En poursuivant votre connexion via Google, vous acceptez les
CGU
et déclarez avoir pris connaissance de la
politique de protection des données
d’Hellowork. Si vous ne disposez pas déjà d’un compte Hellowork associé
à l'adresse email de votre compte Google, un compte Hellowork vous sera créé."
Responsable Marketing Qualite et Experience Client H/F,Volkswagen recrutement,Noisy-le-Grand - 93,CDI,Bac +5,Industrie Auto • Meca • Navale,10/12/2025,Estimation → 42 500 - 71 200 € / an,https://www.hellowork.com/fr-fr/emplois/72462439.html,"Se connecter à Hellowork avec Google
Continuer avec Google
En poursuivant votre connexion via Google, vous acceptez les
CGU
et déclarez avoir pris connaissance de la
politique de protection des données
d’Hellowork. Si vous ne disposez pas déjà d’un compte Hellowork associé
à l'adresse email de votre compte Google, un compte Hellowork vous sera créé."
Responsable de Magasin H/F,Boulangerie  Ange recrutement,Écully - 69,CDI,Bac +2,"Bac +3, Bac +4",10/12/2025,Estimation → 25 700 - 40 000 € / an,https://www.hellowork.com/fr-fr/emplois/71363386.html,"Se connecter à Hellowork avec Google
Continuer avec Google
En poursuivant votre connexion via Google, vous acceptez les
CGU
et déclarez avoir pris connaissance de la
politique de protection des données
d’Hellowork. Si vous ne disposez pas déjà d’un compte Hellowork associé
à l'adresse email de votre compte Google, un compte Hellowork vous sera créé."
Conducteur de Travaux Photovoltaïque H/F,Groupe OPNR recrutement,Lyon - 69,CDI,Bac +2,"Bac +3, Bac +4",10/12/2025,3 175 € / mois,https://www.hellowork.com/fr-fr/emplois/71359943.html,"Se connecter à Hellowork avec Google
Continuer avec Google
En poursuivant votre connexion via Google, vous acceptez les
CGU
et déclarez avoir pris connaissance de la
politique de protection des données
d’Hellowork. Si vous ne disposez pas déjà d’un compte Hellowork associé
à l'adresse email de votre compte Google, un compte Hellowork vous sera créé."
Chef de Centre H/F,123 Pare-Brise recrutement,Saint-Brice-sous-Forêt - 95,CDI,"BEP, CAP",Bac +2,10/12/2025,2 510 - 3 000 € / mois,https://www.hellowork.com/fr-fr/emplois/72465759.html,"Se connecter à Hellowork avec Google
Continuer avec Google
En poursuivant votre connexion via Google, vous acceptez les
CGU
et déclarez avoir pris connaissance de la
politique de protection des données
d’Hellowork. Si vous ne disposez pas déjà d’un compte Hellowork associé
à l'adresse email de votre compte Google, un compte Hellowork vous sera créé."
Technicien Automobile H/F,123 Pare-Brise recrutement,Saint-Brice-sous-Forêt - 95,CDI,"BEP, CAP",Bac,10/12/2025,2 081 - 2 350 € / mois,https://www.hellowork.com/fr-fr/emplois/72465762.html,"Se connecter à Hellowork avec Google
Continuer avec Google
En poursuivant votre connexion via Google, vous acceptez les
CGU
et déclarez avoir pris connaissance de la
politique de protection des données
d’Hellowork. Si vous ne disposez pas déjà d’un compte Hellowork associé
à l'adresse email de votre compte Google, un compte Hellowork vous sera créé."
Mécanicien Robinetier H/F,Groupe Foure Lagadec recrutement,Vénissieux - 69,CDI,Bac +2,BTP,10/12/2025,2 000 - 2 500 € / mois,https://www.hellowork.com/fr-fr/emplois/70111803.html,"Se connecter à Hellowork avec Google
Continuer avec Google
En poursuivant votre connexion via Google, vous acceptez les
CGU
et déclarez avoir pris connaissance de la
politique de protection des données
d’Hellowork. Si vous ne disposez pas déjà d’un compte Hellowork associé
à l'adresse email de votre compte Google, un compte Hellowork vous sera créé."
Chef de Chantier Construction Bois H/F,VCSP Batiment Nord Est et ANSC recrutement,Rueil-Malmaison - 92,CDI,Bac +2,BTP,10/12/2025,Estimation → 36 200 - 57 500 € / an,https://www.hellowork.com/fr-fr/emplois/67780601.html,"Se connecter à Hellowork avec Google
Continuer avec Google
En poursuivant votre connexion via Google, vous acceptez les
CGU
et déclarez avoir pris connaissance de la
politique de protection des données
d’Hellowork. Si vous ne disposez pas déjà d’un compte Hellowork associé
à l'adresse email de votre compte Google, un compte Hellowork vous sera créé."
Conducteur de Travaux Confirmé Construction Bois H/F,VCSP Batiment Nord Est et ANSC recrutement,Chemillé-en-Anjou - 49,CDI,Bac +5,BTP,10/12/2025,Estimation → 30 000 - 42 500 € / an,https://www.hellowork.com/fr-fr/emplois/70137895.html,"Se connecter à Hellowork avec Google
Continuer avec Google
En poursuivant votre connexion via Google, vous acceptez les
CGU
et déclarez avoir pris connaissance de la
politique de protection des données
d’Hellowork. Si vous ne disposez pas déjà d’un compte Hellowork associé
à l'adresse email de votre compte Google, un compte Hellowork vous sera créé."
Monteur Réseaux Aériens H/F,VINCI Energies France Infras Grand Ouest recrutement,Granville - 50,CDI,"BEP, CAP",Secteur Energie • Environnement,10/12/2025,25 000 - 34 000 € / an,https://www.hellowork.com/fr-fr/emplois/71366869.html,"Se connecter à Hellowork avec Google
Continuer avec Google
En poursuivant votre connexion via Google, vous acceptez les
CGU
et déclarez avoir pris connaissance de la
politique de protection des données
d’Hellowork. Si vous ne disposez pas déjà d’un compte Hellowork associé
à l'adresse email de votre compte Google, un compte Hellowork vous sera créé."
Coordinateur Technique H/F,CBRE GWS FRANCE recrutement,Courbevoie - 92,CDI,Bac +2,Immobilier,10/12/2025,38 000 - 42 000 € / an,https://www.hellowork.com/fr-fr/emplois/69006659.html,"Se connecter à Hellowork avec Google
Continuer avec Google
En poursuivant votre connexion via Google, vous acceptez les
CGU
et déclarez avoir pris connaissance de la
politique de protection des données
d’Hellowork. Si vous ne disposez pas déjà d’un compte Hellowork associé
à l'adresse email de votre compte Google, un compte Hellowork vous sera créé."
Ingénieur·e Systeme Exploitation Windows Server H/F,Safran recrutement,Bordeaux - 33,CDI,Bac +5,Industrie Aéronautique • Aérospatial,10/12/2025,Pas de salaire renseigné,https://www.hellowork.com/fr-fr/emplois/70128201.html,"Se connecter à Hellowork avec Google
Continuer avec Google
En poursuivant votre connexion via Google, vous acceptez les
CGU
et déclarez avoir pris connaissance de la
politique de protection des données
d’Hellowork. Si vous ne disposez pas déjà d’un compte Hellowork associé
à l'adresse email de votre compte Google, un compte Hellowork vous sera créé."
Directeur de Station de Télésurveillance H/F,Goron Securité recrutement,Tremblay-en-France - 93,CDI,Bac +5,Services aux Entreprises,10/12/2025,Pas de salaire renseigné,https://www.hellowork.com/fr-fr/emplois/70148781.html,"Se connecter à Hellowork avec Google
Continuer avec Google
En poursuivant votre connexion via Google, vous acceptez les
CGU
et déclarez avoir pris connaissance de la
politique de protection des données
d’Hellowork. Si vous ne disposez pas déjà d’un compte Hellowork associé
à l'adresse email de votre compte Google, un compte Hellowork vous sera créé."
Manager Opérationnel - Chef de Site Site Hospitalier H/F,Dalkia recrutement,Orsay - 91,CDI,Bac +2,Secteur Energie • Environnement,10/12/2025,Pas de salaire renseigné,https://www.hellowork.com/fr-fr/emplois/71310229.html,"Se connecter à Hellowork avec Google
Continuer avec Google
En poursuivant votre connexion via Google, vous acceptez les
CGU
et déclarez avoir pris connaissance de la
politique de protection des données
d’Hellowork. Si vous ne disposez pas déjà d’un compte Hellowork associé
à l'adresse email de votre compte Google, un compte Hellowork vous sera créé."
Monteur-Électricien H/F,SPIE Industrie recrutement,Thonon-les-Bains - 74,CDI,"BEP, CAP",Bac,10/12/2025,Estimation → 22 640 - 25 480 € / an,https://www.hellowork.com/fr-fr/emplois/59102960.html,"Se connecter à Hellowork avec Google
Continuer avec Google
En poursuivant votre connexion via Google, vous acceptez les
CGU
et déclarez avoir pris connaissance de la
politique de protection des données
d’Hellowork. Si vous ne disposez pas déjà d’un compte Hellowork associé
à l'adresse email de votre compte Google, un compte Hellowork vous sera créé."
Collaborateur Comptable Confirmé H/F,Hireos recrutement,Lyon 9e - 69,CDI,Bac +2,Secteur informatique • ESN,10/12/2025,35 000 - 45 000 € / an,https://www.hellowork.com/fr-fr/emplois/71368744.html,"Se connecter à Hellowork avec Google
Continuer avec Google
En poursuivant votre connexion via Google, vous acceptez les
CGU
et déclarez avoir pris connaissance de la
politique de protection des données
d’Hellowork. Si vous ne disposez pas déjà d’un compte Hellowork associé
à l'adresse email de votre compte Google, un compte Hellowork vous sera créé."
Educateur de Jeunes Enfants Bilingue Anglais H/F,ABC Puériculture recrutement,Paris - 75,CDI,"BEP, CAP",Services aux Personnes • Particuliers,10/12/2025,2 750 - 3 550 € / mois,https://www.hellowork.com/fr-fr/emplois/71365464.html,"Se connecter à Hellowork avec Google
Continuer avec Google
En poursuivant votre connexion via Google, vous acceptez les
CGU
et déclarez avoir pris connaissance de la
politique de protection des données
d’Hellowork. Si vous ne disposez pas déjà d’un compte Hellowork associé
à l'adresse email de votre compte Google, un compte Hellowork vous sera créé."
Projeteur CFO - CFA H/F,SNEF recrutement,Aix-en-Provence - 13,CDI,Bac +2,"Bac +3, Bac +4",10/12/2025,Estimation → 31 200 - 44 700 € / an,https://www.hellowork.com/fr-fr/emplois/69009770.html,"Se connecter à Hellowork avec Google
Continuer avec Google
En poursuivant votre connexion via Google, vous acceptez les
CGU
et déclarez avoir pris connaissance de la
politique de protection des données
d’Hellowork. Si vous ne disposez pas déjà d’un compte Hellowork associé
à l'adresse email de votre compte Google, un compte Hellowork vous sera créé."
Ingénieur Études Travaux Thermiques H/F,Dalkia recrutement,Cesson-Sévigné - 35,CDI,Bac +2,"Bac +3, Bac +4",10/12/2025,Estimation → 31 000 - 53 800 € / an,https://www.hellowork.com/fr-fr/emplois/68979141.html,"Se connecter à Hellowork avec Google
Continuer avec Google
En poursuivant votre connexion via Google, vous acceptez les
CGU
et déclarez avoir pris connaissance de la
politique de protection des données
d’Hellowork. Si vous ne disposez pas déjà d’un compte Hellowork associé
à l'adresse email de votre compte Google, un compte Hellowork vous sera créé."
Ingénieur des Ventes Ascenseur H/F,Kone recrutement,Noisy-le-Sec - 93,CDI,Bac +2,"Bac +3, Bac +4",10/12/2025,Pas de salaire renseigné,https://www.hellowork.com/fr-fr/emplois/65225710.html,"Se connecter à Hellowork avec Google
Continuer avec Google
En poursuivant votre connexion via Google, vous acceptez les
CGU
et déclarez avoir pris connaissance de la
politique de protection des données
d’Hellowork. Si vous ne disposez pas déjà d’un compte Hellowork associé
à l'adresse email de votre compte Google, un compte Hellowork vous sera créé."
Chef de Groupe Etudes Installation Générale H/F,Orano recrutement,Pierrelatte - 26,CDI,Bac +2,"Bac +3, Bac +4",10/12/2025,Estimation → 29 000 - 38 500 € / an,https://www.hellowork.com/fr-fr/emplois/71347132.html,"Se connecter à Hellowork avec Google
Continuer avec Google
En poursuivant votre connexion via Google, vous acceptez les
CGU
et déclarez avoir pris connaissance de la
politique de protection des données
d’Hellowork. Si vous ne disposez pas déjà d’un compte Hellowork associé
à l'adresse email de votre compte Google, un compte Hellowork vous sera créé."
Chargé d'Affaires Travaux CVC - Plomberie H/F,Dalkia recrutement,Chasseneuil-du-Poitou - 86,CDI,Bac +2,Secteur Energie • Environnement,10/12/2025,Estimation → 42 500 - 56 200 € / an,https://www.hellowork.com/fr-fr/emplois/71301126.html,"Se connecter à Hellowork avec Google
Continuer avec Google
En poursuivant votre connexion via Google, vous acceptez les
CGU
et déclarez avoir pris connaissance de la
politique de protection des données
d’Hellowork. Si vous ne disposez pas déjà d’un compte Hellowork associé
à l'adresse email de votre compte Google, un compte Hellowork vous sera créé."
Chef de Secteur H/F,Api Restauration recrutement,Fleurbaix - 62,CDI,Tourisme • Hôtellerie • Loisirs,Exp. 1 à 7 ans,10/12/2025,2 800 € / mois,https://www.hellowork.com/fr-fr/emplois/73559876.html,"Se connecter à Hellowork avec Google
Continuer avec Google
En poursuivant votre connexion via Google, vous acceptez les
CGU
et déclarez avoir pris connaissance de la
politique de protection des données
d’Hellowork. Si vous ne disposez pas déjà d’un compte Hellowork associé
à l'adresse email de votre compte Google, un compte Hellowork vous sera créé."
Chargé d'Affaires CVC H/F,Groupe Fauché recrutement,Collonges-au-Mont-d'Or - 69,CDI,Bac +2,"Bac +3, Bac +4",10/12/2025,50 000 - 55 000 € / an,https://www.hellowork.com/fr-fr/emplois/70119909.html,"Se connecter à Hellowork avec Google
Continuer avec Google
En poursuivant votre connexion via Google, vous acceptez les
CGU
et déclarez avoir pris connaissance de la
politique de protection des données
d’Hellowork. Si vous ne disposez pas déjà d’un compte Hellowork associé
à l'adresse email de votre compte Google, un compte Hellowork vous sera créé."
Promoteur GMS H/F,CPM France recrutement,Gonesse - 95,CDI,"BEP, CAP",Bac,10/12/2025,1 827 - 1 927 € / mois,https://www.hellowork.com/fr-fr/emplois/73561017.html,"Se connecter à Hellowork avec Google
Continuer avec Google
En poursuivant votre connexion via Google, vous acceptez les
CGU
et déclarez avoir pris connaissance de la
politique de protection des données
d’Hellowork. Si vous ne disposez pas déjà d’un compte Hellowork associé
à l'adresse email de votre compte Google, un compte Hellowork vous sera créé."
Chef d'Équipe en Nettoyage Industriel H/F,Onet Propreté et Services recrutement,Saint-Pierre-la-Cour - 53,CDI,Bac,Bac +2,10/12/2025,Pas de salaire renseigné,https://www.hellowork.com/fr-fr/emplois/71346777.html,"Se connecter à Hellowork avec Google
Continuer avec Google
En poursuivant votre connexion via Google, vous acceptez les
CGU
et déclarez avoir pris connaissance de la
politique de protection des données
d’Hellowork. Si vous ne disposez pas déjà d’un compte Hellowork associé
à l'adresse email de votre compte Google, un compte Hellowork vous sera créé."
Electromécanicien Dépanneur H/F,Saint Yves Services recrutement,Aigné - 72,CDI,Bac +2,"Bac +3, Bac +4",10/12/2025,Estimation → 23 660 - 30 962 € / an,https://www.hellowork.com/fr-fr/emplois/52758771.html,"Se connecter à Hellowork avec Google
Continuer avec Google
En poursuivant votre connexion via Google, vous acceptez les
CGU
et déclarez avoir pris connaissance de la
politique de protection des données
d’Hellowork. Si vous ne disposez pas déjà d’un compte Hellowork associé
à l'adresse email de votre compte Google, un compte Hellowork vous sera créé."
Correspondant Déploiement IT Sédentaire H/F,AIS recrutement,Blagnac - 31,CDI,Bac +2,Secteur informatique • ESN,10/12/2025,26 000 - 29 000 € / an,https://www.hellowork.com/fr-fr/emplois/73559897.html,"Se connecter à Hellowork avec Google
Continuer avec Google
En poursuivant votre connexion via Google, vous acceptez les
CGU
et déclarez avoir pris connaissance de la
politique de protection des données
d’Hellowork. Si vous ne disposez pas déjà d’un compte Hellowork associé
à l'adresse email de votre compte Google, un compte Hellowork vous sera créé."
Chef de Secteur GMS H/F,Havea recrutement,Strasbourg - 67,CDI,Bac +2,Industrie Pharmaceutique • Biotechn. • Chimie,10/12/2025,Estimation → 31 800 - 49 900 € / an,https://www.hellowork.com/fr-fr/emplois/69029182.html,"Se connecter à Hellowork avec Google
Continuer avec Google
En poursuivant votre connexion via Google, vous acceptez les
CGU
et déclarez avoir pris connaissance de la
politique de protection des données
d’Hellowork. Si vous ne disposez pas déjà d’un compte Hellowork associé
à l'adresse email de votre compte Google, un compte Hellowork vous sera créé."
Chaudronnier - Tuyauteur H/F,SNEF recrutement,Dunkerque - 59,CDI,"BEP, CAP",BTP,10/12/2025,Estimation → 23 400 - 26 390 € / an,https://www.hellowork.com/fr-fr/emplois/70127665.html,"Se connecter à Hellowork avec Google
Continuer avec Google
En poursuivant votre connexion via Google, vous acceptez les
CGU
et déclarez avoir pris connaissance de la
politique de protection des données
d’Hellowork. Si vous ne disposez pas déjà d’un compte Hellowork associé
à l'adresse email de votre compte Google, un compte Hellowork vous sera créé."
Receptionnaire - Atelier Poids Lourds H/F,AUGEREAU LINKS recrutement,Cholet - 49,CDI,"BEP, CAP",Bac,10/12/2025,Pas de salaire renseigné,https://www.hellowork.com/fr-fr/emplois/67796410.html,"Se connecter à Hellowork avec Google
Continuer avec Google
En poursuivant votre connexion via Google, vous acceptez les
CGU
et déclarez avoir pris connaissance de la
politique de protection des données
d’Hellowork. Si vous ne disposez pas déjà d’un compte Hellowork associé
à l'adresse email de votre compte Google, un compte Hellowork vous sera créé."
Technicien Expert Mécanique Automobile H/F,Audi recrutement,Reims - 51,CDI,Bac +5,Industrie Auto • Meca • Navale,10/12/2025,Pas de salaire renseigné,https://www.hellowork.com/fr-fr/emplois/73559882.html,"Se connecter à Hellowork avec Google
Continuer avec Google
En poursuivant votre connexion via Google, vous acceptez les
CGU
et déclarez avoir pris connaissance de la
politique de protection des données
d’Hellowork. Si vous ne disposez pas déjà d’un compte Hellowork associé
à l'adresse email de votre compte Google, un compte Hellowork vous sera créé."
Coordinateur Bim H/F,Socotec recrutement,Casablanca - Maroc,CDI,Bac +5,Services aux Entreprises,10/12/2025,Pas de salaire renseigné,https://www.hellowork.com/fr-fr/emplois/62653984.html,"Se connecter à Hellowork avec Google
Continuer avec Google
En poursuivant votre connexion via Google, vous acceptez les
CGU
et déclarez avoir pris connaissance de la
politique de protection des données
d’Hellowork. Si vous ne disposez pas déjà d’un compte Hellowork associé
à l'adresse email de votre compte Google, un compte Hellowork vous sera créé."
Chef de Cuisine H/F,Api Restauration recrutement,Beaumont-Monteux - 26,CDI,"BEP, CAP",Bac,10/12/2025,Pas de salaire renseigné,https://www.hellowork.com/fr-fr/emplois/73559888.html,"Se connecter à Hellowork avec Google
Continuer avec Google
En poursuivant votre connexion via Google, vous acceptez les
CGU
et déclarez avoir pris connaissance de la
politique de protection des données
d’Hellowork. Si vous ne disposez pas déjà d’un compte Hellowork associé
à l'adresse email de votre compte Google, un compte Hellowork vous sera créé."
Assistant de Vie H/F,ADHAP recrutement,Saint-Étienne-du-Rouvray - 76,CDI,"BEP, CAP",Services aux Personnes • Particuliers,10/12/2025,"11,88 - 12,12 € / heure",https://www.hellowork.com/fr-fr/emplois/67780488.html,"Se connecter à Hellowork avec Google
Continuer avec Google
En poursuivant votre connexion via Google, vous acceptez les
CGU
et déclarez avoir pris connaissance de la
politique de protection des données
d’Hellowork. Si vous ne disposez pas déjà d’un compte Hellowork associé
à l'adresse email de votre compte Google, un compte Hellowork vous sera créé."
Hôte - Hôtesse d'Accueil Standardiste H/F,Phone Régie recrutement,Lyon 3e - 69,CDI,Bac,Services aux Entreprises,10/12/2025,"11,91 € / heure",https://www.hellowork.com/fr-fr/emplois/73560926.html,"Se connecter à Hellowork avec Google
Continuer avec Google
En poursuivant votre connexion via Google, vous acceptez les
CGU
et déclarez avoir pris connaissance de la
politique de protection des données
d’Hellowork. Si vous ne disposez pas déjà d’un compte Hellowork associé
à l'adresse email de votre compte Google, un compte Hellowork vous sera créé."
Intégrateur Systèmes Fluides H/F,Olys Engineering recrutement,Lyon 7e - 69,CDI,Bac +5,Secteur Energie • Environnement,10/12/2025,60 000 - 75 000 € / an,https://www.hellowork.com/fr-fr/emplois/73560962.html,"Se connecter à Hellowork avec Google
Continuer avec Google
En poursuivant votre connexion via Google, vous acceptez les
CGU
et déclarez avoir pris connaissance de la
politique de protection des données
d’Hellowork. Si vous ne disposez pas déjà d’un compte Hellowork associé
à l'adresse email de votre compte Google, un compte Hellowork vous sera créé."
Préventeur HSE H/F,NGEN recrutement,Lyon - 69,CDI,Bac +2,"Bac +3, Bac +4",10/12/2025,27 500 - 36 500 € / an,https://www.hellowork.com/fr-fr/emplois/67781605.html,"Se connecter à Hellowork avec Google
Continuer avec Google
En poursuivant votre connexion via Google, vous acceptez les
CGU
et déclarez avoir pris connaissance de la
politique de protection des données
d’Hellowork. Si vous ne disposez pas déjà d’un compte Hellowork associé
à l'adresse email de votre compte Google, un compte Hellowork vous sera créé."
Responsable Commerce H/F,Brico Dépôt recrutement,Montceau-les-Mines - 71,CDI,Bac,Bac +2,10/12/2025,Pas de salaire renseigné,https://www.hellowork.com/fr-fr/emplois/71361714.html,"Se connecter à Hellowork avec Google
Continuer avec Google
En poursuivant votre connexion via Google, vous acceptez les
CGU
et déclarez avoir pris connaissance de la
politique de protection des données
d’Hellowork. Si vous ne disposez pas déjà d’un compte Hellowork associé
à l'adresse email de votre compte Google, un compte Hellowork vous sera créé."
Technicien de Modernisation H/F,N/A,Annecy - 74,CDI,Bac +2,Industrie Manufacturière,10/12/2025,Estimation → 25 700 - 38 000 € / an,https://www.hellowork.com/fr-fr/emplois/71363364.html,"Se connecter à Hellowork avec Google
Continuer avec Google
En poursuivant votre connexion via Google, vous acceptez les
CGU
et déclarez avoir pris connaissance de la
politique de protection des données
d’Hellowork. Si vous ne disposez pas déjà d’un compte Hellowork associé
à l'adresse email de votre compte Google, un compte Hellowork vous sera créé."
Conseiller Clientèle - Yutz H/F,Crédit Agricole Lorraine recrutement,Yutz - 57,CDI,Bac +2,Banque • Assurance • Finance,10/12/2025,Estimation → 21 730 - 27 000 € / an,https://www.hellowork.com/fr-fr/emplois/73559901.html,"Se connecter à Hellowork avec Google
Continuer avec Google
En poursuivant votre connexion via Google, vous acceptez les
CGU
et déclarez avoir pris connaissance de la
politique de protection des données
d’Hellowork. Si vous ne disposez pas déjà d’un compte Hellowork associé
à l'adresse email de votre compte Google, un compte Hellowork vous sera créé."
Magasinier - Vendeur Pra H/F,Volkswagen recrutement,Cléon - 76,CDI,"BEP, CAP",Bac,10/12/2025,2 100 € / mois,https://www.hellowork.com/fr-fr/emplois/73559917.html,"Se connecter à Hellowork avec Google
Continuer avec Google
En poursuivant votre connexion via Google, vous acceptez les
CGU
et déclarez avoir pris connaissance de la
politique de protection des données
d’Hellowork. Si vous ne disposez pas déjà d’un compte Hellowork associé
à l'adresse email de votre compte Google, un compte Hellowork vous sera créé."
Monteur·se Moteurs Militaires M53 H/F,Safran recrutement,Seine-et-Marne - 77,CDI,"BEP, CAP",Bac,10/12/2025,Pas de salaire renseigné,https://www.hellowork.com/fr-fr/emplois/67801941.html,"Se connecter à Hellowork avec Google
Continuer avec Google
En poursuivant votre connexion via Google, vous acceptez les
CGU
et déclarez avoir pris connaissance de la
politique de protection des données
d’Hellowork. Si vous ne disposez pas déjà d’un compte Hellowork associé
à l'adresse email de votre compte Google, un compte Hellowork vous sera créé."
Manager Opérationnel - Chef de Site Site Hospitalier H/F,Dalkia recrutement,Orsay - 91,CDI,Bac +2,Secteur Energie • Environnement,10/12/2025,Pas de salaire renseigné,https://www.hellowork.com/fr-fr/emplois/71310229.html,"Se connecter à Hellowork avec Google
Continuer avec Google
En poursuivant votre connexion via Google, vous acceptez les
CGU
et déclarez avoir pris connaissance de la
politique de protection des données
d’Hellowork. Si vous ne disposez pas déjà d’un compte Hellowork associé
à l'adresse email de votre compte Google, un compte Hellowork vous sera créé."
Monteur-Électricien H/F,SPIE Industrie recrutement,Thonon-les-Bains - 74,CDI,"BEP, CAP",Bac,10/12/2025,Estimation → 22 640 - 25 480 € / an,https://www.hellowork.com/fr-fr/emplois/59102960.html,"Se connecter à Hellowork avec Google
Continuer avec Google
En poursuivant votre connexion via Google, vous acceptez les
CGU
et déclarez avoir pris connaissance de la
politique de protection des données
d’Hellowork. Si vous ne disposez pas déjà d’un compte Hellowork associé
à l'adresse email de votre compte Google, un compte Hellowork vous sera créé."
Collaborateur Comptable Confirmé H/F,Hireos recrutement,Lyon 9e - 69,CDI,Bac +2,Secteur informatique • ESN,10/12/2025,35 000 - 45 000 € / an,https://www.hellowork.com/fr-fr/emplois/71368744.html,"Se connecter à Hellowork avec Google
Continuer avec Google
En poursuivant votre connexion via Google, vous acceptez les
CGU
et déclarez avoir pris connaissance de la
politique de protection des données
d’Hellowork. Si vous ne disposez pas déjà d’un compte Hellowork associé
à l'adresse email de votre compte Google, un compte Hellowork vous sera créé."
Educateur de Jeunes Enfants Bilingue Anglais H/F,ABC Puériculture recrutement,Paris - 75,CDI,"BEP, CAP",Services aux Personnes • Particuliers,10/12/2025,2 750 - 3 550 € / mois,https://www.hellowork.com/fr-fr/emplois/71365464.html,"Se connecter à Hellowork avec Google
Continuer avec Google
En poursuivant votre connexion via Google, vous acceptez les
CGU
et déclarez avoir pris connaissance de la
politique de protection des données
d’Hellowork. Si vous ne disposez pas déjà d’un compte Hellowork associé
à l'adresse email de votre compte Google, un compte Hellowork vous sera créé."
Projeteur CFO - CFA H/F,SNEF recrutement,Aix-en-Provence - 13,CDI,Bac +2,"Bac +3, Bac +4",10/12/2025,Estimation → 31 200 - 44 700 € / an,https://www.hellowork.com/fr-fr/emplois/69009770.html,"Se connecter à Hellowork avec Google
Continuer avec Google
En poursuivant votre connexion via Google, vous acceptez les
CGU
et déclarez avoir pris connaissance de la
politique de protection des données
d’Hellowork. Si vous ne disposez pas déjà d’un compte Hellowork associé
à l'adresse email de votre compte Google, un compte Hellowork vous sera créé."
Ingénieur Études Travaux Thermiques H/F,Dalkia recrutement,Cesson-Sévigné - 35,CDI,Bac +2,"Bac +3, Bac +4",10/12/2025,Estimation → 31 000 - 53 800 € / an,https://www.hellowork.com/fr-fr/emplois/68979141.html,"Se connecter à Hellowork avec Google
Continuer avec Google
En poursuivant votre connexion via Google, vous acceptez les
CGU
et déclarez avoir pris connaissance de la
politique de protection des données
d’Hellowork. Si vous ne disposez pas déjà d’un compte Hellowork associé
à l'adresse email de votre compte Google, un compte Hellowork vous sera créé."
Ingénieur des Ventes Ascenseur H/F,Kone recrutement,Noisy-le-Sec - 93,CDI,Bac +2,"Bac +3, Bac +4",10/12/2025,Pas de salaire renseigné,https://www.hellowork.com/fr-fr/emplois/65225710.html,"Se connecter à Hellowork avec Google
Continuer avec Google
En poursuivant votre connexion via Google, vous acceptez les
CGU
et déclarez avoir pris connaissance de la
politique de protection des données
d’Hellowork. Si vous ne disposez pas déjà d’un compte Hellowork associé
à l'adresse email de votre compte Google, un compte Hellowork vous sera créé."
Chef de Groupe Etudes Installation Générale H/F,Orano recrutement,Pierrelatte - 26,CDI,Bac +2,"Bac +3, Bac +4",10/12/2025,Estimation → 29 000 - 38 500 € / an,https://www.hellowork.com/fr-fr/emplois/71347132.html,"Se connecter à Hellowork avec Google
Continuer avec Google
En poursuivant votre connexion via Google, vous acceptez les
CGU
et déclarez avoir pris connaissance de la
politique de protection des données
d’Hellowork. Si vous ne disposez pas déjà d’un compte Hellowork associé
à l'adresse email de votre compte Google, un compte Hellowork vous sera créé."
Chargé d'Affaires Travaux CVC - Plomberie H/F,Dalkia recrutement,Chasseneuil-du-Poitou - 86,CDI,Bac +2,Secteur Energie • Environnement,10/12/2025,Estimation → 42 500 - 56 200 € / an,https://www.hellowork.com/fr-fr/emplois/71301126.html,"Se connecter à Hellowork avec Google
Continuer avec Google
En poursuivant votre connexion via Google, vous acceptez les
CGU
et déclarez avoir pris connaissance de la
politique de protection des données
d’Hellowork. Si vous ne disposez pas déjà d’un compte Hellowork associé
à l'adresse email de votre compte Google, un compte Hellowork vous sera créé."
Chef de Secteur H/F,Api Restauration recrutement,Fleurbaix - 62,CDI,Tourisme • Hôtellerie • Loisirs,Exp. 1 à 7 ans,10/12/2025,2 800 € / mois,https://www.hellowork.com/fr-fr/emplois/73559876.html,"Se connecter à Hellowork avec Google
Continuer avec Google
En poursuivant votre connexion via Google, vous acceptez les
CGU
et déclarez avoir pris connaissance de la
politique de protection des données
d’Hellowork. Si vous ne disposez pas déjà d’un compte Hellowork associé
à l'adresse email de votre compte Google, un compte Hellowork vous sera créé."
Chargé d'Affaires CVC H/F,Groupe Fauché recrutement,Collonges-au-Mont-d'Or - 69,CDI,Bac +2,"Bac +3, Bac +4",10/12/2025,50 000 - 55 000 € / an,https://www.hellowork.com/fr-fr/emplois/70119909.html,"Se connecter à Hellowork avec Google
Continuer avec Google
En poursuivant votre connexion via Google, vous acceptez les
CGU
et déclarez avoir pris connaissance de la
politique de protection des données
d’Hellowork. Si vous ne disposez pas déjà d’un compte Hellowork associé
à l'adresse email de votre compte Google, un compte Hellowork vous sera créé."
Promoteur GMS H/F,CPM France recrutement,Gonesse - 95,CDI,"BEP, CAP",Bac,10/12/2025,1 827 - 1 927 € / mois,https://www.hellowork.com/fr-fr/emplois/73561017.html,"Se connecter à Hellowork avec Google
Continuer avec Google
En poursuivant votre connexion via Google, vous acceptez les
CGU
et déclarez avoir pris connaissance de la
politique de protection des données
d’Hellowork. Si vous ne disposez pas déjà d’un compte Hellowork associé
à l'adresse email de votre compte Google, un compte Hellowork vous sera créé."
Chef d'Équipe en Nettoyage Industriel H/F,Onet Propreté et Services recrutement,Saint-Pierre-la-Cour - 53,CDI,Bac,Bac +2,10/12/2025,Pas de salaire renseigné,https://www.hellowork.com/fr-fr/emplois/71346777.html,"Se connecter à Hellowork avec Google
Continuer avec Google
En poursuivant votre connexion via Google, vous acceptez les
CGU
et déclarez avoir pris connaissance de la
politique de protection des données
d’Hellowork. Si vous ne disposez pas déjà d’un compte Hellowork associé
à l'adresse email de votre compte Google, un compte Hellowork vous sera créé."
Electromécanicien Dépanneur H/F,Saint Yves Services recrutement,Aigné - 72,CDI,Bac +2,"Bac +3, Bac +4",10/12/2025,Estimation → 23 660 - 30 962 € / an,https://www.hellowork.com/fr-fr/emplois/52758771.html,"Se connecter à Hellowork avec Google
Continuer avec Google
En poursuivant votre connexion via Google, vous acceptez les
CGU
et déclarez avoir pris connaissance de la
politique de protection des données
d’Hellowork. Si vous ne disposez pas déjà d’un compte Hellowork associé
à l'adresse email de votre compte Google, un compte Hellowork vous sera créé."
Correspondant Déploiement IT Sédentaire H/F,AIS recrutement,Blagnac - 31,CDI,Bac +2,Secteur informatique • ESN,10/12/2025,26 000 - 29 000 € / an,https://www.hellowork.com/fr-fr/emplois/73559897.html,"Se connecter à Hellowork avec Google
Continuer avec Google
En poursuivant votre connexion via Google, vous acceptez les
CGU
et déclarez avoir pris connaissance de la
politique de protection des données
d’Hellowork. Si vous ne disposez pas déjà d’un compte Hellowork associé
à l'adresse email de votre compte Google, un compte Hellowork vous sera créé."
Chef de Secteur GMS H/F,Havea recrutement,Strasbourg - 67,CDI,Bac +2,Industrie Pharmaceutique • Biotechn. • Chimie,10/12/2025,Estimation → 31 800 - 49 900 € / an,https://www.hellowork.com/fr-fr/emplois/69029182.html,"Se connecter à Hellowork avec Google
Continuer avec Google
En poursuivant votre connexion via Google, vous acceptez les
CGU
et déclarez avoir pris connaissance de la
politique de protection des données
d’Hellowork. Si vous ne disposez pas déjà d’un compte Hellowork associé
à l'adresse email de votre compte Google, un compte Hellowork vous sera créé."
Chaudronnier - Tuyauteur H/F,SNEF recrutement,Dunkerque - 59,CDI,"BEP, CAP",BTP,10/12/2025,Estimation → 23 400 - 26 390 € / an,https://www.hellowork.com/fr-fr/emplois/70127665.html,"Se connecter à Hellowork avec Google
Continuer avec Google
En poursuivant votre connexion via Google, vous acceptez les
CGU
et déclarez avoir pris connaissance de la
politique de protection des données
d’Hellowork. Si vous ne disposez pas déjà d’un compte Hellowork associé
à l'adresse email de votre compte Google, un compte Hellowork vous sera créé."
Receptionnaire - Atelier Poids Lourds H/F,AUGEREAU LINKS recrutement,Cholet - 49,CDI,"BEP, CAP",Bac,10/12/2025,Pas de salaire renseigné,https://www.hellowork.com/fr-fr/emplois/67796410.html,"Se connecter à Hellowork avec Google
Continuer avec Google
En poursuivant votre connexion via Google, vous acceptez les
CGU
et déclarez avoir pris connaissance de la
politique de protection des données
d’Hellowork. Si vous ne disposez pas déjà d’un compte Hellowork associé
à l'adresse email de votre compte Google, un compte Hellowork vous sera créé."
Technicien Expert Mécanique Automobile H/F,Audi recrutement,Reims - 51,CDI,Bac +5,Industrie Auto • Meca • Navale,10/12/2025,Pas de salaire renseigné,https://www.hellowork.com/fr-fr/emplois/73559882.html,"Se connecter à Hellowork avec Google
Continuer avec Google
En poursuivant votre connexion via Google, vous acceptez les
CGU
et déclarez avoir pris connaissance de la
politique de protection des données
d’Hellowork. Si vous ne disposez pas déjà d’un compte Hellowork associé
à l'adresse email de votre compte Google, un compte Hellowork vous sera créé."
Coordinateur Bim H/F,Socotec recrutement,Casablanca - Maroc,CDI,Bac +5,Services aux Entreprises,10/12/2025,Pas de salaire renseigné,https://www.hellowork.com/fr-fr/emplois/62653984.html,"Se connecter à Hellowork avec Google
Continuer avec Google
En poursuivant votre connexion via Google, vous acceptez les
CGU
et déclarez avoir pris connaissance de la
politique de protection des données
d’Hellowork. Si vous ne disposez pas déjà d’un compte Hellowork associé
à l'adresse email de votre compte Google, un compte Hellowork vous sera créé."
Chef de Cuisine H/F,Api Restauration recrutement,Beaumont-Monteux - 26,CDI,"BEP, CAP",Bac,10/12/2025,Pas de salaire renseigné,https://www.hellowork.com/fr-fr/emplois/73559888.html,"Se connecter à Hellowork avec Google
Continuer avec Google
En poursuivant votre connexion via Google, vous acceptez les
CGU
et déclarez avoir pris connaissance de la
politique de protection des données
d’Hellowork. Si vous ne disposez pas déjà d’un compte Hellowork associé
à l'adresse email de votre compte Google, un compte Hellowork vous sera créé."
Assistant de Vie H/F,ADHAP recrutement,Saint-Étienne-du-Rouvray - 76,CDI,"BEP, CAP",Services aux Personnes • Particuliers,10/12/2025,"11,88 - 12,12 € / heure",https://www.hellowork.com/fr-fr/emplois/67780488.html,"Se connecter à Hellowork avec Google
Continuer avec Google
En poursuivant votre connexion via Google, vous acceptez les
CGU
et déclarez avoir pris connaissance de la
politique de protection des données
d’Hellowork. Si vous ne disposez pas déjà d’un compte Hellowork associé
à l'adresse email de votre compte Google, un compte Hellowork vous sera créé."
Hôte - Hôtesse d'Accueil Standardiste H/F,Phone Régie recrutement,Lyon 3e - 69,CDI,Bac,Services aux Entreprises,10/12/2025,"11,91 € / heure",https://www.hellowork.com/fr-fr/emplois/73560926.html,"Se connecter à Hellowork avec Google
Continuer avec Google
En poursuivant votre connexion via Google, vous acceptez les
CGU
et déclarez avoir pris connaissance de la
politique de protection des données
d’Hellowork. Si vous ne disposez pas déjà d’un compte Hellowork associé
à l'adresse email de votre compte Google, un compte Hellowork vous sera créé."
Intégrateur Systèmes Fluides H/F,Olys Engineering recrutement,Lyon 7e - 69,CDI,Bac +5,Secteur Energie • Environnement,10/12/2025,60 000 - 75 000 € / an,https://www.hellowork.com/fr-fr/emplois/73560962.html,"Se connecter à Hellowork avec Google
Continuer avec Google
En poursuivant votre connexion via Google, vous acceptez les
CGU
et déclarez avoir pris connaissance de la
politique de protection des données
d’Hellowork. Si vous ne disposez pas déjà d’un compte Hellowork associé
à l'adresse email de votre compte Google, un compte Hellowork vous sera créé."
Préventeur HSE H/F,NGEN recrutement,Lyon - 69,CDI,Bac +2,"Bac +3, Bac +4",10/12/2025,27 500 - 36 500 € / an,https://www.hellowork.com/fr-fr/emplois/67781605.html,"Se connecter à Hellowork avec Google
Continuer avec Google
En poursuivant votre connexion via Google, vous acceptez les
CGU
et déclarez avoir pris connaissance de la
politique de protection des données
d’Hellowork. Si vous ne disposez pas déjà d’un compte Hellowork associé
à l'adresse email de votre compte Google, un compte Hellowork vous sera créé."
Responsable Commerce H/F,Brico Dépôt recrutement,Montceau-les-Mines - 71,CDI,Bac,Bac +2,10/12/2025,Pas de salaire renseigné,https://www.hellowork.com/fr-fr/emplois/71361714.html,"Se connecter à Hellowork avec Google
Continuer avec Google
En poursuivant votre connexion via Google, vous acceptez les
CGU
et déclarez avoir pris connaissance de la
politique de protection des données
d’Hellowork. Si vous ne disposez pas déjà d’un compte Hellowork associé
à l'adresse email de votre compte Google, un compte Hellowork vous sera créé."
Technicien de Modernisation H/F,N/A,Annecy - 74,CDI,Bac +2,Industrie Manufacturière,10/12/2025,Estimation → 25 700 - 38 000 € / an,https://www.hellowork.com/fr-fr/emplois/71363364.html,"Se connecter à Hellowork avec Google
Continuer avec Google
En poursuivant votre connexion via Google, vous acceptez les
CGU
et déclarez avoir pris connaissance de la
politique de protection des données
d’Hellowork. Si vous ne disposez pas déjà d’un compte Hellowork associé
à l'adresse email de votre compte Google, un compte Hellowork vous sera créé."
Conseiller Clientèle - Yutz H/F,Crédit Agricole Lorraine recrutement,Yutz - 57,CDI,Bac +2,Banque • Assurance • Finance,10/12/2025,Estimation → 21 730 - 27 000 € / an,https://www.hellowork.com/fr-fr/emplois/73559901.html,"Se connecter à Hellowork avec Google
Continuer avec Google
En poursuivant votre connexion via Google, vous acceptez les
CGU
et déclarez avoir pris connaissance de la
politique de protection des données
d’Hellowork. Si vous ne disposez pas déjà d’un compte Hellowork associé
à l'adresse email de votre compte Google, un compte Hellowork vous sera créé."
Magasinier - Vendeur Pra H/F,Volkswagen recrutement,Cléon - 76,CDI,"BEP, CAP",Bac,10/12/2025,2 100 € / mois,https://www.hellowork.com/fr-fr/emplois/73559917.html,"Se connecter à Hellowork avec Google
Continuer avec Google
En poursuivant votre connexion via Google, vous acceptez les
CGU
et déclarez avoir pris connaissance de la
politique de protection des données
d’Hellowork. Si vous ne disposez pas déjà d’un compte Hellowork associé
à l'adresse email de votre compte Google, un compte Hellowork vous sera créé."
Monteur·se Moteurs Militaires M53 H/F,Safran recrutement,Seine-et-Marne - 77,CDI,"BEP, CAP",Bac,10/12/2025,Pas de salaire renseigné,https://www.hellowork.com/fr-fr/emplois/67801941.html,"Se connecter à Hellowork avec Google
Continuer avec Google
En poursuivant votre connexion via Google, vous acceptez les
CGU
et déclarez avoir pris connaissance de la
politique de protection des données
d’Hellowork. Si vous ne disposez pas déjà d’un compte Hellowork associé
à l'adresse email de votre compte Google, un compte Hellowork vous sera créé."
Manager Opérationnel - Chef de Site Site Hospitalier H/F,Dalkia recrutement,Orsay - 91,CDI,Bac +2,Secteur Energie • Environnement,10/12/2025,Pas de salaire renseigné,https://www.hellowork.com/fr-fr/emplois/71310229.html,"Se connecter à Hellowork avec Google
Continuer avec Google
En poursuivant votre connexion via Google, vous acceptez les
CGU
et déclarez avoir pris connaissance de la
politique de protection des données
d’Hellowork. Si vous ne disposez pas déjà d’un compte Hellowork associé
à l'adresse email de votre compte Google, un compte Hellowork vous sera créé."
Monteur-Électricien H/F,SPIE Industrie recrutement,Thonon-les-Bains - 74,CDI,"BEP, CAP",Bac,10/12/2025,Estimation → 22 640 - 25 480 € / an,https://www.hellowork.com/fr-fr/emplois/59102960.html,"Se connecter à Hellowork avec Google
Continuer avec Google
En poursuivant votre connexion via Google, vous acceptez les
CGU
et déclarez avoir pris connaissance de la
politique de protection des données
d’Hellowork. Si vous ne disposez pas déjà d’un compte Hellowork associé
à l'adresse email de votre compte Google, un compte Hellowork vous sera créé."
Collaborateur Comptable Confirmé H/F,Hireos recrutement,Lyon 9e - 69,CDI,Bac +2,Secteur informatique • ESN,10/12/2025,35 000 - 45 000 € / an,https://www.hellowork.com/fr-fr/emplois/71368744.html,"Se connecter à Hellowork avec Google
Continuer avec Google
En poursuivant votre connexion via Google, vous acceptez les
CGU
et déclarez avoir pris connaissance de la
politique de protection des données
d’Hellowork. Si vous ne disposez pas déjà d’un compte Hellowork associé
à l'adresse email de votre compte Google, un compte Hellowork vous sera créé."
Educateur de Jeunes Enfants Bilingue Anglais H/F,ABC Puériculture recrutement,Paris - 75,CDI,"BEP, CAP",Services aux Personnes • Particuliers,10/12/2025,2 750 - 3 550 € / mois,https://www.hellowork.com/fr-fr/emplois/71365464.html,"Se connecter à Hellowork avec Google
Continuer avec Google
En poursuivant votre connexion via Google, vous acceptez les
CGU
et déclarez avoir pris connaissance de la
politique de protection des données
d’Hellowork. Si vous ne disposez pas déjà d’un compte Hellowork associé
à l'adresse email de votre compte Google, un compte Hellowork vous sera créé."
Projeteur CFO - CFA H/F,SNEF recrutement,Aix-en-Provence - 13,CDI,Bac +2,"Bac +3, Bac +4",10/12/2025,Estimation → 31 200 - 44 700 € / an,https://www.hellowork.com/fr-fr/emplois/69009770.html,"Se connecter à Hellowork avec Google
Continuer avec Google
En poursuivant votre connexion via Google, vous acceptez les
CGU
et déclarez avoir pris connaissance de la
politique de protection des données
d’Hellowork. Si vous ne disposez pas déjà d’un compte Hellowork associé
à l'adresse email de votre compte Google, un compte Hellowork vous sera créé."
Ingénieur Études Travaux Thermiques H/F,Dalkia recrutement,Cesson-Sévigné - 35,CDI,Bac +2,"Bac +3, Bac +4",10/12/2025,Estimation → 31 000 - 53 800 € / an,https://www.hellowork.com/fr-fr/emplois/68979141.html,"Se connecter à Hellowork avec Google
Continuer avec Google
En poursuivant votre connexion via Google, vous acceptez les
CGU
et déclarez avoir pris connaissance de la
politique de protection des données
d’Hellowork. Si vous ne disposez pas déjà d’un compte Hellowork associé
à l'adresse email de votre compte Google, un compte Hellowork vous sera créé."
Ingénieur des Ventes Ascenseur H/F,Kone recrutement,Noisy-le-Sec - 93,CDI,Bac +2,"Bac +3, Bac +4",10/12/2025,Pas de salaire renseigné,https://www.hellowork.com/fr-fr/emplois/65225710.html,"Se connecter à Hellowork avec Google
Continuer avec Google
En poursuivant votre connexion via Google, vous acceptez les
CGU
et déclarez avoir pris connaissance de la
politique de protection des données
d’Hellowork. Si vous ne disposez pas déjà d’un compte Hellowork associé
à l'adresse email de votre compte Google, un compte Hellowork vous sera créé."
Chef de Groupe Etudes Installation Générale H/F,Orano recrutement,Pierrelatte - 26,CDI,Bac +2,"Bac +3, Bac +4",10/12/2025,Estimation → 29 000 - 38 500 € / an,https://www.hellowork.com/fr-fr/emplois/71347132.html,"Se connecter à Hellowork avec Google
Continuer avec Google
En poursuivant votre connexion via Google, vous acceptez les
CGU
et déclarez avoir pris connaissance de la
politique de protection des données
d’Hellowork. Si vous ne disposez pas déjà d’un compte Hellowork associé
à l'adresse email de votre compte Google, un compte Hellowork vous sera créé."
Chargé d'Affaires Travaux CVC - Plomberie H/F,Dalkia recrutement,Chasseneuil-du-Poitou - 86,CDI,Bac +2,Secteur Energie • Environnement,10/12/2025,Estimation → 42 500 - 56 200 € / an,https://www.hellowork.com/fr-fr/emplois/71301126.html,"Se connecter à Hellowork avec Google
Continuer avec Google
En poursuivant votre connexion via Google, vous acceptez les
CGU
et déclarez avoir pris connaissance de la
politique de protection des données
d’Hellowork. Si vous ne disposez pas déjà d’un compte Hellowork associé
à l'adresse email de votre compte Google, un compte Hellowork vous sera créé."
Chef de Secteur H/F,Api Restauration recrutement,Fleurbaix - 62,CDI,Tourisme • Hôtellerie • Loisirs,Exp. 1 à 7 ans,10/12/2025,2 800 € / mois,https://www.hellowork.com/fr-fr/emplois/73559876.html,"Se connecter à Hellowork avec Google
Continuer avec Google
En poursuivant votre connexion via Google, vous acceptez les
CGU
et déclarez avoir pris connaissance de la
politique de protection des données
d’Hellowork. Si vous ne disposez pas déjà d’un compte Hellowork associé
à l'adresse email de votre compte Google, un compte Hellowork vous sera créé."
Chargé d'Affaires CVC H/F,Groupe Fauché recrutement,Collonges-au-Mont-d'Or - 69,CDI,Bac +2,"Bac +3, Bac +4",10/12/2025,50 000 - 55 000 € / an,https://www.hellowork.com/fr-fr/emplois/70119909.html,"Se connecter à Hellowork avec Google
Continuer avec Google
En poursuivant votre connexion via Google, vous acceptez les
CGU
et déclarez avoir pris connaissance de la
politique de protection des données
d’Hellowork. Si vous ne disposez pas déjà d’un compte Hellowork associé
à l'adresse email de votre compte Google, un compte Hellowork vous sera créé."
Promoteur GMS H/F,CPM France recrutement,Gonesse - 95,CDI,"BEP, CAP",Bac,10/12/2025,1 827 - 1 927 € / mois,https://www.hellowork.com/fr-fr/emplois/73561017.html,"Se connecter à Hellowork avec Google
Continuer avec Google
En poursuivant votre connexion via Google, vous acceptez les
CGU
et déclarez avoir pris connaissance de la
politique de protection des données
d’Hellowork. Si vous ne disposez pas déjà d’un compte Hellowork associé
à l'adresse email de votre compte Google, un compte Hellowork vous sera créé."
Chef d'Équipe en Nettoyage Industriel H/F,Onet Propreté et Services recrutement,Saint-Pierre-la-Cour - 53,CDI,Bac,Bac +2,10/12/2025,Pas de salaire renseigné,https://www.hellowork.com/fr-fr/emplois/71346777.html,"Se connecter à Hellowork avec Google
Continuer avec Google
En poursuivant votre connexion via Google, vous acceptez les
CGU
et déclarez avoir pris connaissance de la
politique de protection des données
d’Hellowork. Si vous ne disposez pas déjà d’un compte Hellowork associé
à l'adresse email de votre compte Google, un compte Hellowork vous sera créé."
Electromécanicien Dépanneur H/F,Saint Yves Services recrutement,Aigné - 72,CDI,Bac +2,"Bac +3, Bac +4",10/12/2025,Estimation → 23 660 - 30 962 € / an,https://www.hellowork.com/fr-fr/emplois/52758771.html,"Se connecter à Hellowork avec Google
Continuer avec Google
En poursuivant votre connexion via Google, vous acceptez les
CGU
et déclarez avoir pris connaissance de la
politique de protection des données
d’Hellowork. Si vous ne disposez pas déjà d’un compte Hellowork associé
à l'adresse email de votre compte Google, un compte Hellowork vous sera créé."
Correspondant Déploiement IT Sédentaire H/F,AIS recrutement,Blagnac - 31,CDI,Bac +2,Secteur informatique • ESN,10/12/2025,26 000 - 29 000 € / an,https://www.hellowork.com/fr-fr/emplois/73559897.html,"Se connecter à Hellowork avec Google
Continuer avec Google
En poursuivant votre connexion via Google, vous acceptez les
CGU
et déclarez avoir pris connaissance de la
politique de protection des données
d’Hellowork. Si vous ne disposez pas déjà d’un compte Hellowork associé
à l'adresse email de votre compte Google, un compte Hellowork vous sera créé."
Chef de Secteur GMS H/F,Havea recrutement,Strasbourg - 67,CDI,Bac +2,Industrie Pharmaceutique • Biotechn. • Chimie,10/12/2025,Estimation → 31 800 - 49 900 € / an,https://www.hellowork.com/fr-fr/emplois/69029182.html,"Se connecter à Hellowork avec Google
Continuer avec Google
En poursuivant votre connexion via Google, vous acceptez les
CGU
et déclarez avoir pris connaissance de la
politique de protection des données
d’Hellowork. Si vous ne disposez pas déjà d’un compte Hellowork associé
à l'adresse email de votre compte Google, un compte Hellowork vous sera créé."
Chaudronnier - Tuyauteur H/F,SNEF recrutement,Dunkerque - 59,CDI,"BEP, CAP",BTP,10/12/2025,Estimation → 23 400 - 26 390 € / an,https://www.hellowork.com/fr-fr/emplois/70127665.html,"Se connecter à Hellowork avec Google
Continuer avec Google
En poursuivant votre connexion via Google, vous acceptez les
CGU
et déclarez avoir pris connaissance de la
politique de protection des données
d’Hellowork. Si vous ne disposez pas déjà d’un compte Hellowork associé
à l'adresse email de votre compte Google, un compte Hellowork vous sera créé."
Receptionnaire - Atelier Poids Lourds H/F,AUGEREAU LINKS recrutement,Cholet - 49,CDI,"BEP, CAP",Bac,10/12/2025,Pas de salaire renseigné,https://www.hellowork.com/fr-fr/emplois/67796410.html,"Se connecter à Hellowork avec Google
Continuer avec Google
En poursuivant votre connexion via Google, vous acceptez les
CGU
et déclarez avoir pris connaissance de la
politique de protection des données
d’Hellowork. Si vous ne disposez pas déjà d’un compte Hellowork associé
à l'adresse email de votre compte Google, un compte Hellowork vous sera créé."
Technicien Expert Mécanique Automobile H/F,Audi recrutement,Reims - 51,CDI,Bac +5,Industrie Auto • Meca • Navale,10/12/2025,Pas de salaire renseigné,https://www.hellowork.com/fr-fr/emplois/73559882.html,"Se connecter à Hellowork avec Google
Continuer avec Google
En poursuivant votre connexion via Google, vous acceptez les
CGU
et déclarez avoir pris connaissance de la
politique de protection des données
d’Hellowork. Si vous ne disposez pas déjà d’un compte Hellowork associé
à l'adresse email de votre compte Google, un compte Hellowork vous sera créé."
Coordinateur Bim H/F,Socotec recrutement,Casablanca - Maroc,CDI,Bac +5,Services aux Entreprises,10/12/2025,Pas de salaire renseigné,https://www.hellowork.com/fr-fr/emplois/62653984.html,"Se connecter à Hellowork avec Google
Continuer avec Google
En poursuivant votre connexion via Google, vous acceptez les
CGU
et déclarez avoir pris connaissance de la
politique de protection des données
d’Hellowork. Si vous ne disposez pas déjà d’un compte Hellowork associé
à l'adresse email de votre compte Google, un compte Hellowork vous sera créé."
Chef de Cuisine H/F,Api Restauration recrutement,Beaumont-Monteux - 26,CDI,"BEP, CAP",Bac,10/12/2025,Pas de salaire renseigné,https://www.hellowork.com/fr-fr/emplois/73559888.html,"Se connecter à Hellowork avec Google
Continuer avec Google
En poursuivant votre connexion via Google, vous acceptez les
CGU
et déclarez avoir pris connaissance de la
politique de protection des données
d’Hellowork. Si vous ne disposez pas déjà d’un compte Hellowork associé
à l'adresse email de votre compte Google, un compte Hellowork vous sera créé."
Assistant de Vie H/F,ADHAP recrutement,Saint-Étienne-du-Rouvray - 76,CDI,"BEP, CAP",Services aux Personnes • Particuliers,10/12/2025,"11,88 - 12,12 € / heure",https://www.hellowork.com/fr-fr/emplois/67780488.html,"Se connecter à Hellowork avec Google
Continuer avec Google
En poursuivant votre connexion via Google, vous acceptez les
CGU
et déclarez avoir pris connaissance de la
politique de protection des données
d’Hellowork. Si vous ne disposez pas déjà d’un compte Hellowork associé
à l'adresse email de votre compte Google, un compte Hellowork vous sera créé."
Hôte - Hôtesse d'Accueil Standardiste H/F,Phone Régie recrutement,Lyon 3e - 69,CDI,Bac,Services aux Entreprises,10/12/2025,"11,91 € / heure",https://www.hellowork.com/fr-fr/emplois/73560926.html,"Se connecter à Hellowork avec Google
Continuer avec Google
En poursuivant votre connexion via Google, vous acceptez les
CGU
et déclarez avoir pris connaissance de la
politique de protection des données
d’Hellowork. Si vous ne disposez pas déjà d’un compte Hellowork associé
à l'adresse email de votre compte Google, un compte Hellowork vous sera créé."
Intégrateur Systèmes Fluides H/F,Olys Engineering recrutement,Lyon 7e - 69,CDI,Bac +5,Secteur Energie • Environnement,10/12/2025,60 000 - 75 000 € / an,https://www.hellowork.com/fr-fr/emplois/73560962.html,"Se connecter à Hellowork avec Google
Continuer avec Google
En poursuivant votre connexion via Google, vous acceptez les
CGU
et déclarez avoir pris connaissance de la
politique de protection des données
d’Hellowork. Si vous ne disposez pas déjà d’un compte Hellowork associé
à l'adresse email de votre compte Google, un compte Hellowork vous sera créé."
Préventeur HSE H/F,NGEN recrutement,Lyon - 69,CDI,Bac +2,"Bac +3, Bac +4",10/12/2025,27 500 - 36 500 € / an,https://www.hellowork.com/fr-fr/emplois/67781605.html,"Se connecter à Hellowork avec Google
Continuer avec Google
En poursuivant votre connexion via Google, vous acceptez les
CGU
et déclarez avoir pris connaissance de la
politique de protection des données
d’Hellowork. Si vous ne disposez pas déjà d’un compte Hellowork associé
à l'adresse email de votre compte Google, un compte Hellowork vous sera créé."
Responsable Commerce H/F,Brico Dépôt recrutement,Montceau-les-Mines - 71,CDI,Bac,Bac +2,10/12/2025,Pas de salaire renseigné,https://www.hellowork.com/fr-fr/emplois/71361714.html,"Se connecter à Hellowork avec Google
Continuer avec Google
En poursuivant votre connexion via Google, vous acceptez les
CGU
et déclarez avoir pris connaissance de la
politique de protection des données
d’Hellowork. Si vous ne disposez pas déjà d’un compte Hellowork associé
à l'adresse email de votre compte Google, un compte Hellowork vous sera créé."
Technicien de Modernisation H/F,N/A,Annecy - 74,CDI,Bac +2,Industrie Manufacturière,10/12/2025,Estimation → 25 700 - 38 000 € / an,https://www.hellowork.com/fr-fr/emplois/71363364.html,"Se connecter à Hellowork avec Google
Continuer avec Google
En poursuivant votre connexion via Google, vous acceptez les
CGU
et déclarez avoir pris connaissance de la
politique de protection des données
d’Hellowork. Si vous ne disposez pas déjà d’un compte Hellowork associé
à l'adresse email de votre compte Google, un compte Hellowork vous sera créé."
Conseiller Clientèle - Yutz H/F,Crédit Agricole Lorraine recrutement,Yutz - 57,CDI,Bac +2,Banque • Assurance • Finance,10/12/2025,Estimation → 21 730 - 27 000 € / an,https://www.hellowork.com/fr-fr/emplois/73559901.html,"Se connecter à Hellowork avec Google
Continuer avec Google
En poursuivant votre connexion via Google, vous acceptez les
CGU
et déclarez avoir pris connaissance de la
politique de protection des données
d’Hellowork. Si vous ne disposez pas déjà d’un compte Hellowork associé
à l'adresse email de votre compte Google, un compte Hellowork vous sera créé."
Magasinier - Vendeur Pra H/F,Volkswagen recrutement,Cléon - 76,CDI,"BEP, CAP",Bac,10/12/2025,2 100 € / mois,https://www.hellowork.com/fr-fr/emplois/73559917.html,"Se connecter à Hellowork avec Google
Continuer avec Google
En poursuivant votre connexion via Google, vous acceptez les
CGU
et déclarez avoir pris connaissance de la
politique de protection des données
d’Hellowork. Si vous ne disposez pas déjà d’un compte Hellowork associé
à l'adresse email de votre compte Google, un compte Hellowork vous sera créé."
Monteur·se Moteurs Militaires M53 H/F,Safran recrutement,Seine-et-Marne - 77,CDI,"BEP, CAP",Bac,10/12/2025,Pas de salaire renseigné,https://www.hellowork.com/fr-fr/emplois/67801941.html,"Se connecter à Hellowork avec Google
Continuer avec Google
En poursuivant votre connexion via Google, vous acceptez les
CGU
et déclarez avoir pris connaissance de la
politique de protection des données
d’Hellowork. Si vous ne disposez pas déjà d’un compte Hellowork associé
à l'adresse email de votre compte Google, un compte Hellowork vous sera créé."
