Lien Offre,Titre,Entreprise,Localisation,Type contrat,Niveau d'études,Expérience,Date Publication,Salaire,Description,titre_clean,entreprise_clean,description_clean,ville,departement,experience_encoded,experience_label,experience_raw,salary_min,salary_max,salary_avg,salary_estimated,salary_unit,salary_category,skills,skills_list,nb_skills,date_publication,days_since_publication,remote_possible,urgent,contract_encoded,studies_encoded,cluster
https://www.hellowork.com/fr-fr/emplois/72465778.html,Responsable Technique Régional H/F,123 Pare-Brise recrutement,Île-de-France,CDI,"BEP, CAP",Bac,10/12/2025,3 250 - 3 500 € / mois,"Se connecter à Hellowork avec Google
Continuer avec Google
En poursuivant votre connexion via Google, vous acceptez les
CGU
et déclarez avoir pris connaissance de la
politique de protection des données
d’Hellowork. Si vous ne disposez pas déjà d’un compte Hellowork associé
à l'adresse email de votre compte Google, un compte Hellowork vous sera créé.",responsable technique régional h f,123 pare-brise recrutement,se connecter à hellowork avec google continuer avec google en poursuivant votre connexion via google  vous acceptez les cgu et déclarez avoir pris connaissance de la politique de protection des données d hellowork  si vous ne disposez pas déjà d un compte hellowork associé à l'adresse email de votre compte google  un compte hellowork vous sera créé,Île-de-France,,1,Niveau études,Bac,39000.0,42000.0,40500.0,False,monthly,35-50k,aucune,[],0,2025-12-10,1,0,0,0,0,2
https://www.hellowork.com/fr-fr/emplois/70129438.html,Responsable Administratif et Financier Maitrise d'Ouvrage H/F,Société Dauphinoise pour l'Habitat recrutement,Échirolles - 38,CDI,"Bac +3, Bac +4",Bac +5,10/12/2025,37 240 - 40 000 € / an,"Se connecter à Hellowork avec Google
Continuer avec Google
En poursuivant votre connexion via Google, vous acceptez les
CGU
et déclarez avoir pris connaissance de la
politique de protection des données
d’Hellowork. Si vous ne disposez pas déjà d’un compte Hellowork associé
à l'adresse email de votre compte Google, un compte Hellowork vous sera créé.",responsable administratif et financier maitrise d'ouvrage h f,société dauphinoise pour l'habitat recrutement,se connecter à hellowork avec google continuer avec google en poursuivant votre connexion via google  vous acceptez les cgu et déclarez avoir pris connaissance de la politique de protection des données d hellowork  si vous ne disposez pas déjà d un compte hellowork associé à l'adresse email de votre compte google  un compte hellowork vous sera créé,Échirolles,38,4,Niveau études,Bac +5,37240.0,40000.0,38620.0,False,annual,35-50k,aucune,[],0,2025-12-10,1,0,0,0,3,2
https://www.hellowork.com/fr-fr/emplois/71366888.html,Responsable d'Affaires en Génie Électrique H/F,Vinci Energies France Tertiaire Grand Ouest recrutement,Tours - 37,CDI,Bac +5,Secteur Energie • Environnement,10/12/2025,42 000 - 49 000 € / an,"Se connecter à Hellowork avec Google
Continuer avec Google
En poursuivant votre connexion via Google, vous acceptez les
CGU
et déclarez avoir pris connaissance de la
politique de protection des données
d’Hellowork. Si vous ne disposez pas déjà d’un compte Hellowork associé
à l'adresse email de votre compte Google, un compte Hellowork vous sera créé.",responsable d'affaires en génie électrique h f,vinci energies france tertiaire grand ouest recrutement,se connecter à hellowork avec google continuer avec google en poursuivant votre connexion via google  vous acceptez les cgu et déclarez avoir pris connaissance de la politique de protection des données d hellowork  si vous ne disposez pas déjà d un compte hellowork associé à l'adresse email de votre compte google  un compte hellowork vous sera créé,Tours,37,13,Secteur mentionné,Secteur Energie • Environnement,42000.0,49000.0,45500.0,False,annual,35-50k,aucune,[],0,2025-12-10,1,0,0,0,4,1
https://www.hellowork.com/fr-fr/emplois/71366848.html,Chargé de Mission Sécurité au Travail H/F,Voies Navigables de France recrutement,Béthune - 62,CDI,Bac +5,Transport • Logistique,10/12/2025,Estimation → 30 100 - 43 800 € / an,"Se connecter à Hellowork avec Google
Continuer avec Google
En poursuivant votre connexion via Google, vous acceptez les
CGU
et déclarez avoir pris connaissance de la
politique de protection des données
d’Hellowork. Si vous ne disposez pas déjà d’un compte Hellowork associé
à l'adresse email de votre compte Google, un compte Hellowork vous sera créé.",chargé de mission sécurité au travail h f,voies navigables de france recrutement,se connecter à hellowork avec google continuer avec google en poursuivant votre connexion via google  vous acceptez les cgu et déclarez avoir pris connaissance de la politique de protection des données d hellowork  si vous ne disposez pas déjà d un compte hellowork associé à l'adresse email de votre compte google  un compte hellowork vous sera créé,Béthune,62,18,Secteur mentionné,Transport • Logistique,30100.0,43800.0,36950.0,True,annual,35-50k,aucune,[],0,2025-12-10,1,0,0,0,4,3
https://www.hellowork.com/fr-fr/emplois/70136841.html,Conducteur de Matériel de Collecte Bom Di H/F,Veolia Environnement recrutement,Saint-Herblain - 44,CDI,"BEP, CAP",Bac,10/12/2025,Estimation → 23 300 - 29 300 € / an,"Se connecter à Hellowork avec Google
Continuer avec Google
En poursuivant votre connexion via Google, vous acceptez les
CGU
et déclarez avoir pris connaissance de la
politique de protection des données
d’Hellowork. Si vous ne disposez pas déjà d’un compte Hellowork associé
à l'adresse email de votre compte Google, un compte Hellowork vous sera créé.",conducteur de matériel de collecte bom di h f,veolia environnement recrutement,se connecter à hellowork avec google continuer avec google en poursuivant votre connexion via google  vous acceptez les cgu et déclarez avoir pris connaissance de la politique de protection des données d hellowork  si vous ne disposez pas déjà d un compte hellowork associé à l'adresse email de votre compte google  un compte hellowork vous sera créé,Saint-Herblain,44,1,Niveau études,Bac,23300.0,29300.0,26300.0,True,annual,25-35k,aucune,[],0,2025-12-10,1,0,0,0,0,0
https://www.hellowork.com/fr-fr/emplois/71358323.html,Assistant Chef Produits H/F,Groupe COFAQ recrutement,Poitiers - 86,CDI,Bac +2,Distribution • Commerce de gros,10/12/2025,Pas de salaire renseigné,"Se connecter à Hellowork avec Google
Continuer avec Google
En poursuivant votre connexion via Google, vous acceptez les
CGU
et déclarez avoir pris connaissance de la
politique de protection des données
d’Hellowork. Si vous ne disposez pas déjà d’un compte Hellowork associé
à l'adresse email de votre compte Google, un compte Hellowork vous sera créé.",assistant chef produits h f,groupe cofaq recrutement,se connecter à hellowork avec google continuer avec google en poursuivant votre connexion via google  vous acceptez les cgu et déclarez avoir pris connaissance de la politique de protection des données d hellowork  si vous ne disposez pas déjà d un compte hellowork associé à l'adresse email de votre compte google  un compte hellowork vous sera créé,Poitiers,86,6,Secteur mentionné,Distribution • Commerce de gros,,,,False,,Non renseigné,aucune,[],0,2025-12-10,1,0,0,0,2,4
https://www.hellowork.com/fr-fr/emplois/71349340.html,Biologiste Médical en Onco-Hématologie H/F,Groupe Cerba Healthcare recrutement,Frépillon - 95,CDI,Bac +5,Service public hospitalier,10/12/2025,Pas de salaire renseigné,"Se connecter à Hellowork avec Google
Continuer avec Google
En poursuivant votre connexion via Google, vous acceptez les
CGU
et déclarez avoir pris connaissance de la
politique de protection des données
d’Hellowork. Si vous ne disposez pas déjà d’un compte Hellowork associé
à l'adresse email de votre compte Google, un compte Hellowork vous sera créé.",biologiste médical en onco-hématologie h f,groupe cerba healthcare recrutement,se connecter à hellowork avec google continuer avec google en poursuivant votre connexion via google  vous acceptez les cgu et déclarez avoir pris connaissance de la politique de protection des données d hellowork  si vous ne disposez pas déjà d un compte hellowork associé à l'adresse email de votre compte google  un compte hellowork vous sera créé,Frépillon,95,15,Non précisé,Service public hospitalier,,,,False,,Non renseigné,aucune,[],0,2025-12-10,1,0,0,0,4,3
https://www.hellowork.com/fr-fr/emplois/70113418.html,Poseur Confirme H/F,Ouverture's recrutement,Pont-l'Évêque - 14,CDI,"BEP, CAP",Industrie Manufacturière,10/12/2025,Pas de salaire renseigné,"Se connecter à Hellowork avec Google
Continuer avec Google
En poursuivant votre connexion via Google, vous acceptez les
CGU
et déclarez avoir pris connaissance de la
politique de protection des données
d’Hellowork. Si vous ne disposez pas déjà d’un compte Hellowork associé
à l'adresse email de votre compte Google, un compte Hellowork vous sera créé.",poseur confirme h f,ouverture's recrutement,se connecter à hellowork avec google continuer avec google en poursuivant votre connexion via google  vous acceptez les cgu et déclarez avoir pris connaissance de la politique de protection des données d hellowork  si vous ne disposez pas déjà d un compte hellowork associé à l'adresse email de votre compte google  un compte hellowork vous sera créé,Pont-l'Évêque,14,11,Non précisé,Industrie Manufacturière,,,,False,,Non renseigné,aucune,[],0,2025-12-10,1,0,0,0,0,5
https://www.hellowork.com/fr-fr/emplois/70119909.html,Chargé d'Affaires CVC H/F,Groupe Fauché recrutement,Collonges-au-Mont-d'Or - 69,CDI,Bac +2,"Bac +3, Bac +4",10/12/2025,50 000 - 55 000 € / an,"Se connecter à Hellowork avec Google
Continuer avec Google
En poursuivant votre connexion via Google, vous acceptez les
CGU
et déclarez avoir pris connaissance de la
politique de protection des données
d’Hellowork. Si vous ne disposez pas déjà d’un compte Hellowork associé
à l'adresse email de votre compte Google, un compte Hellowork vous sera créé.",chargé d'affaires cvc h f,groupe fauché recrutement,se connecter à hellowork avec google continuer avec google en poursuivant votre connexion via google  vous acceptez les cgu et déclarez avoir pris connaissance de la politique de protection des données d hellowork  si vous ne disposez pas déjà d un compte hellowork associé à l'adresse email de votre compte google  un compte hellowork vous sera créé,Collonges-au-Mont-d'Or,69,3,Niveau études,"Bac +3, Bac +4",50000.0,55000.0,52500.0,False,annual,50-70k,aucune,[],0,2025-12-10,1,0,0,0,2,2
https://www.hellowork.com/fr-fr/emplois/70133665.html,Chef de Projets AMOA H/F,MAF - Mutuelle des Architectes Français recrutement,Paris 17e - 75,CDI,Bac +5,Banque • Assurance • Finance,10/12/2025,Estimation → 45 000 - 66 000 € / an,"Se connecter à Hellowork avec Google
Continuer avec Google
En poursuivant votre connexion via Google, vous acceptez les
CGU
et déclarez avoir pris connaissance de la
politique de protection des données
d’Hellowork. Si vous ne disposez pas déjà d’un compte Hellowork associé
à l'adresse email de votre compte Google, un compte Hellowork vous sera créé.",chef de projets amoa h f,maf - mutuelle des architectes français recrutement,se connecter à hellowork avec google continuer avec google en poursuivant votre connexion via google  vous acceptez les cgu et déclarez avoir pris connaissance de la politique de protection des données d hellowork  si vous ne disposez pas déjà d un compte hellowork associé à l'adresse email de votre compte google  un compte hellowork vous sera créé,Paris 17e,75,5,Secteur mentionné,Banque • Assurance • Finance,45000.0,66000.0,55500.0,True,annual,50-70k,aucune,[],0,2025-12-10,1,0,0,0,4,1
https://www.hellowork.com/fr-fr/emplois/70115682.html,Responsable Maintenance 01 H/F,Lactalis recrutement,Saint-Vulbas - 01,CDI,Bac +2,"Bac +3, Bac +4",10/12/2025,Estimation → 33 000 - 47 500 € / an,"Se connecter à Hellowork avec Google
Continuer avec Google
En poursuivant votre connexion via Google, vous acceptez les
CGU
et déclarez avoir pris connaissance de la
politique de protection des données
d’Hellowork. Si vous ne disposez pas déjà d’un compte Hellowork associé
à l'adresse email de votre compte Google, un compte Hellowork vous sera créé.",responsable maintenance 01 h f,lactalis recrutement,se connecter à hellowork avec google continuer avec google en poursuivant votre connexion via google  vous acceptez les cgu et déclarez avoir pris connaissance de la politique de protection des données d hellowork  si vous ne disposez pas déjà d un compte hellowork associé à l'adresse email de votre compte google  un compte hellowork vous sera créé,Saint-Vulbas,01,3,Niveau études,"Bac +3, Bac +4",33000.0,47500.0,40250.0,True,annual,35-50k,aucune,[],0,2025-12-10,1,0,0,0,2,2
https://www.hellowork.com/fr-fr/emplois/71365556.html,Adr 297 - Head Of Revenue Operations H/F,Groupe La Centrale recrutement,Paris 8e - 75,CDI,Bac +5,Distribution • Commerce de gros,10/12/2025,Estimation → 40 000 - 67 500 € / an,"Se connecter à Hellowork avec Google
Continuer avec Google
En poursuivant votre connexion via Google, vous acceptez les
CGU
et déclarez avoir pris connaissance de la
politique de protection des données
d’Hellowork. Si vous ne disposez pas déjà d’un compte Hellowork associé
à l'adresse email de votre compte Google, un compte Hellowork vous sera créé.",adr 297 - head of revenue operations h f,groupe la centrale recrutement,se connecter à hellowork avec google continuer avec google en poursuivant votre connexion via google  vous acceptez les cgu et déclarez avoir pris connaissance de la politique de protection des données d hellowork  si vous ne disposez pas déjà d un compte hellowork associé à l'adresse email de votre compte google  un compte hellowork vous sera créé,Paris 8e,75,6,Secteur mentionné,Distribution • Commerce de gros,40000.0,67500.0,53750.0,True,annual,50-70k,aucune,[],0,2025-12-10,1,0,0,0,4,1
https://www.hellowork.com/fr-fr/emplois/71352877.html,Gardien d'Immeubles H/F,Scalis recrutement,La Châtre - 36,CDI,Bac,Immobilier,10/12/2025,1 930 - 1 931 € / mois,"Se connecter à Hellowork avec Google
Continuer avec Google
En poursuivant votre connexion via Google, vous acceptez les
CGU
et déclarez avoir pris connaissance de la
politique de protection des données
d’Hellowork. Si vous ne disposez pas déjà d’un compte Hellowork associé
à l'adresse email de votre compte Google, un compte Hellowork vous sera créé.",gardien d'immeubles h f,scalis recrutement,se connecter à hellowork avec google continuer avec google en poursuivant votre connexion via google  vous acceptez les cgu et déclarez avoir pris connaissance de la politique de protection des données d hellowork  si vous ne disposez pas déjà d un compte hellowork associé à l'adresse email de votre compte google  un compte hellowork vous sera créé,La Châtre,36,8,Non précisé,Immobilier,23160.0,23172.0,23166.0,False,monthly,< 25k,aucune,[],0,2025-12-10,1,0,0,0,1,5
https://www.hellowork.com/fr-fr/emplois/71358988.html,Responsable de Magasin 2025 H/F,Happy Curl - La Boutique du Coiffeur recrutement,Essey-lès-Nancy - 54,CDI,Bac +2,"Bac +3, Bac +4",10/12/2025,2 075 - 2 657 € / mois,"Se connecter à Hellowork avec Google
Continuer avec Google
En poursuivant votre connexion via Google, vous acceptez les
CGU
et déclarez avoir pris connaissance de la
politique de protection des données
d’Hellowork. Si vous ne disposez pas déjà d’un compte Hellowork associé
à l'adresse email de votre compte Google, un compte Hellowork vous sera créé.",responsable de magasin 2025 h f,happy curl - la boutique du coiffeur recrutement,se connecter à hellowork avec google continuer avec google en poursuivant votre connexion via google  vous acceptez les cgu et déclarez avoir pris connaissance de la politique de protection des données d hellowork  si vous ne disposez pas déjà d un compte hellowork associé à l'adresse email de votre compte google  un compte hellowork vous sera créé,Essey-lès-Nancy,54,3,Niveau études,"Bac +3, Bac +4",24900.0,31884.0,28392.0,False,monthly,25-35k,aucune,[],0,2025-12-10,1,0,0,0,2,4
https://www.hellowork.com/fr-fr/emplois/62652092.html,Infirmier Préleveur - Technicien Préleveur H/F,Groupe Cerba Healthcare recrutement,Indre - 36,CDI,Bac +2,"Bac +3, Bac +4",10/12/2025,Pas de salaire renseigné,"Se connecter à Hellowork avec Google
Continuer avec Google
En poursuivant votre connexion via Google, vous acceptez les
CGU
et déclarez avoir pris connaissance de la
politique de protection des données
d’Hellowork. Si vous ne disposez pas déjà d’un compte Hellowork associé
à l'adresse email de votre compte Google, un compte Hellowork vous sera créé.",infirmier préleveur - technicien préleveur h f,groupe cerba healthcare recrutement,se connecter à hellowork avec google continuer avec google en poursuivant votre connexion via google  vous acceptez les cgu et déclarez avoir pris connaissance de la politique de protection des données d hellowork  si vous ne disposez pas déjà d un compte hellowork associé à l'adresse email de votre compte google  un compte hellowork vous sera créé,Indre,36,3,Niveau études,"Bac +3, Bac +4",,,,False,,Non renseigné,aucune,[],0,2025-12-10,1,0,0,0,2,4
https://www.hellowork.com/fr-fr/emplois/71361715.html,Category Leader H/F,Brico Dépôt recrutement,Longpont-sur-Orge - 91,CDI,Bac +5,Distribution • Commerce de gros,10/12/2025,Pas de salaire renseigné,"Se connecter à Hellowork avec Google
Continuer avec Google
En poursuivant votre connexion via Google, vous acceptez les
CGU
et déclarez avoir pris connaissance de la
politique de protection des données
d’Hellowork. Si vous ne disposez pas déjà d’un compte Hellowork associé
à l'adresse email de votre compte Google, un compte Hellowork vous sera créé.",category leader h f,brico dépôt recrutement,se connecter à hellowork avec google continuer avec google en poursuivant votre connexion via google  vous acceptez les cgu et déclarez avoir pris connaissance de la politique de protection des données d hellowork  si vous ne disposez pas déjà d un compte hellowork associé à l'adresse email de votre compte google  un compte hellowork vous sera créé,Longpont-sur-Orge,91,6,Secteur mentionné,Distribution • Commerce de gros,,,,False,,Non renseigné,aucune,[],0,2025-12-10,1,0,0,0,4,3
https://www.hellowork.com/fr-fr/emplois/65244564.html,Technicien Installation Ascenseurs H/F,Kone recrutement,Saint-Nazaire - 44,CDI,Bac,Bac +2,10/12/2025,Estimation → 25 700 - 34 500 € / an,"Se connecter à Hellowork avec Google
Continuer avec Google
En poursuivant votre connexion via Google, vous acceptez les
CGU
et déclarez avoir pris connaissance de la
politique de protection des données
d’Hellowork. Si vous ne disposez pas déjà d’un compte Hellowork associé
à l'adresse email de votre compte Google, un compte Hellowork vous sera créé.",technicien installation ascenseurs h f,kone recrutement,se connecter à hellowork avec google continuer avec google en poursuivant votre connexion via google  vous acceptez les cgu et déclarez avoir pris connaissance de la politique de protection des données d hellowork  si vous ne disposez pas déjà d un compte hellowork associé à l'adresse email de votre compte google  un compte hellowork vous sera créé,Saint-Nazaire,44,2,Niveau études,Bac +2,25700.0,34500.0,30100.0,True,annual,25-35k,aucune,[],0,2025-12-10,1,0,0,0,1,4
https://www.hellowork.com/fr-fr/emplois/70129906.html,Auxilaire de Vie H/F,ADHAP recrutement,Vitrolles - 13,CDI,"BEP, CAP",Services aux Personnes • Particuliers,10/12/2025,"11,88 - 12,49 € / heure","Se connecter à Hellowork avec Google
Continuer avec Google
En poursuivant votre connexion via Google, vous acceptez les
CGU
et déclarez avoir pris connaissance de la
politique de protection des données
d’Hellowork. Si vous ne disposez pas déjà d’un compte Hellowork associé
à l'adresse email de votre compte Google, un compte Hellowork vous sera créé.",auxilaire de vie h f,adhap recrutement,se connecter à hellowork avec google continuer avec google en poursuivant votre connexion via google  vous acceptez les cgu et déclarez avoir pris connaissance de la politique de protection des données d hellowork  si vous ne disposez pas déjà d un compte hellowork associé à l'adresse email de votre compte google  un compte hellowork vous sera créé,Vitrolles,13,17,Secteur mentionné,Services aux Personnes • Particuliers,19543.0,20546.0,20044.5,False,hourly,< 25k,aucune,[],0,2025-12-10,1,0,0,0,0,5
https://www.hellowork.com/fr-fr/emplois/72462439.html,Responsable Marketing Qualite et Experience Client H/F,Volkswagen recrutement,Noisy-le-Grand - 93,CDI,Bac +5,Industrie Auto • Meca • Navale,10/12/2025,Estimation → 42 500 - 71 200 € / an,"Se connecter à Hellowork avec Google
Continuer avec Google
En poursuivant votre connexion via Google, vous acceptez les
CGU
et déclarez avoir pris connaissance de la
politique de protection des données
d’Hellowork. Si vous ne disposez pas déjà d’un compte Hellowork associé
à l'adresse email de votre compte Google, un compte Hellowork vous sera créé.",responsable marketing qualite et experience client h f,volkswagen recrutement,se connecter à hellowork avec google continuer avec google en poursuivant votre connexion via google  vous acceptez les cgu et déclarez avoir pris connaissance de la politique de protection des données d hellowork  si vous ne disposez pas déjà d un compte hellowork associé à l'adresse email de votre compte google  un compte hellowork vous sera créé,Noisy-le-Grand,93,9,Secteur mentionné,Industrie Auto • Meca • Navale,42500.0,71200.0,56850.0,True,annual,50-70k,aucune,[],0,2025-12-10,1,0,0,0,4,1
https://www.hellowork.com/fr-fr/emplois/71363386.html,Responsable de Magasin H/F,Boulangerie  Ange recrutement,Écully - 69,CDI,Bac +2,"Bac +3, Bac +4",10/12/2025,Estimation → 25 700 - 40 000 € / an,"Se connecter à Hellowork avec Google
Continuer avec Google
En poursuivant votre connexion via Google, vous acceptez les
CGU
et déclarez avoir pris connaissance de la
politique de protection des données
d’Hellowork. Si vous ne disposez pas déjà d’un compte Hellowork associé
à l'adresse email de votre compte Google, un compte Hellowork vous sera créé.",responsable de magasin h f,boulangerie ange recrutement,se connecter à hellowork avec google continuer avec google en poursuivant votre connexion via google  vous acceptez les cgu et déclarez avoir pris connaissance de la politique de protection des données d hellowork  si vous ne disposez pas déjà d un compte hellowork associé à l'adresse email de votre compte google  un compte hellowork vous sera créé,Écully,69,3,Niveau études,"Bac +3, Bac +4",25700.0,40000.0,32850.0,True,annual,25-35k,aucune,[],0,2025-12-10,1,0,0,0,2,4
https://www.hellowork.com/fr-fr/emplois/71359943.html,Conducteur de Travaux Photovoltaïque H/F,Groupe OPNR recrutement,Lyon - 69,CDI,Bac +2,"Bac +3, Bac +4",10/12/2025,3 175 € / mois,"Se connecter à Hellowork avec Google
Continuer avec Google
En poursuivant votre connexion via Google, vous acceptez les
CGU
et déclarez avoir pris connaissance de la
politique de protection des données
d’Hellowork. Si vous ne disposez pas déjà d’un compte Hellowork associé
à l'adresse email de votre compte Google, un compte Hellowork vous sera créé.",conducteur de travaux photovoltaïque h f,groupe opnr recrutement,se connecter à hellowork avec google continuer avec google en poursuivant votre connexion via google  vous acceptez les cgu et déclarez avoir pris connaissance de la politique de protection des données d hellowork  si vous ne disposez pas déjà d un compte hellowork associé à l'adresse email de votre compte google  un compte hellowork vous sera créé,Lyon,69,3,Niveau études,"Bac +3, Bac +4",38100.0,38100.0,38100.0,False,monthly,35-50k,aucune,[],0,2025-12-10,1,0,0,0,2,2
https://www.hellowork.com/fr-fr/emplois/72465759.html,Chef de Centre H/F,123 Pare-Brise recrutement,Saint-Brice-sous-Forêt - 95,CDI,"BEP, CAP",Bac +2,10/12/2025,2 510 - 3 000 € / mois,"Se connecter à Hellowork avec Google
Continuer avec Google
En poursuivant votre connexion via Google, vous acceptez les
CGU
et déclarez avoir pris connaissance de la
politique de protection des données
d’Hellowork. Si vous ne disposez pas déjà d’un compte Hellowork associé
à l'adresse email de votre compte Google, un compte Hellowork vous sera créé.",chef de centre h f,123 pare-brise recrutement,se connecter à hellowork avec google continuer avec google en poursuivant votre connexion via google  vous acceptez les cgu et déclarez avoir pris connaissance de la politique de protection des données d hellowork  si vous ne disposez pas déjà d un compte hellowork associé à l'adresse email de votre compte google  un compte hellowork vous sera créé,Saint-Brice-sous-Forêt,95,2,Niveau études,Bac +2,30120.0,36000.0,33060.0,False,monthly,25-35k,aucune,[],0,2025-12-10,1,0,0,0,0,0
https://www.hellowork.com/fr-fr/emplois/72465762.html,Technicien Automobile H/F,123 Pare-Brise recrutement,Saint-Brice-sous-Forêt - 95,CDI,"BEP, CAP",Bac,10/12/2025,2 081 - 2 350 € / mois,"Se connecter à Hellowork avec Google
Continuer avec Google
En poursuivant votre connexion via Google, vous acceptez les
CGU
et déclarez avoir pris connaissance de la
politique de protection des données
d’Hellowork. Si vous ne disposez pas déjà d’un compte Hellowork associé
à l'adresse email de votre compte Google, un compte Hellowork vous sera créé.",technicien automobile h f,123 pare-brise recrutement,se connecter à hellowork avec google continuer avec google en poursuivant votre connexion via google  vous acceptez les cgu et déclarez avoir pris connaissance de la politique de protection des données d hellowork  si vous ne disposez pas déjà d un compte hellowork associé à l'adresse email de votre compte google  un compte hellowork vous sera créé,Saint-Brice-sous-Forêt,95,1,Niveau études,Bac,24972.0,28200.0,26586.0,False,monthly,25-35k,aucune,[],0,2025-12-10,1,0,0,0,0,0
https://www.hellowork.com/fr-fr/emplois/70111803.html,Mécanicien Robinetier H/F,Groupe Foure Lagadec recrutement,Vénissieux - 69,CDI,Bac +2,BTP,10/12/2025,2 000 - 2 500 € / mois,"Se connecter à Hellowork avec Google
Continuer avec Google
En poursuivant votre connexion via Google, vous acceptez les
CGU
et déclarez avoir pris connaissance de la
politique de protection des données
d’Hellowork. Si vous ne disposez pas déjà d’un compte Hellowork associé
à l'adresse email de votre compte Google, un compte Hellowork vous sera créé.",mécanicien robinetier h f,groupe foure lagadec recrutement,se connecter à hellowork avec google continuer avec google en poursuivant votre connexion via google  vous acceptez les cgu et déclarez avoir pris connaissance de la politique de protection des données d hellowork  si vous ne disposez pas déjà d un compte hellowork associé à l'adresse email de votre compte google  un compte hellowork vous sera créé,Vénissieux,69,0,Non précisé,BTP,24000.0,30000.0,27000.0,False,monthly,25-35k,aucune,[],0,2025-12-10,1,0,0,0,2,4
https://www.hellowork.com/fr-fr/emplois/67780601.html,Chef de Chantier Construction Bois H/F,VCSP Batiment Nord Est et ANSC recrutement,Rueil-Malmaison - 92,CDI,Bac +2,BTP,10/12/2025,Estimation → 36 200 - 57 500 € / an,"Se connecter à Hellowork avec Google
Continuer avec Google
En poursuivant votre connexion via Google, vous acceptez les
CGU
et déclarez avoir pris connaissance de la
politique de protection des données
d’Hellowork. Si vous ne disposez pas déjà d’un compte Hellowork associé
à l'adresse email de votre compte Google, un compte Hellowork vous sera créé.",chef de chantier construction bois h f,vcsp batiment nord est et ansc recrutement,se connecter à hellowork avec google continuer avec google en poursuivant votre connexion via google  vous acceptez les cgu et déclarez avoir pris connaissance de la politique de protection des données d hellowork  si vous ne disposez pas déjà d un compte hellowork associé à l'adresse email de votre compte google  un compte hellowork vous sera créé,Rueil-Malmaison,92,0,Non précisé,BTP,36200.0,57500.0,46850.0,True,annual,35-50k,aucune,[],0,2025-12-10,1,0,0,0,2,2
https://www.hellowork.com/fr-fr/emplois/70137895.html,Conducteur de Travaux Confirmé Construction Bois H/F,VCSP Batiment Nord Est et ANSC recrutement,Chemillé-en-Anjou - 49,CDI,Bac +5,BTP,10/12/2025,Estimation → 30 000 - 42 500 € / an,"Se connecter à Hellowork avec Google
Continuer avec Google
En poursuivant votre connexion via Google, vous acceptez les
CGU
et déclarez avoir pris connaissance de la
politique de protection des données
d’Hellowork. Si vous ne disposez pas déjà d’un compte Hellowork associé
à l'adresse email de votre compte Google, un compte Hellowork vous sera créé.",conducteur de travaux confirmé construction bois h f,vcsp batiment nord est et ansc recrutement,se connecter à hellowork avec google continuer avec google en poursuivant votre connexion via google  vous acceptez les cgu et déclarez avoir pris connaissance de la politique de protection des données d hellowork  si vous ne disposez pas déjà d un compte hellowork associé à l'adresse email de votre compte google  un compte hellowork vous sera créé,Chemillé-en-Anjou,49,0,Non précisé,BTP,30000.0,42500.0,36250.0,True,annual,35-50k,aucune,[],0,2025-12-10,1,0,0,0,4,4
https://www.hellowork.com/fr-fr/emplois/71366869.html,Monteur Réseaux Aériens H/F,VINCI Energies France Infras Grand Ouest recrutement,Granville - 50,CDI,"BEP, CAP",Secteur Energie • Environnement,10/12/2025,25 000 - 34 000 € / an,"Se connecter à Hellowork avec Google
Continuer avec Google
En poursuivant votre connexion via Google, vous acceptez les
CGU
et déclarez avoir pris connaissance de la
politique de protection des données
d’Hellowork. Si vous ne disposez pas déjà d’un compte Hellowork associé
à l'adresse email de votre compte Google, un compte Hellowork vous sera créé.",monteur réseaux aériens h f,vinci energies france infras grand ouest recrutement,se connecter à hellowork avec google continuer avec google en poursuivant votre connexion via google  vous acceptez les cgu et déclarez avoir pris connaissance de la politique de protection des données d hellowork  si vous ne disposez pas déjà d un compte hellowork associé à l'adresse email de votre compte google  un compte hellowork vous sera créé,Granville,50,13,Secteur mentionné,Secteur Energie • Environnement,25000.0,34000.0,29500.0,False,annual,25-35k,aucune,[],0,2025-12-10,1,0,0,0,0,5
https://www.hellowork.com/fr-fr/emplois/69006659.html,Coordinateur Technique H/F,CBRE GWS FRANCE recrutement,Courbevoie - 92,CDI,Bac +2,Immobilier,10/12/2025,38 000 - 42 000 € / an,"Se connecter à Hellowork avec Google
Continuer avec Google
En poursuivant votre connexion via Google, vous acceptez les
CGU
et déclarez avoir pris connaissance de la
politique de protection des données
d’Hellowork. Si vous ne disposez pas déjà d’un compte Hellowork associé
à l'adresse email de votre compte Google, un compte Hellowork vous sera créé.",coordinateur technique h f,cbre gws france recrutement,se connecter à hellowork avec google continuer avec google en poursuivant votre connexion via google  vous acceptez les cgu et déclarez avoir pris connaissance de la politique de protection des données d hellowork  si vous ne disposez pas déjà d un compte hellowork associé à l'adresse email de votre compte google  un compte hellowork vous sera créé,Courbevoie,92,8,Non précisé,Immobilier,38000.0,42000.0,40000.0,False,annual,35-50k,aucune,[],0,2025-12-10,1,0,0,0,2,2
https://www.hellowork.com/fr-fr/emplois/70128201.html,Ingénieur·e Systeme Exploitation Windows Server H/F,Safran recrutement,Bordeaux - 33,CDI,Bac +5,Industrie Aéronautique • Aérospatial,10/12/2025,Pas de salaire renseigné,"Se connecter à Hellowork avec Google
Continuer avec Google
En poursuivant votre connexion via Google, vous acceptez les
CGU
et déclarez avoir pris connaissance de la
politique de protection des données
d’Hellowork. Si vous ne disposez pas déjà d’un compte Hellowork associé
à l'adresse email de votre compte Google, un compte Hellowork vous sera créé.",ingénieur e systeme exploitation windows server h f,safran recrutement,se connecter à hellowork avec google continuer avec google en poursuivant votre connexion via google  vous acceptez les cgu et déclarez avoir pris connaissance de la politique de protection des données d hellowork  si vous ne disposez pas déjà d un compte hellowork associé à l'adresse email de votre compte google  un compte hellowork vous sera créé,Bordeaux,33,10,Secteur mentionné,Industrie Aéronautique • Aérospatial,,,,False,,Non renseigné,aucune,[],0,2025-12-10,1,0,0,0,4,3
https://www.hellowork.com/fr-fr/emplois/70148781.html,Directeur de Station de Télésurveillance H/F,Goron Securité recrutement,Tremblay-en-France - 93,CDI,Bac +5,Services aux Entreprises,10/12/2025,Pas de salaire renseigné,"Se connecter à Hellowork avec Google
Continuer avec Google
En poursuivant votre connexion via Google, vous acceptez les
CGU
et déclarez avoir pris connaissance de la
politique de protection des données
d’Hellowork. Si vous ne disposez pas déjà d’un compte Hellowork associé
à l'adresse email de votre compte Google, un compte Hellowork vous sera créé.",directeur de station de télésurveillance h f,goron securité recrutement,se connecter à hellowork avec google continuer avec google en poursuivant votre connexion via google  vous acceptez les cgu et déclarez avoir pris connaissance de la politique de protection des données d hellowork  si vous ne disposez pas déjà d un compte hellowork associé à l'adresse email de votre compte google  un compte hellowork vous sera créé,Tremblay-en-France,93,16,Non précisé,Services aux Entreprises,,,,False,,Non renseigné,aucune,[],0,2025-12-10,1,0,0,0,4,3
https://www.hellowork.com/fr-fr/emplois/72465778.html,Responsable Technique Régional H/F,123 Pare-Brise recrutement,Île-de-France,CDI,"BEP, CAP",Bac,10/12/2025,3 250 - 3 500 € / mois,"Se connecter à Hellowork avec Google
Continuer avec Google
En poursuivant votre connexion via Google, vous acceptez les
CGU
et déclarez avoir pris connaissance de la
politique de protection des données
d’Hellowork. Si vous ne disposez pas déjà d’un compte Hellowork associé
à l'adresse email de votre compte Google, un compte Hellowork vous sera créé.",responsable technique régional h f,123 pare-brise recrutement,se connecter à hellowork avec google continuer avec google en poursuivant votre connexion via google  vous acceptez les cgu et déclarez avoir pris connaissance de la politique de protection des données d hellowork  si vous ne disposez pas déjà d un compte hellowork associé à l'adresse email de votre compte google  un compte hellowork vous sera créé,Île-de-France,,1,Niveau études,Bac,39000.0,42000.0,40500.0,False,monthly,35-50k,aucune,[],0,2025-12-10,1,0,0,0,0,2
https://www.hellowork.com/fr-fr/emplois/70129438.html,Responsable Administratif et Financier Maitrise d'Ouvrage H/F,Société Dauphinoise pour l'Habitat recrutement,Échirolles - 38,CDI,"Bac +3, Bac +4",Bac +5,10/12/2025,37 240 - 40 000 € / an,"Se connecter à Hellowork avec Google
Continuer avec Google
En poursuivant votre connexion via Google, vous acceptez les
CGU
et déclarez avoir pris connaissance de la
politique de protection des données
d’Hellowork. Si vous ne disposez pas déjà d’un compte Hellowork associé
à l'adresse email de votre compte Google, un compte Hellowork vous sera créé.",responsable administratif et financier maitrise d'ouvrage h f,société dauphinoise pour l'habitat recrutement,se connecter à hellowork avec google continuer avec google en poursuivant votre connexion via google  vous acceptez les cgu et déclarez avoir pris connaissance de la politique de protection des données d hellowork  si vous ne disposez pas déjà d un compte hellowork associé à l'adresse email de votre compte google  un compte hellowork vous sera créé,Échirolles,38,4,Niveau études,Bac +5,37240.0,40000.0,38620.0,False,annual,35-50k,aucune,[],0,2025-12-10,1,0,0,0,3,2
https://www.hellowork.com/fr-fr/emplois/71366888.html,Responsable d'Affaires en Génie Électrique H/F,Vinci Energies France Tertiaire Grand Ouest recrutement,Tours - 37,CDI,Bac +5,Secteur Energie • Environnement,10/12/2025,42 000 - 49 000 € / an,"Se connecter à Hellowork avec Google
Continuer avec Google
En poursuivant votre connexion via Google, vous acceptez les
CGU
et déclarez avoir pris connaissance de la
politique de protection des données
d’Hellowork. Si vous ne disposez pas déjà d’un compte Hellowork associé
à l'adresse email de votre compte Google, un compte Hellowork vous sera créé.",responsable d'affaires en génie électrique h f,vinci energies france tertiaire grand ouest recrutement,se connecter à hellowork avec google continuer avec google en poursuivant votre connexion via google  vous acceptez les cgu et déclarez avoir pris connaissance de la politique de protection des données d hellowork  si vous ne disposez pas déjà d un compte hellowork associé à l'adresse email de votre compte google  un compte hellowork vous sera créé,Tours,37,13,Secteur mentionné,Secteur Energie • Environnement,42000.0,49000.0,45500.0,False,annual,35-50k,aucune,[],0,2025-12-10,1,0,0,0,4,1
https://www.hellowork.com/fr-fr/emplois/71366848.html,Chargé de Mission Sécurité au Travail H/F,Voies Navigables de France recrutement,Béthune - 62,CDI,Bac +5,Transport • Logistique,10/12/2025,Estimation → 30 100 - 43 800 € / an,"Se connecter à Hellowork avec Google
Continuer avec Google
En poursuivant votre connexion via Google, vous acceptez les
CGU
et déclarez avoir pris connaissance de la
politique de protection des données
d’Hellowork. Si vous ne disposez pas déjà d’un compte Hellowork associé
à l'adresse email de votre compte Google, un compte Hellowork vous sera créé.",chargé de mission sécurité au travail h f,voies navigables de france recrutement,se connecter à hellowork avec google continuer avec google en poursuivant votre connexion via google  vous acceptez les cgu et déclarez avoir pris connaissance de la politique de protection des données d hellowork  si vous ne disposez pas déjà d un compte hellowork associé à l'adresse email de votre compte google  un compte hellowork vous sera créé,Béthune,62,18,Secteur mentionné,Transport • Logistique,30100.0,43800.0,36950.0,True,annual,35-50k,aucune,[],0,2025-12-10,1,0,0,0,4,3
https://www.hellowork.com/fr-fr/emplois/70136841.html,Conducteur de Matériel de Collecte Bom Di H/F,Veolia Environnement recrutement,Saint-Herblain - 44,CDI,"BEP, CAP",Bac,10/12/2025,Estimation → 23 300 - 29 300 € / an,"Se connecter à Hellowork avec Google
Continuer avec Google
En poursuivant votre connexion via Google, vous acceptez les
CGU
et déclarez avoir pris connaissance de la
politique de protection des données
d’Hellowork. Si vous ne disposez pas déjà d’un compte Hellowork associé
à l'adresse email de votre compte Google, un compte Hellowork vous sera créé.",conducteur de matériel de collecte bom di h f,veolia environnement recrutement,se connecter à hellowork avec google continuer avec google en poursuivant votre connexion via google  vous acceptez les cgu et déclarez avoir pris connaissance de la politique de protection des données d hellowork  si vous ne disposez pas déjà d un compte hellowork associé à l'adresse email de votre compte google  un compte hellowork vous sera créé,Saint-Herblain,44,1,Niveau études,Bac,23300.0,29300.0,26300.0,True,annual,25-35k,aucune,[],0,2025-12-10,1,0,0,0,0,0
https://www.hellowork.com/fr-fr/emplois/71358323.html,Assistant Chef Produits H/F,Groupe COFAQ recrutement,Poitiers - 86,CDI,Bac +2,Distribution • Commerce de gros,10/12/2025,Pas de salaire renseigné,"Se connecter à Hellowork avec Google
Continuer avec Google
En poursuivant votre connexion via Google, vous acceptez les
CGU
et déclarez avoir pris connaissance de la
politique de protection des données
d’Hellowork. Si vous ne disposez pas déjà d’un compte Hellowork associé
à l'adresse email de votre compte Google, un compte Hellowork vous sera créé.",assistant chef produits h f,groupe cofaq recrutement,se connecter à hellowork avec google continuer avec google en poursuivant votre connexion via google  vous acceptez les cgu et déclarez avoir pris connaissance de la politique de protection des données d hellowork  si vous ne disposez pas déjà d un compte hellowork associé à l'adresse email de votre compte google  un compte hellowork vous sera créé,Poitiers,86,6,Secteur mentionné,Distribution • Commerce de gros,,,,False,,Non renseigné,aucune,[],0,2025-12-10,1,0,0,0,2,4
https://www.hellowork.com/fr-fr/emplois/71349340.html,Biologiste Médical en Onco-Hématologie H/F,Groupe Cerba Healthcare recrutement,Frépillon - 95,CDI,Bac +5,Service public hospitalier,10/12/2025,Pas de salaire renseigné,"Se connecter à Hellowork avec Google
Continuer avec Google
En poursuivant votre connexion via Google, vous acceptez les
CGU
et déclarez avoir pris connaissance de la
politique de protection des données
d’Hellowork. Si vous ne disposez pas déjà d’un compte Hellowork associé
à l'adresse email de votre compte Google, un compte Hellowork vous sera créé.",biologiste médical en onco-hématologie h f,groupe cerba healthcare recrutement,se connecter à hellowork avec google continuer avec google en poursuivant votre connexion via google  vous acceptez les cgu et déclarez avoir pris connaissance de la politique de protection des données d hellowork  si vous ne disposez pas déjà d un compte hellowork associé à l'adresse email de votre compte google  un compte hellowork vous sera créé,Frépillon,95,15,Non précisé,Service public hospitalier,,,,False,,Non renseigné,aucune,[],0,2025-12-10,1,0,0,0,4,3
https://www.hellowork.com/fr-fr/emplois/70113418.html,Poseur Confirme H/F,Ouverture's recrutement,Pont-l'Évêque - 14,CDI,"BEP, CAP",Industrie Manufacturière,10/12/2025,Pas de salaire renseigné,"Se connecter à Hellowork avec Google
Continuer avec Google
En poursuivant votre connexion via Google, vous acceptez les
CGU
et déclarez avoir pris connaissance de la
politique de protection des données
d’Hellowork. Si vous ne disposez pas déjà d’un compte Hellowork associé
à l'adresse email de votre compte Google, un compte Hellowork vous sera créé.",poseur confirme h f,ouverture's recrutement,se connecter à hellowork avec google continuer avec google en poursuivant votre connexion via google  vous acceptez les cgu et déclarez avoir pris connaissance de la politique de protection des données d hellowork  si vous ne disposez pas déjà d un compte hellowork associé à l'adresse email de votre compte google  un compte hellowork vous sera créé,Pont-l'Évêque,14,11,Non précisé,Industrie Manufacturière,,,,False,,Non renseigné,aucune,[],0,2025-12-10,1,0,0,0,0,5
https://www.hellowork.com/fr-fr/emplois/70119909.html,Chargé d'Affaires CVC H/F,Groupe Fauché recrutement,Collonges-au-Mont-d'Or - 69,CDI,Bac +2,"Bac +3, Bac +4",10/12/2025,50 000 - 55 000 € / an,"Se connecter à Hellowork avec Google
Continuer avec Google
En poursuivant votre connexion via Google, vous acceptez les
CGU
et déclarez avoir pris connaissance de la
politique de protection des données
d’Hellowork. Si vous ne disposez pas déjà d’un compte Hellowork associé
à l'adresse email de votre compte Google, un compte Hellowork vous sera créé.",chargé d'affaires cvc h f,groupe fauché recrutement,se connecter à hellowork avec google continuer avec google en poursuivant votre connexion via google  vous acceptez les cgu et déclarez avoir pris connaissance de la politique de protection des données d hellowork  si vous ne disposez pas déjà d un compte hellowork associé à l'adresse email de votre compte google  un compte hellowork vous sera créé,Collonges-au-Mont-d'Or,69,3,Niveau études,"Bac +3, Bac +4",50000.0,55000.0,52500.0,False,annual,50-70k,aucune,[],0,2025-12-10,1,0,0,0,2,2
https://www.hellowork.com/fr-fr/emplois/70133665.html,Chef de Projets AMOA H/F,MAF - Mutuelle des Architectes Français recrutement,Paris 17e - 75,CDI,Bac +5,Banque • Assurance • Finance,10/12/2025,Estimation → 45 000 - 66 000 € / an,"Se connecter à Hellowork avec Google
Continuer avec Google
En poursuivant votre connexion via Google, vous acceptez les
CGU
et déclarez avoir pris connaissance de la
politique de protection des données
d’Hellowork. Si vous ne disposez pas déjà d’un compte Hellowork associé
à l'adresse email de votre compte Google, un compte Hellowork vous sera créé.",chef de projets amoa h f,maf - mutuelle des architectes français recrutement,se connecter à hellowork avec google continuer avec google en poursuivant votre connexion via google  vous acceptez les cgu et déclarez avoir pris connaissance de la politique de protection des données d hellowork  si vous ne disposez pas déjà d un compte hellowork associé à l'adresse email de votre compte google  un compte hellowork vous sera créé,Paris 17e,75,5,Secteur mentionné,Banque • Assurance • Finance,45000.0,66000.0,55500.0,True,annual,50-70k,aucune,[],0,2025-12-10,1,0,0,0,4,1
https://www.hellowork.com/fr-fr/emplois/70115682.html,Responsable Maintenance 01 H/F,Lactalis recrutement,Saint-Vulbas - 01,CDI,Bac +2,"Bac +3, Bac +4",10/12/2025,Estimation → 33 000 - 47 500 € / an,"Se connecter à Hellowork avec Google
Continuer avec Google
En poursuivant votre connexion via Google, vous acceptez les
CGU
et déclarez avoir pris connaissance de la
politique de protection des données
d’Hellowork. Si vous ne disposez pas déjà d’un compte Hellowork associé
à l'adresse email de votre compte Google, un compte Hellowork vous sera créé.",responsable maintenance 01 h f,lactalis recrutement,se connecter à hellowork avec google continuer avec google en poursuivant votre connexion via google  vous acceptez les cgu et déclarez avoir pris connaissance de la politique de protection des données d hellowork  si vous ne disposez pas déjà d un compte hellowork associé à l'adresse email de votre compte google  un compte hellowork vous sera créé,Saint-Vulbas,01,3,Niveau études,"Bac +3, Bac +4",33000.0,47500.0,40250.0,True,annual,35-50k,aucune,[],0,2025-12-10,1,0,0,0,2,2
https://www.hellowork.com/fr-fr/emplois/71365556.html,Adr 297 - Head Of Revenue Operations H/F,Groupe La Centrale recrutement,Paris 8e - 75,CDI,Bac +5,Distribution • Commerce de gros,10/12/2025,Estimation → 40 000 - 67 500 € / an,"Se connecter à Hellowork avec Google
Continuer avec Google
En poursuivant votre connexion via Google, vous acceptez les
CGU
et déclarez avoir pris connaissance de la
politique de protection des données
d’Hellowork. Si vous ne disposez pas déjà d’un compte Hellowork associé
à l'adresse email de votre compte Google, un compte Hellowork vous sera créé.",adr 297 - head of revenue operations h f,groupe la centrale recrutement,se connecter à hellowork avec google continuer avec google en poursuivant votre connexion via google  vous acceptez les cgu et déclarez avoir pris connaissance de la politique de protection des données d hellowork  si vous ne disposez pas déjà d un compte hellowork associé à l'adresse email de votre compte google  un compte hellowork vous sera créé,Paris 8e,75,6,Secteur mentionné,Distribution • Commerce de gros,40000.0,67500.0,53750.0,True,annual,50-70k,aucune,[],0,2025-12-10,1,0,0,0,4,1
https://www.hellowork.com/fr-fr/emplois/71352877.html,Gardien d'Immeubles H/F,Scalis recrutement,La Châtre - 36,CDI,Bac,Immobilier,10/12/2025,1 930 - 1 931 € / mois,"Se connecter à Hellowork avec Google
Continuer avec Google
En poursuivant votre connexion via Google, vous acceptez les
CGU
et déclarez avoir pris connaissance de la
politique de protection des données
d’Hellowork. Si vous ne disposez pas déjà d’un compte Hellowork associé
à l'adresse email de votre compte Google, un compte Hellowork vous sera créé.",gardien d'immeubles h f,scalis recrutement,se connecter à hellowork avec google continuer avec google en poursuivant votre connexion via google  vous acceptez les cgu et déclarez avoir pris connaissance de la politique de protection des données d hellowork  si vous ne disposez pas déjà d un compte hellowork associé à l'adresse email de votre compte google  un compte hellowork vous sera créé,La Châtre,36,8,Non précisé,Immobilier,23160.0,23172.0,23166.0,False,monthly,< 25k,aucune,[],0,2025-12-10,1,0,0,0,1,5
https://www.hellowork.com/fr-fr/emplois/71358988.html,Responsable de Magasin 2025 H/F,Happy Curl - La Boutique du Coiffeur recrutement,Essey-lès-Nancy - 54,CDI,Bac +2,"Bac +3, Bac +4",10/12/2025,2 075 - 2 657 € / mois,"Se connecter à Hellowork avec Google
Continuer avec Google
En poursuivant votre connexion via Google, vous acceptez les
CGU
et déclarez avoir pris connaissance de la
politique de protection des données
d’Hellowork. Si vous ne disposez pas déjà d’un compte Hellowork associé
à l'adresse email de votre compte Google, un compte Hellowork vous sera créé.",responsable de magasin 2025 h f,happy curl - la boutique du coiffeur recrutement,se connecter à hellowork avec google continuer avec google en poursuivant votre connexion via google  vous acceptez les cgu et déclarez avoir pris connaissance de la politique de protection des données d hellowork  si vous ne disposez pas déjà d un compte hellowork associé à l'adresse email de votre compte google  un compte hellowork vous sera créé,Essey-lès-Nancy,54,3,Niveau études,"Bac +3, Bac +4",24900.0,31884.0,28392.0,False,monthly,25-35k,aucune,[],0,2025-12-10,1,0,0,0,2,4
https://www.hellowork.com/fr-fr/emplois/62652092.html,Infirmier Préleveur - Technicien Préleveur H/F,Groupe Cerba Healthcare recrutement,Indre - 36,CDI,Bac +2,"Bac +3, Bac +4",10/12/2025,Pas de salaire renseigné,"Se connecter à Hellowork avec Google
Continuer avec Google
En poursuivant votre connexion via Google, vous acceptez les
CGU
et déclarez avoir pris connaissance de la
politique de protection des données
d’Hellowork. Si vous ne disposez pas déjà d’un compte Hellowork associé
à l'adresse email de votre compte Google, un compte Hellowork vous sera créé.",infirmier préleveur - technicien préleveur h f,groupe cerba healthcare recrutement,se connecter à hellowork avec google continuer avec google en poursuivant votre connexion via google  vous acceptez les cgu et déclarez avoir pris connaissance de la politique de protection des données d hellowork  si vous ne disposez pas déjà d un compte hellowork associé à l'adresse email de votre compte google  un compte hellowork vous sera créé,Indre,36,3,Niveau études,"Bac +3, Bac +4",,,,False,,Non renseigné,aucune,[],0,2025-12-10,1,0,0,0,2,4
https://www.hellowork.com/fr-fr/emplois/71361715.html,Category Leader H/F,Brico Dépôt recrutement,Longpont-sur-Orge - 91,CDI,Bac +5,Distribution • Commerce de gros,10/12/2025,Pas de salaire renseigné,"Se connecter à Hellowork avec Google
Continuer avec Google
En poursuivant votre connexion via Google, vous acceptez les
CGU
et déclarez avoir pris connaissance de la
politique de protection des données
d’Hellowork. Si vous ne disposez pas déjà d’un compte Hellowork associé
à l'adresse email de votre compte Google, un compte Hellowork vous sera créé.",category leader h f,brico dépôt recrutement,se connecter à hellowork avec google continuer avec google en poursuivant votre connexion via google  vous acceptez les cgu et déclarez avoir pris connaissance de la politique de protection des données d hellowork  si vous ne disposez pas déjà d un compte hellowork associé à l'adresse email de votre compte google  un compte hellowork vous sera créé,Longpont-sur-Orge,91,6,Secteur mentionné,Distribution • Commerce de gros,,,,False,,Non renseigné,aucune,[],0,2025-12-10,1,0,0,0,4,3
https://www.hellowork.com/fr-fr/emplois/65244564.html,Technicien Installation Ascenseurs H/F,Kone recrutement,Saint-Nazaire - 44,CDI,Bac,Bac +2,10/12/2025,Estimation → 25 700 - 34 500 € / an,"Se connecter à Hellowork avec Google
Continuer avec Google
En poursuivant votre connexion via Google, vous acceptez les
CGU
et déclarez avoir pris connaissance de la
politique de protection des données
d’Hellowork. Si vous ne disposez pas déjà d’un compte Hellowork associé
à l'adresse email de votre compte Google, un compte Hellowork vous sera créé.",technicien installation ascenseurs h f,kone recrutement,se connecter à hellowork avec google continuer avec google en poursuivant votre connexion via google  vous acceptez les cgu et déclarez avoir pris connaissance de la politique de protection des données d hellowork  si vous ne disposez pas déjà d un compte hellowork associé à l'adresse email de votre compte google  un compte hellowork vous sera créé,Saint-Nazaire,44,2,Niveau études,Bac +2,25700.0,34500.0,30100.0,True,annual,25-35k,aucune,[],0,2025-12-10,1,0,0,0,1,4
https://www.hellowork.com/fr-fr/emplois/70129906.html,Auxilaire de Vie H/F,ADHAP recrutement,Vitrolles - 13,CDI,"BEP, CAP",Services aux Personnes • Particuliers,10/12/2025,"11,88 - 12,49 € / heure","Se connecter à Hellowork avec Google
Continuer avec Google
En poursuivant votre connexion via Google, vous acceptez les
CGU
et déclarez avoir pris connaissance de la
politique de protection des données
d’Hellowork. Si vous ne disposez pas déjà d’un compte Hellowork associé
à l'adresse email de votre compte Google, un compte Hellowork vous sera créé.",auxilaire de vie h f,adhap recrutement,se connecter à hellowork avec google continuer avec google en poursuivant votre connexion via google  vous acceptez les cgu et déclarez avoir pris connaissance de la politique de protection des données d hellowork  si vous ne disposez pas déjà d un compte hellowork associé à l'adresse email de votre compte google  un compte hellowork vous sera créé,Vitrolles,13,17,Secteur mentionné,Services aux Personnes • Particuliers,19543.0,20546.0,20044.5,False,hourly,< 25k,aucune,[],0,2025-12-10,1,0,0,0,0,5
https://www.hellowork.com/fr-fr/emplois/72462439.html,Responsable Marketing Qualite et Experience Client H/F,Volkswagen recrutement,Noisy-le-Grand - 93,CDI,Bac +5,Industrie Auto • Meca • Navale,10/12/2025,Estimation → 42 500 - 71 200 € / an,"Se connecter à Hellowork avec Google
Continuer avec Google
En poursuivant votre connexion via Google, vous acceptez les
CGU
et déclarez avoir pris connaissance de la
politique de protection des données
d’Hellowork. Si vous ne disposez pas déjà d’un compte Hellowork associé
à l'adresse email de votre compte Google, un compte Hellowork vous sera créé.",responsable marketing qualite et experience client h f,volkswagen recrutement,se connecter à hellowork avec google continuer avec google en poursuivant votre connexion via google  vous acceptez les cgu et déclarez avoir pris connaissance de la politique de protection des données d hellowork  si vous ne disposez pas déjà d un compte hellowork associé à l'adresse email de votre compte google  un compte hellowork vous sera créé,Noisy-le-Grand,93,9,Secteur mentionné,Industrie Auto • Meca • Navale,42500.0,71200.0,56850.0,True,annual,50-70k,aucune,[],0,2025-12-10,1,0,0,0,4,1
https://www.hellowork.com/fr-fr/emplois/71363386.html,Responsable de Magasin H/F,Boulangerie  Ange recrutement,Écully - 69,CDI,Bac +2,"Bac +3, Bac +4",10/12/2025,Estimation → 25 700 - 40 000 € / an,"Se connecter à Hellowork avec Google
Continuer avec Google
En poursuivant votre connexion via Google, vous acceptez les
CGU
et déclarez avoir pris connaissance de la
politique de protection des données
d’Hellowork. Si vous ne disposez pas déjà d’un compte Hellowork associé
à l'adresse email de votre compte Google, un compte Hellowork vous sera créé.",responsable de magasin h f,boulangerie ange recrutement,se connecter à hellowork avec google continuer avec google en poursuivant votre connexion via google  vous acceptez les cgu et déclarez avoir pris connaissance de la politique de protection des données d hellowork  si vous ne disposez pas déjà d un compte hellowork associé à l'adresse email de votre compte google  un compte hellowork vous sera créé,Écully,69,3,Niveau études,"Bac +3, Bac +4",25700.0,40000.0,32850.0,True,annual,25-35k,aucune,[],0,2025-12-10,1,0,0,0,2,4
https://www.hellowork.com/fr-fr/emplois/71359943.html,Conducteur de Travaux Photovoltaïque H/F,Groupe OPNR recrutement,Lyon - 69,CDI,Bac +2,"Bac +3, Bac +4",10/12/2025,3 175 € / mois,"Se connecter à Hellowork avec Google
Continuer avec Google
En poursuivant votre connexion via Google, vous acceptez les
CGU
et déclarez avoir pris connaissance de la
politique de protection des données
d’Hellowork. Si vous ne disposez pas déjà d’un compte Hellowork associé
à l'adresse email de votre compte Google, un compte Hellowork vous sera créé.",conducteur de travaux photovoltaïque h f,groupe opnr recrutement,se connecter à hellowork avec google continuer avec google en poursuivant votre connexion via google  vous acceptez les cgu et déclarez avoir pris connaissance de la politique de protection des données d hellowork  si vous ne disposez pas déjà d un compte hellowork associé à l'adresse email de votre compte google  un compte hellowork vous sera créé,Lyon,69,3,Niveau études,"Bac +3, Bac +4",38100.0,38100.0,38100.0,False,monthly,35-50k,aucune,[],0,2025-12-10,1,0,0,0,2,2
https://www.hellowork.com/fr-fr/emplois/72465759.html,Chef de Centre H/F,123 Pare-Brise recrutement,Saint-Brice-sous-Forêt - 95,CDI,"BEP, CAP",Bac +2,10/12/2025,2 510 - 3 000 € / mois,"Se connecter à Hellowork avec Google
Continuer avec Google
En poursuivant votre connexion via Google, vous acceptez les
CGU
et déclarez avoir pris connaissance de la
politique de protection des données
d’Hellowork. Si vous ne disposez pas déjà d’un compte Hellowork associé
à l'adresse email de votre compte Google, un compte Hellowork vous sera créé.",chef de centre h f,123 pare-brise recrutement,se connecter à hellowork avec google continuer avec google en poursuivant votre connexion via google  vous acceptez les cgu et déclarez avoir pris connaissance de la politique de protection des données d hellowork  si vous ne disposez pas déjà d un compte hellowork associé à l'adresse email de votre compte google  un compte hellowork vous sera créé,Saint-Brice-sous-Forêt,95,2,Niveau études,Bac +2,30120.0,36000.0,33060.0,False,monthly,25-35k,aucune,[],0,2025-12-10,1,0,0,0,0,0
https://www.hellowork.com/fr-fr/emplois/72465762.html,Technicien Automobile H/F,123 Pare-Brise recrutement,Saint-Brice-sous-Forêt - 95,CDI,"BEP, CAP",Bac,10/12/2025,2 081 - 2 350 € / mois,"Se connecter à Hellowork avec Google
Continuer avec Google
En poursuivant votre connexion via Google, vous acceptez les
CGU
et déclarez avoir pris connaissance de la
politique de protection des données
d’Hellowork. Si vous ne disposez pas déjà d’un compte Hellowork associé
à l'adresse email de votre compte Google, un compte Hellowork vous sera créé.",technicien automobile h f,123 pare-brise recrutement,se connecter à hellowork avec google continuer avec google en poursuivant votre connexion via google  vous acceptez les cgu et déclarez avoir pris connaissance de la politique de protection des données d hellowork  si vous ne disposez pas déjà d un compte hellowork associé à l'adresse email de votre compte google  un compte hellowork vous sera créé,Saint-Brice-sous-Forêt,95,1,Niveau études,Bac,24972.0,28200.0,26586.0,False,monthly,25-35k,aucune,[],0,2025-12-10,1,0,0,0,0,0
https://www.hellowork.com/fr-fr/emplois/70111803.html,Mécanicien Robinetier H/F,Groupe Foure Lagadec recrutement,Vénissieux - 69,CDI,Bac +2,BTP,10/12/2025,2 000 - 2 500 € / mois,"Se connecter à Hellowork avec Google
Continuer avec Google
En poursuivant votre connexion via Google, vous acceptez les
CGU
et déclarez avoir pris connaissance de la
politique de protection des données
d’Hellowork. Si vous ne disposez pas déjà d’un compte Hellowork associé
à l'adresse email de votre compte Google, un compte Hellowork vous sera créé.",mécanicien robinetier h f,groupe foure lagadec recrutement,se connecter à hellowork avec google continuer avec google en poursuivant votre connexion via google  vous acceptez les cgu et déclarez avoir pris connaissance de la politique de protection des données d hellowork  si vous ne disposez pas déjà d un compte hellowork associé à l'adresse email de votre compte google  un compte hellowork vous sera créé,Vénissieux,69,0,Non précisé,BTP,24000.0,30000.0,27000.0,False,monthly,25-35k,aucune,[],0,2025-12-10,1,0,0,0,2,4
https://www.hellowork.com/fr-fr/emplois/67780601.html,Chef de Chantier Construction Bois H/F,VCSP Batiment Nord Est et ANSC recrutement,Rueil-Malmaison - 92,CDI,Bac +2,BTP,10/12/2025,Estimation → 36 200 - 57 500 € / an,"Se connecter à Hellowork avec Google
Continuer avec Google
En poursuivant votre connexion via Google, vous acceptez les
CGU
et déclarez avoir pris connaissance de la
politique de protection des données
d’Hellowork. Si vous ne disposez pas déjà d’un compte Hellowork associé
à l'adresse email de votre compte Google, un compte Hellowork vous sera créé.",chef de chantier construction bois h f,vcsp batiment nord est et ansc recrutement,se connecter à hellowork avec google continuer avec google en poursuivant votre connexion via google  vous acceptez les cgu et déclarez avoir pris connaissance de la politique de protection des données d hellowork  si vous ne disposez pas déjà d un compte hellowork associé à l'adresse email de votre compte google  un compte hellowork vous sera créé,Rueil-Malmaison,92,0,Non précisé,BTP,36200.0,57500.0,46850.0,True,annual,35-50k,aucune,[],0,2025-12-10,1,0,0,0,2,2
https://www.hellowork.com/fr-fr/emplois/70137895.html,Conducteur de Travaux Confirmé Construction Bois H/F,VCSP Batiment Nord Est et ANSC recrutement,Chemillé-en-Anjou - 49,CDI,Bac +5,BTP,10/12/2025,Estimation → 30 000 - 42 500 € / an,"Se connecter à Hellowork avec Google
Continuer avec Google
En poursuivant votre connexion via Google, vous acceptez les
CGU
et déclarez avoir pris connaissance de la
politique de protection des données
d’Hellowork. Si vous ne disposez pas déjà d’un compte Hellowork associé
à l'adresse email de votre compte Google, un compte Hellowork vous sera créé.",conducteur de travaux confirmé construction bois h f,vcsp batiment nord est et ansc recrutement,se connecter à hellowork avec google continuer avec google en poursuivant votre connexion via google  vous acceptez les cgu et déclarez avoir pris connaissance de la politique de protection des données d hellowork  si vous ne disposez pas déjà d un compte hellowork associé à l'adresse email de votre compte google  un compte hellowork vous sera créé,Chemillé-en-Anjou,49,0,Non précisé,BTP,30000.0,42500.0,36250.0,True,annual,35-50k,aucune,[],0,2025-12-10,1,0,0,0,4,4
https://www.hellowork.com/fr-fr/emplois/71366869.html,Monteur Réseaux Aériens H/F,VINCI Energies France Infras Grand Ouest recrutement,Granville - 50,CDI,"BEP, CAP",Secteur Energie • Environnement,10/12/2025,25 000 - 34 000 € / an,"Se connecter à Hellowork avec Google
Continuer avec Google
En poursuivant votre connexion via Google, vous acceptez les
CGU
et déclarez avoir pris connaissance de la
politique de protection des données
d’Hellowork. Si vous ne disposez pas déjà d’un compte Hellowork associé
à l'adresse email de votre compte Google, un compte Hellowork vous sera créé.",monteur réseaux aériens h f,vinci energies france infras grand ouest recrutement,se connecter à hellowork avec google continuer avec google en poursuivant votre connexion via google  vous acceptez les cgu et déclarez avoir pris connaissance de la politique de protection des données d hellowork  si vous ne disposez pas déjà d un compte hellowork associé à l'adresse email de votre compte google  un compte hellowork vous sera créé,Granville,50,13,Secteur mentionné,Secteur Energie • Environnement,25000.0,34000.0,29500.0,False,annual,25-35k,aucune,[],0,2025-12-10,1,0,0,0,0,5
https://www.hellowork.com/fr-fr/emplois/69006659.html,Coordinateur Technique H/F,CBRE GWS FRANCE recrutement,Courbevoie - 92,CDI,Bac +2,Immobilier,10/12/2025,38 000 - 42 000 € / an,"Se connecter à Hellowork avec Google
Continuer avec Google
En poursuivant votre connexion via Google, vous acceptez les
CGU
et déclarez avoir pris connaissance de la
politique de protection des données
d’Hellowork. Si vous ne disposez pas déjà d’un compte Hellowork associé
à l'adresse email de votre compte Google, un compte Hellowork vous sera créé.",coordinateur technique h f,cbre gws france recrutement,se connecter à hellowork avec google continuer avec google en poursuivant votre connexion via google  vous acceptez les cgu et déclarez avoir pris connaissance de la politique de protection des données d hellowork  si vous ne disposez pas déjà d un compte hellowork associé à l'adresse email de votre compte google  un compte hellowork vous sera créé,Courbevoie,92,8,Non précisé,Immobilier,38000.0,42000.0,40000.0,False,annual,35-50k,aucune,[],0,2025-12-10,1,0,0,0,2,2
https://www.hellowork.com/fr-fr/emplois/70128201.html,Ingénieur·e Systeme Exploitation Windows Server H/F,Safran recrutement,Bordeaux - 33,CDI,Bac +5,Industrie Aéronautique • Aérospatial,10/12/2025,Pas de salaire renseigné,"Se connecter à Hellowork avec Google
Continuer avec Google
En poursuivant votre connexion via Google, vous acceptez les
CGU
et déclarez avoir pris connaissance de la
politique de protection des données
d’Hellowork. Si vous ne disposez pas déjà d’un compte Hellowork associé
à l'adresse email de votre compte Google, un compte Hellowork vous sera créé.",ingénieur e systeme exploitation windows server h f,safran recrutement,se connecter à hellowork avec google continuer avec google en poursuivant votre connexion via google  vous acceptez les cgu et déclarez avoir pris connaissance de la politique de protection des données d hellowork  si vous ne disposez pas déjà d un compte hellowork associé à l'adresse email de votre compte google  un compte hellowork vous sera créé,Bordeaux,33,10,Secteur mentionné,Industrie Aéronautique • Aérospatial,,,,False,,Non renseigné,aucune,[],0,2025-12-10,1,0,0,0,4,3
https://www.hellowork.com/fr-fr/emplois/70148781.html,Directeur de Station de Télésurveillance H/F,Goron Securité recrutement,Tremblay-en-France - 93,CDI,Bac +5,Services aux Entreprises,10/12/2025,Pas de salaire renseigné,"Se connecter à Hellowork avec Google
Continuer avec Google
En poursuivant votre connexion via Google, vous acceptez les
CGU
et déclarez avoir pris connaissance de la
politique de protection des données
d’Hellowork. Si vous ne disposez pas déjà d’un compte Hellowork associé
à l'adresse email de votre compte Google, un compte Hellowork vous sera créé.",directeur de station de télésurveillance h f,goron securité recrutement,se connecter à hellowork avec google continuer avec google en poursuivant votre connexion via google  vous acceptez les cgu et déclarez avoir pris connaissance de la politique de protection des données d hellowork  si vous ne disposez pas déjà d un compte hellowork associé à l'adresse email de votre compte google  un compte hellowork vous sera créé,Tremblay-en-France,93,16,Non précisé,Services aux Entreprises,,,,False,,Non renseigné,aucune,[],0,2025-12-10,1,0,0,0,4,3
https://www.hellowork.com/fr-fr/emplois/72465778.html,Responsable Technique Régional H/F,123 Pare-Brise recrutement,Île-de-France,CDI,"BEP, CAP",Bac,10/12/2025,3 250 - 3 500 € / mois,"Se connecter à Hellowork avec Google
Continuer avec Google
En poursuivant votre connexion via Google, vous acceptez les
CGU
et déclarez avoir pris connaissance de la
politique de protection des données
d’Hellowork. Si vous ne disposez pas déjà d’un compte Hellowork associé
à l'adresse email de votre compte Google, un compte Hellowork vous sera créé.",responsable technique régional h f,123 pare-brise recrutement,se connecter à hellowork avec google continuer avec google en poursuivant votre connexion via google  vous acceptez les cgu et déclarez avoir pris connaissance de la politique de protection des données d hellowork  si vous ne disposez pas déjà d un compte hellowork associé à l'adresse email de votre compte google  un compte hellowork vous sera créé,Île-de-France,,1,Niveau études,Bac,39000.0,42000.0,40500.0,False,monthly,35-50k,aucune,[],0,2025-12-10,1,0,0,0,0,2
https://www.hellowork.com/fr-fr/emplois/70129438.html,Responsable Administratif et Financier Maitrise d'Ouvrage H/F,Société Dauphinoise pour l'Habitat recrutement,Échirolles - 38,CDI,"Bac +3, Bac +4",Bac +5,10/12/2025,37 240 - 40 000 € / an,"Se connecter à Hellowork avec Google
Continuer avec Google
En poursuivant votre connexion via Google, vous acceptez les
CGU
et déclarez avoir pris connaissance de la
politique de protection des données
d’Hellowork. Si vous ne disposez pas déjà d’un compte Hellowork associé
à l'adresse email de votre compte Google, un compte Hellowork vous sera créé.",responsable administratif et financier maitrise d'ouvrage h f,société dauphinoise pour l'habitat recrutement,se connecter à hellowork avec google continuer avec google en poursuivant votre connexion via google  vous acceptez les cgu et déclarez avoir pris connaissance de la politique de protection des données d hellowork  si vous ne disposez pas déjà d un compte hellowork associé à l'adresse email de votre compte google  un compte hellowork vous sera créé,Échirolles,38,4,Niveau études,Bac +5,37240.0,40000.0,38620.0,False,annual,35-50k,aucune,[],0,2025-12-10,1,0,0,0,3,2
https://www.hellowork.com/fr-fr/emplois/71366888.html,Responsable d'Affaires en Génie Électrique H/F,Vinci Energies France Tertiaire Grand Ouest recrutement,Tours - 37,CDI,Bac +5,Secteur Energie • Environnement,10/12/2025,42 000 - 49 000 € / an,"Se connecter à Hellowork avec Google
Continuer avec Google
En poursuivant votre connexion via Google, vous acceptez les
CGU
et déclarez avoir pris connaissance de la
politique de protection des données
d’Hellowork. Si vous ne disposez pas déjà d’un compte Hellowork associé
à l'adresse email de votre compte Google, un compte Hellowork vous sera créé.",responsable d'affaires en génie électrique h f,vinci energies france tertiaire grand ouest recrutement,se connecter à hellowork avec google continuer avec google en poursuivant votre connexion via google  vous acceptez les cgu et déclarez avoir pris connaissance de la politique de protection des données d hellowork  si vous ne disposez pas déjà d un compte hellowork associé à l'adresse email de votre compte google  un compte hellowork vous sera créé,Tours,37,13,Secteur mentionné,Secteur Energie • Environnement,42000.0,49000.0,45500.0,False,annual,35-50k,aucune,[],0,2025-12-10,1,0,0,0,4,1
https://www.hellowork.com/fr-fr/emplois/71366848.html,Chargé de Mission Sécurité au Travail H/F,Voies Navigables de France recrutement,Béthune - 62,CDI,Bac +5,Transport • Logistique,10/12/2025,Estimation → 30 100 - 43 800 € / an,"Se connecter à Hellowork avec Google
Continuer avec Google
En poursuivant votre connexion via Google, vous acceptez les
CGU
et déclarez avoir pris connaissance de la
politique de protection des données
d’Hellowork. Si vous ne disposez pas déjà d’un compte Hellowork associé
à l'adresse email de votre compte Google, un compte Hellowork vous sera créé.",chargé de mission sécurité au travail h f,voies navigables de france recrutement,se connecter à hellowork avec google continuer avec google en poursuivant votre connexion via google  vous acceptez les cgu et déclarez avoir pris connaissance de la politique de protection des données d hellowork  si vous ne disposez pas déjà d un compte hellowork associé à l'adresse email de votre compte google  un compte hellowork vous sera créé,Béthune,62,18,Secteur mentionné,Transport • Logistique,30100.0,43800.0,36950.0,True,annual,35-50k,aucune,[],0,2025-12-10,1,0,0,0,4,3
https://www.hellowork.com/fr-fr/emplois/70136841.html,Conducteur de Matériel de Collecte Bom Di H/F,Veolia Environnement recrutement,Saint-Herblain - 44,CDI,"BEP, CAP",Bac,10/12/2025,Estimation → 23 300 - 29 300 € / an,"Se connecter à Hellowork avec Google
Continuer avec Google
En poursuivant votre connexion via Google, vous acceptez les
CGU
et déclarez avoir pris connaissance de la
politique de protection des données
d’Hellowork. Si vous ne disposez pas déjà d’un compte Hellowork associé
à l'adresse email de votre compte Google, un compte Hellowork vous sera créé.",conducteur de matériel de collecte bom di h f,veolia environnement recrutement,se connecter à hellowork avec google continuer avec google en poursuivant votre connexion via google  vous acceptez les cgu et déclarez avoir pris connaissance de la politique de protection des données d hellowork  si vous ne disposez pas déjà d un compte hellowork associé à l'adresse email de votre compte google  un compte hellowork vous sera créé,Saint-Herblain,44,1,Niveau études,Bac,23300.0,29300.0,26300.0,True,annual,25-35k,aucune,[],0,2025-12-10,1,0,0,0,0,0
https://www.hellowork.com/fr-fr/emplois/71358323.html,Assistant Chef Produits H/F,Groupe COFAQ recrutement,Poitiers - 86,CDI,Bac +2,Distribution • Commerce de gros,10/12/2025,Pas de salaire renseigné,"Se connecter à Hellowork avec Google
Continuer avec Google
En poursuivant votre connexion via Google, vous acceptez les
CGU
et déclarez avoir pris connaissance de la
politique de protection des données
d’Hellowork. Si vous ne disposez pas déjà d’un compte Hellowork associé
à l'adresse email de votre compte Google, un compte Hellowork vous sera créé.",assistant chef produits h f,groupe cofaq recrutement,se connecter à hellowork avec google continuer avec google en poursuivant votre connexion via google  vous acceptez les cgu et déclarez avoir pris connaissance de la politique de protection des données d hellowork  si vous ne disposez pas déjà d un compte hellowork associé à l'adresse email de votre compte google  un compte hellowork vous sera créé,Poitiers,86,6,Secteur mentionné,Distribution • Commerce de gros,,,,False,,Non renseigné,aucune,[],0,2025-12-10,1,0,0,0,2,4
https://www.hellowork.com/fr-fr/emplois/71349340.html,Biologiste Médical en Onco-Hématologie H/F,Groupe Cerba Healthcare recrutement,Frépillon - 95,CDI,Bac +5,Service public hospitalier,10/12/2025,Pas de salaire renseigné,"Se connecter à Hellowork avec Google
Continuer avec Google
En poursuivant votre connexion via Google, vous acceptez les
CGU
et déclarez avoir pris connaissance de la
politique de protection des données
d’Hellowork. Si vous ne disposez pas déjà d’un compte Hellowork associé
à l'adresse email de votre compte Google, un compte Hellowork vous sera créé.",biologiste médical en onco-hématologie h f,groupe cerba healthcare recrutement,se connecter à hellowork avec google continuer avec google en poursuivant votre connexion via google  vous acceptez les cgu et déclarez avoir pris connaissance de la politique de protection des données d hellowork  si vous ne disposez pas déjà d un compte hellowork associé à l'adresse email de votre compte google  un compte hellowork vous sera créé,Frépillon,95,15,Non précisé,Service public hospitalier,,,,False,,Non renseigné,aucune,[],0,2025-12-10,1,0,0,0,4,3
https://www.hellowork.com/fr-fr/emplois/70113418.html,Poseur Confirme H/F,Ouverture's recrutement,Pont-l'Évêque - 14,CDI,"BEP, CAP",Industrie Manufacturière,10/12/2025,Pas de salaire renseigné,"Se connecter à Hellowork avec Google
Continuer avec Google
En poursuivant votre connexion via Google, vous acceptez les
CGU
et déclarez avoir pris connaissance de la
politique de protection des données
d’Hellowork. Si vous ne disposez pas déjà d’un compte Hellowork associé
à l'adresse email de votre compte Google, un compte Hellowork vous sera créé.",poseur confirme h f,ouverture's recrutement,se connecter à hellowork avec google continuer avec google en poursuivant votre connexion via google  vous acceptez les cgu et déclarez avoir pris connaissance de la politique de protection des données d hellowork  si vous ne disposez pas déjà d un compte hellowork associé à l'adresse email de votre compte google  un compte hellowork vous sera créé,Pont-l'Évêque,14,11,Non précisé,Industrie Manufacturière,,,,False,,Non renseigné,aucune,[],0,2025-12-10,1,0,0,0,0,5
https://www.hellowork.com/fr-fr/emplois/70119909.html,Chargé d'Affaires CVC H/F,Groupe Fauché recrutement,Collonges-au-Mont-d'Or - 69,CDI,Bac +2,"Bac +3, Bac +4",10/12/2025,50 000 - 55 000 € / an,"Se connecter à Hellowork avec Google
Continuer avec Google
En poursuivant votre connexion via Google, vous acceptez les
CGU
et déclarez avoir pris connaissance de la
politique de protection des données
d’Hellowork. Si vous ne disposez pas déjà d’un compte Hellowork associé
à l'adresse email de votre compte Google, un compte Hellowork vous sera créé.",chargé d'affaires cvc h f,groupe fauché recrutement,se connecter à hellowork avec google continuer avec google en poursuivant votre connexion via google  vous acceptez les cgu et déclarez avoir pris connaissance de la politique de protection des données d hellowork  si vous ne disposez pas déjà d un compte hellowork associé à l'adresse email de votre compte google  un compte hellowork vous sera créé,Collonges-au-Mont-d'Or,69,3,Niveau études,"Bac +3, Bac +4",50000.0,55000.0,52500.0,False,annual,50-70k,aucune,[],0,2025-12-10,1,0,0,0,2,2
https://www.hellowork.com/fr-fr/emplois/70133665.html,Chef de Projets AMOA H/F,MAF - Mutuelle des Architectes Français recrutement,Paris 17e - 75,CDI,Bac +5,Banque • Assurance • Finance,10/12/2025,Estimation → 45 000 - 66 000 € / an,"Se connecter à Hellowork avec Google
Continuer avec Google
En poursuivant votre connexion via Google, vous acceptez les
CGU
et déclarez avoir pris connaissance de la
politique de protection des données
d’Hellowork. Si vous ne disposez pas déjà d’un compte Hellowork associé
à l'adresse email de votre compte Google, un compte Hellowork vous sera créé.",chef de projets amoa h f,maf - mutuelle des architectes français recrutement,se connecter à hellowork avec google continuer avec google en poursuivant votre connexion via google  vous acceptez les cgu et déclarez avoir pris connaissance de la politique de protection des données d hellowork  si vous ne disposez pas déjà d un compte hellowork associé à l'adresse email de votre compte google  un compte hellowork vous sera créé,Paris 17e,75,5,Secteur mentionné,Banque • Assurance • Finance,45000.0,66000.0,55500.0,True,annual,50-70k,aucune,[],0,2025-12-10,1,0,0,0,4,1
https://www.hellowork.com/fr-fr/emplois/70115682.html,Responsable Maintenance 01 H/F,Lactalis recrutement,Saint-Vulbas - 01,CDI,Bac +2,"Bac +3, Bac +4",10/12/2025,Estimation → 33 000 - 47 500 € / an,"Se connecter à Hellowork avec Google
Continuer avec Google
En poursuivant votre connexion via Google, vous acceptez les
CGU
et déclarez avoir pris connaissance de la
politique de protection des données
d’Hellowork. Si vous ne disposez pas déjà d’un compte Hellowork associé
à l'adresse email de votre compte Google, un compte Hellowork vous sera créé.",responsable maintenance 01 h f,lactalis recrutement,se connecter à hellowork avec google continuer avec google en poursuivant votre connexion via google  vous acceptez les cgu et déclarez avoir pris connaissance de la politique de protection des données d hellowork  si vous ne disposez pas déjà d un compte hellowork associé à l'adresse email de votre compte google  un compte hellowork vous sera créé,Saint-Vulbas,01,3,Niveau études,"Bac +3, Bac +4",33000.0,47500.0,40250.0,True,annual,35-50k,aucune,[],0,2025-12-10,1,0,0,0,2,2
https://www.hellowork.com/fr-fr/emplois/71365556.html,Adr 297 - Head Of Revenue Operations H/F,Groupe La Centrale recrutement,Paris 8e - 75,CDI,Bac +5,Distribution • Commerce de gros,10/12/2025,Estimation → 40 000 - 67 500 € / an,"Se connecter à Hellowork avec Google
Continuer avec Google
En poursuivant votre connexion via Google, vous acceptez les
CGU
et déclarez avoir pris connaissance de la
politique de protection des données
d’Hellowork. Si vous ne disposez pas déjà d’un compte Hellowork associé
à l'adresse email de votre compte Google, un compte Hellowork vous sera créé.",adr 297 - head of revenue operations h f,groupe la centrale recrutement,se connecter à hellowork avec google continuer avec google en poursuivant votre connexion via google  vous acceptez les cgu et déclarez avoir pris connaissance de la politique de protection des données d hellowork  si vous ne disposez pas déjà d un compte hellowork associé à l'adresse email de votre compte google  un compte hellowork vous sera créé,Paris 8e,75,6,Secteur mentionné,Distribution • Commerce de gros,40000.0,67500.0,53750.0,True,annual,50-70k,aucune,[],0,2025-12-10,1,0,0,0,4,1
https://www.hellowork.com/fr-fr/emplois/71352877.html,Gardien d'Immeubles H/F,Scalis recrutement,La Châtre - 36,CDI,Bac,Immobilier,10/12/2025,1 930 - 1 931 € / mois,"Se connecter à Hellowork avec Google
Continuer avec Google
En poursuivant votre connexion via Google, vous acceptez les
CGU
et déclarez avoir pris connaissance de la
politique de protection des données
d’Hellowork. Si vous ne disposez pas déjà d’un compte Hellowork associé
à l'adresse email de votre compte Google, un compte Hellowork vous sera créé.",gardien d'immeubles h f,scalis recrutement,se connecter à hellowork avec google continuer avec google en poursuivant votre connexion via google  vous acceptez les cgu et déclarez avoir pris connaissance de la politique de protection des données d hellowork  si vous ne disposez pas déjà d un compte hellowork associé à l'adresse email de votre compte google  un compte hellowork vous sera créé,La Châtre,36,8,Non précisé,Immobilier,23160.0,23172.0,23166.0,False,monthly,< 25k,aucune,[],0,2025-12-10,1,0,0,0,1,5
https://www.hellowork.com/fr-fr/emplois/71358988.html,Responsable de Magasin 2025 H/F,Happy Curl - La Boutique du Coiffeur recrutement,Essey-lès-Nancy - 54,CDI,Bac +2,"Bac +3, Bac +4",10/12/2025,2 075 - 2 657 € / mois,"Se connecter à Hellowork avec Google
Continuer avec Google
En poursuivant votre connexion via Google, vous acceptez les
CGU
et déclarez avoir pris connaissance de la
politique de protection des données
d’Hellowork. Si vous ne disposez pas déjà d’un compte Hellowork associé
à l'adresse email de votre compte Google, un compte Hellowork vous sera créé.",responsable de magasin 2025 h f,happy curl - la boutique du coiffeur recrutement,se connecter à hellowork avec google continuer avec google en poursuivant votre connexion via google  vous acceptez les cgu et déclarez avoir pris connaissance de la politique de protection des données d hellowork  si vous ne disposez pas déjà d un compte hellowork associé à l'adresse email de votre compte google  un compte hellowork vous sera créé,Essey-lès-Nancy,54,3,Niveau études,"Bac +3, Bac +4",24900.0,31884.0,28392.0,False,monthly,25-35k,aucune,[],0,2025-12-10,1,0,0,0,2,4
https://www.hellowork.com/fr-fr/emplois/62652092.html,Infirmier Préleveur - Technicien Préleveur H/F,Groupe Cerba Healthcare recrutement,Indre - 36,CDI,Bac +2,"Bac +3, Bac +4",10/12/2025,Pas de salaire renseigné,"Se connecter à Hellowork avec Google
Continuer avec Google
En poursuivant votre connexion via Google, vous acceptez les
CGU
et déclarez avoir pris connaissance de la
politique de protection des données
d’Hellowork. Si vous ne disposez pas déjà d’un compte Hellowork associé
à l'adresse email de votre compte Google, un compte Hellowork vous sera créé.",infirmier préleveur - technicien préleveur h f,groupe cerba healthcare recrutement,se connecter à hellowork avec google continuer avec google en poursuivant votre connexion via google  vous acceptez les cgu et déclarez avoir pris connaissance de la politique de protection des données d hellowork  si vous ne disposez pas déjà d un compte hellowork associé à l'adresse email de votre compte google  un compte hellowork vous sera créé,Indre,36,3,Niveau études,"Bac +3, Bac +4",,,,False,,Non renseigné,aucune,[],0,2025-12-10,1,0,0,0,2,4
https://www.hellowork.com/fr-fr/emplois/71361715.html,Category Leader H/F,Brico Dépôt recrutement,Longpont-sur-Orge - 91,CDI,Bac +5,Distribution • Commerce de gros,10/12/2025,Pas de salaire renseigné,"Se connecter à Hellowork avec Google
Continuer avec Google
En poursuivant votre connexion via Google, vous acceptez les
CGU
et déclarez avoir pris connaissance de la
politique de protection des données
d’Hellowork. Si vous ne disposez pas déjà d’un compte Hellowork associé
à l'adresse email de votre compte Google, un compte Hellowork vous sera créé.",category leader h f,brico dépôt recrutement,se connecter à hellowork avec google continuer avec google en poursuivant votre connexion via google  vous acceptez les cgu et déclarez avoir pris connaissance de la politique de protection des données d hellowork  si vous ne disposez pas déjà d un compte hellowork associé à l'adresse email de votre compte google  un compte hellowork vous sera créé,Longpont-sur-Orge,91,6,Secteur mentionné,Distribution • Commerce de gros,,,,False,,Non renseigné,aucune,[],0,2025-12-10,1,0,0,0,4,3
https://www.hellowork.com/fr-fr/emplois/65244564.html,Technicien Installation Ascenseurs H/F,Kone recrutement,Saint-Nazaire - 44,CDI,Bac,Bac +2,10/12/2025,Estimation → 25 700 - 34 500 € / an,"Se connecter à Hellowork avec Google
Continuer avec Google
En poursuivant votre connexion via Google, vous acceptez les
CGU
et déclarez avoir pris connaissance de la
politique de protection des données
d’Hellowork. Si vous ne disposez pas déjà d’un compte Hellowork associé
à l'adresse email de votre compte Google, un compte Hellowork vous sera créé.",technicien installation ascenseurs h f,kone recrutement,se connecter à hellowork avec google continuer avec google en poursuivant votre connexion via google  vous acceptez les cgu et déclarez avoir pris connaissance de la politique de protection des données d hellowork  si vous ne disposez pas déjà d un compte hellowork associé à l'adresse email de votre compte google  un compte hellowork vous sera créé,Saint-Nazaire,44,2,Niveau études,Bac +2,25700.0,34500.0,30100.0,True,annual,25-35k,aucune,[],0,2025-12-10,1,0,0,0,1,4
https://www.hellowork.com/fr-fr/emplois/70129906.html,Auxilaire de Vie H/F,ADHAP recrutement,Vitrolles - 13,CDI,"BEP, CAP",Services aux Personnes • Particuliers,10/12/2025,"11,88 - 12,49 € / heure","Se connecter à Hellowork avec Google
Continuer avec Google
En poursuivant votre connexion via Google, vous acceptez les
CGU
et déclarez avoir pris connaissance de la
politique de protection des données
d’Hellowork. Si vous ne disposez pas déjà d’un compte Hellowork associé
à l'adresse email de votre compte Google, un compte Hellowork vous sera créé.",auxilaire de vie h f,adhap recrutement,se connecter à hellowork avec google continuer avec google en poursuivant votre connexion via google  vous acceptez les cgu et déclarez avoir pris connaissance de la politique de protection des données d hellowork  si vous ne disposez pas déjà d un compte hellowork associé à l'adresse email de votre compte google  un compte hellowork vous sera créé,Vitrolles,13,17,Secteur mentionné,Services aux Personnes • Particuliers,19543.0,20546.0,20044.5,False,hourly,< 25k,aucune,[],0,2025-12-10,1,0,0,0,0,5
https://www.hellowork.com/fr-fr/emplois/72462439.html,Responsable Marketing Qualite et Experience Client H/F,Volkswagen recrutement,Noisy-le-Grand - 93,CDI,Bac +5,Industrie Auto • Meca • Navale,10/12/2025,Estimation → 42 500 - 71 200 € / an,"Se connecter à Hellowork avec Google
Continuer avec Google
En poursuivant votre connexion via Google, vous acceptez les
CGU
et déclarez avoir pris connaissance de la
politique de protection des données
d’Hellowork. Si vous ne disposez pas déjà d’un compte Hellowork associé
à l'adresse email de votre compte Google, un compte Hellowork vous sera créé.",responsable marketing qualite et experience client h f,volkswagen recrutement,se connecter à hellowork avec google continuer avec google en poursuivant votre connexion via google  vous acceptez les cgu et déclarez avoir pris connaissance de la politique de protection des données d hellowork  si vous ne disposez pas déjà d un compte hellowork associé à l'adresse email de votre compte google  un compte hellowork vous sera créé,Noisy-le-Grand,93,9,Secteur mentionné,Industrie Auto • Meca • Navale,42500.0,71200.0,56850.0,True,annual,50-70k,aucune,[],0,2025-12-10,1,0,0,0,4,1
https://www.hellowork.com/fr-fr/emplois/71363386.html,Responsable de Magasin H/F,Boulangerie  Ange recrutement,Écully - 69,CDI,Bac +2,"Bac +3, Bac +4",10/12/2025,Estimation → 25 700 - 40 000 € / an,"Se connecter à Hellowork avec Google
Continuer avec Google
En poursuivant votre connexion via Google, vous acceptez les
CGU
et déclarez avoir pris connaissance de la
politique de protection des données
d’Hellowork. Si vous ne disposez pas déjà d’un compte Hellowork associé
à l'adresse email de votre compte Google, un compte Hellowork vous sera créé.",responsable de magasin h f,boulangerie ange recrutement,se connecter à hellowork avec google continuer avec google en poursuivant votre connexion via google  vous acceptez les cgu et déclarez avoir pris connaissance de la politique de protection des données d hellowork  si vous ne disposez pas déjà d un compte hellowork associé à l'adresse email de votre compte google  un compte hellowork vous sera créé,Écully,69,3,Niveau études,"Bac +3, Bac +4",25700.0,40000.0,32850.0,True,annual,25-35k,aucune,[],0,2025-12-10,1,0,0,0,2,4
https://www.hellowork.com/fr-fr/emplois/71359943.html,Conducteur de Travaux Photovoltaïque H/F,Groupe OPNR recrutement,Lyon - 69,CDI,Bac +2,"Bac +3, Bac +4",10/12/2025,3 175 € / mois,"Se connecter à Hellowork avec Google
Continuer avec Google
En poursuivant votre connexion via Google, vous acceptez les
CGU
et déclarez avoir pris connaissance de la
politique de protection des données
d’Hellowork. Si vous ne disposez pas déjà d’un compte Hellowork associé
à l'adresse email de votre compte Google, un compte Hellowork vous sera créé.",conducteur de travaux photovoltaïque h f,groupe opnr recrutement,se connecter à hellowork avec google continuer avec google en poursuivant votre connexion via google  vous acceptez les cgu et déclarez avoir pris connaissance de la politique de protection des données d hellowork  si vous ne disposez pas déjà d un compte hellowork associé à l'adresse email de votre compte google  un compte hellowork vous sera créé,Lyon,69,3,Niveau études,"Bac +3, Bac +4",38100.0,38100.0,38100.0,False,monthly,35-50k,aucune,[],0,2025-12-10,1,0,0,0,2,2
https://www.hellowork.com/fr-fr/emplois/72465759.html,Chef de Centre H/F,123 Pare-Brise recrutement,Saint-Brice-sous-Forêt - 95,CDI,"BEP, CAP",Bac +2,10/12/2025,2 510 - 3 000 € / mois,"Se connecter à Hellowork avec Google
Continuer avec Google
En poursuivant votre connexion via Google, vous acceptez les
CGU
et déclarez avoir pris connaissance de la
politique de protection des données
d’Hellowork. Si vous ne disposez pas déjà d’un compte Hellowork associé
à l'adresse email de votre compte Google, un compte Hellowork vous sera créé.",chef de centre h f,123 pare-brise recrutement,se connecter à hellowork avec google continuer avec google en poursuivant votre connexion via google  vous acceptez les cgu et déclarez avoir pris connaissance de la politique de protection des données d hellowork  si vous ne disposez pas déjà d un compte hellowork associé à l'adresse email de votre compte google  un compte hellowork vous sera créé,Saint-Brice-sous-Forêt,95,2,Niveau études,Bac +2,30120.0,36000.0,33060.0,False,monthly,25-35k,aucune,[],0,2025-12-10,1,0,0,0,0,0
https://www.hellowork.com/fr-fr/emplois/72465762.html,Technicien Automobile H/F,123 Pare-Brise recrutement,Saint-Brice-sous-Forêt - 95,CDI,"BEP, CAP",Bac,10/12/2025,2 081 - 2 350 € / mois,"Se connecter à Hellowork avec Google
Continuer avec Google
En poursuivant votre connexion via Google, vous acceptez les
CGU
et déclarez avoir pris connaissance de la
politique de protection des données
d’Hellowork. Si vous ne disposez pas déjà d’un compte Hellowork associé
à l'adresse email de votre compte Google, un compte Hellowork vous sera créé.",technicien automobile h f,123 pare-brise recrutement,se connecter à hellowork avec google continuer avec google en poursuivant votre connexion via google  vous acceptez les cgu et déclarez avoir pris connaissance de la politique de protection des données d hellowork  si vous ne disposez pas déjà d un compte hellowork associé à l'adresse email de votre compte google  un compte hellowork vous sera créé,Saint-Brice-sous-Forêt,95,1,Niveau études,Bac,24972.0,28200.0,26586.0,False,monthly,25-35k,aucune,[],0,2025-12-10,1,0,0,0,0,0
https://www.hellowork.com/fr-fr/emplois/70111803.html,Mécanicien Robinetier H/F,Groupe Foure Lagadec recrutement,Vénissieux - 69,CDI,Bac +2,BTP,10/12/2025,2 000 - 2 500 € / mois,"Se connecter à Hellowork avec Google
Continuer avec Google
En poursuivant votre connexion via Google, vous acceptez les
CGU
et déclarez avoir pris connaissance de la
politique de protection des données
d’Hellowork. Si vous ne disposez pas déjà d’un compte Hellowork associé
à l'adresse email de votre compte Google, un compte Hellowork vous sera créé.",mécanicien robinetier h f,groupe foure lagadec recrutement,se connecter à hellowork avec google continuer avec google en poursuivant votre connexion via google  vous acceptez les cgu et déclarez avoir pris connaissance de la politique de protection des données d hellowork  si vous ne disposez pas déjà d un compte hellowork associé à l'adresse email de votre compte google  un compte hellowork vous sera créé,Vénissieux,69,0,Non précisé,BTP,24000.0,30000.0,27000.0,False,monthly,25-35k,aucune,[],0,2025-12-10,1,0,0,0,2,4
https://www.hellowork.com/fr-fr/emplois/67780601.html,Chef de Chantier Construction Bois H/F,VCSP Batiment Nord Est et ANSC recrutement,Rueil-Malmaison - 92,CDI,Bac +2,BTP,10/12/2025,Estimation → 36 200 - 57 500 € / an,"Se connecter à Hellowork avec Google
Continuer avec Google
En poursuivant votre connexion via Google, vous acceptez les
CGU
et déclarez avoir pris connaissance de la
politique de protection des données
d’Hellowork. Si vous ne disposez pas déjà d’un compte Hellowork associé
à l'adresse email de votre compte Google, un compte Hellowork vous sera créé.",chef de chantier construction bois h f,vcsp batiment nord est et ansc recrutement,se connecter à hellowork avec google continuer avec google en poursuivant votre connexion via google  vous acceptez les cgu et déclarez avoir pris connaissance de la politique de protection des données d hellowork  si vous ne disposez pas déjà d un compte hellowork associé à l'adresse email de votre compte google  un compte hellowork vous sera créé,Rueil-Malmaison,92,0,Non précisé,BTP,36200.0,57500.0,46850.0,True,annual,35-50k,aucune,[],0,2025-12-10,1,0,0,0,2,2
https://www.hellowork.com/fr-fr/emplois/70137895.html,Conducteur de Travaux Confirmé Construction Bois H/F,VCSP Batiment Nord Est et ANSC recrutement,Chemillé-en-Anjou - 49,CDI,Bac +5,BTP,10/12/2025,Estimation → 30 000 - 42 500 € / an,"Se connecter à Hellowork avec Google
Continuer avec Google
En poursuivant votre connexion via Google, vous acceptez les
CGU
et déclarez avoir pris connaissance de la
politique de protection des données
d’Hellowork. Si vous ne disposez pas déjà d’un compte Hellowork associé
à l'adresse email de votre compte Google, un compte Hellowork vous sera créé.",conducteur de travaux confirmé construction bois h f,vcsp batiment nord est et ansc recrutement,se connecter à hellowork avec google continuer avec google en poursuivant votre connexion via google  vous acceptez les cgu et déclarez avoir pris connaissance de la politique de protection des données d hellowork  si vous ne disposez pas déjà d un compte hellowork associé à l'adresse email de votre compte google  un compte hellowork vous sera créé,Chemillé-en-Anjou,49,0,Non précisé,BTP,30000.0,42500.0,36250.0,True,annual,35-50k,aucune,[],0,2025-12-10,1,0,0,0,4,4
https://www.hellowork.com/fr-fr/emplois/71366869.html,Monteur Réseaux Aériens H/F,VINCI Energies France Infras Grand Ouest recrutement,Granville - 50,CDI,"BEP, CAP",Secteur Energie • Environnement,10/12/2025,25 000 - 34 000 € / an,"Se connecter à Hellowork avec Google
Continuer avec Google
En poursuivant votre connexion via Google, vous acceptez les
CGU
et déclarez avoir pris connaissance de la
politique de protection des données
d’Hellowork. Si vous ne disposez pas déjà d’un compte Hellowork associé
à l'adresse email de votre compte Google, un compte Hellowork vous sera créé.",monteur réseaux aériens h f,vinci energies france infras grand ouest recrutement,se connecter à hellowork avec google continuer avec google en poursuivant votre connexion via google  vous acceptez les cgu et déclarez avoir pris connaissance de la politique de protection des données d hellowork  si vous ne disposez pas déjà d un compte hellowork associé à l'adresse email de votre compte google  un compte hellowork vous sera créé,Granville,50,13,Secteur mentionné,Secteur Energie • Environnement,25000.0,34000.0,29500.0,False,annual,25-35k,aucune,[],0,2025-12-10,1,0,0,0,0,5
https://www.hellowork.com/fr-fr/emplois/69006659.html,Coordinateur Technique H/F,CBRE GWS FRANCE recrutement,Courbevoie - 92,CDI,Bac +2,Immobilier,10/12/2025,38 000 - 42 000 € / an,"Se connecter à Hellowork avec Google
Continuer avec Google
En poursuivant votre connexion via Google, vous acceptez les
CGU
et déclarez avoir pris connaissance de la
politique de protection des données
d’Hellowork. Si vous ne disposez pas déjà d’un compte Hellowork associé
à l'adresse email de votre compte Google, un compte Hellowork vous sera créé.",coordinateur technique h f,cbre gws france recrutement,se connecter à hellowork avec google continuer avec google en poursuivant votre connexion via google  vous acceptez les cgu et déclarez avoir pris connaissance de la politique de protection des données d hellowork  si vous ne disposez pas déjà d un compte hellowork associé à l'adresse email de votre compte google  un compte hellowork vous sera créé,Courbevoie,92,8,Non précisé,Immobilier,38000.0,42000.0,40000.0,False,annual,35-50k,aucune,[],0,2025-12-10,1,0,0,0,2,2
https://www.hellowork.com/fr-fr/emplois/70128201.html,Ingénieur·e Systeme Exploitation Windows Server H/F,Safran recrutement,Bordeaux - 33,CDI,Bac +5,Industrie Aéronautique • Aérospatial,10/12/2025,Pas de salaire renseigné,"Se connecter à Hellowork avec Google
Continuer avec Google
En poursuivant votre connexion via Google, vous acceptez les
CGU
et déclarez avoir pris connaissance de la
politique de protection des données
d’Hellowork. Si vous ne disposez pas déjà d’un compte Hellowork associé
à l'adresse email de votre compte Google, un compte Hellowork vous sera créé.",ingénieur e systeme exploitation windows server h f,safran recrutement,se connecter à hellowork avec google continuer avec google en poursuivant votre connexion via google  vous acceptez les cgu et déclarez avoir pris connaissance de la politique de protection des données d hellowork  si vous ne disposez pas déjà d un compte hellowork associé à l'adresse email de votre compte google  un compte hellowork vous sera créé,Bordeaux,33,10,Secteur mentionné,Industrie Aéronautique • Aérospatial,,,,False,,Non renseigné,aucune,[],0,2025-12-10,1,0,0,0,4,3
https://www.hellowork.com/fr-fr/emplois/70148781.html,Directeur de Station de Télésurveillance H/F,Goron Securité recrutement,Tremblay-en-France - 93,CDI,Bac +5,Services aux Entreprises,10/12/2025,Pas de salaire renseigné,"Se connecter à Hellowork avec Google
Continuer avec Google
En poursuivant votre connexion via Google, vous acceptez les
CGU
et déclarez avoir pris connaissance de la
politique de protection des données
d’Hellowork. Si vous ne disposez pas déjà d’un compte Hellowork associé
à l'adresse email de votre compte Google, un compte Hellowork vous sera créé.",directeur de station de télésurveillance h f,goron securité recrutement,se connecter à hellowork avec google continuer avec google en poursuivant votre connexion via google  vous acceptez les cgu et déclarez avoir pris connaissance de la politique de protection des données d hellowork  si vous ne disposez pas déjà d un compte hellowork associé à l'adresse email de votre compte google  un compte hellowork vous sera créé,Tremblay-en-France,93,16,Non précisé,Services aux Entreprises,,,,False,,Non renseigné,aucune,[],0,2025-12-10,1,0,0,0,4,3
https://www.hellowork.com/fr-fr/emplois/72465778.html,Responsable Technique Régional H/F,123 Pare-Brise recrutement,Île-de-France,CDI,"BEP, CAP",Bac,10/12/2025,3 250 - 3 500 € / mois,"Se connecter à Hellowork avec Google
Continuer avec Google
En poursuivant votre connexion via Google, vous acceptez les
CGU
et déclarez avoir pris connaissance de la
politique de protection des données
d’Hellowork. Si vous ne disposez pas déjà d’un compte Hellowork associé
à l'adresse email de votre compte Google, un compte Hellowork vous sera créé.",responsable technique régional h f,123 pare-brise recrutement,se connecter à hellowork avec google continuer avec google en poursuivant votre connexion via google  vous acceptez les cgu et déclarez avoir pris connaissance de la politique de protection des données d hellowork  si vous ne disposez pas déjà d un compte hellowork associé à l'adresse email de votre compte google  un compte hellowork vous sera créé,Île-de-France,,1,Niveau études,Bac,39000.0,42000.0,40500.0,False,monthly,35-50k,aucune,[],0,2025-12-10,1,0,0,0,0,2
https://www.hellowork.com/fr-fr/emplois/70129438.html,Responsable Administratif et Financier Maitrise d'Ouvrage H/F,Société Dauphinoise pour l'Habitat recrutement,Échirolles - 38,CDI,"Bac +3, Bac +4",Bac +5,10/12/2025,37 240 - 40 000 € / an,"Se connecter à Hellowork avec Google
Continuer avec Google
En poursuivant votre connexion via Google, vous acceptez les
CGU
et déclarez avoir pris connaissance de la
politique de protection des données
d’Hellowork. Si vous ne disposez pas déjà d’un compte Hellowork associé
à l'adresse email de votre compte Google, un compte Hellowork vous sera créé.",responsable administratif et financier maitrise d'ouvrage h f,société dauphinoise pour l'habitat recrutement,se connecter à hellowork avec google continuer avec google en poursuivant votre connexion via google  vous acceptez les cgu et déclarez avoir pris connaissance de la politique de protection des données d hellowork  si vous ne disposez pas déjà d un compte hellowork associé à l'adresse email de votre compte google  un compte hellowork vous sera créé,Échirolles,38,4,Niveau études,Bac +5,37240.0,40000.0,38620.0,False,annual,35-50k,aucune,[],0,2025-12-10,1,0,0,0,3,2
https://www.hellowork.com/fr-fr/emplois/71366888.html,Responsable d'Affaires en Génie Électrique H/F,Vinci Energies France Tertiaire Grand Ouest recrutement,Tours - 37,CDI,Bac +5,Secteur Energie • Environnement,10/12/2025,42 000 - 49 000 € / an,"Se connecter à Hellowork avec Google
Continuer avec Google
En poursuivant votre connexion via Google, vous acceptez les
CGU
et déclarez avoir pris connaissance de la
politique de protection des données
d’Hellowork. Si vous ne disposez pas déjà d’un compte Hellowork associé
à l'adresse email de votre compte Google, un compte Hellowork vous sera créé.",responsable d'affaires en génie électrique h f,vinci energies france tertiaire grand ouest recrutement,se connecter à hellowork avec google continuer avec google en poursuivant votre connexion via google  vous acceptez les cgu et déclarez avoir pris connaissance de la politique de protection des données d hellowork  si vous ne disposez pas déjà d un compte hellowork associé à l'adresse email de votre compte google  un compte hellowork vous sera créé,Tours,37,13,Secteur mentionné,Secteur Energie • Environnement,42000.0,49000.0,45500.0,False,annual,35-50k,aucune,[],0,2025-12-10,1,0,0,0,4,1
https://www.hellowork.com/fr-fr/emplois/71366848.html,Chargé de Mission Sécurité au Travail H/F,Voies Navigables de France recrutement,Béthune - 62,CDI,Bac +5,Transport • Logistique,10/12/2025,Estimation → 30 100 - 43 800 € / an,"Se connecter à Hellowork avec Google
Continuer avec Google
En poursuivant votre connexion via Google, vous acceptez les
CGU
et déclarez avoir pris connaissance de la
politique de protection des données
d’Hellowork. Si vous ne disposez pas déjà d’un compte Hellowork associé
à l'adresse email de votre compte Google, un compte Hellowork vous sera créé.",chargé de mission sécurité au travail h f,voies navigables de france recrutement,se connecter à hellowork avec google continuer avec google en poursuivant votre connexion via google  vous acceptez les cgu et déclarez avoir pris connaissance de la politique de protection des données d hellowork  si vous ne disposez pas déjà d un compte hellowork associé à l'adresse email de votre compte google  un compte hellowork vous sera créé,Béthune,62,18,Secteur mentionné,Transport • Logistique,30100.0,43800.0,36950.0,True,annual,35-50k,aucune,[],0,2025-12-10,1,0,0,0,4,3
https://www.hellowork.com/fr-fr/emplois/70136841.html,Conducteur de Matériel de Collecte Bom Di H/F,Veolia Environnement recrutement,Saint-Herblain - 44,CDI,"BEP, CAP",Bac,10/12/2025,Estimation → 23 300 - 29 300 € / an,"Se connecter à Hellowork avec Google
Continuer avec Google
En poursuivant votre connexion via Google, vous acceptez les
CGU
et déclarez avoir pris connaissance de la
politique de protection des données
d’Hellowork. Si vous ne disposez pas déjà d’un compte Hellowork associé
à l'adresse email de votre compte Google, un compte Hellowork vous sera créé.",conducteur de matériel de collecte bom di h f,veolia environnement recrutement,se connecter à hellowork avec google continuer avec google en poursuivant votre connexion via google  vous acceptez les cgu et déclarez avoir pris connaissance de la politique de protection des données d hellowork  si vous ne disposez pas déjà d un compte hellowork associé à l'adresse email de votre compte google  un compte hellowork vous sera créé,Saint-Herblain,44,1,Niveau études,Bac,23300.0,29300.0,26300.0,True,annual,25-35k,aucune,[],0,2025-12-10,1,0,0,0,0,0
https://www.hellowork.com/fr-fr/emplois/71358323.html,Assistant Chef Produits H/F,Groupe COFAQ recrutement,Poitiers - 86,CDI,Bac +2,Distribution • Commerce de gros,10/12/2025,Pas de salaire renseigné,"Se connecter à Hellowork avec Google
Continuer avec Google
En poursuivant votre connexion via Google, vous acceptez les
CGU
et déclarez avoir pris connaissance de la
politique de protection des données
d’Hellowork. Si vous ne disposez pas déjà d’un compte Hellowork associé
à l'adresse email de votre compte Google, un compte Hellowork vous sera créé.",assistant chef produits h f,groupe cofaq recrutement,se connecter à hellowork avec google continuer avec google en poursuivant votre connexion via google  vous acceptez les cgu et déclarez avoir pris connaissance de la politique de protection des données d hellowork  si vous ne disposez pas déjà d un compte hellowork associé à l'adresse email de votre compte google  un compte hellowork vous sera créé,Poitiers,86,6,Secteur mentionné,Distribution • Commerce de gros,,,,False,,Non renseigné,aucune,[],0,2025-12-10,1,0,0,0,2,4
https://www.hellowork.com/fr-fr/emplois/71349340.html,Biologiste Médical en Onco-Hématologie H/F,Groupe Cerba Healthcare recrutement,Frépillon - 95,CDI,Bac +5,Service public hospitalier,10/12/2025,Pas de salaire renseigné,"Se connecter à Hellowork avec Google
Continuer avec Google
En poursuivant votre connexion via Google, vous acceptez les
CGU
et déclarez avoir pris connaissance de la
politique de protection des données
d’Hellowork. Si vous ne disposez pas déjà d’un compte Hellowork associé
à l'adresse email de votre compte Google, un compte Hellowork vous sera créé.",biologiste médical en onco-hématologie h f,groupe cerba healthcare recrutement,se connecter à hellowork avec google continuer avec google en poursuivant votre connexion via google  vous acceptez les cgu et déclarez avoir pris connaissance de la politique de protection des données d hellowork  si vous ne disposez pas déjà d un compte hellowork associé à l'adresse email de votre compte google  un compte hellowork vous sera créé,Frépillon,95,15,Non précisé,Service public hospitalier,,,,False,,Non renseigné,aucune,[],0,2025-12-10,1,0,0,0,4,3
https://www.hellowork.com/fr-fr/emplois/70113418.html,Poseur Confirme H/F,Ouverture's recrutement,Pont-l'Évêque - 14,CDI,"BEP, CAP",Industrie Manufacturière,10/12/2025,Pas de salaire renseigné,"Se connecter à Hellowork avec Google
Continuer avec Google
En poursuivant votre connexion via Google, vous acceptez les
CGU
et déclarez avoir pris connaissance de la
politique de protection des données
d’Hellowork. Si vous ne disposez pas déjà d’un compte Hellowork associé
à l'adresse email de votre compte Google, un compte Hellowork vous sera créé.",poseur confirme h f,ouverture's recrutement,se connecter à hellowork avec google continuer avec google en poursuivant votre connexion via google  vous acceptez les cgu et déclarez avoir pris connaissance de la politique de protection des données d hellowork  si vous ne disposez pas déjà d un compte hellowork associé à l'adresse email de votre compte google  un compte hellowork vous sera créé,Pont-l'Évêque,14,11,Non précisé,Industrie Manufacturière,,,,False,,Non renseigné,aucune,[],0,2025-12-10,1,0,0,0,0,5
https://www.hellowork.com/fr-fr/emplois/70119909.html,Chargé d'Affaires CVC H/F,Groupe Fauché recrutement,Collonges-au-Mont-d'Or - 69,CDI,Bac +2,"Bac +3, Bac +4",10/12/2025,50 000 - 55 000 € / an,"Se connecter à Hellowork avec Google
Continuer avec Google
En poursuivant votre connexion via Google, vous acceptez les
CGU
et déclarez avoir pris connaissance de la
politique de protection des données
d’Hellowork. Si vous ne disposez pas déjà d’un compte Hellowork associé
à l'adresse email de votre compte Google, un compte Hellowork vous sera créé.",chargé d'affaires cvc h f,groupe fauché recrutement,se connecter à hellowork avec google continuer avec google en poursuivant votre connexion via google  vous acceptez les cgu et déclarez avoir pris connaissance de la politique de protection des données d hellowork  si vous ne disposez pas déjà d un compte hellowork associé à l'adresse email de votre compte google  un compte hellowork vous sera créé,Collonges-au-Mont-d'Or,69,3,Niveau études,"Bac +3, Bac +4",50000.0,55000.0,52500.0,False,annual,50-70k,aucune,[],0,2025-12-10,1,0,0,0,2,2
https://www.hellowork.com/fr-fr/emplois/70133665.html,Chef de Projets AMOA H/F,MAF - Mutuelle des Architectes Français recrutement,Paris 17e - 75,CDI,Bac +5,Banque • Assurance • Finance,10/12/2025,Estimation → 45 000 - 66 000 € / an,"Se connecter à Hellowork avec Google
Continuer avec Google
En poursuivant votre connexion via Google, vous acceptez les
CGU
et déclarez avoir pris connaissance de la
politique de protection des données
d’Hellowork. Si vous ne disposez pas déjà d’un compte Hellowork associé
à l'adresse email de votre compte Google, un compte Hellowork vous sera créé.",chef de projets amoa h f,maf - mutuelle des architectes français recrutement,se connecter à hellowork avec google continuer avec google en poursuivant votre connexion via google  vous acceptez les cgu et déclarez avoir pris connaissance de la politique de protection des données d hellowork  si vous ne disposez pas déjà d un compte hellowork associé à l'adresse email de votre compte google  un compte hellowork vous sera créé,Paris 17e,75,5,Secteur mentionné,Banque • Assurance • Finance,45000.0,66000.0,55500.0,True,annual,50-70k,aucune,[],0,2025-12-10,1,0,0,0,4,1
https://www.hellowork.com/fr-fr/emplois/70115682.html,Responsable Maintenance 01 H/F,Lactalis recrutement,Saint-Vulbas - 01,CDI,Bac +2,"Bac +3, Bac +4",10/12/2025,Estimation → 33 000 - 47 500 € / an,"Se connecter à Hellowork avec Google
Continuer avec Google
En poursuivant votre connexion via Google, vous acceptez les
CGU
et déclarez avoir pris connaissance de la
politique de protection des données
d’Hellowork. Si vous ne disposez pas déjà d’un compte Hellowork associé
à l'adresse email de votre compte Google, un compte Hellowork vous sera créé.",responsable maintenance 01 h f,lactalis recrutement,se connecter à hellowork avec google continuer avec google en poursuivant votre connexion via google  vous acceptez les cgu et déclarez avoir pris connaissance de la politique de protection des données d hellowork  si vous ne disposez pas déjà d un compte hellowork associé à l'adresse email de votre compte google  un compte hellowork vous sera créé,Saint-Vulbas,01,3,Niveau études,"Bac +3, Bac +4",33000.0,47500.0,40250.0,True,annual,35-50k,aucune,[],0,2025-12-10,1,0,0,0,2,2
https://www.hellowork.com/fr-fr/emplois/71365556.html,Adr 297 - Head Of Revenue Operations H/F,Groupe La Centrale recrutement,Paris 8e - 75,CDI,Bac +5,Distribution • Commerce de gros,10/12/2025,Estimation → 40 000 - 67 500 € / an,"Se connecter à Hellowork avec Google
Continuer avec Google
En poursuivant votre connexion via Google, vous acceptez les
CGU
et déclarez avoir pris connaissance de la
politique de protection des données
d’Hellowork. Si vous ne disposez pas déjà d’un compte Hellowork associé
à l'adresse email de votre compte Google, un compte Hellowork vous sera créé.",adr 297 - head of revenue operations h f,groupe la centrale recrutement,se connecter à hellowork avec google continuer avec google en poursuivant votre connexion via google  vous acceptez les cgu et déclarez avoir pris connaissance de la politique de protection des données d hellowork  si vous ne disposez pas déjà d un compte hellowork associé à l'adresse email de votre compte google  un compte hellowork vous sera créé,Paris 8e,75,6,Secteur mentionné,Distribution • Commerce de gros,40000.0,67500.0,53750.0,True,annual,50-70k,aucune,[],0,2025-12-10,1,0,0,0,4,1
https://www.hellowork.com/fr-fr/emplois/71352877.html,Gardien d'Immeubles H/F,Scalis recrutement,La Châtre - 36,CDI,Bac,Immobilier,10/12/2025,1 930 - 1 931 € / mois,"Se connecter à Hellowork avec Google
Continuer avec Google
En poursuivant votre connexion via Google, vous acceptez les
CGU
et déclarez avoir pris connaissance de la
politique de protection des données
d’Hellowork. Si vous ne disposez pas déjà d’un compte Hellowork associé
à l'adresse email de votre compte Google, un compte Hellowork vous sera créé.",gardien d'immeubles h f,scalis recrutement,se connecter à hellowork avec google continuer avec google en poursuivant votre connexion via google  vous acceptez les cgu et déclarez avoir pris connaissance de la politique de protection des données d hellowork  si vous ne disposez pas déjà d un compte hellowork associé à l'adresse email de votre compte google  un compte hellowork vous sera créé,La Châtre,36,8,Non précisé,Immobilier,23160.0,23172.0,23166.0,False,monthly,< 25k,aucune,[],0,2025-12-10,1,0,0,0,1,5
https://www.hellowork.com/fr-fr/emplois/71358988.html,Responsable de Magasin 2025 H/F,Happy Curl - La Boutique du Coiffeur recrutement,Essey-lès-Nancy - 54,CDI,Bac +2,"Bac +3, Bac +4",10/12/2025,2 075 - 2 657 € / mois,"Se connecter à Hellowork avec Google
Continuer avec Google
En poursuivant votre connexion via Google, vous acceptez les
CGU
et déclarez avoir pris connaissance de la
politique de protection des données
d’Hellowork. Si vous ne disposez pas déjà d’un compte Hellowork associé
à l'adresse email de votre compte Google, un compte Hellowork vous sera créé.",responsable de magasin 2025 h f,happy curl - la boutique du coiffeur recrutement,se connecter à hellowork avec google continuer avec google en poursuivant votre connexion via google  vous acceptez les cgu et déclarez avoir pris connaissance de la politique de protection des données d hellowork  si vous ne disposez pas déjà d un compte hellowork associé à l'adresse email de votre compte google  un compte hellowork vous sera créé,Essey-lès-Nancy,54,3,Niveau études,"Bac +3, Bac +4",24900.0,31884.0,28392.0,False,monthly,25-35k,aucune,[],0,2025-12-10,1,0,0,0,2,4
https://www.hellowork.com/fr-fr/emplois/62652092.html,Infirmier Préleveur - Technicien Préleveur H/F,Groupe Cerba Healthcare recrutement,Indre - 36,CDI,Bac +2,"Bac +3, Bac +4",10/12/2025,Pas de salaire renseigné,"Se connecter à Hellowork avec Google
Continuer avec Google
En poursuivant votre connexion via Google, vous acceptez les
CGU
et déclarez avoir pris connaissance de la
politique de protection des données
d’Hellowork. Si vous ne disposez pas déjà d’un compte Hellowork associé
à l'adresse email de votre compte Google, un compte Hellowork vous sera créé.",infirmier préleveur - technicien préleveur h f,groupe cerba healthcare recrutement,se connecter à hellowork avec google continuer avec google en poursuivant votre connexion via google  vous acceptez les cgu et déclarez avoir pris connaissance de la politique de protection des données d hellowork  si vous ne disposez pas déjà d un compte hellowork associé à l'adresse email de votre compte google  un compte hellowork vous sera créé,Indre,36,3,Niveau études,"Bac +3, Bac +4",,,,False,,Non renseigné,aucune,[],0,2025-12-10,1,0,0,0,2,4
https://www.hellowork.com/fr-fr/emplois/71361715.html,Category Leader H/F,Brico Dépôt recrutement,Longpont-sur-Orge - 91,CDI,Bac +5,Distribution • Commerce de gros,10/12/2025,Pas de salaire renseigné,"Se connecter à Hellowork avec Google
Continuer avec Google
En poursuivant votre connexion via Google, vous acceptez les
CGU
et déclarez avoir pris connaissance de la
politique de protection des données
d’Hellowork. Si vous ne disposez pas déjà d’un compte Hellowork associé
à l'adresse email de votre compte Google, un compte Hellowork vous sera créé.",category leader h f,brico dépôt recrutement,se connecter à hellowork avec google continuer avec google en poursuivant votre connexion via google  vous acceptez les cgu et déclarez avoir pris connaissance de la politique de protection des données d hellowork  si vous ne disposez pas déjà d un compte hellowork associé à l'adresse email de votre compte google  un compte hellowork vous sera créé,Longpont-sur-Orge,91,6,Secteur mentionné,Distribution • Commerce de gros,,,,False,,Non renseigné,aucune,[],0,2025-12-10,1,0,0,0,4,3
https://www.hellowork.com/fr-fr/emplois/65244564.html,Technicien Installation Ascenseurs H/F,Kone recrutement,Saint-Nazaire - 44,CDI,Bac,Bac +2,10/12/2025,Estimation → 25 700 - 34 500 € / an,"Se connecter à Hellowork avec Google
Continuer avec Google
En poursuivant votre connexion via Google, vous acceptez les
CGU
et déclarez avoir pris connaissance de la
politique de protection des données
d’Hellowork. Si vous ne disposez pas déjà d’un compte Hellowork associé
à l'adresse email de votre compte Google, un compte Hellowork vous sera créé.",technicien installation ascenseurs h f,kone recrutement,se connecter à hellowork avec google continuer avec google en poursuivant votre connexion via google  vous acceptez les cgu et déclarez avoir pris connaissance de la politique de protection des données d hellowork  si vous ne disposez pas déjà d un compte hellowork associé à l'adresse email de votre compte google  un compte hellowork vous sera créé,Saint-Nazaire,44,2,Niveau études,Bac +2,25700.0,34500.0,30100.0,True,annual,25-35k,aucune,[],0,2025-12-10,1,0,0,0,1,4
https://www.hellowork.com/fr-fr/emplois/70129906.html,Auxilaire de Vie H/F,ADHAP recrutement,Vitrolles - 13,CDI,"BEP, CAP",Services aux Personnes • Particuliers,10/12/2025,"11,88 - 12,49 € / heure","Se connecter à Hellowork avec Google
Continuer avec Google
En poursuivant votre connexion via Google, vous acceptez les
CGU
et déclarez avoir pris connaissance de la
politique de protection des données
d’Hellowork. Si vous ne disposez pas déjà d’un compte Hellowork associé
à l'adresse email de votre compte Google, un compte Hellowork vous sera créé.",auxilaire de vie h f,adhap recrutement,se connecter à hellowork avec google continuer avec google en poursuivant votre connexion via google  vous acceptez les cgu et déclarez avoir pris connaissance de la politique de protection des données d hellowork  si vous ne disposez pas déjà d un compte hellowork associé à l'adresse email de votre compte google  un compte hellowork vous sera créé,Vitrolles,13,17,Secteur mentionné,Services aux Personnes • Particuliers,19543.0,20546.0,20044.5,False,hourly,< 25k,aucune,[],0,2025-12-10,1,0,0,0,0,5
https://www.hellowork.com/fr-fr/emplois/72462439.html,Responsable Marketing Qualite et Experience Client H/F,Volkswagen recrutement,Noisy-le-Grand - 93,CDI,Bac +5,Industrie Auto • Meca • Navale,10/12/2025,Estimation → 42 500 - 71 200 € / an,"Se connecter à Hellowork avec Google
Continuer avec Google
En poursuivant votre connexion via Google, vous acceptez les
CGU
et déclarez avoir pris connaissance de la
politique de protection des données
d’Hellowork. Si vous ne disposez pas déjà d’un compte Hellowork associé
à l'adresse email de votre compte Google, un compte Hellowork vous sera créé.",responsable marketing qualite et experience client h f,volkswagen recrutement,se connecter à hellowork avec google continuer avec google en poursuivant votre connexion via google  vous acceptez les cgu et déclarez avoir pris connaissance de la politique de protection des données d hellowork  si vous ne disposez pas déjà d un compte hellowork associé à l'adresse email de votre compte google  un compte hellowork vous sera créé,Noisy-le-Grand,93,9,Secteur mentionné,Industrie Auto • Meca • Navale,42500.0,71200.0,56850.0,True,annual,50-70k,aucune,[],0,2025-12-10,1,0,0,0,4,1
https://www.hellowork.com/fr-fr/emplois/71363386.html,Responsable de Magasin H/F,Boulangerie  Ange recrutement,Écully - 69,CDI,Bac +2,"Bac +3, Bac +4",10/12/2025,Estimation → 25 700 - 40 000 € / an,"Se connecter à Hellowork avec Google
Continuer avec Google
En poursuivant votre connexion via Google, vous acceptez les
CGU
et déclarez avoir pris connaissance de la
politique de protection des données
d’Hellowork. Si vous ne disposez pas déjà d’un compte Hellowork associé
à l'adresse email de votre compte Google, un compte Hellowork vous sera créé.",responsable de magasin h f,boulangerie ange recrutement,se connecter à hellowork avec google continuer avec google en poursuivant votre connexion via google  vous acceptez les cgu et déclarez avoir pris connaissance de la politique de protection des données d hellowork  si vous ne disposez pas déjà d un compte hellowork associé à l'adresse email de votre compte google  un compte hellowork vous sera créé,Écully,69,3,Niveau études,"Bac +3, Bac +4",25700.0,40000.0,32850.0,True,annual,25-35k,aucune,[],0,2025-12-10,1,0,0,0,2,4
https://www.hellowork.com/fr-fr/emplois/71359943.html,Conducteur de Travaux Photovoltaïque H/F,Groupe OPNR recrutement,Lyon - 69,CDI,Bac +2,"Bac +3, Bac +4",10/12/2025,3 175 € / mois,"Se connecter à Hellowork avec Google
Continuer avec Google
En poursuivant votre connexion via Google, vous acceptez les
CGU
et déclarez avoir pris connaissance de la
politique de protection des données
d’Hellowork. Si vous ne disposez pas déjà d’un compte Hellowork associé
à l'adresse email de votre compte Google, un compte Hellowork vous sera créé.",conducteur de travaux photovoltaïque h f,groupe opnr recrutement,se connecter à hellowork avec google continuer avec google en poursuivant votre connexion via google  vous acceptez les cgu et déclarez avoir pris connaissance de la politique de protection des données d hellowork  si vous ne disposez pas déjà d un compte hellowork associé à l'adresse email de votre compte google  un compte hellowork vous sera créé,Lyon,69,3,Niveau études,"Bac +3, Bac +4",38100.0,38100.0,38100.0,False,monthly,35-50k,aucune,[],0,2025-12-10,1,0,0,0,2,2
https://www.hellowork.com/fr-fr/emplois/72465759.html,Chef de Centre H/F,123 Pare-Brise recrutement,Saint-Brice-sous-Forêt - 95,CDI,"BEP, CAP",Bac +2,10/12/2025,2 510 - 3 000 € / mois,"Se connecter à Hellowork avec Google
Continuer avec Google
En poursuivant votre connexion via Google, vous acceptez les
CGU
et déclarez avoir pris connaissance de la
politique de protection des données
d’Hellowork. Si vous ne disposez pas déjà d’un compte Hellowork associé
à l'adresse email de votre compte Google, un compte Hellowork vous sera créé.",chef de centre h f,123 pare-brise recrutement,se connecter à hellowork avec google continuer avec google en poursuivant votre connexion via google  vous acceptez les cgu et déclarez avoir pris connaissance de la politique de protection des données d hellowork  si vous ne disposez pas déjà d un compte hellowork associé à l'adresse email de votre compte google  un compte hellowork vous sera créé,Saint-Brice-sous-Forêt,95,2,Niveau études,Bac +2,30120.0,36000.0,33060.0,False,monthly,25-35k,aucune,[],0,2025-12-10,1,0,0,0,0,0
https://www.hellowork.com/fr-fr/emplois/72465762.html,Technicien Automobile H/F,123 Pare-Brise recrutement,Saint-Brice-sous-Forêt - 95,CDI,"BEP, CAP",Bac,10/12/2025,2 081 - 2 350 € / mois,"Se connecter à Hellowork avec Google
Continuer avec Google
En poursuivant votre connexion via Google, vous acceptez les
CGU
et déclarez avoir pris connaissance de la
politique de protection des données
d’Hellowork. Si vous ne disposez pas déjà d’un compte Hellowork associé
à l'adresse email de votre compte Google, un compte Hellowork vous sera créé.",technicien automobile h f,123 pare-brise recrutement,se connecter à hellowork avec google continuer avec google en poursuivant votre connexion via google  vous acceptez les cgu et déclarez avoir pris connaissance de la politique de protection des données d hellowork  si vous ne disposez pas déjà d un compte hellowork associé à l'adresse email de votre compte google  un compte hellowork vous sera créé,Saint-Brice-sous-Forêt,95,1,Niveau études,Bac,24972.0,28200.0,26586.0,False,monthly,25-35k,aucune,[],0,2025-12-10,1,0,0,0,0,0
https://www.hellowork.com/fr-fr/emplois/70111803.html,Mécanicien Robinetier H/F,Groupe Foure Lagadec recrutement,Vénissieux - 69,CDI,Bac +2,BTP,10/12/2025,2 000 - 2 500 € / mois,"Se connecter à Hellowork avec Google
Continuer avec Google
En poursuivant votre connexion via Google, vous acceptez les
CGU
et déclarez avoir pris connaissance de la
politique de protection des données
d’Hellowork. Si vous ne disposez pas déjà d’un compte Hellowork associé
à l'adresse email de votre compte Google, un compte Hellowork vous sera créé.",mécanicien robinetier h f,groupe foure lagadec recrutement,se connecter à hellowork avec google continuer avec google en poursuivant votre connexion via google  vous acceptez les cgu et déclarez avoir pris connaissance de la politique de protection des données d hellowork  si vous ne disposez pas déjà d un compte hellowork associé à l'adresse email de votre compte google  un compte hellowork vous sera créé,Vénissieux,69,0,Non précisé,BTP,24000.0,30000.0,27000.0,False,monthly,25-35k,aucune,[],0,2025-12-10,1,0,0,0,2,4
https://www.hellowork.com/fr-fr/emplois/67780601.html,Chef de Chantier Construction Bois H/F,VCSP Batiment Nord Est et ANSC recrutement,Rueil-Malmaison - 92,CDI,Bac +2,BTP,10/12/2025,Estimation → 36 200 - 57 500 € / an,"Se connecter à Hellowork avec Google
Continuer avec Google
En poursuivant votre connexion via Google, vous acceptez les
CGU
et déclarez avoir pris connaissance de la
politique de protection des données
d’Hellowork. Si vous ne disposez pas déjà d’un compte Hellowork associé
à l'adresse email de votre compte Google, un compte Hellowork vous sera créé.",chef de chantier construction bois h f,vcsp batiment nord est et ansc recrutement,se connecter à hellowork avec google continuer avec google en poursuivant votre connexion via google  vous acceptez les cgu et déclarez avoir pris connaissance de la politique de protection des données d hellowork  si vous ne disposez pas déjà d un compte hellowork associé à l'adresse email de votre compte google  un compte hellowork vous sera créé,Rueil-Malmaison,92,0,Non précisé,BTP,36200.0,57500.0,46850.0,True,annual,35-50k,aucune,[],0,2025-12-10,1,0,0,0,2,2
https://www.hellowork.com/fr-fr/emplois/70137895.html,Conducteur de Travaux Confirmé Construction Bois H/F,VCSP Batiment Nord Est et ANSC recrutement,Chemillé-en-Anjou - 49,CDI,Bac +5,BTP,10/12/2025,Estimation → 30 000 - 42 500 € / an,"Se connecter à Hellowork avec Google
Continuer avec Google
En poursuivant votre connexion via Google, vous acceptez les
CGU
et déclarez avoir pris connaissance de la
politique de protection des données
d’Hellowork. Si vous ne disposez pas déjà d’un compte Hellowork associé
à l'adresse email de votre compte Google, un compte Hellowork vous sera créé.",conducteur de travaux confirmé construction bois h f,vcsp batiment nord est et ansc recrutement,se connecter à hellowork avec google continuer avec google en poursuivant votre connexion via google  vous acceptez les cgu et déclarez avoir pris connaissance de la politique de protection des données d hellowork  si vous ne disposez pas déjà d un compte hellowork associé à l'adresse email de votre compte google  un compte hellowork vous sera créé,Chemillé-en-Anjou,49,0,Non précisé,BTP,30000.0,42500.0,36250.0,True,annual,35-50k,aucune,[],0,2025-12-10,1,0,0,0,4,4
https://www.hellowork.com/fr-fr/emplois/71366869.html,Monteur Réseaux Aériens H/F,VINCI Energies France Infras Grand Ouest recrutement,Granville - 50,CDI,"BEP, CAP",Secteur Energie • Environnement,10/12/2025,25 000 - 34 000 € / an,"Se connecter à Hellowork avec Google
Continuer avec Google
En poursuivant votre connexion via Google, vous acceptez les
CGU
et déclarez avoir pris connaissance de la
politique de protection des données
d’Hellowork. Si vous ne disposez pas déjà d’un compte Hellowork associé
à l'adresse email de votre compte Google, un compte Hellowork vous sera créé.",monteur réseaux aériens h f,vinci energies france infras grand ouest recrutement,se connecter à hellowork avec google continuer avec google en poursuivant votre connexion via google  vous acceptez les cgu et déclarez avoir pris connaissance de la politique de protection des données d hellowork  si vous ne disposez pas déjà d un compte hellowork associé à l'adresse email de votre compte google  un compte hellowork vous sera créé,Granville,50,13,Secteur mentionné,Secteur Energie • Environnement,25000.0,34000.0,29500.0,False,annual,25-35k,aucune,[],0,2025-12-10,1,0,0,0,0,5
https://www.hellowork.com/fr-fr/emplois/69006659.html,Coordinateur Technique H/F,CBRE GWS FRANCE recrutement,Courbevoie - 92,CDI,Bac +2,Immobilier,10/12/2025,38 000 - 42 000 € / an,"Se connecter à Hellowork avec Google
Continuer avec Google
En poursuivant votre connexion via Google, vous acceptez les
CGU
et déclarez avoir pris connaissance de la
politique de protection des données
d’Hellowork. Si vous ne disposez pas déjà d’un compte Hellowork associé
à l'adresse email de votre compte Google, un compte Hellowork vous sera créé.",coordinateur technique h f,cbre gws france recrutement,se connecter à hellowork avec google continuer avec google en poursuivant votre connexion via google  vous acceptez les cgu et déclarez avoir pris connaissance de la politique de protection des données d hellowork  si vous ne disposez pas déjà d un compte hellowork associé à l'adresse email de votre compte google  un compte hellowork vous sera créé,Courbevoie,92,8,Non précisé,Immobilier,38000.0,42000.0,40000.0,False,annual,35-50k,aucune,[],0,2025-12-10,1,0,0,0,2,2
https://www.hellowork.com/fr-fr/emplois/70128201.html,Ingénieur·e Systeme Exploitation Windows Server H/F,Safran recrutement,Bordeaux - 33,CDI,Bac +5,Industrie Aéronautique • Aérospatial,10/12/2025,Pas de salaire renseigné,"Se connecter à Hellowork avec Google
Continuer avec Google
En poursuivant votre connexion via Google, vous acceptez les
CGU
et déclarez avoir pris connaissance de la
politique de protection des données
d’Hellowork. Si vous ne disposez pas déjà d’un compte Hellowork associé
à l'adresse email de votre compte Google, un compte Hellowork vous sera créé.",ingénieur e systeme exploitation windows server h f,safran recrutement,se connecter à hellowork avec google continuer avec google en poursuivant votre connexion via google  vous acceptez les cgu et déclarez avoir pris connaissance de la politique de protection des données d hellowork  si vous ne disposez pas déjà d un compte hellowork associé à l'adresse email de votre compte google  un compte hellowork vous sera créé,Bordeaux,33,10,Secteur mentionné,Industrie Aéronautique • Aérospatial,,,,False,,Non renseigné,aucune,[],0,2025-12-10,1,0,0,0,4,3
https://www.hellowork.com/fr-fr/emplois/70148781.html,Directeur de Station de Télésurveillance H/F,Goron Securité recrutement,Tremblay-en-France - 93,CDI,Bac +5,Services aux Entreprises,10/12/2025,Pas de salaire renseigné,"Se connecter à Hellowork avec Google
Continuer avec Google
En poursuivant votre connexion via Google, vous acceptez les
CGU
et déclarez avoir pris connaissance de la
politique de protection des données
d’Hellowork. Si vous ne disposez pas déjà d’un compte Hellowork associé
à l'adresse email de votre compte Google, un compte Hellowork vous sera créé.",directeur de station de télésurveillance h f,goron securité recrutement,se connecter à hellowork avec google continuer avec google en poursuivant votre connexion via google  vous acceptez les cgu et déclarez avoir pris connaissance de la politique de protection des données d hellowork  si vous ne disposez pas déjà d un compte hellowork associé à l'adresse email de votre compte google  un compte hellowork vous sera créé,Tremblay-en-France,93,16,Non précisé,Services aux Entreprises,,,,False,,Non renseigné,aucune,[],0,2025-12-10,1,0,0,0,4,3
https://www.hellowork.com/fr-fr/emplois/71310229.html,Manager Opérationnel - Chef de Site Site Hospitalier H/F,Dalkia recrutement,Orsay - 91,CDI,Bac +2,Secteur Energie • Environnement,10/12/2025,Pas de salaire renseigné,"Se connecter à Hellowork avec Google
Continuer avec Google
En poursuivant votre connexion via Google, vous acceptez les
CGU
et déclarez avoir pris connaissance de la
politique de protection des données
d’Hellowork. Si vous ne disposez pas déjà d’un compte Hellowork associé
à l'adresse email de votre compte Google, un compte Hellowork vous sera créé.",manager opérationnel - chef de site site hospitalier h f,dalkia recrutement,se connecter à hellowork avec google continuer avec google en poursuivant votre connexion via google  vous acceptez les cgu et déclarez avoir pris connaissance de la politique de protection des données d hellowork  si vous ne disposez pas déjà d un compte hellowork associé à l'adresse email de votre compte google  un compte hellowork vous sera créé,Orsay,91,13,Secteur mentionné,Secteur Energie • Environnement,,,,False,,Non renseigné,aucune,[],0,2025-12-10,1,0,0,0,2,3
https://www.hellowork.com/fr-fr/emplois/59102960.html,Monteur-Électricien H/F,SPIE Industrie recrutement,Thonon-les-Bains - 74,CDI,"BEP, CAP",Bac,10/12/2025,Estimation → 22 640 - 25 480 € / an,"Se connecter à Hellowork avec Google
Continuer avec Google
En poursuivant votre connexion via Google, vous acceptez les
CGU
et déclarez avoir pris connaissance de la
politique de protection des données
d’Hellowork. Si vous ne disposez pas déjà d’un compte Hellowork associé
à l'adresse email de votre compte Google, un compte Hellowork vous sera créé.",monteur-électricien h f,spie industrie recrutement,se connecter à hellowork avec google continuer avec google en poursuivant votre connexion via google  vous acceptez les cgu et déclarez avoir pris connaissance de la politique de protection des données d hellowork  si vous ne disposez pas déjà d un compte hellowork associé à l'adresse email de votre compte google  un compte hellowork vous sera créé,Thonon-les-Bains,74,1,Niveau études,Bac,22640.0,25480.0,24060.0,True,annual,< 25k,aucune,[],0,2025-12-10,1,0,0,0,0,0
https://www.hellowork.com/fr-fr/emplois/71368744.html,Collaborateur Comptable Confirmé H/F,Hireos recrutement,Lyon 9e - 69,CDI,Bac +2,Secteur informatique • ESN,10/12/2025,35 000 - 45 000 € / an,"Se connecter à Hellowork avec Google
Continuer avec Google
En poursuivant votre connexion via Google, vous acceptez les
CGU
et déclarez avoir pris connaissance de la
politique de protection des données
d’Hellowork. Si vous ne disposez pas déjà d’un compte Hellowork associé
à l'adresse email de votre compte Google, un compte Hellowork vous sera créé.",collaborateur comptable confirmé h f,hireos recrutement,se connecter à hellowork avec google continuer avec google en poursuivant votre connexion via google  vous acceptez les cgu et déclarez avoir pris connaissance de la politique de protection des données d hellowork  si vous ne disposez pas déjà d un compte hellowork associé à l'adresse email de votre compte google  un compte hellowork vous sera créé,Lyon 9e,69,14,Secteur mentionné,Secteur informatique • ESN,35000.0,45000.0,40000.0,False,annual,35-50k,aucune,[],0,2025-12-10,1,0,0,0,2,3
https://www.hellowork.com/fr-fr/emplois/71365464.html,Educateur de Jeunes Enfants Bilingue Anglais H/F,ABC Puériculture recrutement,Paris - 75,CDI,"BEP, CAP",Services aux Personnes • Particuliers,10/12/2025,2 750 - 3 550 € / mois,"Se connecter à Hellowork avec Google
Continuer avec Google
En poursuivant votre connexion via Google, vous acceptez les
CGU
et déclarez avoir pris connaissance de la
politique de protection des données
d’Hellowork. Si vous ne disposez pas déjà d’un compte Hellowork associé
à l'adresse email de votre compte Google, un compte Hellowork vous sera créé.",educateur de jeunes enfants bilingue anglais h f,abc puériculture recrutement,se connecter à hellowork avec google continuer avec google en poursuivant votre connexion via google  vous acceptez les cgu et déclarez avoir pris connaissance de la politique de protection des données d hellowork  si vous ne disposez pas déjà d un compte hellowork associé à l'adresse email de votre compte google  un compte hellowork vous sera créé,Paris,75,17,Secteur mentionné,Services aux Personnes • Particuliers,33000.0,42600.0,37800.0,False,monthly,35-50k,anglais,['anglais'],1,2025-12-10,1,0,0,0,0,3
https://www.hellowork.com/fr-fr/emplois/69009770.html,Projeteur CFO - CFA H/F,SNEF recrutement,Aix-en-Provence - 13,CDI,Bac +2,"Bac +3, Bac +4",10/12/2025,Estimation → 31 200 - 44 700 € / an,"Se connecter à Hellowork avec Google
Continuer avec Google
En poursuivant votre connexion via Google, vous acceptez les
CGU
et déclarez avoir pris connaissance de la
politique de protection des données
d’Hellowork. Si vous ne disposez pas déjà d’un compte Hellowork associé
à l'adresse email de votre compte Google, un compte Hellowork vous sera créé.",projeteur cfo - cfa h f,snef recrutement,se connecter à hellowork avec google continuer avec google en poursuivant votre connexion via google  vous acceptez les cgu et déclarez avoir pris connaissance de la politique de protection des données d hellowork  si vous ne disposez pas déjà d un compte hellowork associé à l'adresse email de votre compte google  un compte hellowork vous sera créé,Aix-en-Provence,13,3,Niveau études,"Bac +3, Bac +4",31200.0,44700.0,37950.0,True,annual,35-50k,aucune,[],0,2025-12-10,1,0,0,0,2,4
https://www.hellowork.com/fr-fr/emplois/68979141.html,Ingénieur Études Travaux Thermiques H/F,Dalkia recrutement,Cesson-Sévigné - 35,CDI,Bac +2,"Bac +3, Bac +4",10/12/2025,Estimation → 31 000 - 53 800 € / an,"Se connecter à Hellowork avec Google
Continuer avec Google
En poursuivant votre connexion via Google, vous acceptez les
CGU
et déclarez avoir pris connaissance de la
politique de protection des données
d’Hellowork. Si vous ne disposez pas déjà d’un compte Hellowork associé
à l'adresse email de votre compte Google, un compte Hellowork vous sera créé.",ingénieur études travaux thermiques h f,dalkia recrutement,se connecter à hellowork avec google continuer avec google en poursuivant votre connexion via google  vous acceptez les cgu et déclarez avoir pris connaissance de la politique de protection des données d hellowork  si vous ne disposez pas déjà d un compte hellowork associé à l'adresse email de votre compte google  un compte hellowork vous sera créé,Cesson-Sévigné,35,3,Niveau études,"Bac +3, Bac +4",31000.0,53800.0,42400.0,True,annual,35-50k,aucune,[],0,2025-12-10,1,0,0,0,2,2
https://www.hellowork.com/fr-fr/emplois/65225710.html,Ingénieur des Ventes Ascenseur H/F,Kone recrutement,Noisy-le-Sec - 93,CDI,Bac +2,"Bac +3, Bac +4",10/12/2025,Pas de salaire renseigné,"Se connecter à Hellowork avec Google
Continuer avec Google
En poursuivant votre connexion via Google, vous acceptez les
CGU
et déclarez avoir pris connaissance de la
politique de protection des données
d’Hellowork. Si vous ne disposez pas déjà d’un compte Hellowork associé
à l'adresse email de votre compte Google, un compte Hellowork vous sera créé.",ingénieur des ventes ascenseur h f,kone recrutement,se connecter à hellowork avec google continuer avec google en poursuivant votre connexion via google  vous acceptez les cgu et déclarez avoir pris connaissance de la politique de protection des données d hellowork  si vous ne disposez pas déjà d un compte hellowork associé à l'adresse email de votre compte google  un compte hellowork vous sera créé,Noisy-le-Sec,93,3,Niveau études,"Bac +3, Bac +4",,,,False,,Non renseigné,aucune,[],0,2025-12-10,1,0,0,0,2,4
https://www.hellowork.com/fr-fr/emplois/71347132.html,Chef de Groupe Etudes Installation Générale H/F,Orano recrutement,Pierrelatte - 26,CDI,Bac +2,"Bac +3, Bac +4",10/12/2025,Estimation → 29 000 - 38 500 € / an,"Se connecter à Hellowork avec Google
Continuer avec Google
En poursuivant votre connexion via Google, vous acceptez les
CGU
et déclarez avoir pris connaissance de la
politique de protection des données
d’Hellowork. Si vous ne disposez pas déjà d’un compte Hellowork associé
à l'adresse email de votre compte Google, un compte Hellowork vous sera créé.",chef de groupe etudes installation générale h f,orano recrutement,se connecter à hellowork avec google continuer avec google en poursuivant votre connexion via google  vous acceptez les cgu et déclarez avoir pris connaissance de la politique de protection des données d hellowork  si vous ne disposez pas déjà d un compte hellowork associé à l'adresse email de votre compte google  un compte hellowork vous sera créé,Pierrelatte,26,3,Niveau études,"Bac +3, Bac +4",29000.0,38500.0,33750.0,True,annual,25-35k,aucune,[],0,2025-12-10,1,0,0,0,2,4
https://www.hellowork.com/fr-fr/emplois/71301126.html,Chargé d'Affaires Travaux CVC - Plomberie H/F,Dalkia recrutement,Chasseneuil-du-Poitou - 86,CDI,Bac +2,Secteur Energie • Environnement,10/12/2025,Estimation → 42 500 - 56 200 € / an,"Se connecter à Hellowork avec Google
Continuer avec Google
En poursuivant votre connexion via Google, vous acceptez les
CGU
et déclarez avoir pris connaissance de la
politique de protection des données
d’Hellowork. Si vous ne disposez pas déjà d’un compte Hellowork associé
à l'adresse email de votre compte Google, un compte Hellowork vous sera créé.",chargé d'affaires travaux cvc - plomberie h f,dalkia recrutement,se connecter à hellowork avec google continuer avec google en poursuivant votre connexion via google  vous acceptez les cgu et déclarez avoir pris connaissance de la politique de protection des données d hellowork  si vous ne disposez pas déjà d un compte hellowork associé à l'adresse email de votre compte google  un compte hellowork vous sera créé,Chasseneuil-du-Poitou,86,13,Secteur mentionné,Secteur Energie • Environnement,42500.0,56200.0,49350.0,True,annual,35-50k,aucune,[],0,2025-12-10,1,0,0,0,2,1
https://www.hellowork.com/fr-fr/emplois/73559876.html,Chef de Secteur H/F,Api Restauration recrutement,Fleurbaix - 62,CDI,Tourisme • Hôtellerie • Loisirs,Exp. 1 à 7 ans,10/12/2025,2 800 € / mois,"Se connecter à Hellowork avec Google
Continuer avec Google
En poursuivant votre connexion via Google, vous acceptez les
CGU
et déclarez avoir pris connaissance de la
politique de protection des données
d’Hellowork. Si vous ne disposez pas déjà d’un compte Hellowork associé
à l'adresse email de votre compte Google, un compte Hellowork vous sera créé.",chef de secteur h f,api restauration recrutement,se connecter à hellowork avec google continuer avec google en poursuivant votre connexion via google  vous acceptez les cgu et déclarez avoir pris connaissance de la politique de protection des données d hellowork  si vous ne disposez pas déjà d un compte hellowork associé à l'adresse email de votre compte google  un compte hellowork vous sera créé,Fleurbaix,62,7,Confirmé,1-7 ans,33600.0,33600.0,33600.0,False,monthly,25-35k,aucune,[],0,2025-12-10,1,0,0,0,5,3
https://www.hellowork.com/fr-fr/emplois/70119909.html,Chargé d'Affaires CVC H/F,Groupe Fauché recrutement,Collonges-au-Mont-d'Or - 69,CDI,Bac +2,"Bac +3, Bac +4",10/12/2025,50 000 - 55 000 € / an,"Se connecter à Hellowork avec Google
Continuer avec Google
En poursuivant votre connexion via Google, vous acceptez les
CGU
et déclarez avoir pris connaissance de la
politique de protection des données
d’Hellowork. Si vous ne disposez pas déjà d’un compte Hellowork associé
à l'adresse email de votre compte Google, un compte Hellowork vous sera créé.",chargé d'affaires cvc h f,groupe fauché recrutement,se connecter à hellowork avec google continuer avec google en poursuivant votre connexion via google  vous acceptez les cgu et déclarez avoir pris connaissance de la politique de protection des données d hellowork  si vous ne disposez pas déjà d un compte hellowork associé à l'adresse email de votre compte google  un compte hellowork vous sera créé,Collonges-au-Mont-d'Or,69,3,Niveau études,"Bac +3, Bac +4",50000.0,55000.0,52500.0,False,annual,50-70k,aucune,[],0,2025-12-10,1,0,0,0,2,2
https://www.hellowork.com/fr-fr/emplois/73561017.html,Promoteur GMS H/F,CPM France recrutement,Gonesse - 95,CDI,"BEP, CAP",Bac,10/12/2025,1 827 - 1 927 € / mois,"Se connecter à Hellowork avec Google
Continuer avec Google
En poursuivant votre connexion via Google, vous acceptez les
CGU
et déclarez avoir pris connaissance de la
politique de protection des données
d’Hellowork. Si vous ne disposez pas déjà d’un compte Hellowork associé
à l'adresse email de votre compte Google, un compte Hellowork vous sera créé.",promoteur gms h f,cpm france recrutement,se connecter à hellowork avec google continuer avec google en poursuivant votre connexion via google  vous acceptez les cgu et déclarez avoir pris connaissance de la politique de protection des données d hellowork  si vous ne disposez pas déjà d un compte hellowork associé à l'adresse email de votre compte google  un compte hellowork vous sera créé,Gonesse,95,1,Niveau études,Bac,21924.0,23124.0,22524.0,False,monthly,< 25k,aucune,[],0,2025-12-10,1,0,0,0,0,0
https://www.hellowork.com/fr-fr/emplois/71346777.html,Chef d'Équipe en Nettoyage Industriel H/F,Onet Propreté et Services recrutement,Saint-Pierre-la-Cour - 53,CDI,Bac,Bac +2,10/12/2025,Pas de salaire renseigné,"Se connecter à Hellowork avec Google
Continuer avec Google
En poursuivant votre connexion via Google, vous acceptez les
CGU
et déclarez avoir pris connaissance de la
politique de protection des données
d’Hellowork. Si vous ne disposez pas déjà d’un compte Hellowork associé
à l'adresse email de votre compte Google, un compte Hellowork vous sera créé.",chef d'équipe en nettoyage industriel h f,onet propreté et services recrutement,se connecter à hellowork avec google continuer avec google en poursuivant votre connexion via google  vous acceptez les cgu et déclarez avoir pris connaissance de la politique de protection des données d hellowork  si vous ne disposez pas déjà d un compte hellowork associé à l'adresse email de votre compte google  un compte hellowork vous sera créé,Saint-Pierre-la-Cour,53,2,Niveau études,Bac +2,,,,False,,Non renseigné,aucune,[],0,2025-12-10,1,0,0,0,1,4
https://www.hellowork.com/fr-fr/emplois/52758771.html,Electromécanicien Dépanneur H/F,Saint Yves Services recrutement,Aigné - 72,CDI,Bac +2,"Bac +3, Bac +4",10/12/2025,Estimation → 23 660 - 30 962 € / an,"Se connecter à Hellowork avec Google
Continuer avec Google
En poursuivant votre connexion via Google, vous acceptez les
CGU
et déclarez avoir pris connaissance de la
politique de protection des données
d’Hellowork. Si vous ne disposez pas déjà d’un compte Hellowork associé
à l'adresse email de votre compte Google, un compte Hellowork vous sera créé.",electromécanicien dépanneur h f,saint yves services recrutement,se connecter à hellowork avec google continuer avec google en poursuivant votre connexion via google  vous acceptez les cgu et déclarez avoir pris connaissance de la politique de protection des données d hellowork  si vous ne disposez pas déjà d un compte hellowork associé à l'adresse email de votre compte google  un compte hellowork vous sera créé,Aigné,72,3,Niveau études,"Bac +3, Bac +4",23660.0,30962.0,27311.0,True,annual,25-35k,aucune,[],0,2025-12-10,1,0,0,0,2,4
https://www.hellowork.com/fr-fr/emplois/73559897.html,Correspondant Déploiement IT Sédentaire H/F,AIS recrutement,Blagnac - 31,CDI,Bac +2,Secteur informatique • ESN,10/12/2025,26 000 - 29 000 € / an,"Se connecter à Hellowork avec Google
Continuer avec Google
En poursuivant votre connexion via Google, vous acceptez les
CGU
et déclarez avoir pris connaissance de la
politique de protection des données
d’Hellowork. Si vous ne disposez pas déjà d’un compte Hellowork associé
à l'adresse email de votre compte Google, un compte Hellowork vous sera créé.",correspondant déploiement it sédentaire h f,ais recrutement,se connecter à hellowork avec google continuer avec google en poursuivant votre connexion via google  vous acceptez les cgu et déclarez avoir pris connaissance de la politique de protection des données d hellowork  si vous ne disposez pas déjà d un compte hellowork associé à l'adresse email de votre compte google  un compte hellowork vous sera créé,Blagnac,31,14,Secteur mentionné,Secteur informatique • ESN,26000.0,29000.0,27500.0,False,annual,25-35k,aucune,[],0,2025-12-10,1,0,0,0,2,5
https://www.hellowork.com/fr-fr/emplois/69029182.html,Chef de Secteur GMS H/F,Havea recrutement,Strasbourg - 67,CDI,Bac +2,Industrie Pharmaceutique • Biotechn. • Chimie,10/12/2025,Estimation → 31 800 - 49 900 € / an,"Se connecter à Hellowork avec Google
Continuer avec Google
En poursuivant votre connexion via Google, vous acceptez les
CGU
et déclarez avoir pris connaissance de la
politique de protection des données
d’Hellowork. Si vous ne disposez pas déjà d’un compte Hellowork associé
à l'adresse email de votre compte Google, un compte Hellowork vous sera créé.",chef de secteur gms h f,havea recrutement,se connecter à hellowork avec google continuer avec google en poursuivant votre connexion via google  vous acceptez les cgu et déclarez avoir pris connaissance de la politique de protection des données d hellowork  si vous ne disposez pas déjà d un compte hellowork associé à l'adresse email de votre compte google  un compte hellowork vous sera créé,Strasbourg,67,12,Secteur mentionné,Industrie Pharmaceutique • Biotechn. • Chimie,31800.0,49900.0,40850.0,True,annual,35-50k,aucune,[],0,2025-12-10,1,0,0,0,2,3
https://www.hellowork.com/fr-fr/emplois/70127665.html,Chaudronnier - Tuyauteur H/F,SNEF recrutement,Dunkerque - 59,CDI,"BEP, CAP",BTP,10/12/2025,Estimation → 23 400 - 26 390 € / an,"Se connecter à Hellowork avec Google
Continuer avec Google
En poursuivant votre connexion via Google, vous acceptez les
CGU
et déclarez avoir pris connaissance de la
politique de protection des données
d’Hellowork. Si vous ne disposez pas déjà d’un compte Hellowork associé
à l'adresse email de votre compte Google, un compte Hellowork vous sera créé.",chaudronnier - tuyauteur h f,snef recrutement,se connecter à hellowork avec google continuer avec google en poursuivant votre connexion via google  vous acceptez les cgu et déclarez avoir pris connaissance de la politique de protection des données d hellowork  si vous ne disposez pas déjà d un compte hellowork associé à l'adresse email de votre compte google  un compte hellowork vous sera créé,Dunkerque,59,0,Non précisé,BTP,23400.0,26390.0,24895.0,True,annual,< 25k,aucune,[],0,2025-12-10,1,0,0,0,0,0
https://www.hellowork.com/fr-fr/emplois/67796410.html,Receptionnaire - Atelier Poids Lourds H/F,AUGEREAU LINKS recrutement,Cholet - 49,CDI,"BEP, CAP",Bac,10/12/2025,Pas de salaire renseigné,"Se connecter à Hellowork avec Google
Continuer avec Google
En poursuivant votre connexion via Google, vous acceptez les
CGU
et déclarez avoir pris connaissance de la
politique de protection des données
d’Hellowork. Si vous ne disposez pas déjà d’un compte Hellowork associé
à l'adresse email de votre compte Google, un compte Hellowork vous sera créé.",receptionnaire - atelier poids lourds h f,augereau links recrutement,se connecter à hellowork avec google continuer avec google en poursuivant votre connexion via google  vous acceptez les cgu et déclarez avoir pris connaissance de la politique de protection des données d hellowork  si vous ne disposez pas déjà d un compte hellowork associé à l'adresse email de votre compte google  un compte hellowork vous sera créé,Cholet,49,1,Niveau études,Bac,,,,False,,Non renseigné,aucune,[],0,2025-12-10,1,0,0,0,0,0
https://www.hellowork.com/fr-fr/emplois/73559882.html,Technicien Expert Mécanique Automobile H/F,Audi recrutement,Reims - 51,CDI,Bac +5,Industrie Auto • Meca • Navale,10/12/2025,Pas de salaire renseigné,"Se connecter à Hellowork avec Google
Continuer avec Google
En poursuivant votre connexion via Google, vous acceptez les
CGU
et déclarez avoir pris connaissance de la
politique de protection des données
d’Hellowork. Si vous ne disposez pas déjà d’un compte Hellowork associé
à l'adresse email de votre compte Google, un compte Hellowork vous sera créé.",technicien expert mécanique automobile h f,audi recrutement,se connecter à hellowork avec google continuer avec google en poursuivant votre connexion via google  vous acceptez les cgu et déclarez avoir pris connaissance de la politique de protection des données d hellowork  si vous ne disposez pas déjà d un compte hellowork associé à l'adresse email de votre compte google  un compte hellowork vous sera créé,Reims,51,9,Secteur mentionné,Industrie Auto • Meca • Navale,,,,False,,Non renseigné,aucune,[],0,2025-12-10,1,0,0,0,4,3
https://www.hellowork.com/fr-fr/emplois/62653984.html,Coordinateur Bim H/F,Socotec recrutement,Casablanca - Maroc,CDI,Bac +5,Services aux Entreprises,10/12/2025,Pas de salaire renseigné,"Se connecter à Hellowork avec Google
Continuer avec Google
En poursuivant votre connexion via Google, vous acceptez les
CGU
et déclarez avoir pris connaissance de la
politique de protection des données
d’Hellowork. Si vous ne disposez pas déjà d’un compte Hellowork associé
à l'adresse email de votre compte Google, un compte Hellowork vous sera créé.",coordinateur bim h f,socotec recrutement,se connecter à hellowork avec google continuer avec google en poursuivant votre connexion via google  vous acceptez les cgu et déclarez avoir pris connaissance de la politique de protection des données d hellowork  si vous ne disposez pas déjà d un compte hellowork associé à l'adresse email de votre compte google  un compte hellowork vous sera créé,Casablanca,Maroc,16,Non précisé,Services aux Entreprises,,,,False,,Non renseigné,aucune,[],0,2025-12-10,1,0,0,0,4,3
https://www.hellowork.com/fr-fr/emplois/73559888.html,Chef de Cuisine H/F,Api Restauration recrutement,Beaumont-Monteux - 26,CDI,"BEP, CAP",Bac,10/12/2025,Pas de salaire renseigné,"Se connecter à Hellowork avec Google
Continuer avec Google
En poursuivant votre connexion via Google, vous acceptez les
CGU
et déclarez avoir pris connaissance de la
politique de protection des données
d’Hellowork. Si vous ne disposez pas déjà d’un compte Hellowork associé
à l'adresse email de votre compte Google, un compte Hellowork vous sera créé.",chef de cuisine h f,api restauration recrutement,se connecter à hellowork avec google continuer avec google en poursuivant votre connexion via google  vous acceptez les cgu et déclarez avoir pris connaissance de la politique de protection des données d hellowork  si vous ne disposez pas déjà d un compte hellowork associé à l'adresse email de votre compte google  un compte hellowork vous sera créé,Beaumont-Monteux,26,1,Niveau études,Bac,,,,False,,Non renseigné,aucune,[],0,2025-12-10,1,0,0,0,0,0
https://www.hellowork.com/fr-fr/emplois/67780488.html,Assistant de Vie H/F,ADHAP recrutement,Saint-Étienne-du-Rouvray - 76,CDI,"BEP, CAP",Services aux Personnes • Particuliers,10/12/2025,"11,88 - 12,12 € / heure","Se connecter à Hellowork avec Google
Continuer avec Google
En poursuivant votre connexion via Google, vous acceptez les
CGU
et déclarez avoir pris connaissance de la
politique de protection des données
d’Hellowork. Si vous ne disposez pas déjà d’un compte Hellowork associé
à l'adresse email de votre compte Google, un compte Hellowork vous sera créé.",assistant de vie h f,adhap recrutement,se connecter à hellowork avec google continuer avec google en poursuivant votre connexion via google  vous acceptez les cgu et déclarez avoir pris connaissance de la politique de protection des données d hellowork  si vous ne disposez pas déjà d un compte hellowork associé à l'adresse email de votre compte google  un compte hellowork vous sera créé,Saint-Étienne-du-Rouvray,76,17,Secteur mentionné,Services aux Personnes • Particuliers,19543.0,19937.0,19740.0,False,hourly,< 25k,aucune,[],0,2025-12-10,1,0,0,0,0,5
https://www.hellowork.com/fr-fr/emplois/73560926.html,Hôte - Hôtesse d'Accueil Standardiste H/F,Phone Régie recrutement,Lyon 3e - 69,CDI,Bac,Services aux Entreprises,10/12/2025,"11,91 € / heure","Se connecter à Hellowork avec Google
Continuer avec Google
En poursuivant votre connexion via Google, vous acceptez les
CGU
et déclarez avoir pris connaissance de la
politique de protection des données
d’Hellowork. Si vous ne disposez pas déjà d’un compte Hellowork associé
à l'adresse email de votre compte Google, un compte Hellowork vous sera créé.",hôte - hôtesse d'accueil standardiste h f,phone régie recrutement,se connecter à hellowork avec google continuer avec google en poursuivant votre connexion via google  vous acceptez les cgu et déclarez avoir pris connaissance de la politique de protection des données d hellowork  si vous ne disposez pas déjà d un compte hellowork associé à l'adresse email de votre compte google  un compte hellowork vous sera créé,Lyon 3e,69,16,Non précisé,Services aux Entreprises,19592.0,19592.0,19592.0,False,hourly,< 25k,aucune,[],0,2025-12-10,1,0,0,0,1,5
https://www.hellowork.com/fr-fr/emplois/73560962.html,Intégrateur Systèmes Fluides H/F,Olys Engineering recrutement,Lyon 7e - 69,CDI,Bac +5,Secteur Energie • Environnement,10/12/2025,60 000 - 75 000 € / an,"Se connecter à Hellowork avec Google
Continuer avec Google
En poursuivant votre connexion via Google, vous acceptez les
CGU
et déclarez avoir pris connaissance de la
politique de protection des données
d’Hellowork. Si vous ne disposez pas déjà d’un compte Hellowork associé
à l'adresse email de votre compte Google, un compte Hellowork vous sera créé.",intégrateur systèmes fluides h f,olys engineering recrutement,se connecter à hellowork avec google continuer avec google en poursuivant votre connexion via google  vous acceptez les cgu et déclarez avoir pris connaissance de la politique de protection des données d hellowork  si vous ne disposez pas déjà d un compte hellowork associé à l'adresse email de votre compte google  un compte hellowork vous sera créé,Lyon 7e,69,13,Secteur mentionné,Secteur Energie • Environnement,60000.0,75000.0,67500.0,False,annual,50-70k,aucune,[],0,2025-12-10,1,0,0,0,4,1
https://www.hellowork.com/fr-fr/emplois/67781605.html,Préventeur HSE H/F,NGEN recrutement,Lyon - 69,CDI,Bac +2,"Bac +3, Bac +4",10/12/2025,27 500 - 36 500 € / an,"Se connecter à Hellowork avec Google
Continuer avec Google
En poursuivant votre connexion via Google, vous acceptez les
CGU
et déclarez avoir pris connaissance de la
politique de protection des données
d’Hellowork. Si vous ne disposez pas déjà d’un compte Hellowork associé
à l'adresse email de votre compte Google, un compte Hellowork vous sera créé.",préventeur hse h f,ngen recrutement,se connecter à hellowork avec google continuer avec google en poursuivant votre connexion via google  vous acceptez les cgu et déclarez avoir pris connaissance de la politique de protection des données d hellowork  si vous ne disposez pas déjà d un compte hellowork associé à l'adresse email de votre compte google  un compte hellowork vous sera créé,Lyon,69,3,Niveau études,"Bac +3, Bac +4",27500.0,36500.0,32000.0,False,annual,25-35k,aucune,[],0,2025-12-10,1,0,0,0,2,4
https://www.hellowork.com/fr-fr/emplois/71361714.html,Responsable Commerce H/F,Brico Dépôt recrutement,Montceau-les-Mines - 71,CDI,Bac,Bac +2,10/12/2025,Pas de salaire renseigné,"Se connecter à Hellowork avec Google
Continuer avec Google
En poursuivant votre connexion via Google, vous acceptez les
CGU
et déclarez avoir pris connaissance de la
politique de protection des données
d’Hellowork. Si vous ne disposez pas déjà d’un compte Hellowork associé
à l'adresse email de votre compte Google, un compte Hellowork vous sera créé.",responsable commerce h f,brico dépôt recrutement,se connecter à hellowork avec google continuer avec google en poursuivant votre connexion via google  vous acceptez les cgu et déclarez avoir pris connaissance de la politique de protection des données d hellowork  si vous ne disposez pas déjà d un compte hellowork associé à l'adresse email de votre compte google  un compte hellowork vous sera créé,Montceau-les-Mines,71,2,Niveau études,Bac +2,,,,False,,Non renseigné,aucune,[],0,2025-12-10,1,0,0,0,1,4
https://www.hellowork.com/fr-fr/emplois/71363364.html,Technicien de Modernisation H/F,Entreprise confidentielle,Annecy - 74,CDI,Bac +2,Industrie Manufacturière,10/12/2025,Estimation → 25 700 - 38 000 € / an,"Se connecter à Hellowork avec Google
Continuer avec Google
En poursuivant votre connexion via Google, vous acceptez les
CGU
et déclarez avoir pris connaissance de la
politique de protection des données
d’Hellowork. Si vous ne disposez pas déjà d’un compte Hellowork associé
à l'adresse email de votre compte Google, un compte Hellowork vous sera créé.",technicien de modernisation h f,entreprise confidentielle,se connecter à hellowork avec google continuer avec google en poursuivant votre connexion via google  vous acceptez les cgu et déclarez avoir pris connaissance de la politique de protection des données d hellowork  si vous ne disposez pas déjà d un compte hellowork associé à l'adresse email de votre compte google  un compte hellowork vous sera créé,Annecy,74,11,Non précisé,Industrie Manufacturière,25700.0,38000.0,31850.0,True,annual,25-35k,aucune,[],0,2025-12-10,1,0,0,0,2,3
https://www.hellowork.com/fr-fr/emplois/73559901.html,Conseiller Clientèle - Yutz H/F,Crédit Agricole Lorraine recrutement,Yutz - 57,CDI,Bac +2,Banque • Assurance • Finance,10/12/2025,Estimation → 21 730 - 27 000 € / an,"Se connecter à Hellowork avec Google
Continuer avec Google
En poursuivant votre connexion via Google, vous acceptez les
CGU
et déclarez avoir pris connaissance de la
politique de protection des données
d’Hellowork. Si vous ne disposez pas déjà d’un compte Hellowork associé
à l'adresse email de votre compte Google, un compte Hellowork vous sera créé.",conseiller clientèle - yutz h f,crédit agricole lorraine recrutement,se connecter à hellowork avec google continuer avec google en poursuivant votre connexion via google  vous acceptez les cgu et déclarez avoir pris connaissance de la politique de protection des données d hellowork  si vous ne disposez pas déjà d un compte hellowork associé à l'adresse email de votre compte google  un compte hellowork vous sera créé,Yutz,57,5,Secteur mentionné,Banque • Assurance • Finance,21730.0,27000.0,24365.0,True,annual,< 25k,aucune,[],0,2025-12-10,1,0,0,0,2,4
https://www.hellowork.com/fr-fr/emplois/73559917.html,Magasinier - Vendeur Pra H/F,Volkswagen recrutement,Cléon - 76,CDI,"BEP, CAP",Bac,10/12/2025,2 100 € / mois,"Se connecter à Hellowork avec Google
Continuer avec Google
En poursuivant votre connexion via Google, vous acceptez les
CGU
et déclarez avoir pris connaissance de la
politique de protection des données
d’Hellowork. Si vous ne disposez pas déjà d’un compte Hellowork associé
à l'adresse email de votre compte Google, un compte Hellowork vous sera créé.",magasinier - vendeur pra h f,volkswagen recrutement,se connecter à hellowork avec google continuer avec google en poursuivant votre connexion via google  vous acceptez les cgu et déclarez avoir pris connaissance de la politique de protection des données d hellowork  si vous ne disposez pas déjà d un compte hellowork associé à l'adresse email de votre compte google  un compte hellowork vous sera créé,Cléon,76,1,Niveau études,Bac,25200.0,25200.0,25200.0,False,monthly,25-35k,aucune,[],0,2025-12-10,1,0,0,0,0,0
https://www.hellowork.com/fr-fr/emplois/67801941.html,Monteur·se Moteurs Militaires M53 H/F,Safran recrutement,Seine-et-Marne - 77,CDI,"BEP, CAP",Bac,10/12/2025,Pas de salaire renseigné,"Se connecter à Hellowork avec Google
Continuer avec Google
En poursuivant votre connexion via Google, vous acceptez les
CGU
et déclarez avoir pris connaissance de la
politique de protection des données
d’Hellowork. Si vous ne disposez pas déjà d’un compte Hellowork associé
à l'adresse email de votre compte Google, un compte Hellowork vous sera créé.",monteur se moteurs militaires m53 h f,safran recrutement,se connecter à hellowork avec google continuer avec google en poursuivant votre connexion via google  vous acceptez les cgu et déclarez avoir pris connaissance de la politique de protection des données d hellowork  si vous ne disposez pas déjà d un compte hellowork associé à l'adresse email de votre compte google  un compte hellowork vous sera créé,Seine-et-Marne,77,1,Niveau études,Bac,,,,False,,Non renseigné,aucune,[],0,2025-12-10,1,0,0,0,0,0
https://www.hellowork.com/fr-fr/emplois/71310229.html,Manager Opérationnel - Chef de Site Site Hospitalier H/F,Dalkia recrutement,Orsay - 91,CDI,Bac +2,Secteur Energie • Environnement,10/12/2025,Pas de salaire renseigné,"Se connecter à Hellowork avec Google
Continuer avec Google
En poursuivant votre connexion via Google, vous acceptez les
CGU
et déclarez avoir pris connaissance de la
politique de protection des données
d’Hellowork. Si vous ne disposez pas déjà d’un compte Hellowork associé
à l'adresse email de votre compte Google, un compte Hellowork vous sera créé.",manager opérationnel - chef de site site hospitalier h f,dalkia recrutement,se connecter à hellowork avec google continuer avec google en poursuivant votre connexion via google  vous acceptez les cgu et déclarez avoir pris connaissance de la politique de protection des données d hellowork  si vous ne disposez pas déjà d un compte hellowork associé à l'adresse email de votre compte google  un compte hellowork vous sera créé,Orsay,91,13,Secteur mentionné,Secteur Energie • Environnement,,,,False,,Non renseigné,aucune,[],0,2025-12-10,1,0,0,0,2,3
https://www.hellowork.com/fr-fr/emplois/59102960.html,Monteur-Électricien H/F,SPIE Industrie recrutement,Thonon-les-Bains - 74,CDI,"BEP, CAP",Bac,10/12/2025,Estimation → 22 640 - 25 480 € / an,"Se connecter à Hellowork avec Google
Continuer avec Google
En poursuivant votre connexion via Google, vous acceptez les
CGU
et déclarez avoir pris connaissance de la
politique de protection des données
d’Hellowork. Si vous ne disposez pas déjà d’un compte Hellowork associé
à l'adresse email de votre compte Google, un compte Hellowork vous sera créé.",monteur-électricien h f,spie industrie recrutement,se connecter à hellowork avec google continuer avec google en poursuivant votre connexion via google  vous acceptez les cgu et déclarez avoir pris connaissance de la politique de protection des données d hellowork  si vous ne disposez pas déjà d un compte hellowork associé à l'adresse email de votre compte google  un compte hellowork vous sera créé,Thonon-les-Bains,74,1,Niveau études,Bac,22640.0,25480.0,24060.0,True,annual,< 25k,aucune,[],0,2025-12-10,1,0,0,0,0,0
https://www.hellowork.com/fr-fr/emplois/71368744.html,Collaborateur Comptable Confirmé H/F,Hireos recrutement,Lyon 9e - 69,CDI,Bac +2,Secteur informatique • ESN,10/12/2025,35 000 - 45 000 € / an,"Se connecter à Hellowork avec Google
Continuer avec Google
En poursuivant votre connexion via Google, vous acceptez les
CGU
et déclarez avoir pris connaissance de la
politique de protection des données
d’Hellowork. Si vous ne disposez pas déjà d’un compte Hellowork associé
à l'adresse email de votre compte Google, un compte Hellowork vous sera créé.",collaborateur comptable confirmé h f,hireos recrutement,se connecter à hellowork avec google continuer avec google en poursuivant votre connexion via google  vous acceptez les cgu et déclarez avoir pris connaissance de la politique de protection des données d hellowork  si vous ne disposez pas déjà d un compte hellowork associé à l'adresse email de votre compte google  un compte hellowork vous sera créé,Lyon 9e,69,14,Secteur mentionné,Secteur informatique • ESN,35000.0,45000.0,40000.0,False,annual,35-50k,aucune,[],0,2025-12-10,1,0,0,0,2,3
https://www.hellowork.com/fr-fr/emplois/71365464.html,Educateur de Jeunes Enfants Bilingue Anglais H/F,ABC Puériculture recrutement,Paris - 75,CDI,"BEP, CAP",Services aux Personnes • Particuliers,10/12/2025,2 750 - 3 550 € / mois,"Se connecter à Hellowork avec Google
Continuer avec Google
En poursuivant votre connexion via Google, vous acceptez les
CGU
et déclarez avoir pris connaissance de la
politique de protection des données
d’Hellowork. Si vous ne disposez pas déjà d’un compte Hellowork associé
à l'adresse email de votre compte Google, un compte Hellowork vous sera créé.",educateur de jeunes enfants bilingue anglais h f,abc puériculture recrutement,se connecter à hellowork avec google continuer avec google en poursuivant votre connexion via google  vous acceptez les cgu et déclarez avoir pris connaissance de la politique de protection des données d hellowork  si vous ne disposez pas déjà d un compte hellowork associé à l'adresse email de votre compte google  un compte hellowork vous sera créé,Paris,75,17,Secteur mentionné,Services aux Personnes • Particuliers,33000.0,42600.0,37800.0,False,monthly,35-50k,anglais,['anglais'],1,2025-12-10,1,0,0,0,0,3
https://www.hellowork.com/fr-fr/emplois/69009770.html,Projeteur CFO - CFA H/F,SNEF recrutement,Aix-en-Provence - 13,CDI,Bac +2,"Bac +3, Bac +4",10/12/2025,Estimation → 31 200 - 44 700 € / an,"Se connecter à Hellowork avec Google
Continuer avec Google
En poursuivant votre connexion via Google, vous acceptez les
CGU
et déclarez avoir pris connaissance de la
politique de protection des données
d’Hellowork. Si vous ne disposez pas déjà d’un compte Hellowork associé
à l'adresse email de votre compte Google, un compte Hellowork vous sera créé.",projeteur cfo - cfa h f,snef recrutement,se connecter à hellowork avec google continuer avec google en poursuivant votre connexion via google  vous acceptez les cgu et déclarez avoir pris connaissance de la politique de protection des données d hellowork  si vous ne disposez pas déjà d un compte hellowork associé à l'adresse email de votre compte google  un compte hellowork vous sera créé,Aix-en-Provence,13,3,Niveau études,"Bac +3, Bac +4",31200.0,44700.0,37950.0,True,annual,35-50k,aucune,[],0,2025-12-10,1,0,0,0,2,4
https://www.hellowork.com/fr-fr/emplois/68979141.html,Ingénieur Études Travaux Thermiques H/F,Dalkia recrutement,Cesson-Sévigné - 35,CDI,Bac +2,"Bac +3, Bac +4",10/12/2025,Estimation → 31 000 - 53 800 € / an,"Se connecter à Hellowork avec Google
Continuer avec Google
En poursuivant votre connexion via Google, vous acceptez les
CGU
et déclarez avoir pris connaissance de la
politique de protection des données
d’Hellowork. Si vous ne disposez pas déjà d’un compte Hellowork associé
à l'adresse email de votre compte Google, un compte Hellowork vous sera créé.",ingénieur études travaux thermiques h f,dalkia recrutement,se connecter à hellowork avec google continuer avec google en poursuivant votre connexion via google  vous acceptez les cgu et déclarez avoir pris connaissance de la politique de protection des données d hellowork  si vous ne disposez pas déjà d un compte hellowork associé à l'adresse email de votre compte google  un compte hellowork vous sera créé,Cesson-Sévigné,35,3,Niveau études,"Bac +3, Bac +4",31000.0,53800.0,42400.0,True,annual,35-50k,aucune,[],0,2025-12-10,1,0,0,0,2,2
https://www.hellowork.com/fr-fr/emplois/65225710.html,Ingénieur des Ventes Ascenseur H/F,Kone recrutement,Noisy-le-Sec - 93,CDI,Bac +2,"Bac +3, Bac +4",10/12/2025,Pas de salaire renseigné,"Se connecter à Hellowork avec Google
Continuer avec Google
En poursuivant votre connexion via Google, vous acceptez les
CGU
et déclarez avoir pris connaissance de la
politique de protection des données
d’Hellowork. Si vous ne disposez pas déjà d’un compte Hellowork associé
à l'adresse email de votre compte Google, un compte Hellowork vous sera créé.",ingénieur des ventes ascenseur h f,kone recrutement,se connecter à hellowork avec google continuer avec google en poursuivant votre connexion via google  vous acceptez les cgu et déclarez avoir pris connaissance de la politique de protection des données d hellowork  si vous ne disposez pas déjà d un compte hellowork associé à l'adresse email de votre compte google  un compte hellowork vous sera créé,Noisy-le-Sec,93,3,Niveau études,"Bac +3, Bac +4",,,,False,,Non renseigné,aucune,[],0,2025-12-10,1,0,0,0,2,4
https://www.hellowork.com/fr-fr/emplois/71347132.html,Chef de Groupe Etudes Installation Générale H/F,Orano recrutement,Pierrelatte - 26,CDI,Bac +2,"Bac +3, Bac +4",10/12/2025,Estimation → 29 000 - 38 500 € / an,"Se connecter à Hellowork avec Google
Continuer avec Google
En poursuivant votre connexion via Google, vous acceptez les
CGU
et déclarez avoir pris connaissance de la
politique de protection des données
d’Hellowork. Si vous ne disposez pas déjà d’un compte Hellowork associé
à l'adresse email de votre compte Google, un compte Hellowork vous sera créé.",chef de groupe etudes installation générale h f,orano recrutement,se connecter à hellowork avec google continuer avec google en poursuivant votre connexion via google  vous acceptez les cgu et déclarez avoir pris connaissance de la politique de protection des données d hellowork  si vous ne disposez pas déjà d un compte hellowork associé à l'adresse email de votre compte google  un compte hellowork vous sera créé,Pierrelatte,26,3,Niveau études,"Bac +3, Bac +4",29000.0,38500.0,33750.0,True,annual,25-35k,aucune,[],0,2025-12-10,1,0,0,0,2,4
https://www.hellowork.com/fr-fr/emplois/71301126.html,Chargé d'Affaires Travaux CVC - Plomberie H/F,Dalkia recrutement,Chasseneuil-du-Poitou - 86,CDI,Bac +2,Secteur Energie • Environnement,10/12/2025,Estimation → 42 500 - 56 200 € / an,"Se connecter à Hellowork avec Google
Continuer avec Google
En poursuivant votre connexion via Google, vous acceptez les
CGU
et déclarez avoir pris connaissance de la
politique de protection des données
d’Hellowork. Si vous ne disposez pas déjà d’un compte Hellowork associé
à l'adresse email de votre compte Google, un compte Hellowork vous sera créé.",chargé d'affaires travaux cvc - plomberie h f,dalkia recrutement,se connecter à hellowork avec google continuer avec google en poursuivant votre connexion via google  vous acceptez les cgu et déclarez avoir pris connaissance de la politique de protection des données d hellowork  si vous ne disposez pas déjà d un compte hellowork associé à l'adresse email de votre compte google  un compte hellowork vous sera créé,Chasseneuil-du-Poitou,86,13,Secteur mentionné,Secteur Energie • Environnement,42500.0,56200.0,49350.0,True,annual,35-50k,aucune,[],0,2025-12-10,1,0,0,0,2,1
https://www.hellowork.com/fr-fr/emplois/73559876.html,Chef de Secteur H/F,Api Restauration recrutement,Fleurbaix - 62,CDI,Tourisme • Hôtellerie • Loisirs,Exp. 1 à 7 ans,10/12/2025,2 800 € / mois,"Se connecter à Hellowork avec Google
Continuer avec Google
En poursuivant votre connexion via Google, vous acceptez les
CGU
et déclarez avoir pris connaissance de la
politique de protection des données
d’Hellowork. Si vous ne disposez pas déjà d’un compte Hellowork associé
à l'adresse email de votre compte Google, un compte Hellowork vous sera créé.",chef de secteur h f,api restauration recrutement,se connecter à hellowork avec google continuer avec google en poursuivant votre connexion via google  vous acceptez les cgu et déclarez avoir pris connaissance de la politique de protection des données d hellowork  si vous ne disposez pas déjà d un compte hellowork associé à l'adresse email de votre compte google  un compte hellowork vous sera créé,Fleurbaix,62,7,Confirmé,1-7 ans,33600.0,33600.0,33600.0,False,monthly,25-35k,aucune,[],0,2025-12-10,1,0,0,0,5,3
https://www.hellowork.com/fr-fr/emplois/70119909.html,Chargé d'Affaires CVC H/F,Groupe Fauché recrutement,Collonges-au-Mont-d'Or - 69,CDI,Bac +2,"Bac +3, Bac +4",10/12/2025,50 000 - 55 000 € / an,"Se connecter à Hellowork avec Google
Continuer avec Google
En poursuivant votre connexion via Google, vous acceptez les
CGU
et déclarez avoir pris connaissance de la
politique de protection des données
d’Hellowork. Si vous ne disposez pas déjà d’un compte Hellowork associé
à l'adresse email de votre compte Google, un compte Hellowork vous sera créé.",chargé d'affaires cvc h f,groupe fauché recrutement,se connecter à hellowork avec google continuer avec google en poursuivant votre connexion via google  vous acceptez les cgu et déclarez avoir pris connaissance de la politique de protection des données d hellowork  si vous ne disposez pas déjà d un compte hellowork associé à l'adresse email de votre compte google  un compte hellowork vous sera créé,Collonges-au-Mont-d'Or,69,3,Niveau études,"Bac +3, Bac +4",50000.0,55000.0,52500.0,False,annual,50-70k,aucune,[],0,2025-12-10,1,0,0,0,2,2
https://www.hellowork.com/fr-fr/emplois/73561017.html,Promoteur GMS H/F,CPM France recrutement,Gonesse - 95,CDI,"BEP, CAP",Bac,10/12/2025,1 827 - 1 927 € / mois,"Se connecter à Hellowork avec Google
Continuer avec Google
En poursuivant votre connexion via Google, vous acceptez les
CGU
et déclarez avoir pris connaissance de la
politique de protection des données
d’Hellowork. Si vous ne disposez pas déjà d’un compte Hellowork associé
à l'adresse email de votre compte Google, un compte Hellowork vous sera créé.",promoteur gms h f,cpm france recrutement,se connecter à hellowork avec google continuer avec google en poursuivant votre connexion via google  vous acceptez les cgu et déclarez avoir pris connaissance de la politique de protection des données d hellowork  si vous ne disposez pas déjà d un compte hellowork associé à l'adresse email de votre compte google  un compte hellowork vous sera créé,Gonesse,95,1,Niveau études,Bac,21924.0,23124.0,22524.0,False,monthly,< 25k,aucune,[],0,2025-12-10,1,0,0,0,0,0
https://www.hellowork.com/fr-fr/emplois/71346777.html,Chef d'Équipe en Nettoyage Industriel H/F,Onet Propreté et Services recrutement,Saint-Pierre-la-Cour - 53,CDI,Bac,Bac +2,10/12/2025,Pas de salaire renseigné,"Se connecter à Hellowork avec Google
Continuer avec Google
En poursuivant votre connexion via Google, vous acceptez les
CGU
et déclarez avoir pris connaissance de la
politique de protection des données
d’Hellowork. Si vous ne disposez pas déjà d’un compte Hellowork associé
à l'adresse email de votre compte Google, un compte Hellowork vous sera créé.",chef d'équipe en nettoyage industriel h f,onet propreté et services recrutement,se connecter à hellowork avec google continuer avec google en poursuivant votre connexion via google  vous acceptez les cgu et déclarez avoir pris connaissance de la politique de protection des données d hellowork  si vous ne disposez pas déjà d un compte hellowork associé à l'adresse email de votre compte google  un compte hellowork vous sera créé,Saint-Pierre-la-Cour,53,2,Niveau études,Bac +2,,,,False,,Non renseigné,aucune,[],0,2025-12-10,1,0,0,0,1,4
https://www.hellowork.com/fr-fr/emplois/52758771.html,Electromécanicien Dépanneur H/F,Saint Yves Services recrutement,Aigné - 72,CDI,Bac +2,"Bac +3, Bac +4",10/12/2025,Estimation → 23 660 - 30 962 € / an,"Se connecter à Hellowork avec Google
Continuer avec Google
En poursuivant votre connexion via Google, vous acceptez les
CGU
et déclarez avoir pris connaissance de la
politique de protection des données
d’Hellowork. Si vous ne disposez pas déjà d’un compte Hellowork associé
à l'adresse email de votre compte Google, un compte Hellowork vous sera créé.",electromécanicien dépanneur h f,saint yves services recrutement,se connecter à hellowork avec google continuer avec google en poursuivant votre connexion via google  vous acceptez les cgu et déclarez avoir pris connaissance de la politique de protection des données d hellowork  si vous ne disposez pas déjà d un compte hellowork associé à l'adresse email de votre compte google  un compte hellowork vous sera créé,Aigné,72,3,Niveau études,"Bac +3, Bac +4",23660.0,30962.0,27311.0,True,annual,25-35k,aucune,[],0,2025-12-10,1,0,0,0,2,4
https://www.hellowork.com/fr-fr/emplois/73559897.html,Correspondant Déploiement IT Sédentaire H/F,AIS recrutement,Blagnac - 31,CDI,Bac +2,Secteur informatique • ESN,10/12/2025,26 000 - 29 000 € / an,"Se connecter à Hellowork avec Google
Continuer avec Google
En poursuivant votre connexion via Google, vous acceptez les
CGU
et déclarez avoir pris connaissance de la
politique de protection des données
d’Hellowork. Si vous ne disposez pas déjà d’un compte Hellowork associé
à l'adresse email de votre compte Google, un compte Hellowork vous sera créé.",correspondant déploiement it sédentaire h f,ais recrutement,se connecter à hellowork avec google continuer avec google en poursuivant votre connexion via google  vous acceptez les cgu et déclarez avoir pris connaissance de la politique de protection des données d hellowork  si vous ne disposez pas déjà d un compte hellowork associé à l'adresse email de votre compte google  un compte hellowork vous sera créé,Blagnac,31,14,Secteur mentionné,Secteur informatique • ESN,26000.0,29000.0,27500.0,False,annual,25-35k,aucune,[],0,2025-12-10,1,0,0,0,2,5
https://www.hellowork.com/fr-fr/emplois/69029182.html,Chef de Secteur GMS H/F,Havea recrutement,Strasbourg - 67,CDI,Bac +2,Industrie Pharmaceutique • Biotechn. • Chimie,10/12/2025,Estimation → 31 800 - 49 900 € / an,"Se connecter à Hellowork avec Google
Continuer avec Google
En poursuivant votre connexion via Google, vous acceptez les
CGU
et déclarez avoir pris connaissance de la
politique de protection des données
d’Hellowork. Si vous ne disposez pas déjà d’un compte Hellowork associé
à l'adresse email de votre compte Google, un compte Hellowork vous sera créé.",chef de secteur gms h f,havea recrutement,se connecter à hellowork avec google continuer avec google en poursuivant votre connexion via google  vous acceptez les cgu et déclarez avoir pris connaissance de la politique de protection des données d hellowork  si vous ne disposez pas déjà d un compte hellowork associé à l'adresse email de votre compte google  un compte hellowork vous sera créé,Strasbourg,67,12,Secteur mentionné,Industrie Pharmaceutique • Biotechn. • Chimie,31800.0,49900.0,40850.0,True,annual,35-50k,aucune,[],0,2025-12-10,1,0,0,0,2,3
https://www.hellowork.com/fr-fr/emplois/70127665.html,Chaudronnier - Tuyauteur H/F,SNEF recrutement,Dunkerque - 59,CDI,"BEP, CAP",BTP,10/12/2025,Estimation → 23 400 - 26 390 € / an,"Se connecter à Hellowork avec Google
Continuer avec Google
En poursuivant votre connexion via Google, vous acceptez les
CGU
et déclarez avoir pris connaissance de la
politique de protection des données
d’Hellowork. Si vous ne disposez pas déjà d’un compte Hellowork associé
à l'adresse email de votre compte Google, un compte Hellowork vous sera créé.",chaudronnier - tuyauteur h f,snef recrutement,se connecter à hellowork avec google continuer avec google en poursuivant votre connexion via google  vous acceptez les cgu et déclarez avoir pris connaissance de la politique de protection des données d hellowork  si vous ne disposez pas déjà d un compte hellowork associé à l'adresse email de votre compte google  un compte hellowork vous sera créé,Dunkerque,59,0,Non précisé,BTP,23400.0,26390.0,24895.0,True,annual,< 25k,aucune,[],0,2025-12-10,1,0,0,0,0,0
https://www.hellowork.com/fr-fr/emplois/67796410.html,Receptionnaire - Atelier Poids Lourds H/F,AUGEREAU LINKS recrutement,Cholet - 49,CDI,"BEP, CAP",Bac,10/12/2025,Pas de salaire renseigné,"Se connecter à Hellowork avec Google
Continuer avec Google
En poursuivant votre connexion via Google, vous acceptez les
CGU
et déclarez avoir pris connaissance de la
politique de protection des données
d’Hellowork. Si vous ne disposez pas déjà d’un compte Hellowork associé
à l'adresse email de votre compte Google, un compte Hellowork vous sera créé.",receptionnaire - atelier poids lourds h f,augereau links recrutement,se connecter à hellowork avec google continuer avec google en poursuivant votre connexion via google  vous acceptez les cgu et déclarez avoir pris connaissance de la politique de protection des données d hellowork  si vous ne disposez pas déjà d un compte hellowork associé à l'adresse email de votre compte google  un compte hellowork vous sera créé,Cholet,49,1,Niveau études,Bac,,,,False,,Non renseigné,aucune,[],0,2025-12-10,1,0,0,0,0,0
https://www.hellowork.com/fr-fr/emplois/73559882.html,Technicien Expert Mécanique Automobile H/F,Audi recrutement,Reims - 51,CDI,Bac +5,Industrie Auto • Meca • Navale,10/12/2025,Pas de salaire renseigné,"Se connecter à Hellowork avec Google
Continuer avec Google
En poursuivant votre connexion via Google, vous acceptez les
CGU
et déclarez avoir pris connaissance de la
politique de protection des données
d’Hellowork. Si vous ne disposez pas déjà d’un compte Hellowork associé
à l'adresse email de votre compte Google, un compte Hellowork vous sera créé.",technicien expert mécanique automobile h f,audi recrutement,se connecter à hellowork avec google continuer avec google en poursuivant votre connexion via google  vous acceptez les cgu et déclarez avoir pris connaissance de la politique de protection des données d hellowork  si vous ne disposez pas déjà d un compte hellowork associé à l'adresse email de votre compte google  un compte hellowork vous sera créé,Reims,51,9,Secteur mentionné,Industrie Auto • Meca • Navale,,,,False,,Non renseigné,aucune,[],0,2025-12-10,1,0,0,0,4,3
https://www.hellowork.com/fr-fr/emplois/62653984.html,Coordinateur Bim H/F,Socotec recrutement,Casablanca - Maroc,CDI,Bac +5,Services aux Entreprises,10/12/2025,Pas de salaire renseigné,"Se connecter à Hellowork avec Google
Continuer avec Google
En poursuivant votre connexion via Google, vous acceptez les
CGU
et déclarez avoir pris connaissance de la
politique de protection des données
d’Hellowork. Si vous ne disposez pas déjà d’un compte Hellowork associé
à l'adresse email de votre compte Google, un compte Hellowork vous sera créé.",coordinateur bim h f,socotec recrutement,se connecter à hellowork avec google continuer avec google en poursuivant votre connexion via google  vous acceptez les cgu et déclarez avoir pris connaissance de la politique de protection des données d hellowork  si vous ne disposez pas déjà d un compte hellowork associé à l'adresse email de votre compte google  un compte hellowork vous sera créé,Casablanca,Maroc,16,Non précisé,Services aux Entreprises,,,,False,,Non renseigné,aucune,[],0,2025-12-10,1,0,0,0,4,3
https://www.hellowork.com/fr-fr/emplois/73559888.html,Chef de Cuisine H/F,Api Restauration recrutement,Beaumont-Monteux - 26,CDI,"BEP, CAP",Bac,10/12/2025,Pas de salaire renseigné,"Se connecter à Hellowork avec Google
Continuer avec Google
En poursuivant votre connexion via Google, vous acceptez les
CGU
et déclarez avoir pris connaissance de la
politique de protection des données
d’Hellowork. Si vous ne disposez pas déjà d’un compte Hellowork associé
à l'adresse email de votre compte Google, un compte Hellowork vous sera créé.",chef de cuisine h f,api restauration recrutement,se connecter à hellowork avec google continuer avec google en poursuivant votre connexion via google  vous acceptez les cgu et déclarez avoir pris connaissance de la politique de protection des données d hellowork  si vous ne disposez pas déjà d un compte hellowork associé à l'adresse email de votre compte google  un compte hellowork vous sera créé,Beaumont-Monteux,26,1,Niveau études,Bac,,,,False,,Non renseigné,aucune,[],0,2025-12-10,1,0,0,0,0,0
https://www.hellowork.com/fr-fr/emplois/67780488.html,Assistant de Vie H/F,ADHAP recrutement,Saint-Étienne-du-Rouvray - 76,CDI,"BEP, CAP",Services aux Personnes • Particuliers,10/12/2025,"11,88 - 12,12 € / heure","Se connecter à Hellowork avec Google
Continuer avec Google
En poursuivant votre connexion via Google, vous acceptez les
CGU
et déclarez avoir pris connaissance de la
politique de protection des données
d’Hellowork. Si vous ne disposez pas déjà d’un compte Hellowork associé
à l'adresse email de votre compte Google, un compte Hellowork vous sera créé.",assistant de vie h f,adhap recrutement,se connecter à hellowork avec google continuer avec google en poursuivant votre connexion via google  vous acceptez les cgu et déclarez avoir pris connaissance de la politique de protection des données d hellowork  si vous ne disposez pas déjà d un compte hellowork associé à l'adresse email de votre compte google  un compte hellowork vous sera créé,Saint-Étienne-du-Rouvray,76,17,Secteur mentionné,Services aux Personnes • Particuliers,19543.0,19937.0,19740.0,False,hourly,< 25k,aucune,[],0,2025-12-10,1,0,0,0,0,5
https://www.hellowork.com/fr-fr/emplois/73560926.html,Hôte - Hôtesse d'Accueil Standardiste H/F,Phone Régie recrutement,Lyon 3e - 69,CDI,Bac,Services aux Entreprises,10/12/2025,"11,91 € / heure","Se connecter à Hellowork avec Google
Continuer avec Google
En poursuivant votre connexion via Google, vous acceptez les
CGU
et déclarez avoir pris connaissance de la
politique de protection des données
d’Hellowork. Si vous ne disposez pas déjà d’un compte Hellowork associé
à l'adresse email de votre compte Google, un compte Hellowork vous sera créé.",hôte - hôtesse d'accueil standardiste h f,phone régie recrutement,se connecter à hellowork avec google continuer avec google en poursuivant votre connexion via google  vous acceptez les cgu et déclarez avoir pris connaissance de la politique de protection des données d hellowork  si vous ne disposez pas déjà d un compte hellowork associé à l'adresse email de votre compte google  un compte hellowork vous sera créé,Lyon 3e,69,16,Non précisé,Services aux Entreprises,19592.0,19592.0,19592.0,False,hourly,< 25k,aucune,[],0,2025-12-10,1,0,0,0,1,5
https://www.hellowork.com/fr-fr/emplois/73560962.html,Intégrateur Systèmes Fluides H/F,Olys Engineering recrutement,Lyon 7e - 69,CDI,Bac +5,Secteur Energie • Environnement,10/12/2025,60 000 - 75 000 € / an,"Se connecter à Hellowork avec Google
Continuer avec Google
En poursuivant votre connexion via Google, vous acceptez les
CGU
et déclarez avoir pris connaissance de la
politique de protection des données
d’Hellowork. Si vous ne disposez pas déjà d’un compte Hellowork associé
à l'adresse email de votre compte Google, un compte Hellowork vous sera créé.",intégrateur systèmes fluides h f,olys engineering recrutement,se connecter à hellowork avec google continuer avec google en poursuivant votre connexion via google  vous acceptez les cgu et déclarez avoir pris connaissance de la politique de protection des données d hellowork  si vous ne disposez pas déjà d un compte hellowork associé à l'adresse email de votre compte google  un compte hellowork vous sera créé,Lyon 7e,69,13,Secteur mentionné,Secteur Energie • Environnement,60000.0,75000.0,67500.0,False,annual,50-70k,aucune,[],0,2025-12-10,1,0,0,0,4,1
https://www.hellowork.com/fr-fr/emplois/67781605.html,Préventeur HSE H/F,NGEN recrutement,Lyon - 69,CDI,Bac +2,"Bac +3, Bac +4",10/12/2025,27 500 - 36 500 € / an,"Se connecter à Hellowork avec Google
Continuer avec Google
En poursuivant votre connexion via Google, vous acceptez les
CGU
et déclarez avoir pris connaissance de la
politique de protection des données
d’Hellowork. Si vous ne disposez pas déjà d’un compte Hellowork associé
à l'adresse email de votre compte Google, un compte Hellowork vous sera créé.",préventeur hse h f,ngen recrutement,se connecter à hellowork avec google continuer avec google en poursuivant votre connexion via google  vous acceptez les cgu et déclarez avoir pris connaissance de la politique de protection des données d hellowork  si vous ne disposez pas déjà d un compte hellowork associé à l'adresse email de votre compte google  un compte hellowork vous sera créé,Lyon,69,3,Niveau études,"Bac +3, Bac +4",27500.0,36500.0,32000.0,False,annual,25-35k,aucune,[],0,2025-12-10,1,0,0,0,2,4
https://www.hellowork.com/fr-fr/emplois/71361714.html,Responsable Commerce H/F,Brico Dépôt recrutement,Montceau-les-Mines - 71,CDI,Bac,Bac +2,10/12/2025,Pas de salaire renseigné,"Se connecter à Hellowork avec Google
Continuer avec Google
En poursuivant votre connexion via Google, vous acceptez les
CGU
et déclarez avoir pris connaissance de la
politique de protection des données
d’Hellowork. Si vous ne disposez pas déjà d’un compte Hellowork associé
à l'adresse email de votre compte Google, un compte Hellowork vous sera créé.",responsable commerce h f,brico dépôt recrutement,se connecter à hellowork avec google continuer avec google en poursuivant votre connexion via google  vous acceptez les cgu et déclarez avoir pris connaissance de la politique de protection des données d hellowork  si vous ne disposez pas déjà d un compte hellowork associé à l'adresse email de votre compte google  un compte hellowork vous sera créé,Montceau-les-Mines,71,2,Niveau études,Bac +2,,,,False,,Non renseigné,aucune,[],0,2025-12-10,1,0,0,0,1,4
https://www.hellowork.com/fr-fr/emplois/71363364.html,Technicien de Modernisation H/F,Entreprise confidentielle,Annecy - 74,CDI,Bac +2,Industrie Manufacturière,10/12/2025,Estimation → 25 700 - 38 000 € / an,"Se connecter à Hellowork avec Google
Continuer avec Google
En poursuivant votre connexion via Google, vous acceptez les
CGU
et déclarez avoir pris connaissance de la
politique de protection des données
d’Hellowork. Si vous ne disposez pas déjà d’un compte Hellowork associé
à l'adresse email de votre compte Google, un compte Hellowork vous sera créé.",technicien de modernisation h f,entreprise confidentielle,se connecter à hellowork avec google continuer avec google en poursuivant votre connexion via google  vous acceptez les cgu et déclarez avoir pris connaissance de la politique de protection des données d hellowork  si vous ne disposez pas déjà d un compte hellowork associé à l'adresse email de votre compte google  un compte hellowork vous sera créé,Annecy,74,11,Non précisé,Industrie Manufacturière,25700.0,38000.0,31850.0,True,annual,25-35k,aucune,[],0,2025-12-10,1,0,0,0,2,3
https://www.hellowork.com/fr-fr/emplois/73559901.html,Conseiller Clientèle - Yutz H/F,Crédit Agricole Lorraine recrutement,Yutz - 57,CDI,Bac +2,Banque • Assurance • Finance,10/12/2025,Estimation → 21 730 - 27 000 € / an,"Se connecter à Hellowork avec Google
Continuer avec Google
En poursuivant votre connexion via Google, vous acceptez les
CGU
et déclarez avoir pris connaissance de la
politique de protection des données
d’Hellowork. Si vous ne disposez pas déjà d’un compte Hellowork associé
à l'adresse email de votre compte Google, un compte Hellowork vous sera créé.",conseiller clientèle - yutz h f,crédit agricole lorraine recrutement,se connecter à hellowork avec google continuer avec google en poursuivant votre connexion via google  vous acceptez les cgu et déclarez avoir pris connaissance de la politique de protection des données d hellowork  si vous ne disposez pas déjà d un compte hellowork associé à l'adresse email de votre compte google  un compte hellowork vous sera créé,Yutz,57,5,Secteur mentionné,Banque • Assurance • Finance,21730.0,27000.0,24365.0,True,annual,< 25k,aucune,[],0,2025-12-10,1,0,0,0,2,4
https://www.hellowork.com/fr-fr/emplois/73559917.html,Magasinier - Vendeur Pra H/F,Volkswagen recrutement,Cléon - 76,CDI,"BEP, CAP",Bac,10/12/2025,2 100 € / mois,"Se connecter à Hellowork avec Google
Continuer avec Google
En poursuivant votre connexion via Google, vous acceptez les
CGU
et déclarez avoir pris connaissance de la
politique de protection des données
d’Hellowork. Si vous ne disposez pas déjà d’un compte Hellowork associé
à l'adresse email de votre compte Google, un compte Hellowork vous sera créé.",magasinier - vendeur pra h f,volkswagen recrutement,se connecter à hellowork avec google continuer avec google en poursuivant votre connexion via google  vous acceptez les cgu et déclarez avoir pris connaissance de la politique de protection des données d hellowork  si vous ne disposez pas déjà d un compte hellowork associé à l'adresse email de votre compte google  un compte hellowork vous sera créé,Cléon,76,1,Niveau études,Bac,25200.0,25200.0,25200.0,False,monthly,25-35k,aucune,[],0,2025-12-10,1,0,0,0,0,0
https://www.hellowork.com/fr-fr/emplois/67801941.html,Monteur·se Moteurs Militaires M53 H/F,Safran recrutement,Seine-et-Marne - 77,CDI,"BEP, CAP",Bac,10/12/2025,Pas de salaire renseigné,"Se connecter à Hellowork avec Google
Continuer avec Google
En poursuivant votre connexion via Google, vous acceptez les
CGU
et déclarez avoir pris connaissance de la
politique de protection des données
d’Hellowork. Si vous ne disposez pas déjà d’un compte Hellowork associé
à l'adresse email de votre compte Google, un compte Hellowork vous sera créé.",monteur se moteurs militaires m53 h f,safran recrutement,se connecter à hellowork avec google continuer avec google en poursuivant votre connexion via google  vous acceptez les cgu et déclarez avoir pris connaissance de la politique de protection des données d hellowork  si vous ne disposez pas déjà d un compte hellowork associé à l'adresse email de votre compte google  un compte hellowork vous sera créé,Seine-et-Marne,77,1,Niveau études,Bac,,,,False,,Non renseigné,aucune,[],0,2025-12-10,1,0,0,0,0,0
https://www.hellowork.com/fr-fr/emplois/72465778.html,Responsable Technique Régional H/F,123 Pare-Brise recrutement,Île-de-France,CDI,"BEP, CAP",Bac,10/12/2025,3 250 - 3 500 € / mois,"Se connecter à Hellowork avec Google
Continuer avec Google
En poursuivant votre connexion via Google, vous acceptez les
CGU
et déclarez avoir pris connaissance de la
politique de protection des données
d’Hellowork. Si vous ne disposez pas déjà d’un compte Hellowork associé
à l'adresse email de votre compte Google, un compte Hellowork vous sera créé.",responsable technique régional h f,123 pare-brise recrutement,se connecter à hellowork avec google continuer avec google en poursuivant votre connexion via google  vous acceptez les cgu et déclarez avoir pris connaissance de la politique de protection des données d hellowork  si vous ne disposez pas déjà d un compte hellowork associé à l'adresse email de votre compte google  un compte hellowork vous sera créé,Île-de-France,,1,Niveau études,Bac,39000.0,42000.0,40500.0,False,monthly,35-50k,aucune,[],0,2025-12-10,1,0,0,0,0,2
https://www.hellowork.com/fr-fr/emplois/70129438.html,Responsable Administratif et Financier Maitrise d'Ouvrage H/F,Société Dauphinoise pour l'Habitat recrutement,Échirolles - 38,CDI,"Bac +3, Bac +4",Bac +5,10/12/2025,37 240 - 40 000 € / an,"Se connecter à Hellowork avec Google
Continuer avec Google
En poursuivant votre connexion via Google, vous acceptez les
CGU
et déclarez avoir pris connaissance de la
politique de protection des données
d’Hellowork. Si vous ne disposez pas déjà d’un compte Hellowork associé
à l'adresse email de votre compte Google, un compte Hellowork vous sera créé.",responsable administratif et financier maitrise d'ouvrage h f,société dauphinoise pour l'habitat recrutement,se connecter à hellowork avec google continuer avec google en poursuivant votre connexion via google  vous acceptez les cgu et déclarez avoir pris connaissance de la politique de protection des données d hellowork  si vous ne disposez pas déjà d un compte hellowork associé à l'adresse email de votre compte google  un compte hellowork vous sera créé,Échirolles,38,4,Niveau études,Bac +5,37240.0,40000.0,38620.0,False,annual,35-50k,aucune,[],0,2025-12-10,1,0,0,0,3,2
https://www.hellowork.com/fr-fr/emplois/71366888.html,Responsable d'Affaires en Génie Électrique H/F,Vinci Energies France Tertiaire Grand Ouest recrutement,Tours - 37,CDI,Bac +5,Secteur Energie • Environnement,10/12/2025,42 000 - 49 000 € / an,"Se connecter à Hellowork avec Google
Continuer avec Google
En poursuivant votre connexion via Google, vous acceptez les
CGU
et déclarez avoir pris connaissance de la
politique de protection des données
d’Hellowork. Si vous ne disposez pas déjà d’un compte Hellowork associé
à l'adresse email de votre compte Google, un compte Hellowork vous sera créé.",responsable d'affaires en génie électrique h f,vinci energies france tertiaire grand ouest recrutement,se connecter à hellowork avec google continuer avec google en poursuivant votre connexion via google  vous acceptez les cgu et déclarez avoir pris connaissance de la politique de protection des données d hellowork  si vous ne disposez pas déjà d un compte hellowork associé à l'adresse email de votre compte google  un compte hellowork vous sera créé,Tours,37,13,Secteur mentionné,Secteur Energie • Environnement,42000.0,49000.0,45500.0,False,annual,35-50k,aucune,[],0,2025-12-10,1,0,0,0,4,1
https://www.hellowork.com/fr-fr/emplois/71366848.html,Chargé de Mission Sécurité au Travail H/F,Voies Navigables de France recrutement,Béthune - 62,CDI,Bac +5,Transport • Logistique,10/12/2025,Estimation → 30 100 - 43 800 € / an,"Se connecter à Hellowork avec Google
Continuer avec Google
En poursuivant votre connexion via Google, vous acceptez les
CGU
et déclarez avoir pris connaissance de la
politique de protection des données
d’Hellowork. Si vous ne disposez pas déjà d’un compte Hellowork associé
à l'adresse email de votre compte Google, un compte Hellowork vous sera créé.",chargé de mission sécurité au travail h f,voies navigables de france recrutement,se connecter à hellowork avec google continuer avec google en poursuivant votre connexion via google  vous acceptez les cgu et déclarez avoir pris connaissance de la politique de protection des données d hellowork  si vous ne disposez pas déjà d un compte hellowork associé à l'adresse email de votre compte google  un compte hellowork vous sera créé,Béthune,62,18,Secteur mentionné,Transport • Logistique,30100.0,43800.0,36950.0,True,annual,35-50k,aucune,[],0,2025-12-10,1,0,0,0,4,3
https://www.hellowork.com/fr-fr/emplois/70136841.html,Conducteur de Matériel de Collecte Bom Di H/F,Veolia Environnement recrutement,Saint-Herblain - 44,CDI,"BEP, CAP",Bac,10/12/2025,Estimation → 23 300 - 29 300 € / an,"Se connecter à Hellowork avec Google
Continuer avec Google
En poursuivant votre connexion via Google, vous acceptez les
CGU
et déclarez avoir pris connaissance de la
politique de protection des données
d’Hellowork. Si vous ne disposez pas déjà d’un compte Hellowork associé
à l'adresse email de votre compte Google, un compte Hellowork vous sera créé.",conducteur de matériel de collecte bom di h f,veolia environnement recrutement,se connecter à hellowork avec google continuer avec google en poursuivant votre connexion via google  vous acceptez les cgu et déclarez avoir pris connaissance de la politique de protection des données d hellowork  si vous ne disposez pas déjà d un compte hellowork associé à l'adresse email de votre compte google  un compte hellowork vous sera créé,Saint-Herblain,44,1,Niveau études,Bac,23300.0,29300.0,26300.0,True,annual,25-35k,aucune,[],0,2025-12-10,1,0,0,0,0,0
https://www.hellowork.com/fr-fr/emplois/71358323.html,Assistant Chef Produits H/F,Groupe COFAQ recrutement,Poitiers - 86,CDI,Bac +2,Distribution • Commerce de gros,10/12/2025,Pas de salaire renseigné,"Se connecter à Hellowork avec Google
Continuer avec Google
En poursuivant votre connexion via Google, vous acceptez les
CGU
et déclarez avoir pris connaissance de la
politique de protection des données
d’Hellowork. Si vous ne disposez pas déjà d’un compte Hellowork associé
à l'adresse email de votre compte Google, un compte Hellowork vous sera créé.",assistant chef produits h f,groupe cofaq recrutement,se connecter à hellowork avec google continuer avec google en poursuivant votre connexion via google  vous acceptez les cgu et déclarez avoir pris connaissance de la politique de protection des données d hellowork  si vous ne disposez pas déjà d un compte hellowork associé à l'adresse email de votre compte google  un compte hellowork vous sera créé,Poitiers,86,6,Secteur mentionné,Distribution • Commerce de gros,,,,False,,Non renseigné,aucune,[],0,2025-12-10,1,0,0,0,2,4
https://www.hellowork.com/fr-fr/emplois/71349340.html,Biologiste Médical en Onco-Hématologie H/F,Groupe Cerba Healthcare recrutement,Frépillon - 95,CDI,Bac +5,Service public hospitalier,10/12/2025,Pas de salaire renseigné,"Se connecter à Hellowork avec Google
Continuer avec Google
En poursuivant votre connexion via Google, vous acceptez les
CGU
et déclarez avoir pris connaissance de la
politique de protection des données
d’Hellowork. Si vous ne disposez pas déjà d’un compte Hellowork associé
à l'adresse email de votre compte Google, un compte Hellowork vous sera créé.",biologiste médical en onco-hématologie h f,groupe cerba healthcare recrutement,se connecter à hellowork avec google continuer avec google en poursuivant votre connexion via google  vous acceptez les cgu et déclarez avoir pris connaissance de la politique de protection des données d hellowork  si vous ne disposez pas déjà d un compte hellowork associé à l'adresse email de votre compte google  un compte hellowork vous sera créé,Frépillon,95,15,Non précisé,Service public hospitalier,,,,False,,Non renseigné,aucune,[],0,2025-12-10,1,0,0,0,4,3
https://www.hellowork.com/fr-fr/emplois/70113418.html,Poseur Confirme H/F,Ouverture's recrutement,Pont-l'Évêque - 14,CDI,"BEP, CAP",Industrie Manufacturière,10/12/2025,Pas de salaire renseigné,"Se connecter à Hellowork avec Google
Continuer avec Google
En poursuivant votre connexion via Google, vous acceptez les
CGU
et déclarez avoir pris connaissance de la
politique de protection des données
d’Hellowork. Si vous ne disposez pas déjà d’un compte Hellowork associé
à l'adresse email de votre compte Google, un compte Hellowork vous sera créé.",poseur confirme h f,ouverture's recrutement,se connecter à hellowork avec google continuer avec google en poursuivant votre connexion via google  vous acceptez les cgu et déclarez avoir pris connaissance de la politique de protection des données d hellowork  si vous ne disposez pas déjà d un compte hellowork associé à l'adresse email de votre compte google  un compte hellowork vous sera créé,Pont-l'Évêque,14,11,Non précisé,Industrie Manufacturière,,,,False,,Non renseigné,aucune,[],0,2025-12-10,1,0,0,0,0,5
https://www.hellowork.com/fr-fr/emplois/70119909.html,Chargé d'Affaires CVC H/F,Groupe Fauché recrutement,Collonges-au-Mont-d'Or - 69,CDI,Bac +2,"Bac +3, Bac +4",10/12/2025,50 000 - 55 000 € / an,"Se connecter à Hellowork avec Google
Continuer avec Google
En poursuivant votre connexion via Google, vous acceptez les
CGU
et déclarez avoir pris connaissance de la
politique de protection des données
d’Hellowork. Si vous ne disposez pas déjà d’un compte Hellowork associé
à l'adresse email de votre compte Google, un compte Hellowork vous sera créé.",chargé d'affaires cvc h f,groupe fauché recrutement,se connecter à hellowork avec google continuer avec google en poursuivant votre connexion via google  vous acceptez les cgu et déclarez avoir pris connaissance de la politique de protection des données d hellowork  si vous ne disposez pas déjà d un compte hellowork associé à l'adresse email de votre compte google  un compte hellowork vous sera créé,Collonges-au-Mont-d'Or,69,3,Niveau études,"Bac +3, Bac +4",50000.0,55000.0,52500.0,False,annual,50-70k,aucune,[],0,2025-12-10,1,0,0,0,2,2
https://www.hellowork.com/fr-fr/emplois/70133665.html,Chef de Projets AMOA H/F,MAF - Mutuelle des Architectes Français recrutement,Paris 17e - 75,CDI,Bac +5,Banque • Assurance • Finance,10/12/2025,Estimation → 45 000 - 66 000 € / an,"Se connecter à Hellowork avec Google
Continuer avec Google
En poursuivant votre connexion via Google, vous acceptez les
CGU
et déclarez avoir pris connaissance de la
politique de protection des données
d’Hellowork. Si vous ne disposez pas déjà d’un compte Hellowork associé
à l'adresse email de votre compte Google, un compte Hellowork vous sera créé.",chef de projets amoa h f,maf - mutuelle des architectes français recrutement,se connecter à hellowork avec google continuer avec google en poursuivant votre connexion via google  vous acceptez les cgu et déclarez avoir pris connaissance de la politique de protection des données d hellowork  si vous ne disposez pas déjà d un compte hellowork associé à l'adresse email de votre compte google  un compte hellowork vous sera créé,Paris 17e,75,5,Secteur mentionné,Banque • Assurance • Finance,45000.0,66000.0,55500.0,True,annual,50-70k,aucune,[],0,2025-12-10,1,0,0,0,4,1
https://www.hellowork.com/fr-fr/emplois/70115682.html,Responsable Maintenance 01 H/F,Lactalis recrutement,Saint-Vulbas - 01,CDI,Bac +2,"Bac +3, Bac +4",10/12/2025,Estimation → 33 000 - 47 500 € / an,"Se connecter à Hellowork avec Google
Continuer avec Google
En poursuivant votre connexion via Google, vous acceptez les
CGU
et déclarez avoir pris connaissance de la
politique de protection des données
d’Hellowork. Si vous ne disposez pas déjà d’un compte Hellowork associé
à l'adresse email de votre compte Google, un compte Hellowork vous sera créé.",responsable maintenance 01 h f,lactalis recrutement,se connecter à hellowork avec google continuer avec google en poursuivant votre connexion via google  vous acceptez les cgu et déclarez avoir pris connaissance de la politique de protection des données d hellowork  si vous ne disposez pas déjà d un compte hellowork associé à l'adresse email de votre compte google  un compte hellowork vous sera créé,Saint-Vulbas,01,3,Niveau études,"Bac +3, Bac +4",33000.0,47500.0,40250.0,True,annual,35-50k,aucune,[],0,2025-12-10,1,0,0,0,2,2
https://www.hellowork.com/fr-fr/emplois/71365556.html,Adr 297 - Head Of Revenue Operations H/F,Groupe La Centrale recrutement,Paris 8e - 75,CDI,Bac +5,Distribution • Commerce de gros,10/12/2025,Estimation → 40 000 - 67 500 € / an,"Se connecter à Hellowork avec Google
Continuer avec Google
En poursuivant votre connexion via Google, vous acceptez les
CGU
et déclarez avoir pris connaissance de la
politique de protection des données
d’Hellowork. Si vous ne disposez pas déjà d’un compte Hellowork associé
à l'adresse email de votre compte Google, un compte Hellowork vous sera créé.",adr 297 - head of revenue operations h f,groupe la centrale recrutement,se connecter à hellowork avec google continuer avec google en poursuivant votre connexion via google  vous acceptez les cgu et déclarez avoir pris connaissance de la politique de protection des données d hellowork  si vous ne disposez pas déjà d un compte hellowork associé à l'adresse email de votre compte google  un compte hellowork vous sera créé,Paris 8e,75,6,Secteur mentionné,Distribution • Commerce de gros,40000.0,67500.0,53750.0,True,annual,50-70k,aucune,[],0,2025-12-10,1,0,0,0,4,1
https://www.hellowork.com/fr-fr/emplois/71352877.html,Gardien d'Immeubles H/F,Scalis recrutement,La Châtre - 36,CDI,Bac,Immobilier,10/12/2025,1 930 - 1 931 € / mois,"Se connecter à Hellowork avec Google
Continuer avec Google
En poursuivant votre connexion via Google, vous acceptez les
CGU
et déclarez avoir pris connaissance de la
politique de protection des données
d’Hellowork. Si vous ne disposez pas déjà d’un compte Hellowork associé
à l'adresse email de votre compte Google, un compte Hellowork vous sera créé.",gardien d'immeubles h f,scalis recrutement,se connecter à hellowork avec google continuer avec google en poursuivant votre connexion via google  vous acceptez les cgu et déclarez avoir pris connaissance de la politique de protection des données d hellowork  si vous ne disposez pas déjà d un compte hellowork associé à l'adresse email de votre compte google  un compte hellowork vous sera créé,La Châtre,36,8,Non précisé,Immobilier,23160.0,23172.0,23166.0,False,monthly,< 25k,aucune,[],0,2025-12-10,1,0,0,0,1,5
https://www.hellowork.com/fr-fr/emplois/71358988.html,Responsable de Magasin 2025 H/F,Happy Curl - La Boutique du Coiffeur recrutement,Essey-lès-Nancy - 54,CDI,Bac +2,"Bac +3, Bac +4",10/12/2025,2 075 - 2 657 € / mois,"Se connecter à Hellowork avec Google
Continuer avec Google
En poursuivant votre connexion via Google, vous acceptez les
CGU
et déclarez avoir pris connaissance de la
politique de protection des données
d’Hellowork. Si vous ne disposez pas déjà d’un compte Hellowork associé
à l'adresse email de votre compte Google, un compte Hellowork vous sera créé.",responsable de magasin 2025 h f,happy curl - la boutique du coiffeur recrutement,se connecter à hellowork avec google continuer avec google en poursuivant votre connexion via google  vous acceptez les cgu et déclarez avoir pris connaissance de la politique de protection des données d hellowork  si vous ne disposez pas déjà d un compte hellowork associé à l'adresse email de votre compte google  un compte hellowork vous sera créé,Essey-lès-Nancy,54,3,Niveau études,"Bac +3, Bac +4",24900.0,31884.0,28392.0,False,monthly,25-35k,aucune,[],0,2025-12-10,1,0,0,0,2,4
https://www.hellowork.com/fr-fr/emplois/62652092.html,Infirmier Préleveur - Technicien Préleveur H/F,Groupe Cerba Healthcare recrutement,Indre - 36,CDI,Bac +2,"Bac +3, Bac +4",10/12/2025,Pas de salaire renseigné,"Se connecter à Hellowork avec Google
Continuer avec Google
En poursuivant votre connexion via Google, vous acceptez les
CGU
et déclarez avoir pris connaissance de la
politique de protection des données
d’Hellowork. Si vous ne disposez pas déjà d’un compte Hellowork associé
à l'adresse email de votre compte Google, un compte Hellowork vous sera créé.",infirmier préleveur - technicien préleveur h f,groupe cerba healthcare recrutement,se connecter à hellowork avec google continuer avec google en poursuivant votre connexion via google  vous acceptez les cgu et déclarez avoir pris connaissance de la politique de protection des données d hellowork  si vous ne disposez pas déjà d un compte hellowork associé à l'adresse email de votre compte google  un compte hellowork vous sera créé,Indre,36,3,Niveau études,"Bac +3, Bac +4",,,,False,,Non renseigné,aucune,[],0,2025-12-10,1,0,0,0,2,4
https://www.hellowork.com/fr-fr/emplois/71361715.html,Category Leader H/F,Brico Dépôt recrutement,Longpont-sur-Orge - 91,CDI,Bac +5,Distribution • Commerce de gros,10/12/2025,Pas de salaire renseigné,"Se connecter à Hellowork avec Google
Continuer avec Google
En poursuivant votre connexion via Google, vous acceptez les
CGU
et déclarez avoir pris connaissance de la
politique de protection des données
d’Hellowork. Si vous ne disposez pas déjà d’un compte Hellowork associé
à l'adresse email de votre compte Google, un compte Hellowork vous sera créé.",category leader h f,brico dépôt recrutement,se connecter à hellowork avec google continuer avec google en poursuivant votre connexion via google  vous acceptez les cgu et déclarez avoir pris connaissance de la politique de protection des données d hellowork  si vous ne disposez pas déjà d un compte hellowork associé à l'adresse email de votre compte google  un compte hellowork vous sera créé,Longpont-sur-Orge,91,6,Secteur mentionné,Distribution • Commerce de gros,,,,False,,Non renseigné,aucune,[],0,2025-12-10,1,0,0,0,4,3
https://www.hellowork.com/fr-fr/emplois/65244564.html,Technicien Installation Ascenseurs H/F,Kone recrutement,Saint-Nazaire - 44,CDI,Bac,Bac +2,10/12/2025,Estimation → 25 700 - 34 500 € / an,"Se connecter à Hellowork avec Google
Continuer avec Google
En poursuivant votre connexion via Google, vous acceptez les
CGU
et déclarez avoir pris connaissance de la
politique de protection des données
d’Hellowork. Si vous ne disposez pas déjà d’un compte Hellowork associé
à l'adresse email de votre compte Google, un compte Hellowork vous sera créé.",technicien installation ascenseurs h f,kone recrutement,se connecter à hellowork avec google continuer avec google en poursuivant votre connexion via google  vous acceptez les cgu et déclarez avoir pris connaissance de la politique de protection des données d hellowork  si vous ne disposez pas déjà d un compte hellowork associé à l'adresse email de votre compte google  un compte hellowork vous sera créé,Saint-Nazaire,44,2,Niveau études,Bac +2,25700.0,34500.0,30100.0,True,annual,25-35k,aucune,[],0,2025-12-10,1,0,0,0,1,4
https://www.hellowork.com/fr-fr/emplois/70129906.html,Auxilaire de Vie H/F,ADHAP recrutement,Vitrolles - 13,CDI,"BEP, CAP",Services aux Personnes • Particuliers,10/12/2025,"11,88 - 12,49 € / heure","Se connecter à Hellowork avec Google
Continuer avec Google
En poursuivant votre connexion via Google, vous acceptez les
CGU
et déclarez avoir pris connaissance de la
politique de protection des données
d’Hellowork. Si vous ne disposez pas déjà d’un compte Hellowork associé
à l'adresse email de votre compte Google, un compte Hellowork vous sera créé.",auxilaire de vie h f,adhap recrutement,se connecter à hellowork avec google continuer avec google en poursuivant votre connexion via google  vous acceptez les cgu et déclarez avoir pris connaissance de la politique de protection des données d hellowork  si vous ne disposez pas déjà d un compte hellowork associé à l'adresse email de votre compte google  un compte hellowork vous sera créé,Vitrolles,13,17,Secteur mentionné,Services aux Personnes • Particuliers,19543.0,20546.0,20044.5,False,hourly,< 25k,aucune,[],0,2025-12-10,1,0,0,0,0,5
https://www.hellowork.com/fr-fr/emplois/72462439.html,Responsable Marketing Qualite et Experience Client H/F,Volkswagen recrutement,Noisy-le-Grand - 93,CDI,Bac +5,Industrie Auto • Meca • Navale,10/12/2025,Estimation → 42 500 - 71 200 € / an,"Se connecter à Hellowork avec Google
Continuer avec Google
En poursuivant votre connexion via Google, vous acceptez les
CGU
et déclarez avoir pris connaissance de la
politique de protection des données
d’Hellowork. Si vous ne disposez pas déjà d’un compte Hellowork associé
à l'adresse email de votre compte Google, un compte Hellowork vous sera créé.",responsable marketing qualite et experience client h f,volkswagen recrutement,se connecter à hellowork avec google continuer avec google en poursuivant votre connexion via google  vous acceptez les cgu et déclarez avoir pris connaissance de la politique de protection des données d hellowork  si vous ne disposez pas déjà d un compte hellowork associé à l'adresse email de votre compte google  un compte hellowork vous sera créé,Noisy-le-Grand,93,9,Secteur mentionné,Industrie Auto • Meca • Navale,42500.0,71200.0,56850.0,True,annual,50-70k,aucune,[],0,2025-12-10,1,0,0,0,4,1
https://www.hellowork.com/fr-fr/emplois/71363386.html,Responsable de Magasin H/F,Boulangerie  Ange recrutement,Écully - 69,CDI,Bac +2,"Bac +3, Bac +4",10/12/2025,Estimation → 25 700 - 40 000 € / an,"Se connecter à Hellowork avec Google
Continuer avec Google
En poursuivant votre connexion via Google, vous acceptez les
CGU
et déclarez avoir pris connaissance de la
politique de protection des données
d’Hellowork. Si vous ne disposez pas déjà d’un compte Hellowork associé
à l'adresse email de votre compte Google, un compte Hellowork vous sera créé.",responsable de magasin h f,boulangerie ange recrutement,se connecter à hellowork avec google continuer avec google en poursuivant votre connexion via google  vous acceptez les cgu et déclarez avoir pris connaissance de la politique de protection des données d hellowork  si vous ne disposez pas déjà d un compte hellowork associé à l'adresse email de votre compte google  un compte hellowork vous sera créé,Écully,69,3,Niveau études,"Bac +3, Bac +4",25700.0,40000.0,32850.0,True,annual,25-35k,aucune,[],0,2025-12-10,1,0,0,0,2,4
https://www.hellowork.com/fr-fr/emplois/71359943.html,Conducteur de Travaux Photovoltaïque H/F,Groupe OPNR recrutement,Lyon - 69,CDI,Bac +2,"Bac +3, Bac +4",10/12/2025,3 175 € / mois,"Se connecter à Hellowork avec Google
Continuer avec Google
En poursuivant votre connexion via Google, vous acceptez les
CGU
et déclarez avoir pris connaissance de la
politique de protection des données
d’Hellowork. Si vous ne disposez pas déjà d’un compte Hellowork associé
à l'adresse email de votre compte Google, un compte Hellowork vous sera créé.",conducteur de travaux photovoltaïque h f,groupe opnr recrutement,se connecter à hellowork avec google continuer avec google en poursuivant votre connexion via google  vous acceptez les cgu et déclarez avoir pris connaissance de la politique de protection des données d hellowork  si vous ne disposez pas déjà d un compte hellowork associé à l'adresse email de votre compte google  un compte hellowork vous sera créé,Lyon,69,3,Niveau études,"Bac +3, Bac +4",38100.0,38100.0,38100.0,False,monthly,35-50k,aucune,[],0,2025-12-10,1,0,0,0,2,2
https://www.hellowork.com/fr-fr/emplois/72465759.html,Chef de Centre H/F,123 Pare-Brise recrutement,Saint-Brice-sous-Forêt - 95,CDI,"BEP, CAP",Bac +2,10/12/2025,2 510 - 3 000 € / mois,"Se connecter à Hellowork avec Google
Continuer avec Google
En poursuivant votre connexion via Google, vous acceptez les
CGU
et déclarez avoir pris connaissance de la
politique de protection des données
d’Hellowork. Si vous ne disposez pas déjà d’un compte Hellowork associé
à l'adresse email de votre compte Google, un compte Hellowork vous sera créé.",chef de centre h f,123 pare-brise recrutement,se connecter à hellowork avec google continuer avec google en poursuivant votre connexion via google  vous acceptez les cgu et déclarez avoir pris connaissance de la politique de protection des données d hellowork  si vous ne disposez pas déjà d un compte hellowork associé à l'adresse email de votre compte google  un compte hellowork vous sera créé,Saint-Brice-sous-Forêt,95,2,Niveau études,Bac +2,30120.0,36000.0,33060.0,False,monthly,25-35k,aucune,[],0,2025-12-10,1,0,0,0,0,0
https://www.hellowork.com/fr-fr/emplois/72465762.html,Technicien Automobile H/F,123 Pare-Brise recrutement,Saint-Brice-sous-Forêt - 95,CDI,"BEP, CAP",Bac,10/12/2025,2 081 - 2 350 € / mois,"Se connecter à Hellowork avec Google
Continuer avec Google
En poursuivant votre connexion via Google, vous acceptez les
CGU
et déclarez avoir pris connaissance de la
politique de protection des données
d’Hellowork. Si vous ne disposez pas déjà d’un compte Hellowork associé
à l'adresse email de votre compte Google, un compte Hellowork vous sera créé.",technicien automobile h f,123 pare-brise recrutement,se connecter à hellowork avec google continuer avec google en poursuivant votre connexion via google  vous acceptez les cgu et déclarez avoir pris connaissance de la politique de protection des données d hellowork  si vous ne disposez pas déjà d un compte hellowork associé à l'adresse email de votre compte google  un compte hellowork vous sera créé,Saint-Brice-sous-Forêt,95,1,Niveau études,Bac,24972.0,28200.0,26586.0,False,monthly,25-35k,aucune,[],0,2025-12-10,1,0,0,0,0,0
https://www.hellowork.com/fr-fr/emplois/70111803.html,Mécanicien Robinetier H/F,Groupe Foure Lagadec recrutement,Vénissieux - 69,CDI,Bac +2,BTP,10/12/2025,2 000 - 2 500 € / mois,"Se connecter à Hellowork avec Google
Continuer avec Google
En poursuivant votre connexion via Google, vous acceptez les
CGU
et déclarez avoir pris connaissance de la
politique de protection des données
d’Hellowork. Si vous ne disposez pas déjà d’un compte Hellowork associé
à l'adresse email de votre compte Google, un compte Hellowork vous sera créé.",mécanicien robinetier h f,groupe foure lagadec recrutement,se connecter à hellowork avec google continuer avec google en poursuivant votre connexion via google  vous acceptez les cgu et déclarez avoir pris connaissance de la politique de protection des données d hellowork  si vous ne disposez pas déjà d un compte hellowork associé à l'adresse email de votre compte google  un compte hellowork vous sera créé,Vénissieux,69,0,Non précisé,BTP,24000.0,30000.0,27000.0,False,monthly,25-35k,aucune,[],0,2025-12-10,1,0,0,0,2,4
https://www.hellowork.com/fr-fr/emplois/67780601.html,Chef de Chantier Construction Bois H/F,VCSP Batiment Nord Est et ANSC recrutement,Rueil-Malmaison - 92,CDI,Bac +2,BTP,10/12/2025,Estimation → 36 200 - 57 500 € / an,"Se connecter à Hellowork avec Google
Continuer avec Google
En poursuivant votre connexion via Google, vous acceptez les
CGU
et déclarez avoir pris connaissance de la
politique de protection des données
d’Hellowork. Si vous ne disposez pas déjà d’un compte Hellowork associé
à l'adresse email de votre compte Google, un compte Hellowork vous sera créé.",chef de chantier construction bois h f,vcsp batiment nord est et ansc recrutement,se connecter à hellowork avec google continuer avec google en poursuivant votre connexion via google  vous acceptez les cgu et déclarez avoir pris connaissance de la politique de protection des données d hellowork  si vous ne disposez pas déjà d un compte hellowork associé à l'adresse email de votre compte google  un compte hellowork vous sera créé,Rueil-Malmaison,92,0,Non précisé,BTP,36200.0,57500.0,46850.0,True,annual,35-50k,aucune,[],0,2025-12-10,1,0,0,0,2,2
https://www.hellowork.com/fr-fr/emplois/70137895.html,Conducteur de Travaux Confirmé Construction Bois H/F,VCSP Batiment Nord Est et ANSC recrutement,Chemillé-en-Anjou - 49,CDI,Bac +5,BTP,10/12/2025,Estimation → 30 000 - 42 500 € / an,"Se connecter à Hellowork avec Google
Continuer avec Google
En poursuivant votre connexion via Google, vous acceptez les
CGU
et déclarez avoir pris connaissance de la
politique de protection des données
d’Hellowork. Si vous ne disposez pas déjà d’un compte Hellowork associé
à l'adresse email de votre compte Google, un compte Hellowork vous sera créé.",conducteur de travaux confirmé construction bois h f,vcsp batiment nord est et ansc recrutement,se connecter à hellowork avec google continuer avec google en poursuivant votre connexion via google  vous acceptez les cgu et déclarez avoir pris connaissance de la politique de protection des données d hellowork  si vous ne disposez pas déjà d un compte hellowork associé à l'adresse email de votre compte google  un compte hellowork vous sera créé,Chemillé-en-Anjou,49,0,Non précisé,BTP,30000.0,42500.0,36250.0,True,annual,35-50k,aucune,[],0,2025-12-10,1,0,0,0,4,4
https://www.hellowork.com/fr-fr/emplois/71366869.html,Monteur Réseaux Aériens H/F,VINCI Energies France Infras Grand Ouest recrutement,Granville - 50,CDI,"BEP, CAP",Secteur Energie • Environnement,10/12/2025,25 000 - 34 000 € / an,"Se connecter à Hellowork avec Google
Continuer avec Google
En poursuivant votre connexion via Google, vous acceptez les
CGU
et déclarez avoir pris connaissance de la
politique de protection des données
d’Hellowork. Si vous ne disposez pas déjà d’un compte Hellowork associé
à l'adresse email de votre compte Google, un compte Hellowork vous sera créé.",monteur réseaux aériens h f,vinci energies france infras grand ouest recrutement,se connecter à hellowork avec google continuer avec google en poursuivant votre connexion via google  vous acceptez les cgu et déclarez avoir pris connaissance de la politique de protection des données d hellowork  si vous ne disposez pas déjà d un compte hellowork associé à l'adresse email de votre compte google  un compte hellowork vous sera créé,Granville,50,13,Secteur mentionné,Secteur Energie • Environnement,25000.0,34000.0,29500.0,False,annual,25-35k,aucune,[],0,2025-12-10,1,0,0,0,0,5
https://www.hellowork.com/fr-fr/emplois/69006659.html,Coordinateur Technique H/F,CBRE GWS FRANCE recrutement,Courbevoie - 92,CDI,Bac +2,Immobilier,10/12/2025,38 000 - 42 000 € / an,"Se connecter à Hellowork avec Google
Continuer avec Google
En poursuivant votre connexion via Google, vous acceptez les
CGU
et déclarez avoir pris connaissance de la
politique de protection des données
d’Hellowork. Si vous ne disposez pas déjà d’un compte Hellowork associé
à l'adresse email de votre compte Google, un compte Hellowork vous sera créé.",coordinateur technique h f,cbre gws france recrutement,se connecter à hellowork avec google continuer avec google en poursuivant votre connexion via google  vous acceptez les cgu et déclarez avoir pris connaissance de la politique de protection des données d hellowork  si vous ne disposez pas déjà d un compte hellowork associé à l'adresse email de votre compte google  un compte hellowork vous sera créé,Courbevoie,92,8,Non précisé,Immobilier,38000.0,42000.0,40000.0,False,annual,35-50k,aucune,[],0,2025-12-10,1,0,0,0,2,2
https://www.hellowork.com/fr-fr/emplois/70128201.html,Ingénieur·e Systeme Exploitation Windows Server H/F,Safran recrutement,Bordeaux - 33,CDI,Bac +5,Industrie Aéronautique • Aérospatial,10/12/2025,Pas de salaire renseigné,"Se connecter à Hellowork avec Google
Continuer avec Google
En poursuivant votre connexion via Google, vous acceptez les
CGU
et déclarez avoir pris connaissance de la
politique de protection des données
d’Hellowork. Si vous ne disposez pas déjà d’un compte Hellowork associé
à l'adresse email de votre compte Google, un compte Hellowork vous sera créé.",ingénieur e systeme exploitation windows server h f,safran recrutement,se connecter à hellowork avec google continuer avec google en poursuivant votre connexion via google  vous acceptez les cgu et déclarez avoir pris connaissance de la politique de protection des données d hellowork  si vous ne disposez pas déjà d un compte hellowork associé à l'adresse email de votre compte google  un compte hellowork vous sera créé,Bordeaux,33,10,Secteur mentionné,Industrie Aéronautique • Aérospatial,,,,False,,Non renseigné,aucune,[],0,2025-12-10,1,0,0,0,4,3
https://www.hellowork.com/fr-fr/emplois/70148781.html,Directeur de Station de Télésurveillance H/F,Goron Securité recrutement,Tremblay-en-France - 93,CDI,Bac +5,Services aux Entreprises,10/12/2025,Pas de salaire renseigné,"Se connecter à Hellowork avec Google
Continuer avec Google
En poursuivant votre connexion via Google, vous acceptez les
CGU
et déclarez avoir pris connaissance de la
politique de protection des données
d’Hellowork. Si vous ne disposez pas déjà d’un compte Hellowork associé
à l'adresse email de votre compte Google, un compte Hellowork vous sera créé.",directeur de station de télésurveillance h f,goron securité recrutement,se connecter à hellowork avec google continuer avec google en poursuivant votre connexion via google  vous acceptez les cgu et déclarez avoir pris connaissance de la politique de protection des données d hellowork  si vous ne disposez pas déjà d un compte hellowork associé à l'adresse email de votre compte google  un compte hellowork vous sera créé,Tremblay-en-France,93,16,Non précisé,Services aux Entreprises,,,,False,,Non renseigné,aucune,[],0,2025-12-10,1,0,0,0,4,3
https://www.hellowork.com/fr-fr/emplois/71310229.html,Manager Opérationnel - Chef de Site Site Hospitalier H/F,Dalkia recrutement,Orsay - 91,CDI,Bac +2,Secteur Energie • Environnement,10/12/2025,Pas de salaire renseigné,"Se connecter à Hellowork avec Google
Continuer avec Google
En poursuivant votre connexion via Google, vous acceptez les
CGU
et déclarez avoir pris connaissance de la
politique de protection des données
d’Hellowork. Si vous ne disposez pas déjà d’un compte Hellowork associé
à l'adresse email de votre compte Google, un compte Hellowork vous sera créé.",manager opérationnel - chef de site site hospitalier h f,dalkia recrutement,se connecter à hellowork avec google continuer avec google en poursuivant votre connexion via google  vous acceptez les cgu et déclarez avoir pris connaissance de la politique de protection des données d hellowork  si vous ne disposez pas déjà d un compte hellowork associé à l'adresse email de votre compte google  un compte hellowork vous sera créé,Orsay,91,13,Secteur mentionné,Secteur Energie • Environnement,,,,False,,Non renseigné,aucune,[],0,2025-12-10,1,0,0,0,2,3
https://www.hellowork.com/fr-fr/emplois/59102960.html,Monteur-Électricien H/F,SPIE Industrie recrutement,Thonon-les-Bains - 74,CDI,"BEP, CAP",Bac,10/12/2025,Estimation → 22 640 - 25 480 € / an,"Se connecter à Hellowork avec Google
Continuer avec Google
En poursuivant votre connexion via Google, vous acceptez les
CGU
et déclarez avoir pris connaissance de la
politique de protection des données
d’Hellowork. Si vous ne disposez pas déjà d’un compte Hellowork associé
à l'adresse email de votre compte Google, un compte Hellowork vous sera créé.",monteur-électricien h f,spie industrie recrutement,se connecter à hellowork avec google continuer avec google en poursuivant votre connexion via google  vous acceptez les cgu et déclarez avoir pris connaissance de la politique de protection des données d hellowork  si vous ne disposez pas déjà d un compte hellowork associé à l'adresse email de votre compte google  un compte hellowork vous sera créé,Thonon-les-Bains,74,1,Niveau études,Bac,22640.0,25480.0,24060.0,True,annual,< 25k,aucune,[],0,2025-12-10,1,0,0,0,0,0
https://www.hellowork.com/fr-fr/emplois/71368744.html,Collaborateur Comptable Confirmé H/F,Hireos recrutement,Lyon 9e - 69,CDI,Bac +2,Secteur informatique • ESN,10/12/2025,35 000 - 45 000 € / an,"Se connecter à Hellowork avec Google
Continuer avec Google
En poursuivant votre connexion via Google, vous acceptez les
CGU
et déclarez avoir pris connaissance de la
politique de protection des données
d’Hellowork. Si vous ne disposez pas déjà d’un compte Hellowork associé
à l'adresse email de votre compte Google, un compte Hellowork vous sera créé.",collaborateur comptable confirmé h f,hireos recrutement,se connecter à hellowork avec google continuer avec google en poursuivant votre connexion via google  vous acceptez les cgu et déclarez avoir pris connaissance de la politique de protection des données d hellowork  si vous ne disposez pas déjà d un compte hellowork associé à l'adresse email de votre compte google  un compte hellowork vous sera créé,Lyon 9e,69,14,Secteur mentionné,Secteur informatique • ESN,35000.0,45000.0,40000.0,False,annual,35-50k,aucune,[],0,2025-12-10,1,0,0,0,2,3
https://www.hellowork.com/fr-fr/emplois/71365464.html,Educateur de Jeunes Enfants Bilingue Anglais H/F,ABC Puériculture recrutement,Paris - 75,CDI,"BEP, CAP",Services aux Personnes • Particuliers,10/12/2025,2 750 - 3 550 € / mois,"Se connecter à Hellowork avec Google
Continuer avec Google
En poursuivant votre connexion via Google, vous acceptez les
CGU
et déclarez avoir pris connaissance de la
politique de protection des données
d’Hellowork. Si vous ne disposez pas déjà d’un compte Hellowork associé
à l'adresse email de votre compte Google, un compte Hellowork vous sera créé.",educateur de jeunes enfants bilingue anglais h f,abc puériculture recrutement,se connecter à hellowork avec google continuer avec google en poursuivant votre connexion via google  vous acceptez les cgu et déclarez avoir pris connaissance de la politique de protection des données d hellowork  si vous ne disposez pas déjà d un compte hellowork associé à l'adresse email de votre compte google  un compte hellowork vous sera créé,Paris,75,17,Secteur mentionné,Services aux Personnes • Particuliers,33000.0,42600.0,37800.0,False,monthly,35-50k,anglais,['anglais'],1,2025-12-10,1,0,0,0,0,3
https://www.hellowork.com/fr-fr/emplois/69009770.html,Projeteur CFO - CFA H/F,SNEF recrutement,Aix-en-Provence - 13,CDI,Bac +2,"Bac +3, Bac +4",10/12/2025,Estimation → 31 200 - 44 700 € / an,"Se connecter à Hellowork avec Google
Continuer avec Google
En poursuivant votre connexion via Google, vous acceptez les
CGU
et déclarez avoir pris connaissance de la
politique de protection des données
d’Hellowork. Si vous ne disposez pas déjà d’un compte Hellowork associé
à l'adresse email de votre compte Google, un compte Hellowork vous sera créé.",projeteur cfo - cfa h f,snef recrutement,se connecter à hellowork avec google continuer avec google en poursuivant votre connexion via google  vous acceptez les cgu et déclarez avoir pris connaissance de la politique de protection des données d hellowork  si vous ne disposez pas déjà d un compte hellowork associé à l'adresse email de votre compte google  un compte hellowork vous sera créé,Aix-en-Provence,13,3,Niveau études,"Bac +3, Bac +4",31200.0,44700.0,37950.0,True,annual,35-50k,aucune,[],0,2025-12-10,1,0,0,0,2,4
https://www.hellowork.com/fr-fr/emplois/68979141.html,Ingénieur Études Travaux Thermiques H/F,Dalkia recrutement,Cesson-Sévigné - 35,CDI,Bac +2,"Bac +3, Bac +4",10/12/2025,Estimation → 31 000 - 53 800 € / an,"Se connecter à Hellowork avec Google
Continuer avec Google
En poursuivant votre connexion via Google, vous acceptez les
CGU
et déclarez avoir pris connaissance de la
politique de protection des données
d’Hellowork. Si vous ne disposez pas déjà d’un compte Hellowork associé
à l'adresse email de votre compte Google, un compte Hellowork vous sera créé.",ingénieur études travaux thermiques h f,dalkia recrutement,se connecter à hellowork avec google continuer avec google en poursuivant votre connexion via google  vous acceptez les cgu et déclarez avoir pris connaissance de la politique de protection des données d hellowork  si vous ne disposez pas déjà d un compte hellowork associé à l'adresse email de votre compte google  un compte hellowork vous sera créé,Cesson-Sévigné,35,3,Niveau études,"Bac +3, Bac +4",31000.0,53800.0,42400.0,True,annual,35-50k,aucune,[],0,2025-12-10,1,0,0,0,2,2
https://www.hellowork.com/fr-fr/emplois/65225710.html,Ingénieur des Ventes Ascenseur H/F,Kone recrutement,Noisy-le-Sec - 93,CDI,Bac +2,"Bac +3, Bac +4",10/12/2025,Pas de salaire renseigné,"Se connecter à Hellowork avec Google
Continuer avec Google
En poursuivant votre connexion via Google, vous acceptez les
CGU
et déclarez avoir pris connaissance de la
politique de protection des données
d’Hellowork. Si vous ne disposez pas déjà d’un compte Hellowork associé
à l'adresse email de votre compte Google, un compte Hellowork vous sera créé.",ingénieur des ventes ascenseur h f,kone recrutement,se connecter à hellowork avec google continuer avec google en poursuivant votre connexion via google  vous acceptez les cgu et déclarez avoir pris connaissance de la politique de protection des données d hellowork  si vous ne disposez pas déjà d un compte hellowork associé à l'adresse email de votre compte google  un compte hellowork vous sera créé,Noisy-le-Sec,93,3,Niveau études,"Bac +3, Bac +4",,,,False,,Non renseigné,aucune,[],0,2025-12-10,1,0,0,0,2,4
https://www.hellowork.com/fr-fr/emplois/71347132.html,Chef de Groupe Etudes Installation Générale H/F,Orano recrutement,Pierrelatte - 26,CDI,Bac +2,"Bac +3, Bac +4",10/12/2025,Estimation → 29 000 - 38 500 € / an,"Se connecter à Hellowork avec Google
Continuer avec Google
En poursuivant votre connexion via Google, vous acceptez les
CGU
et déclarez avoir pris connaissance de la
politique de protection des données
d’Hellowork. Si vous ne disposez pas déjà d’un compte Hellowork associé
à l'adresse email de votre compte Google, un compte Hellowork vous sera créé.",chef de groupe etudes installation générale h f,orano recrutement,se connecter à hellowork avec google continuer avec google en poursuivant votre connexion via google  vous acceptez les cgu et déclarez avoir pris connaissance de la politique de protection des données d hellowork  si vous ne disposez pas déjà d un compte hellowork associé à l'adresse email de votre compte google  un compte hellowork vous sera créé,Pierrelatte,26,3,Niveau études,"Bac +3, Bac +4",29000.0,38500.0,33750.0,True,annual,25-35k,aucune,[],0,2025-12-10,1,0,0,0,2,4
https://www.hellowork.com/fr-fr/emplois/71301126.html,Chargé d'Affaires Travaux CVC - Plomberie H/F,Dalkia recrutement,Chasseneuil-du-Poitou - 86,CDI,Bac +2,Secteur Energie • Environnement,10/12/2025,Estimation → 42 500 - 56 200 € / an,"Se connecter à Hellowork avec Google
Continuer avec Google
En poursuivant votre connexion via Google, vous acceptez les
CGU
et déclarez avoir pris connaissance de la
politique de protection des données
d’Hellowork. Si vous ne disposez pas déjà d’un compte Hellowork associé
à l'adresse email de votre compte Google, un compte Hellowork vous sera créé.",chargé d'affaires travaux cvc - plomberie h f,dalkia recrutement,se connecter à hellowork avec google continuer avec google en poursuivant votre connexion via google  vous acceptez les cgu et déclarez avoir pris connaissance de la politique de protection des données d hellowork  si vous ne disposez pas déjà d un compte hellowork associé à l'adresse email de votre compte google  un compte hellowork vous sera créé,Chasseneuil-du-Poitou,86,13,Secteur mentionné,Secteur Energie • Environnement,42500.0,56200.0,49350.0,True,annual,35-50k,aucune,[],0,2025-12-10,1,0,0,0,2,1
https://www.hellowork.com/fr-fr/emplois/73559876.html,Chef de Secteur H/F,Api Restauration recrutement,Fleurbaix - 62,CDI,Tourisme • Hôtellerie • Loisirs,Exp. 1 à 7 ans,10/12/2025,2 800 € / mois,"Se connecter à Hellowork avec Google
Continuer avec Google
En poursuivant votre connexion via Google, vous acceptez les
CGU
et déclarez avoir pris connaissance de la
politique de protection des données
d’Hellowork. Si vous ne disposez pas déjà d’un compte Hellowork associé
à l'adresse email de votre compte Google, un compte Hellowork vous sera créé.",chef de secteur h f,api restauration recrutement,se connecter à hellowork avec google continuer avec google en poursuivant votre connexion via google  vous acceptez les cgu et déclarez avoir pris connaissance de la politique de protection des données d hellowork  si vous ne disposez pas déjà d un compte hellowork associé à l'adresse email de votre compte google  un compte hellowork vous sera créé,Fleurbaix,62,7,Confirmé,1-7 ans,33600.0,33600.0,33600.0,False,monthly,25-35k,aucune,[],0,2025-12-10,1,0,0,0,5,3
https://www.hellowork.com/fr-fr/emplois/70119909.html,Chargé d'Affaires CVC H/F,Groupe Fauché recrutement,Collonges-au-Mont-d'Or - 69,CDI,Bac +2,"Bac +3, Bac +4",10/12/2025,50 000 - 55 000 € / an,"Se connecter à Hellowork avec Google
Continuer avec Google
En poursuivant votre connexion via Google, vous acceptez les
CGU
et déclarez avoir pris connaissance de la
politique de protection des données
d’Hellowork. Si vous ne disposez pas déjà d’un compte Hellowork associé
à l'adresse email de votre compte Google, un compte Hellowork vous sera créé.",chargé d'affaires cvc h f,groupe fauché recrutement,se connecter à hellowork avec google continuer avec google en poursuivant votre connexion via google  vous acceptez les cgu et déclarez avoir pris connaissance de la politique de protection des données d hellowork  si vous ne disposez pas déjà d un compte hellowork associé à l'adresse email de votre compte google  un compte hellowork vous sera créé,Collonges-au-Mont-d'Or,69,3,Niveau études,"Bac +3, Bac +4",50000.0,55000.0,52500.0,False,annual,50-70k,aucune,[],0,2025-12-10,1,0,0,0,2,2
https://www.hellowork.com/fr-fr/emplois/73561017.html,Promoteur GMS H/F,CPM France recrutement,Gonesse - 95,CDI,"BEP, CAP",Bac,10/12/2025,1 827 - 1 927 € / mois,"Se connecter à Hellowork avec Google
Continuer avec Google
En poursuivant votre connexion via Google, vous acceptez les
CGU
et déclarez avoir pris connaissance de la
politique de protection des données
d’Hellowork. Si vous ne disposez pas déjà d’un compte Hellowork associé
à l'adresse email de votre compte Google, un compte Hellowork vous sera créé.",promoteur gms h f,cpm france recrutement,se connecter à hellowork avec google continuer avec google en poursuivant votre connexion via google  vous acceptez les cgu et déclarez avoir pris connaissance de la politique de protection des données d hellowork  si vous ne disposez pas déjà d un compte hellowork associé à l'adresse email de votre compte google  un compte hellowork vous sera créé,Gonesse,95,1,Niveau études,Bac,21924.0,23124.0,22524.0,False,monthly,< 25k,aucune,[],0,2025-12-10,1,0,0,0,0,0
https://www.hellowork.com/fr-fr/emplois/71346777.html,Chef d'Équipe en Nettoyage Industriel H/F,Onet Propreté et Services recrutement,Saint-Pierre-la-Cour - 53,CDI,Bac,Bac +2,10/12/2025,Pas de salaire renseigné,"Se connecter à Hellowork avec Google
Continuer avec Google
En poursuivant votre connexion via Google, vous acceptez les
CGU
et déclarez avoir pris connaissance de la
politique de protection des données
d’Hellowork. Si vous ne disposez pas déjà d’un compte Hellowork associé
à l'adresse email de votre compte Google, un compte Hellowork vous sera créé.",chef d'équipe en nettoyage industriel h f,onet propreté et services recrutement,se connecter à hellowork avec google continuer avec google en poursuivant votre connexion via google  vous acceptez les cgu et déclarez avoir pris connaissance de la politique de protection des données d hellowork  si vous ne disposez pas déjà d un compte hellowork associé à l'adresse email de votre compte google  un compte hellowork vous sera créé,Saint-Pierre-la-Cour,53,2,Niveau études,Bac +2,,,,False,,Non renseigné,aucune,[],0,2025-12-10,1,0,0,0,1,4
https://www.hellowork.com/fr-fr/emplois/52758771.html,Electromécanicien Dépanneur H/F,Saint Yves Services recrutement,Aigné - 72,CDI,Bac +2,"Bac +3, Bac +4",10/12/2025,Estimation → 23 660 - 30 962 € / an,"Se connecter à Hellowork avec Google
Continuer avec Google
En poursuivant votre connexion via Google, vous acceptez les
CGU
et déclarez avoir pris connaissance de la
politique de protection des données
d’Hellowork. Si vous ne disposez pas déjà d’un compte Hellowork associé
à l'adresse email de votre compte Google, un compte Hellowork vous sera créé.",electromécanicien dépanneur h f,saint yves services recrutement,se connecter à hellowork avec google continuer avec google en poursuivant votre connexion via google  vous acceptez les cgu et déclarez avoir pris connaissance de la politique de protection des données d hellowork  si vous ne disposez pas déjà d un compte hellowork associé à l'adresse email de votre compte google  un compte hellowork vous sera créé,Aigné,72,3,Niveau études,"Bac +3, Bac +4",23660.0,30962.0,27311.0,True,annual,25-35k,aucune,[],0,2025-12-10,1,0,0,0,2,4
https://www.hellowork.com/fr-fr/emplois/73559897.html,Correspondant Déploiement IT Sédentaire H/F,AIS recrutement,Blagnac - 31,CDI,Bac +2,Secteur informatique • ESN,10/12/2025,26 000 - 29 000 € / an,"Se connecter à Hellowork avec Google
Continuer avec Google
En poursuivant votre connexion via Google, vous acceptez les
CGU
et déclarez avoir pris connaissance de la
politique de protection des données
d’Hellowork. Si vous ne disposez pas déjà d’un compte Hellowork associé
à l'adresse email de votre compte Google, un compte Hellowork vous sera créé.",correspondant déploiement it sédentaire h f,ais recrutement,se connecter à hellowork avec google continuer avec google en poursuivant votre connexion via google  vous acceptez les cgu et déclarez avoir pris connaissance de la politique de protection des données d hellowork  si vous ne disposez pas déjà d un compte hellowork associé à l'adresse email de votre compte google  un compte hellowork vous sera créé,Blagnac,31,14,Secteur mentionné,Secteur informatique • ESN,26000.0,29000.0,27500.0,False,annual,25-35k,aucune,[],0,2025-12-10,1,0,0,0,2,5
https://www.hellowork.com/fr-fr/emplois/69029182.html,Chef de Secteur GMS H/F,Havea recrutement,Strasbourg - 67,CDI,Bac +2,Industrie Pharmaceutique • Biotechn. • Chimie,10/12/2025,Estimation → 31 800 - 49 900 € / an,"Se connecter à Hellowork avec Google
Continuer avec Google
En poursuivant votre connexion via Google, vous acceptez les
CGU
et déclarez avoir pris connaissance de la
politique de protection des données
d’Hellowork. Si vous ne disposez pas déjà d’un compte Hellowork associé
à l'adresse email de votre compte Google, un compte Hellowork vous sera créé.",chef de secteur gms h f,havea recrutement,se connecter à hellowork avec google continuer avec google en poursuivant votre connexion via google  vous acceptez les cgu et déclarez avoir pris connaissance de la politique de protection des données d hellowork  si vous ne disposez pas déjà d un compte hellowork associé à l'adresse email de votre compte google  un compte hellowork vous sera créé,Strasbourg,67,12,Secteur mentionné,Industrie Pharmaceutique • Biotechn. • Chimie,31800.0,49900.0,40850.0,True,annual,35-50k,aucune,[],0,2025-12-10,1,0,0,0,2,3
https://www.hellowork.com/fr-fr/emplois/70127665.html,Chaudronnier - Tuyauteur H/F,SNEF recrutement,Dunkerque - 59,CDI,"BEP, CAP",BTP,10/12/2025,Estimation → 23 400 - 26 390 € / an,"Se connecter à Hellowork avec Google
Continuer avec Google
En poursuivant votre connexion via Google, vous acceptez les
CGU
et déclarez avoir pris connaissance de la
politique de protection des données
d’Hellowork. Si vous ne disposez pas déjà d’un compte Hellowork associé
à l'adresse email de votre compte Google, un compte Hellowork vous sera créé.",chaudronnier - tuyauteur h f,snef recrutement,se connecter à hellowork avec google continuer avec google en poursuivant votre connexion via google  vous acceptez les cgu et déclarez avoir pris connaissance de la politique de protection des données d hellowork  si vous ne disposez pas déjà d un compte hellowork associé à l'adresse email de votre compte google  un compte hellowork vous sera créé,Dunkerque,59,0,Non précisé,BTP,23400.0,26390.0,24895.0,True,annual,< 25k,aucune,[],0,2025-12-10,1,0,0,0,0,0
https://www.hellowork.com/fr-fr/emplois/67796410.html,Receptionnaire - Atelier Poids Lourds H/F,AUGEREAU LINKS recrutement,Cholet - 49,CDI,"BEP, CAP",Bac,10/12/2025,Pas de salaire renseigné,"Se connecter à Hellowork avec Google
Continuer avec Google
En poursuivant votre connexion via Google, vous acceptez les
CGU
et déclarez avoir pris connaissance de la
politique de protection des données
d’Hellowork. Si vous ne disposez pas déjà d’un compte Hellowork associé
à l'adresse email de votre compte Google, un compte Hellowork vous sera créé.",receptionnaire - atelier poids lourds h f,augereau links recrutement,se connecter à hellowork avec google continuer avec google en poursuivant votre connexion via google  vous acceptez les cgu et déclarez avoir pris connaissance de la politique de protection des données d hellowork  si vous ne disposez pas déjà d un compte hellowork associé à l'adresse email de votre compte google  un compte hellowork vous sera créé,Cholet,49,1,Niveau études,Bac,,,,False,,Non renseigné,aucune,[],0,2025-12-10,1,0,0,0,0,0
https://www.hellowork.com/fr-fr/emplois/73559882.html,Technicien Expert Mécanique Automobile H/F,Audi recrutement,Reims - 51,CDI,Bac +5,Industrie Auto • Meca • Navale,10/12/2025,Pas de salaire renseigné,"Se connecter à Hellowork avec Google
Continuer avec Google
En poursuivant votre connexion via Google, vous acceptez les
CGU
et déclarez avoir pris connaissance de la
politique de protection des données
d’Hellowork. Si vous ne disposez pas déjà d’un compte Hellowork associé
à l'adresse email de votre compte Google, un compte Hellowork vous sera créé.",technicien expert mécanique automobile h f,audi recrutement,se connecter à hellowork avec google continuer avec google en poursuivant votre connexion via google  vous acceptez les cgu et déclarez avoir pris connaissance de la politique de protection des données d hellowork  si vous ne disposez pas déjà d un compte hellowork associé à l'adresse email de votre compte google  un compte hellowork vous sera créé,Reims,51,9,Secteur mentionné,Industrie Auto • Meca • Navale,,,,False,,Non renseigné,aucune,[],0,2025-12-10,1,0,0,0,4,3
https://www.hellowork.com/fr-fr/emplois/62653984.html,Coordinateur Bim H/F,Socotec recrutement,Casablanca - Maroc,CDI,Bac +5,Services aux Entreprises,10/12/2025,Pas de salaire renseigné,"Se connecter à Hellowork avec Google
Continuer avec Google
En poursuivant votre connexion via Google, vous acceptez les
CGU
et déclarez avoir pris connaissance de la
politique de protection des données
d’Hellowork. Si vous ne disposez pas déjà d’un compte Hellowork associé
à l'adresse email de votre compte Google, un compte Hellowork vous sera créé.",coordinateur bim h f,socotec recrutement,se connecter à hellowork avec google continuer avec google en poursuivant votre connexion via google  vous acceptez les cgu et déclarez avoir pris connaissance de la politique de protection des données d hellowork  si vous ne disposez pas déjà d un compte hellowork associé à l'adresse email de votre compte google  un compte hellowork vous sera créé,Casablanca,Maroc,16,Non précisé,Services aux Entreprises,,,,False,,Non renseigné,aucune,[],0,2025-12-10,1,0,0,0,4,3
https://www.hellowork.com/fr-fr/emplois/73559888.html,Chef de Cuisine H/F,Api Restauration recrutement,Beaumont-Monteux - 26,CDI,"BEP, CAP",Bac,10/12/2025,Pas de salaire renseigné,"Se connecter à Hellowork avec Google
Continuer avec Google
En poursuivant votre connexion via Google, vous acceptez les
CGU
et déclarez avoir pris connaissance de la
politique de protection des données
d’Hellowork. Si vous ne disposez pas déjà d’un compte Hellowork associé
à l'adresse email de votre compte Google, un compte Hellowork vous sera créé.",chef de cuisine h f,api restauration recrutement,se connecter à hellowork avec google continuer avec google en poursuivant votre connexion via google  vous acceptez les cgu et déclarez avoir pris connaissance de la politique de protection des données d hellowork  si vous ne disposez pas déjà d un compte hellowork associé à l'adresse email de votre compte google  un compte hellowork vous sera créé,Beaumont-Monteux,26,1,Niveau études,Bac,,,,False,,Non renseigné,aucune,[],0,2025-12-10,1,0,0,0,0,0
https://www.hellowork.com/fr-fr/emplois/67780488.html,Assistant de Vie H/F,ADHAP recrutement,Saint-Étienne-du-Rouvray - 76,CDI,"BEP, CAP",Services aux Personnes • Particuliers,10/12/2025,"11,88 - 12,12 € / heure","Se connecter à Hellowork avec Google
Continuer avec Google
En poursuivant votre connexion via Google, vous acceptez les
CGU
et déclarez avoir pris connaissance de la
politique de protection des données
d’Hellowork. Si vous ne disposez pas déjà d’un compte Hellowork associé
à l'adresse email de votre compte Google, un compte Hellowork vous sera créé.",assistant de vie h f,adhap recrutement,se connecter à hellowork avec google continuer avec google en poursuivant votre connexion via google  vous acceptez les cgu et déclarez avoir pris connaissance de la politique de protection des données d hellowork  si vous ne disposez pas déjà d un compte hellowork associé à l'adresse email de votre compte google  un compte hellowork vous sera créé,Saint-Étienne-du-Rouvray,76,17,Secteur mentionné,Services aux Personnes • Particuliers,19543.0,19937.0,19740.0,False,hourly,< 25k,aucune,[],0,2025-12-10,1,0,0,0,0,5
https://www.hellowork.com/fr-fr/emplois/73560926.html,Hôte - Hôtesse d'Accueil Standardiste H/F,Phone Régie recrutement,Lyon 3e - 69,CDI,Bac,Services aux Entreprises,10/12/2025,"11,91 € / heure","Se connecter à Hellowork avec Google
Continuer avec Google
En poursuivant votre connexion via Google, vous acceptez les
CGU
et déclarez avoir pris connaissance de la
politique de protection des données
d’Hellowork. Si vous ne disposez pas déjà d’un compte Hellowork associé
à l'adresse email de votre compte Google, un compte Hellowork vous sera créé.",hôte - hôtesse d'accueil standardiste h f,phone régie recrutement,se connecter à hellowork avec google continuer avec google en poursuivant votre connexion via google  vous acceptez les cgu et déclarez avoir pris connaissance de la politique de protection des données d hellowork  si vous ne disposez pas déjà d un compte hellowork associé à l'adresse email de votre compte google  un compte hellowork vous sera créé,Lyon 3e,69,16,Non précisé,Services aux Entreprises,19592.0,19592.0,19592.0,False,hourly,< 25k,aucune,[],0,2025-12-10,1,0,0,0,1,5
https://www.hellowork.com/fr-fr/emplois/73560962.html,Intégrateur Systèmes Fluides H/F,Olys Engineering recrutement,Lyon 7e - 69,CDI,Bac +5,Secteur Energie • Environnement,10/12/2025,60 000 - 75 000 € / an,"Se connecter à Hellowork avec Google
Continuer avec Google
En poursuivant votre connexion via Google, vous acceptez les
CGU
et déclarez avoir pris connaissance de la
politique de protection des données
d’Hellowork. Si vous ne disposez pas déjà d’un compte Hellowork associé
à l'adresse email de votre compte Google, un compte Hellowork vous sera créé.",intégrateur systèmes fluides h f,olys engineering recrutement,se connecter à hellowork avec google continuer avec google en poursuivant votre connexion via google  vous acceptez les cgu et déclarez avoir pris connaissance de la politique de protection des données d hellowork  si vous ne disposez pas déjà d un compte hellowork associé à l'adresse email de votre compte google  un compte hellowork vous sera créé,Lyon 7e,69,13,Secteur mentionné,Secteur Energie • Environnement,60000.0,75000.0,67500.0,False,annual,50-70k,aucune,[],0,2025-12-10,1,0,0,0,4,1
https://www.hellowork.com/fr-fr/emplois/67781605.html,Préventeur HSE H/F,NGEN recrutement,Lyon - 69,CDI,Bac +2,"Bac +3, Bac +4",10/12/2025,27 500 - 36 500 € / an,"Se connecter à Hellowork avec Google
Continuer avec Google
En poursuivant votre connexion via Google, vous acceptez les
CGU
et déclarez avoir pris connaissance de la
politique de protection des données
d’Hellowork. Si vous ne disposez pas déjà d’un compte Hellowork associé
à l'adresse email de votre compte Google, un compte Hellowork vous sera créé.",préventeur hse h f,ngen recrutement,se connecter à hellowork avec google continuer avec google en poursuivant votre connexion via google  vous acceptez les cgu et déclarez avoir pris connaissance de la politique de protection des données d hellowork  si vous ne disposez pas déjà d un compte hellowork associé à l'adresse email de votre compte google  un compte hellowork vous sera créé,Lyon,69,3,Niveau études,"Bac +3, Bac +4",27500.0,36500.0,32000.0,False,annual,25-35k,aucune,[],0,2025-12-10,1,0,0,0,2,4
https://www.hellowork.com/fr-fr/emplois/71361714.html,Responsable Commerce H/F,Brico Dépôt recrutement,Montceau-les-Mines - 71,CDI,Bac,Bac +2,10/12/2025,Pas de salaire renseigné,"Se connecter à Hellowork avec Google
Continuer avec Google
En poursuivant votre connexion via Google, vous acceptez les
CGU
et déclarez avoir pris connaissance de la
politique de protection des données
d’Hellowork. Si vous ne disposez pas déjà d’un compte Hellowork associé
à l'adresse email de votre compte Google, un compte Hellowork vous sera créé.",responsable commerce h f,brico dépôt recrutement,se connecter à hellowork avec google continuer avec google en poursuivant votre connexion via google  vous acceptez les cgu et déclarez avoir pris connaissance de la politique de protection des données d hellowork  si vous ne disposez pas déjà d un compte hellowork associé à l'adresse email de votre compte google  un compte hellowork vous sera créé,Montceau-les-Mines,71,2,Niveau études,Bac +2,,,,False,,Non renseigné,aucune,[],0,2025-12-10,1,0,0,0,1,4
https://www.hellowork.com/fr-fr/emplois/71363364.html,Technicien de Modernisation H/F,Entreprise confidentielle,Annecy - 74,CDI,Bac +2,Industrie Manufacturière,10/12/2025,Estimation → 25 700 - 38 000 € / an,"Se connecter à Hellowork avec Google
Continuer avec Google
En poursuivant votre connexion via Google, vous acceptez les
CGU
et déclarez avoir pris connaissance de la
politique de protection des données
d’Hellowork. Si vous ne disposez pas déjà d’un compte Hellowork associé
à l'adresse email de votre compte Google, un compte Hellowork vous sera créé.",technicien de modernisation h f,entreprise confidentielle,se connecter à hellowork avec google continuer avec google en poursuivant votre connexion via google  vous acceptez les cgu et déclarez avoir pris connaissance de la politique de protection des données d hellowork  si vous ne disposez pas déjà d un compte hellowork associé à l'adresse email de votre compte google  un compte hellowork vous sera créé,Annecy,74,11,Non précisé,Industrie Manufacturière,25700.0,38000.0,31850.0,True,annual,25-35k,aucune,[],0,2025-12-10,1,0,0,0,2,3
https://www.hellowork.com/fr-fr/emplois/73559901.html,Conseiller Clientèle - Yutz H/F,Crédit Agricole Lorraine recrutement,Yutz - 57,CDI,Bac +2,Banque • Assurance • Finance,10/12/2025,Estimation → 21 730 - 27 000 € / an,"Se connecter à Hellowork avec Google
Continuer avec Google
En poursuivant votre connexion via Google, vous acceptez les
CGU
et déclarez avoir pris connaissance de la
politique de protection des données
d’Hellowork. Si vous ne disposez pas déjà d’un compte Hellowork associé
à l'adresse email de votre compte Google, un compte Hellowork vous sera créé.",conseiller clientèle - yutz h f,crédit agricole lorraine recrutement,se connecter à hellowork avec google continuer avec google en poursuivant votre connexion via google  vous acceptez les cgu et déclarez avoir pris connaissance de la politique de protection des données d hellowork  si vous ne disposez pas déjà d un compte hellowork associé à l'adresse email de votre compte google  un compte hellowork vous sera créé,Yutz,57,5,Secteur mentionné,Banque • Assurance • Finance,21730.0,27000.0,24365.0,True,annual,< 25k,aucune,[],0,2025-12-10,1,0,0,0,2,4
https://www.hellowork.com/fr-fr/emplois/73559917.html,Magasinier - Vendeur Pra H/F,Volkswagen recrutement,Cléon - 76,CDI,"BEP, CAP",Bac,10/12/2025,2 100 € / mois,"Se connecter à Hellowork avec Google
Continuer avec Google
En poursuivant votre connexion via Google, vous acceptez les
CGU
et déclarez avoir pris connaissance de la
politique de protection des données
d’Hellowork. Si vous ne disposez pas déjà d’un compte Hellowork associé
à l'adresse email de votre compte Google, un compte Hellowork vous sera créé.",magasinier - vendeur pra h f,volkswagen recrutement,se connecter à hellowork avec google continuer avec google en poursuivant votre connexion via google  vous acceptez les cgu et déclarez avoir pris connaissance de la politique de protection des données d hellowork  si vous ne disposez pas déjà d un compte hellowork associé à l'adresse email de votre compte google  un compte hellowork vous sera créé,Cléon,76,1,Niveau études,Bac,25200.0,25200.0,25200.0,False,monthly,25-35k,aucune,[],0,2025-12-10,1,0,0,0,0,0
https://www.hellowork.com/fr-fr/emplois/67801941.html,Monteur·se Moteurs Militaires M53 H/F,Safran recrutement,Seine-et-Marne - 77,CDI,"BEP, CAP",Bac,10/12/2025,Pas de salaire renseigné,"Se connecter à Hellowork avec Google
Continuer avec Google
En poursuivant votre connexion via Google, vous acceptez les
CGU
et déclarez avoir pris connaissance de la
politique de protection des données
d’Hellowork. Si vous ne disposez pas déjà d’un compte Hellowork associé
à l'adresse email de votre compte Google, un compte Hellowork vous sera créé.",monteur se moteurs militaires m53 h f,safran recrutement,se connecter à hellowork avec google continuer avec google en poursuivant votre connexion via google  vous acceptez les cgu et déclarez avoir pris connaissance de la politique de protection des données d hellowork  si vous ne disposez pas déjà d un compte hellowork associé à l'adresse email de votre compte google  un compte hellowork vous sera créé,Seine-et-Marne,77,1,Niveau études,Bac,,,,False,,Non renseigné,aucune,[],0,2025-12-10,1,0,0,0,0,0
https://www.hellowork.com/fr-fr/emplois/71310229.html,Manager Opérationnel - Chef de Site Site Hospitalier H/F,Dalkia recrutement,Orsay - 91,CDI,Bac +2,Secteur Energie • Environnement,10/12/2025,Pas de salaire renseigné,"Se connecter à Hellowork avec Google
Continuer avec Google
En poursuivant votre connexion via Google, vous acceptez les
CGU
et déclarez avoir pris connaissance de la
politique de protection des données
d’Hellowork. Si vous ne disposez pas déjà d’un compte Hellowork associé
à l'adresse email de votre compte Google, un compte Hellowork vous sera créé.",manager opérationnel - chef de site site hospitalier h f,dalkia recrutement,se connecter à hellowork avec google continuer avec google en poursuivant votre connexion via google  vous acceptez les cgu et déclarez avoir pris connaissance de la politique de protection des données d hellowork  si vous ne disposez pas déjà d un compte hellowork associé à l'adresse email de votre compte google  un compte hellowork vous sera créé,Orsay,91,13,Secteur mentionné,Secteur Energie • Environnement,,,,False,,Non renseigné,aucune,[],0,2025-12-10,1,0,0,0,2,3
https://www.hellowork.com/fr-fr/emplois/59102960.html,Monteur-Électricien H/F,SPIE Industrie recrutement,Thonon-les-Bains - 74,CDI,"BEP, CAP",Bac,10/12/2025,Estimation → 22 640 - 25 480 € / an,"Se connecter à Hellowork avec Google
Continuer avec Google
En poursuivant votre connexion via Google, vous acceptez les
CGU
et déclarez avoir pris connaissance de la
politique de protection des données
d’Hellowork. Si vous ne disposez pas déjà d’un compte Hellowork associé
à l'adresse email de votre compte Google, un compte Hellowork vous sera créé.",monteur-électricien h f,spie industrie recrutement,se connecter à hellowork avec google continuer avec google en poursuivant votre connexion via google  vous acceptez les cgu et déclarez avoir pris connaissance de la politique de protection des données d hellowork  si vous ne disposez pas déjà d un compte hellowork associé à l'adresse email de votre compte google  un compte hellowork vous sera créé,Thonon-les-Bains,74,1,Niveau études,Bac,22640.0,25480.0,24060.0,True,annual,< 25k,aucune,[],0,2025-12-10,1,0,0,0,0,0
https://www.hellowork.com/fr-fr/emplois/71368744.html,Collaborateur Comptable Confirmé H/F,Hireos recrutement,Lyon 9e - 69,CDI,Bac +2,Secteur informatique • ESN,10/12/2025,35 000 - 45 000 € / an,"Se connecter à Hellowork avec Google
Continuer avec Google
En poursuivant votre connexion via Google, vous acceptez les
CGU
et déclarez avoir pris connaissance de la
politique de protection des données
d’Hellowork. Si vous ne disposez pas déjà d’un compte Hellowork associé
à l'adresse email de votre compte Google, un compte Hellowork vous sera créé.",collaborateur comptable confirmé h f,hireos recrutement,se connecter à hellowork avec google continuer avec google en poursuivant votre connexion via google  vous acceptez les cgu et déclarez avoir pris connaissance de la politique de protection des données d hellowork  si vous ne disposez pas déjà d un compte hellowork associé à l'adresse email de votre compte google  un compte hellowork vous sera créé,Lyon 9e,69,14,Secteur mentionné,Secteur informatique • ESN,35000.0,45000.0,40000.0,False,annual,35-50k,aucune,[],0,2025-12-10,1,0,0,0,2,3
https://www.hellowork.com/fr-fr/emplois/71365464.html,Educateur de Jeunes Enfants Bilingue Anglais H/F,ABC Puériculture recrutement,Paris - 75,CDI,"BEP, CAP",Services aux Personnes • Particuliers,10/12/2025,2 750 - 3 550 € / mois,"Se connecter à Hellowork avec Google
Continuer avec Google
En poursuivant votre connexion via Google, vous acceptez les
CGU
et déclarez avoir pris connaissance de la
politique de protection des données
d’Hellowork. Si vous ne disposez pas déjà d’un compte Hellowork associé
à l'adresse email de votre compte Google, un compte Hellowork vous sera créé.",educateur de jeunes enfants bilingue anglais h f,abc puériculture recrutement,se connecter à hellowork avec google continuer avec google en poursuivant votre connexion via google  vous acceptez les cgu et déclarez avoir pris connaissance de la politique de protection des données d hellowork  si vous ne disposez pas déjà d un compte hellowork associé à l'adresse email de votre compte google  un compte hellowork vous sera créé,Paris,75,17,Secteur mentionné,Services aux Personnes • Particuliers,33000.0,42600.0,37800.0,False,monthly,35-50k,anglais,['anglais'],1,2025-12-10,1,0,0,0,0,3
https://www.hellowork.com/fr-fr/emplois/69009770.html,Projeteur CFO - CFA H/F,SNEF recrutement,Aix-en-Provence - 13,CDI,Bac +2,"Bac +3, Bac +4",10/12/2025,Estimation → 31 200 - 44 700 € / an,"Se connecter à Hellowork avec Google
Continuer avec Google
En poursuivant votre connexion via Google, vous acceptez les
CGU
et déclarez avoir pris connaissance de la
politique de protection des données
d’Hellowork. Si vous ne disposez pas déjà d’un compte Hellowork associé
à l'adresse email de votre compte Google, un compte Hellowork vous sera créé.",projeteur cfo - cfa h f,snef recrutement,se connecter à hellowork avec google continuer avec google en poursuivant votre connexion via google  vous acceptez les cgu et déclarez avoir pris connaissance de la politique de protection des données d hellowork  si vous ne disposez pas déjà d un compte hellowork associé à l'adresse email de votre compte google  un compte hellowork vous sera créé,Aix-en-Provence,13,3,Niveau études,"Bac +3, Bac +4",31200.0,44700.0,37950.0,True,annual,35-50k,aucune,[],0,2025-12-10,1,0,0,0,2,4
https://www.hellowork.com/fr-fr/emplois/68979141.html,Ingénieur Études Travaux Thermiques H/F,Dalkia recrutement,Cesson-Sévigné - 35,CDI,Bac +2,"Bac +3, Bac +4",10/12/2025,Estimation → 31 000 - 53 800 € / an,"Se connecter à Hellowork avec Google
Continuer avec Google
En poursuivant votre connexion via Google, vous acceptez les
CGU
et déclarez avoir pris connaissance de la
politique de protection des données
d’Hellowork. Si vous ne disposez pas déjà d’un compte Hellowork associé
à l'adresse email de votre compte Google, un compte Hellowork vous sera créé.",ingénieur études travaux thermiques h f,dalkia recrutement,se connecter à hellowork avec google continuer avec google en poursuivant votre connexion via google  vous acceptez les cgu et déclarez avoir pris connaissance de la politique de protection des données d hellowork  si vous ne disposez pas déjà d un compte hellowork associé à l'adresse email de votre compte google  un compte hellowork vous sera créé,Cesson-Sévigné,35,3,Niveau études,"Bac +3, Bac +4",31000.0,53800.0,42400.0,True,annual,35-50k,aucune,[],0,2025-12-10,1,0,0,0,2,2
https://www.hellowork.com/fr-fr/emplois/65225710.html,Ingénieur des Ventes Ascenseur H/F,Kone recrutement,Noisy-le-Sec - 93,CDI,Bac +2,"Bac +3, Bac +4",10/12/2025,Pas de salaire renseigné,"Se connecter à Hellowork avec Google
Continuer avec Google
En poursuivant votre connexion via Google, vous acceptez les
CGU
et déclarez avoir pris connaissance de la
politique de protection des données
d’Hellowork. Si vous ne disposez pas déjà d’un compte Hellowork associé
à l'adresse email de votre compte Google, un compte Hellowork vous sera créé.",ingénieur des ventes ascenseur h f,kone recrutement,se connecter à hellowork avec google continuer avec google en poursuivant votre connexion via google  vous acceptez les cgu et déclarez avoir pris connaissance de la politique de protection des données d hellowork  si vous ne disposez pas déjà d un compte hellowork associé à l'adresse email de votre compte google  un compte hellowork vous sera créé,Noisy-le-Sec,93,3,Niveau études,"Bac +3, Bac +4",,,,False,,Non renseigné,aucune,[],0,2025-12-10,1,0,0,0,2,4
https://www.hellowork.com/fr-fr/emplois/71347132.html,Chef de Groupe Etudes Installation Générale H/F,Orano recrutement,Pierrelatte - 26,CDI,Bac +2,"Bac +3, Bac +4",10/12/2025,Estimation → 29 000 - 38 500 € / an,"Se connecter à Hellowork avec Google
Continuer avec Google
En poursuivant votre connexion via Google, vous acceptez les
CGU
et déclarez avoir pris connaissance de la
politique de protection des données
d’Hellowork. Si vous ne disposez pas déjà d’un compte Hellowork associé
à l'adresse email de votre compte Google, un compte Hellowork vous sera créé.",chef de groupe etudes installation générale h f,orano recrutement,se connecter à hellowork avec google continuer avec google en poursuivant votre connexion via google  vous acceptez les cgu et déclarez avoir pris connaissance de la politique de protection des données d hellowork  si vous ne disposez pas déjà d un compte hellowork associé à l'adresse email de votre compte google  un compte hellowork vous sera créé,Pierrelatte,26,3,Niveau études,"Bac +3, Bac +4",29000.0,38500.0,33750.0,True,annual,25-35k,aucune,[],0,2025-12-10,1,0,0,0,2,4
https://www.hellowork.com/fr-fr/emplois/71301126.html,Chargé d'Affaires Travaux CVC - Plomberie H/F,Dalkia recrutement,Chasseneuil-du-Poitou - 86,CDI,Bac +2,Secteur Energie • Environnement,10/12/2025,Estimation → 42 500 - 56 200 € / an,"Se connecter à Hellowork avec Google
Continuer avec Google
En poursuivant votre connexion via Google, vous acceptez les
CGU
et déclarez avoir pris connaissance de la
politique de protection des données
d’Hellowork. Si vous ne disposez pas déjà d’un compte Hellowork associé
à l'adresse email de votre compte Google, un compte Hellowork vous sera créé.",chargé d'affaires travaux cvc - plomberie h f,dalkia recrutement,se connecter à hellowork avec google continuer avec google en poursuivant votre connexion via google  vous acceptez les cgu et déclarez avoir pris connaissance de la politique de protection des données d hellowork  si vous ne disposez pas déjà d un compte hellowork associé à l'adresse email de votre compte google  un compte hellowork vous sera créé,Chasseneuil-du-Poitou,86,13,Secteur mentionné,Secteur Energie • Environnement,42500.0,56200.0,49350.0,True,annual,35-50k,aucune,[],0,2025-12-10,1,0,0,0,2,1
https://www.hellowork.com/fr-fr/emplois/73559876.html,Chef de Secteur H/F,Api Restauration recrutement,Fleurbaix - 62,CDI,Tourisme • Hôtellerie • Loisirs,Exp. 1 à 7 ans,10/12/2025,2 800 € / mois,"Se connecter à Hellowork avec Google
Continuer avec Google
En poursuivant votre connexion via Google, vous acceptez les
CGU
et déclarez avoir pris connaissance de la
politique de protection des données
d’Hellowork. Si vous ne disposez pas déjà d’un compte Hellowork associé
à l'adresse email de votre compte Google, un compte Hellowork vous sera créé.",chef de secteur h f,api restauration recrutement,se connecter à hellowork avec google continuer avec google en poursuivant votre connexion via google  vous acceptez les cgu et déclarez avoir pris connaissance de la politique de protection des données d hellowork  si vous ne disposez pas déjà d un compte hellowork associé à l'adresse email de votre compte google  un compte hellowork vous sera créé,Fleurbaix,62,7,Confirmé,1-7 ans,33600.0,33600.0,33600.0,False,monthly,25-35k,aucune,[],0,2025-12-10,1,0,0,0,5,3
https://www.hellowork.com/fr-fr/emplois/70119909.html,Chargé d'Affaires CVC H/F,Groupe Fauché recrutement,Collonges-au-Mont-d'Or - 69,CDI,Bac +2,"Bac +3, Bac +4",10/12/2025,50 000 - 55 000 € / an,"Se connecter à Hellowork avec Google
Continuer avec Google
En poursuivant votre connexion via Google, vous acceptez les
CGU
et déclarez avoir pris connaissance de la
politique de protection des données
d’Hellowork. Si vous ne disposez pas déjà d’un compte Hellowork associé
à l'adresse email de votre compte Google, un compte Hellowork vous sera créé.",chargé d'affaires cvc h f,groupe fauché recrutement,se connecter à hellowork avec google continuer avec google en poursuivant votre connexion via google  vous acceptez les cgu et déclarez avoir pris connaissance de la politique de protection des données d hellowork  si vous ne disposez pas déjà d un compte hellowork associé à l'adresse email de votre compte google  un compte hellowork vous sera créé,Collonges-au-Mont-d'Or,69,3,Niveau études,"Bac +3, Bac +4",50000.0,55000.0,52500.0,False,annual,50-70k,aucune,[],0,2025-12-10,1,0,0,0,2,2
https://www.hellowork.com/fr-fr/emplois/73561017.html,Promoteur GMS H/F,CPM France recrutement,Gonesse - 95,CDI,"BEP, CAP",Bac,10/12/2025,1 827 - 1 927 € / mois,"Se connecter à Hellowork avec Google
Continuer avec Google
En poursuivant votre connexion via Google, vous acceptez les
CGU
et déclarez avoir pris connaissance de la
politique de protection des données
d’Hellowork. Si vous ne disposez pas déjà d’un compte Hellowork associé
à l'adresse email de votre compte Google, un compte Hellowork vous sera créé.",promoteur gms h f,cpm france recrutement,se connecter à hellowork avec google continuer avec google en poursuivant votre connexion via google  vous acceptez les cgu et déclarez avoir pris connaissance de la politique de protection des données d hellowork  si vous ne disposez pas déjà d un compte hellowork associé à l'adresse email de votre compte google  un compte hellowork vous sera créé,Gonesse,95,1,Niveau études,Bac,21924.0,23124.0,22524.0,False,monthly,< 25k,aucune,[],0,2025-12-10,1,0,0,0,0,0
https://www.hellowork.com/fr-fr/emplois/71346777.html,Chef d'Équipe en Nettoyage Industriel H/F,Onet Propreté et Services recrutement,Saint-Pierre-la-Cour - 53,CDI,Bac,Bac +2,10/12/2025,Pas de salaire renseigné,"Se connecter à Hellowork avec Google
Continuer avec Google
En poursuivant votre connexion via Google, vous acceptez les
CGU
et déclarez avoir pris connaissance de la
politique de protection des données
d’Hellowork. Si vous ne disposez pas déjà d’un compte Hellowork associé
à l'adresse email de votre compte Google, un compte Hellowork vous sera créé.",chef d'équipe en nettoyage industriel h f,onet propreté et services recrutement,se connecter à hellowork avec google continuer avec google en poursuivant votre connexion via google  vous acceptez les cgu et déclarez avoir pris connaissance de la politique de protection des données d hellowork  si vous ne disposez pas déjà d un compte hellowork associé à l'adresse email de votre compte google  un compte hellowork vous sera créé,Saint-Pierre-la-Cour,53,2,Niveau études,Bac +2,,,,False,,Non renseigné,aucune,[],0,2025-12-10,1,0,0,0,1,4
https://www.hellowork.com/fr-fr/emplois/52758771.html,Electromécanicien Dépanneur H/F,Saint Yves Services recrutement,Aigné - 72,CDI,Bac +2,"Bac +3, Bac +4",10/12/2025,Estimation → 23 660 - 30 962 € / an,"Se connecter à Hellowork avec Google
Continuer avec Google
En poursuivant votre connexion via Google, vous acceptez les
CGU
et déclarez avoir pris connaissance de la
politique de protection des données
d’Hellowork. Si vous ne disposez pas déjà d’un compte Hellowork associé
à l'adresse email de votre compte Google, un compte Hellowork vous sera créé.",electromécanicien dépanneur h f,saint yves services recrutement,se connecter à hellowork avec google continuer avec google en poursuivant votre connexion via google  vous acceptez les cgu et déclarez avoir pris connaissance de la politique de protection des données d hellowork  si vous ne disposez pas déjà d un compte hellowork associé à l'adresse email de votre compte google  un compte hellowork vous sera créé,Aigné,72,3,Niveau études,"Bac +3, Bac +4",23660.0,30962.0,27311.0,True,annual,25-35k,aucune,[],0,2025-12-10,1,0,0,0,2,4
https://www.hellowork.com/fr-fr/emplois/73559897.html,Correspondant Déploiement IT Sédentaire H/F,AIS recrutement,Blagnac - 31,CDI,Bac +2,Secteur informatique • ESN,10/12/2025,26 000 - 29 000 € / an,"Se connecter à Hellowork avec Google
Continuer avec Google
En poursuivant votre connexion via Google, vous acceptez les
CGU
et déclarez avoir pris connaissance de la
politique de protection des données
d’Hellowork. Si vous ne disposez pas déjà d’un compte Hellowork associé
à l'adresse email de votre compte Google, un compte Hellowork vous sera créé.",correspondant déploiement it sédentaire h f,ais recrutement,se connecter à hellowork avec google continuer avec google en poursuivant votre connexion via google  vous acceptez les cgu et déclarez avoir pris connaissance de la politique de protection des données d hellowork  si vous ne disposez pas déjà d un compte hellowork associé à l'adresse email de votre compte google  un compte hellowork vous sera créé,Blagnac,31,14,Secteur mentionné,Secteur informatique • ESN,26000.0,29000.0,27500.0,False,annual,25-35k,aucune,[],0,2025-12-10,1,0,0,0,2,5
https://www.hellowork.com/fr-fr/emplois/69029182.html,Chef de Secteur GMS H/F,Havea recrutement,Strasbourg - 67,CDI,Bac +2,Industrie Pharmaceutique • Biotechn. • Chimie,10/12/2025,Estimation → 31 800 - 49 900 € / an,"Se connecter à Hellowork avec Google
Continuer avec Google
En poursuivant votre connexion via Google, vous acceptez les
CGU
et déclarez avoir pris connaissance de la
politique de protection des données
d’Hellowork. Si vous ne disposez pas déjà d’un compte Hellowork associé
à l'adresse email de votre compte Google, un compte Hellowork vous sera créé.",chef de secteur gms h f,havea recrutement,se connecter à hellowork avec google continuer avec google en poursuivant votre connexion via google  vous acceptez les cgu et déclarez avoir pris connaissance de la politique de protection des données d hellowork  si vous ne disposez pas déjà d un compte hellowork associé à l'adresse email de votre compte google  un compte hellowork vous sera créé,Strasbourg,67,12,Secteur mentionné,Industrie Pharmaceutique • Biotechn. • Chimie,31800.0,49900.0,40850.0,True,annual,35-50k,aucune,[],0,2025-12-10,1,0,0,0,2,3
https://www.hellowork.com/fr-fr/emplois/70127665.html,Chaudronnier - Tuyauteur H/F,SNEF recrutement,Dunkerque - 59,CDI,"BEP, CAP",BTP,10/12/2025,Estimation → 23 400 - 26 390 € / an,"Se connecter à Hellowork avec Google
Continuer avec Google
En poursuivant votre connexion via Google, vous acceptez les
CGU
et déclarez avoir pris connaissance de la
politique de protection des données
d’Hellowork. Si vous ne disposez pas déjà d’un compte Hellowork associé
à l'adresse email de votre compte Google, un compte Hellowork vous sera créé.",chaudronnier - tuyauteur h f,snef recrutement,se connecter à hellowork avec google continuer avec google en poursuivant votre connexion via google  vous acceptez les cgu et déclarez avoir pris connaissance de la politique de protection des données d hellowork  si vous ne disposez pas déjà d un compte hellowork associé à l'adresse email de votre compte google  un compte hellowork vous sera créé,Dunkerque,59,0,Non précisé,BTP,23400.0,26390.0,24895.0,True,annual,< 25k,aucune,[],0,2025-12-10,1,0,0,0,0,0
https://www.hellowork.com/fr-fr/emplois/67796410.html,Receptionnaire - Atelier Poids Lourds H/F,AUGEREAU LINKS recrutement,Cholet - 49,CDI,"BEP, CAP",Bac,10/12/2025,Pas de salaire renseigné,"Se connecter à Hellowork avec Google
Continuer avec Google
En poursuivant votre connexion via Google, vous acceptez les
CGU
et déclarez avoir pris connaissance de la
politique de protection des données
d’Hellowork. Si vous ne disposez pas déjà d’un compte Hellowork associé
à l'adresse email de votre compte Google, un compte Hellowork vous sera créé.",receptionnaire - atelier poids lourds h f,augereau links recrutement,se connecter à hellowork avec google continuer avec google en poursuivant votre connexion via google  vous acceptez les cgu et déclarez avoir pris connaissance de la politique de protection des données d hellowork  si vous ne disposez pas déjà d un compte hellowork associé à l'adresse email de votre compte google  un compte hellowork vous sera créé,Cholet,49,1,Niveau études,Bac,,,,False,,Non renseigné,aucune,[],0,2025-12-10,1,0,0,0,0,0
https://www.hellowork.com/fr-fr/emplois/73559882.html,Technicien Expert Mécanique Automobile H/F,Audi recrutement,Reims - 51,CDI,Bac +5,Industrie Auto • Meca • Navale,10/12/2025,Pas de salaire renseigné,"Se connecter à Hellowork avec Google
Continuer avec Google
En poursuivant votre connexion via Google, vous acceptez les
CGU
et déclarez avoir pris connaissance de la
politique de protection des données
d’Hellowork. Si vous ne disposez pas déjà d’un compte Hellowork associé
à l'adresse email de votre compte Google, un compte Hellowork vous sera créé.",technicien expert mécanique automobile h f,audi recrutement,se connecter à hellowork avec google continuer avec google en poursuivant votre connexion via google  vous acceptez les cgu et déclarez avoir pris connaissance de la politique de protection des données d hellowork  si vous ne disposez pas déjà d un compte hellowork associé à l'adresse email de votre compte google  un compte hellowork vous sera créé,Reims,51,9,Secteur mentionné,Industrie Auto • Meca • Navale,,,,False,,Non renseigné,aucune,[],0,2025-12-10,1,0,0,0,4,3
https://www.hellowork.com/fr-fr/emplois/62653984.html,Coordinateur Bim H/F,Socotec recrutement,Casablanca - Maroc,CDI,Bac +5,Services aux Entreprises,10/12/2025,Pas de salaire renseigné,"Se connecter à Hellowork avec Google
Continuer avec Google
En poursuivant votre connexion via Google, vous acceptez les
CGU
et déclarez avoir pris connaissance de la
politique de protection des données
d’Hellowork. Si vous ne disposez pas déjà d’un compte Hellowork associé
à l'adresse email de votre compte Google, un compte Hellowork vous sera créé.",coordinateur bim h f,socotec recrutement,se connecter à hellowork avec google continuer avec google en poursuivant votre connexion via google  vous acceptez les cgu et déclarez avoir pris connaissance de la politique de protection des données d hellowork  si vous ne disposez pas déjà d un compte hellowork associé à l'adresse email de votre compte google  un compte hellowork vous sera créé,Casablanca,Maroc,16,Non précisé,Services aux Entreprises,,,,False,,Non renseigné,aucune,[],0,2025-12-10,1,0,0,0,4,3
https://www.hellowork.com/fr-fr/emplois/73559888.html,Chef de Cuisine H/F,Api Restauration recrutement,Beaumont-Monteux - 26,CDI,"BEP, CAP",Bac,10/12/2025,Pas de salaire renseigné,"Se connecter à Hellowork avec Google
Continuer avec Google
En poursuivant votre connexion via Google, vous acceptez les
CGU
et déclarez avoir pris connaissance de la
politique de protection des données
d’Hellowork. Si vous ne disposez pas déjà d’un compte Hellowork associé
à l'adresse email de votre compte Google, un compte Hellowork vous sera créé.",chef de cuisine h f,api restauration recrutement,se connecter à hellowork avec google continuer avec google en poursuivant votre connexion via google  vous acceptez les cgu et déclarez avoir pris connaissance de la politique de protection des données d hellowork  si vous ne disposez pas déjà d un compte hellowork associé à l'adresse email de votre compte google  un compte hellowork vous sera créé,Beaumont-Monteux,26,1,Niveau études,Bac,,,,False,,Non renseigné,aucune,[],0,2025-12-10,1,0,0,0,0,0
https://www.hellowork.com/fr-fr/emplois/67780488.html,Assistant de Vie H/F,ADHAP recrutement,Saint-Étienne-du-Rouvray - 76,CDI,"BEP, CAP",Services aux Personnes • Particuliers,10/12/2025,"11,88 - 12,12 € / heure","Se connecter à Hellowork avec Google
Continuer avec Google
En poursuivant votre connexion via Google, vous acceptez les
CGU
et déclarez avoir pris connaissance de la
politique de protection des données
d’Hellowork. Si vous ne disposez pas déjà d’un compte Hellowork associé
à l'adresse email de votre compte Google, un compte Hellowork vous sera créé.",assistant de vie h f,adhap recrutement,se connecter à hellowork avec google continuer avec google en poursuivant votre connexion via google  vous acceptez les cgu et déclarez avoir pris connaissance de la politique de protection des données d hellowork  si vous ne disposez pas déjà d un compte hellowork associé à l'adresse email de votre compte google  un compte hellowork vous sera créé,Saint-Étienne-du-Rouvray,76,17,Secteur mentionné,Services aux Personnes • Particuliers,19543.0,19937.0,19740.0,False,hourly,< 25k,aucune,[],0,2025-12-10,1,0,0,0,0,5
https://www.hellowork.com/fr-fr/emplois/73560926.html,Hôte - Hôtesse d'Accueil Standardiste H/F,Phone Régie recrutement,Lyon 3e - 69,CDI,Bac,Services aux Entreprises,10/12/2025,"11,91 € / heure","Se connecter à Hellowork avec Google
Continuer avec Google
En poursuivant votre connexion via Google, vous acceptez les
CGU
et déclarez avoir pris connaissance de la
politique de protection des données
d’Hellowork. Si vous ne disposez pas déjà d’un compte Hellowork associé
à l'adresse email de votre compte Google, un compte Hellowork vous sera créé.",hôte - hôtesse d'accueil standardiste h f,phone régie recrutement,se connecter à hellowork avec google continuer avec google en poursuivant votre connexion via google  vous acceptez les cgu et déclarez avoir pris connaissance de la politique de protection des données d hellowork  si vous ne disposez pas déjà d un compte hellowork associé à l'adresse email de votre compte google  un compte hellowork vous sera créé,Lyon 3e,69,16,Non précisé,Services aux Entreprises,19592.0,19592.0,19592.0,False,hourly,< 25k,aucune,[],0,2025-12-10,1,0,0,0,1,5
https://www.hellowork.com/fr-fr/emplois/73560962.html,Intégrateur Systèmes Fluides H/F,Olys Engineering recrutement,Lyon 7e - 69,CDI,Bac +5,Secteur Energie • Environnement,10/12/2025,60 000 - 75 000 € / an,"Se connecter à Hellowork avec Google
Continuer avec Google
En poursuivant votre connexion via Google, vous acceptez les
CGU
et déclarez avoir pris connaissance de la
politique de protection des données
d’Hellowork. Si vous ne disposez pas déjà d’un compte Hellowork associé
à l'adresse email de votre compte Google, un compte Hellowork vous sera créé.",intégrateur systèmes fluides h f,olys engineering recrutement,se connecter à hellowork avec google continuer avec google en poursuivant votre connexion via google  vous acceptez les cgu et déclarez avoir pris connaissance de la politique de protection des données d hellowork  si vous ne disposez pas déjà d un compte hellowork associé à l'adresse email de votre compte google  un compte hellowork vous sera créé,Lyon 7e,69,13,Secteur mentionné,Secteur Energie • Environnement,60000.0,75000.0,67500.0,False,annual,50-70k,aucune,[],0,2025-12-10,1,0,0,0,4,1
https://www.hellowork.com/fr-fr/emplois/67781605.html,Préventeur HSE H/F,NGEN recrutement,Lyon - 69,CDI,Bac +2,"Bac +3, Bac +4",10/12/2025,27 500 - 36 500 € / an,"Se connecter à Hellowork avec Google
Continuer avec Google
En poursuivant votre connexion via Google, vous acceptez les
CGU
et déclarez avoir pris connaissance de la
politique de protection des données
d’Hellowork. Si vous ne disposez pas déjà d’un compte Hellowork associé
à l'adresse email de votre compte Google, un compte Hellowork vous sera créé.",préventeur hse h f,ngen recrutement,se connecter à hellowork avec google continuer avec google en poursuivant votre connexion via google  vous acceptez les cgu et déclarez avoir pris connaissance de la politique de protection des données d hellowork  si vous ne disposez pas déjà d un compte hellowork associé à l'adresse email de votre compte google  un compte hellowork vous sera créé,Lyon,69,3,Niveau études,"Bac +3, Bac +4",27500.0,36500.0,32000.0,False,annual,25-35k,aucune,[],0,2025-12-10,1,0,0,0,2,4
https://www.hellowork.com/fr-fr/emplois/71361714.html,Responsable Commerce H/F,Brico Dépôt recrutement,Montceau-les-Mines - 71,CDI,Bac,Bac +2,10/12/2025,Pas de salaire renseigné,"Se connecter à Hellowork avec Google
Continuer avec Google
En poursuivant votre connexion via Google, vous acceptez les
CGU
et déclarez avoir pris connaissance de la
politique de protection des données
d’Hellowork. Si vous ne disposez pas déjà d’un compte Hellowork associé
à l'adresse email de votre compte Google, un compte Hellowork vous sera créé.",responsable commerce h f,brico dépôt recrutement,se connecter à hellowork avec google continuer avec google en poursuivant votre connexion via google  vous acceptez les cgu et déclarez avoir pris connaissance de la politique de protection des données d hellowork  si vous ne disposez pas déjà d un compte hellowork associé à l'adresse email de votre compte google  un compte hellowork vous sera créé,Montceau-les-Mines,71,2,Niveau études,Bac +2,,,,False,,Non renseigné,aucune,[],0,2025-12-10,1,0,0,0,1,4
https://www.hellowork.com/fr-fr/emplois/71363364.html,Technicien de Modernisation H/F,Entreprise confidentielle,Annecy - 74,CDI,Bac +2,Industrie Manufacturière,10/12/2025,Estimation → 25 700 - 38 000 € / an,"Se connecter à Hellowork avec Google
Continuer avec Google
En poursuivant votre connexion via Google, vous acceptez les
CGU
et déclarez avoir pris connaissance de la
politique de protection des données
d’Hellowork. Si vous ne disposez pas déjà d’un compte Hellowork associé
à l'adresse email de votre compte Google, un compte Hellowork vous sera créé.",technicien de modernisation h f,entreprise confidentielle,se connecter à hellowork avec google continuer avec google en poursuivant votre connexion via google  vous acceptez les cgu et déclarez avoir pris connaissance de la politique de protection des données d hellowork  si vous ne disposez pas déjà d un compte hellowork associé à l'adresse email de votre compte google  un compte hellowork vous sera créé,Annecy,74,11,Non précisé,Industrie Manufacturière,25700.0,38000.0,31850.0,True,annual,25-35k,aucune,[],0,2025-12-10,1,0,0,0,2,3
https://www.hellowork.com/fr-fr/emplois/73559901.html,Conseiller Clientèle - Yutz H/F,Crédit Agricole Lorraine recrutement,Yutz - 57,CDI,Bac +2,Banque • Assurance • Finance,10/12/2025,Estimation → 21 730 - 27 000 € / an,"Se connecter à Hellowork avec Google
Continuer avec Google
En poursuivant votre connexion via Google, vous acceptez les
CGU
et déclarez avoir pris connaissance de la
politique de protection des données
d’Hellowork. Si vous ne disposez pas déjà d’un compte Hellowork associé
à l'adresse email de votre compte Google, un compte Hellowork vous sera créé.",conseiller clientèle - yutz h f,crédit agricole lorraine recrutement,se connecter à hellowork avec google continuer avec google en poursuivant votre connexion via google  vous acceptez les cgu et déclarez avoir pris connaissance de la politique de protection des données d hellowork  si vous ne disposez pas déjà d un compte hellowork associé à l'adresse email de votre compte google  un compte hellowork vous sera créé,Yutz,57,5,Secteur mentionné,Banque • Assurance • Finance,21730.0,27000.0,24365.0,True,annual,< 25k,aucune,[],0,2025-12-10,1,0,0,0,2,4
https://www.hellowork.com/fr-fr/emplois/73559917.html,Magasinier - Vendeur Pra H/F,Volkswagen recrutement,Cléon - 76,CDI,"BEP, CAP",Bac,10/12/2025,2 100 € / mois,"Se connecter à Hellowork avec Google
Continuer avec Google
En poursuivant votre connexion via Google, vous acceptez les
CGU
et déclarez avoir pris connaissance de la
politique de protection des données
d’Hellowork. Si vous ne disposez pas déjà d’un compte Hellowork associé
à l'adresse email de votre compte Google, un compte Hellowork vous sera créé.",magasinier - vendeur pra h f,volkswagen recrutement,se connecter à hellowork avec google continuer avec google en poursuivant votre connexion via google  vous acceptez les cgu et déclarez avoir pris connaissance de la politique de protection des données d hellowork  si vous ne disposez pas déjà d un compte hellowork associé à l'adresse email de votre compte google  un compte hellowork vous sera créé,Cléon,76,1,Niveau études,Bac,25200.0,25200.0,25200.0,False,monthly,25-35k,aucune,[],0,2025-12-10,1,0,0,0,0,0
https://www.hellowork.com/fr-fr/emplois/67801941.html,Monteur·se Moteurs Militaires M53 H/F,Safran recrutement,Seine-et-Marne - 77,CDI,"BEP, CAP",Bac,10/12/2025,Pas de salaire renseigné,"Se connecter à Hellowork avec Google
Continuer avec Google
En poursuivant votre connexion via Google, vous acceptez les
CGU
et déclarez avoir pris connaissance de la
politique de protection des données
d’Hellowork. Si vous ne disposez pas déjà d’un compte Hellowork associé
à l'adresse email de votre compte Google, un compte Hellowork vous sera créé.",monteur se moteurs militaires m53 h f,safran recrutement,se connecter à hellowork avec google continuer avec google en poursuivant votre connexion via google  vous acceptez les cgu et déclarez avoir pris connaissance de la politique de protection des données d hellowork  si vous ne disposez pas déjà d un compte hellowork associé à l'adresse email de votre compte google  un compte hellowork vous sera créé,Seine-et-Marne,77,1,Niveau études,Bac,,,,False,,Non renseigné,aucune,[],0,2025-12-10,1,0,0,0,0,0
https://www.hellowork.com/fr-fr/emplois/71310229.html,Manager Opérationnel - Chef de Site Site Hospitalier H/F,Dalkia recrutement,Orsay - 91,CDI,Bac +2,Secteur Energie • Environnement,10/12/2025,Pas de salaire renseigné,"Se connecter à Hellowork avec Google
Continuer avec Google
En poursuivant votre connexion via Google, vous acceptez les
CGU
et déclarez avoir pris connaissance de la
politique de protection des données
d’Hellowork. Si vous ne disposez pas déjà d’un compte Hellowork associé
à l'adresse email de votre compte Google, un compte Hellowork vous sera créé.",manager opérationnel - chef de site site hospitalier h f,dalkia recrutement,se connecter à hellowork avec google continuer avec google en poursuivant votre connexion via google  vous acceptez les cgu et déclarez avoir pris connaissance de la politique de protection des données d hellowork  si vous ne disposez pas déjà d un compte hellowork associé à l'adresse email de votre compte google  un compte hellowork vous sera créé,Orsay,91,13,Secteur mentionné,Secteur Energie • Environnement,,,,False,,Non renseigné,aucune,[],0,2025-12-10,1,0,0,0,2,3
https://www.hellowork.com/fr-fr/emplois/59102960.html,Monteur-Électricien H/F,SPIE Industrie recrutement,Thonon-les-Bains - 74,CDI,"BEP, CAP",Bac,10/12/2025,Estimation → 22 640 - 25 480 € / an,"Se connecter à Hellowork avec Google
Continuer avec Google
En poursuivant votre connexion via Google, vous acceptez les
CGU
et déclarez avoir pris connaissance de la
politique de protection des données
d’Hellowork. Si vous ne disposez pas déjà d’un compte Hellowork associé
à l'adresse email de votre compte Google, un compte Hellowork vous sera créé.",monteur-électricien h f,spie industrie recrutement,se connecter à hellowork avec google continuer avec google en poursuivant votre connexion via google  vous acceptez les cgu et déclarez avoir pris connaissance de la politique de protection des données d hellowork  si vous ne disposez pas déjà d un compte hellowork associé à l'adresse email de votre compte google  un compte hellowork vous sera créé,Thonon-les-Bains,74,1,Niveau études,Bac,22640.0,25480.0,24060.0,True,annual,< 25k,aucune,[],0,2025-12-10,1,0,0,0,0,0
https://www.hellowork.com/fr-fr/emplois/71368744.html,Collaborateur Comptable Confirmé H/F,Hireos recrutement,Lyon 9e - 69,CDI,Bac +2,Secteur informatique • ESN,10/12/2025,35 000 - 45 000 € / an,"Se connecter à Hellowork avec Google
Continuer avec Google
En poursuivant votre connexion via Google, vous acceptez les
CGU
et déclarez avoir pris connaissance de la
politique de protection des données
d’Hellowork. Si vous ne disposez pas déjà d’un compte Hellowork associé
à l'adresse email de votre compte Google, un compte Hellowork vous sera créé.",collaborateur comptable confirmé h f,hireos recrutement,se connecter à hellowork avec google continuer avec google en poursuivant votre connexion via google  vous acceptez les cgu et déclarez avoir pris connaissance de la politique de protection des données d hellowork  si vous ne disposez pas déjà d un compte hellowork associé à l'adresse email de votre compte google  un compte hellowork vous sera créé,Lyon 9e,69,14,Secteur mentionné,Secteur informatique • ESN,35000.0,45000.0,40000.0,False,annual,35-50k,aucune,[],0,2025-12-10,1,0,0,0,2,3
https://www.hellowork.com/fr-fr/emplois/71365464.html,Educateur de Jeunes Enfants Bilingue Anglais H/F,ABC Puériculture recrutement,Paris - 75,CDI,"BEP, CAP",Services aux Personnes • Particuliers,10/12/2025,2 750 - 3 550 € / mois,"Se connecter à Hellowork avec Google
Continuer avec Google
En poursuivant votre connexion via Google, vous acceptez les
CGU
et déclarez avoir pris connaissance de la
politique de protection des données
d’Hellowork. Si vous ne disposez pas déjà d’un compte Hellowork associé
à l'adresse email de votre compte Google, un compte Hellowork vous sera créé.",educateur de jeunes enfants bilingue anglais h f,abc puériculture recrutement,se connecter à hellowork avec google continuer avec google en poursuivant votre connexion via google  vous acceptez les cgu et déclarez avoir pris connaissance de la politique de protection des données d hellowork  si vous ne disposez pas déjà d un compte hellowork associé à l'adresse email de votre compte google  un compte hellowork vous sera créé,Paris,75,17,Secteur mentionné,Services aux Personnes • Particuliers,33000.0,42600.0,37800.0,False,monthly,35-50k,anglais,['anglais'],1,2025-12-10,1,0,0,0,0,3
https://www.hellowork.com/fr-fr/emplois/69009770.html,Projeteur CFO - CFA H/F,SNEF recrutement,Aix-en-Provence - 13,CDI,Bac +2,"Bac +3, Bac +4",10/12/2025,Estimation → 31 200 - 44 700 € / an,"Se connecter à Hellowork avec Google
Continuer avec Google
En poursuivant votre connexion via Google, vous acceptez les
CGU
et déclarez avoir pris connaissance de la
politique de protection des données
d’Hellowork. Si vous ne disposez pas déjà d’un compte Hellowork associé
à l'adresse email de votre compte Google, un compte Hellowork vous sera créé.",projeteur cfo - cfa h f,snef recrutement,se connecter à hellowork avec google continuer avec google en poursuivant votre connexion via google  vous acceptez les cgu et déclarez avoir pris connaissance de la politique de protection des données d hellowork  si vous ne disposez pas déjà d un compte hellowork associé à l'adresse email de votre compte google  un compte hellowork vous sera créé,Aix-en-Provence,13,3,Niveau études,"Bac +3, Bac +4",31200.0,44700.0,37950.0,True,annual,35-50k,aucune,[],0,2025-12-10,1,0,0,0,2,4
https://www.hellowork.com/fr-fr/emplois/68979141.html,Ingénieur Études Travaux Thermiques H/F,Dalkia recrutement,Cesson-Sévigné - 35,CDI,Bac +2,"Bac +3, Bac +4",10/12/2025,Estimation → 31 000 - 53 800 € / an,"Se connecter à Hellowork avec Google
Continuer avec Google
En poursuivant votre connexion via Google, vous acceptez les
CGU
et déclarez avoir pris connaissance de la
politique de protection des données
d’Hellowork. Si vous ne disposez pas déjà d’un compte Hellowork associé
à l'adresse email de votre compte Google, un compte Hellowork vous sera créé.",ingénieur études travaux thermiques h f,dalkia recrutement,se connecter à hellowork avec google continuer avec google en poursuivant votre connexion via google  vous acceptez les cgu et déclarez avoir pris connaissance de la politique de protection des données d hellowork  si vous ne disposez pas déjà d un compte hellowork associé à l'adresse email de votre compte google  un compte hellowork vous sera créé,Cesson-Sévigné,35,3,Niveau études,"Bac +3, Bac +4",31000.0,53800.0,42400.0,True,annual,35-50k,aucune,[],0,2025-12-10,1,0,0,0,2,2
https://www.hellowork.com/fr-fr/emplois/65225710.html,Ingénieur des Ventes Ascenseur H/F,Kone recrutement,Noisy-le-Sec - 93,CDI,Bac +2,"Bac +3, Bac +4",10/12/2025,Pas de salaire renseigné,"Se connecter à Hellowork avec Google
Continuer avec Google
En poursuivant votre connexion via Google, vous acceptez les
CGU
et déclarez avoir pris connaissance de la
politique de protection des données
d’Hellowork. Si vous ne disposez pas déjà d’un compte Hellowork associé
à l'adresse email de votre compte Google, un compte Hellowork vous sera créé.",ingénieur des ventes ascenseur h f,kone recrutement,se connecter à hellowork avec google continuer avec google en poursuivant votre connexion via google  vous acceptez les cgu et déclarez avoir pris connaissance de la politique de protection des données d hellowork  si vous ne disposez pas déjà d un compte hellowork associé à l'adresse email de votre compte google  un compte hellowork vous sera créé,Noisy-le-Sec,93,3,Niveau études,"Bac +3, Bac +4",,,,False,,Non renseigné,aucune,[],0,2025-12-10,1,0,0,0,2,4
https://www.hellowork.com/fr-fr/emplois/71347132.html,Chef de Groupe Etudes Installation Générale H/F,Orano recrutement,Pierrelatte - 26,CDI,Bac +2,"Bac +3, Bac +4",10/12/2025,Estimation → 29 000 - 38 500 € / an,"Se connecter à Hellowork avec Google
Continuer avec Google
En poursuivant votre connexion via Google, vous acceptez les
CGU
et déclarez avoir pris connaissance de la
politique de protection des données
d’Hellowork. Si vous ne disposez pas déjà d’un compte Hellowork associé
à l'adresse email de votre compte Google, un compte Hellowork vous sera créé.",chef de groupe etudes installation générale h f,orano recrutement,se connecter à hellowork avec google continuer avec google en poursuivant votre connexion via google  vous acceptez les cgu et déclarez avoir pris connaissance de la politique de protection des données d hellowork  si vous ne disposez pas déjà d un compte hellowork associé à l'adresse email de votre compte google  un compte hellowork vous sera créé,Pierrelatte,26,3,Niveau études,"Bac +3, Bac +4",29000.0,38500.0,33750.0,True,annual,25-35k,aucune,[],0,2025-12-10,1,0,0,0,2,4
https://www.hellowork.com/fr-fr/emplois/71301126.html,Chargé d'Affaires Travaux CVC - Plomberie H/F,Dalkia recrutement,Chasseneuil-du-Poitou - 86,CDI,Bac +2,Secteur Energie • Environnement,10/12/2025,Estimation → 42 500 - 56 200 € / an,"Se connecter à Hellowork avec Google
Continuer avec Google
En poursuivant votre connexion via Google, vous acceptez les
CGU
et déclarez avoir pris connaissance de la
politique de protection des données
d’Hellowork. Si vous ne disposez pas déjà d’un compte Hellowork associé
à l'adresse email de votre compte Google, un compte Hellowork vous sera créé.",chargé d'affaires travaux cvc - plomberie h f,dalkia recrutement,se connecter à hellowork avec google continuer avec google en poursuivant votre connexion via google  vous acceptez les cgu et déclarez avoir pris connaissance de la politique de protection des données d hellowork  si vous ne disposez pas déjà d un compte hellowork associé à l'adresse email de votre compte google  un compte hellowork vous sera créé,Chasseneuil-du-Poitou,86,13,Secteur mentionné,Secteur Energie • Environnement,42500.0,56200.0,49350.0,True,annual,35-50k,aucune,[],0,2025-12-10,1,0,0,0,2,1
https://www.hellowork.com/fr-fr/emplois/73559876.html,Chef de Secteur H/F,Api Restauration recrutement,Fleurbaix - 62,CDI,Tourisme • Hôtellerie • Loisirs,Exp. 1 à 7 ans,10/12/2025,2 800 € / mois,"Se connecter à Hellowork avec Google
Continuer avec Google
En poursuivant votre connexion via Google, vous acceptez les
CGU
et déclarez avoir pris connaissance de la
politique de protection des données
d’Hellowork. Si vous ne disposez pas déjà d’un compte Hellowork associé
à l'adresse email de votre compte Google, un compte Hellowork vous sera créé.",chef de secteur h f,api restauration recrutement,se connecter à hellowork avec google continuer avec google en poursuivant votre connexion via google  vous acceptez les cgu et déclarez avoir pris connaissance de la politique de protection des données d hellowork  si vous ne disposez pas déjà d un compte hellowork associé à l'adresse email de votre compte google  un compte hellowork vous sera créé,Fleurbaix,62,7,Confirmé,1-7 ans,33600.0,33600.0,33600.0,False,monthly,25-35k,aucune,[],0,2025-12-10,1,0,0,0,5,3
https://www.hellowork.com/fr-fr/emplois/70119909.html,Chargé d'Affaires CVC H/F,Groupe Fauché recrutement,Collonges-au-Mont-d'Or - 69,CDI,Bac +2,"Bac +3, Bac +4",10/12/2025,50 000 - 55 000 € / an,"Se connecter à Hellowork avec Google
Continuer avec Google
En poursuivant votre connexion via Google, vous acceptez les
CGU
et déclarez avoir pris connaissance de la
politique de protection des données
d’Hellowork. Si vous ne disposez pas déjà d’un compte Hellowork associé
à l'adresse email de votre compte Google, un compte Hellowork vous sera créé.",chargé d'affaires cvc h f,groupe fauché recrutement,se connecter à hellowork avec google continuer avec google en poursuivant votre connexion via google  vous acceptez les cgu et déclarez avoir pris connaissance de la politique de protection des données d hellowork  si vous ne disposez pas déjà d un compte hellowork associé à l'adresse email de votre compte google  un compte hellowork vous sera créé,Collonges-au-Mont-d'Or,69,3,Niveau études,"Bac +3, Bac +4",50000.0,55000.0,52500.0,False,annual,50-70k,aucune,[],0,2025-12-10,1,0,0,0,2,2
https://www.hellowork.com/fr-fr/emplois/73561017.html,Promoteur GMS H/F,CPM France recrutement,Gonesse - 95,CDI,"BEP, CAP",Bac,10/12/2025,1 827 - 1 927 € / mois,"Se connecter à Hellowork avec Google
Continuer avec Google
En poursuivant votre connexion via Google, vous acceptez les
CGU
et déclarez avoir pris connaissance de la
politique de protection des données
d’Hellowork. Si vous ne disposez pas déjà d’un compte Hellowork associé
à l'adresse email de votre compte Google, un compte Hellowork vous sera créé.",promoteur gms h f,cpm france recrutement,se connecter à hellowork avec google continuer avec google en poursuivant votre connexion via google  vous acceptez les cgu et déclarez avoir pris connaissance de la politique de protection des données d hellowork  si vous ne disposez pas déjà d un compte hellowork associé à l'adresse email de votre compte google  un compte hellowork vous sera créé,Gonesse,95,1,Niveau études,Bac,21924.0,23124.0,22524.0,False,monthly,< 25k,aucune,[],0,2025-12-10,1,0,0,0,0,0
https://www.hellowork.com/fr-fr/emplois/71346777.html,Chef d'Équipe en Nettoyage Industriel H/F,Onet Propreté et Services recrutement,Saint-Pierre-la-Cour - 53,CDI,Bac,Bac +2,10/12/2025,Pas de salaire renseigné,"Se connecter à Hellowork avec Google
Continuer avec Google
En poursuivant votre connexion via Google, vous acceptez les
CGU
et déclarez avoir pris connaissance de la
politique de protection des données
d’Hellowork. Si vous ne disposez pas déjà d’un compte Hellowork associé
à l'adresse email de votre compte Google, un compte Hellowork vous sera créé.",chef d'équipe en nettoyage industriel h f,onet propreté et services recrutement,se connecter à hellowork avec google continuer avec google en poursuivant votre connexion via google  vous acceptez les cgu et déclarez avoir pris connaissance de la politique de protection des données d hellowork  si vous ne disposez pas déjà d un compte hellowork associé à l'adresse email de votre compte google  un compte hellowork vous sera créé,Saint-Pierre-la-Cour,53,2,Niveau études,Bac +2,,,,False,,Non renseigné,aucune,[],0,2025-12-10,1,0,0,0,1,4
https://www.hellowork.com/fr-fr/emplois/52758771.html,Electromécanicien Dépanneur H/F,Saint Yves Services recrutement,Aigné - 72,CDI,Bac +2,"Bac +3, Bac +4",10/12/2025,Estimation → 23 660 - 30 962 € / an,"Se connecter à Hellowork avec Google
Continuer avec Google
En poursuivant votre connexion via Google, vous acceptez les
CGU
et déclarez avoir pris connaissance de la
politique de protection des données
d’Hellowork. Si vous ne disposez pas déjà d’un compte Hellowork associé
à l'adresse email de votre compte Google, un compte Hellowork vous sera créé.",electromécanicien dépanneur h f,saint yves services recrutement,se connecter à hellowork avec google continuer avec google en poursuivant votre connexion via google  vous acceptez les cgu et déclarez avoir pris connaissance de la politique de protection des données d hellowork  si vous ne disposez pas déjà d un compte hellowork associé à l'adresse email de votre compte google  un compte hellowork vous sera créé,Aigné,72,3,Niveau études,"Bac +3, Bac +4",23660.0,30962.0,27311.0,True,annual,25-35k,aucune,[],0,2025-12-10,1,0,0,0,2,4
https://www.hellowork.com/fr-fr/emplois/73559897.html,Correspondant Déploiement IT Sédentaire H/F,AIS recrutement,Blagnac - 31,CDI,Bac +2,Secteur informatique • ESN,10/12/2025,26 000 - 29 000 € / an,"Se connecter à Hellowork avec Google
Continuer avec Google
En poursuivant votre connexion via Google, vous acceptez les
CGU
et déclarez avoir pris connaissance de la
politique de protection des données
d’Hellowork. Si vous ne disposez pas déjà d’un compte Hellowork associé
à l'adresse email de votre compte Google, un compte Hellowork vous sera créé.",correspondant déploiement it sédentaire h f,ais recrutement,se connecter à hellowork avec google continuer avec google en poursuivant votre connexion via google  vous acceptez les cgu et déclarez avoir pris connaissance de la politique de protection des données d hellowork  si vous ne disposez pas déjà d un compte hellowork associé à l'adresse email de votre compte google  un compte hellowork vous sera créé,Blagnac,31,14,Secteur mentionné,Secteur informatique • ESN,26000.0,29000.0,27500.0,False,annual,25-35k,aucune,[],0,2025-12-10,1,0,0,0,2,5
https://www.hellowork.com/fr-fr/emplois/69029182.html,Chef de Secteur GMS H/F,Havea recrutement,Strasbourg - 67,CDI,Bac +2,Industrie Pharmaceutique • Biotechn. • Chimie,10/12/2025,Estimation → 31 800 - 49 900 € / an,"Se connecter à Hellowork avec Google
Continuer avec Google
En poursuivant votre connexion via Google, vous acceptez les
CGU
et déclarez avoir pris connaissance de la
politique de protection des données
d’Hellowork. Si vous ne disposez pas déjà d’un compte Hellowork associé
à l'adresse email de votre compte Google, un compte Hellowork vous sera créé.",chef de secteur gms h f,havea recrutement,se connecter à hellowork avec google continuer avec google en poursuivant votre connexion via google  vous acceptez les cgu et déclarez avoir pris connaissance de la politique de protection des données d hellowork  si vous ne disposez pas déjà d un compte hellowork associé à l'adresse email de votre compte google  un compte hellowork vous sera créé,Strasbourg,67,12,Secteur mentionné,Industrie Pharmaceutique • Biotechn. • Chimie,31800.0,49900.0,40850.0,True,annual,35-50k,aucune,[],0,2025-12-10,1,0,0,0,2,3
https://www.hellowork.com/fr-fr/emplois/70127665.html,Chaudronnier - Tuyauteur H/F,SNEF recrutement,Dunkerque - 59,CDI,"BEP, CAP",BTP,10/12/2025,Estimation → 23 400 - 26 390 € / an,"Se connecter à Hellowork avec Google
Continuer avec Google
En poursuivant votre connexion via Google, vous acceptez les
CGU
et déclarez avoir pris connaissance de la
politique de protection des données
d’Hellowork. Si vous ne disposez pas déjà d’un compte Hellowork associé
à l'adresse email de votre compte Google, un compte Hellowork vous sera créé.",chaudronnier - tuyauteur h f,snef recrutement,se connecter à hellowork avec google continuer avec google en poursuivant votre connexion via google  vous acceptez les cgu et déclarez avoir pris connaissance de la politique de protection des données d hellowork  si vous ne disposez pas déjà d un compte hellowork associé à l'adresse email de votre compte google  un compte hellowork vous sera créé,Dunkerque,59,0,Non précisé,BTP,23400.0,26390.0,24895.0,True,annual,< 25k,aucune,[],0,2025-12-10,1,0,0,0,0,0
https://www.hellowork.com/fr-fr/emplois/67796410.html,Receptionnaire - Atelier Poids Lourds H/F,AUGEREAU LINKS recrutement,Cholet - 49,CDI,"BEP, CAP",Bac,10/12/2025,Pas de salaire renseigné,"Se connecter à Hellowork avec Google
Continuer avec Google
En poursuivant votre connexion via Google, vous acceptez les
CGU
et déclarez avoir pris connaissance de la
politique de protection des données
d’Hellowork. Si vous ne disposez pas déjà d’un compte Hellowork associé
à l'adresse email de votre compte Google, un compte Hellowork vous sera créé.",receptionnaire - atelier poids lourds h f,augereau links recrutement,se connecter à hellowork avec google continuer avec google en poursuivant votre connexion via google  vous acceptez les cgu et déclarez avoir pris connaissance de la politique de protection des données d hellowork  si vous ne disposez pas déjà d un compte hellowork associé à l'adresse email de votre compte google  un compte hellowork vous sera créé,Cholet,49,1,Niveau études,Bac,,,,False,,Non renseigné,aucune,[],0,2025-12-10,1,0,0,0,0,0
https://www.hellowork.com/fr-fr/emplois/73559882.html,Technicien Expert Mécanique Automobile H/F,Audi recrutement,Reims - 51,CDI,Bac +5,Industrie Auto • Meca • Navale,10/12/2025,Pas de salaire renseigné,"Se connecter à Hellowork avec Google
Continuer avec Google
En poursuivant votre connexion via Google, vous acceptez les
CGU
et déclarez avoir pris connaissance de la
politique de protection des données
d’Hellowork. Si vous ne disposez pas déjà d’un compte Hellowork associé
à l'adresse email de votre compte Google, un compte Hellowork vous sera créé.",technicien expert mécanique automobile h f,audi recrutement,se connecter à hellowork avec google continuer avec google en poursuivant votre connexion via google  vous acceptez les cgu et déclarez avoir pris connaissance de la politique de protection des données d hellowork  si vous ne disposez pas déjà d un compte hellowork associé à l'adresse email de votre compte google  un compte hellowork vous sera créé,Reims,51,9,Secteur mentionné,Industrie Auto • Meca • Navale,,,,False,,Non renseigné,aucune,[],0,2025-12-10,1,0,0,0,4,3
https://www.hellowork.com/fr-fr/emplois/62653984.html,Coordinateur Bim H/F,Socotec recrutement,Casablanca - Maroc,CDI,Bac +5,Services aux Entreprises,10/12/2025,Pas de salaire renseigné,"Se connecter à Hellowork avec Google
Continuer avec Google
En poursuivant votre connexion via Google, vous acceptez les
CGU
et déclarez avoir pris connaissance de la
politique de protection des données
d’Hellowork. Si vous ne disposez pas déjà d’un compte Hellowork associé
à l'adresse email de votre compte Google, un compte Hellowork vous sera créé.",coordinateur bim h f,socotec recrutement,se connecter à hellowork avec google continuer avec google en poursuivant votre connexion via google  vous acceptez les cgu et déclarez avoir pris connaissance de la politique de protection des données d hellowork  si vous ne disposez pas déjà d un compte hellowork associé à l'adresse email de votre compte google  un compte hellowork vous sera créé,Casablanca,Maroc,16,Non précisé,Services aux Entreprises,,,,False,,Non renseigné,aucune,[],0,2025-12-10,1,0,0,0,4,3
https://www.hellowork.com/fr-fr/emplois/73559888.html,Chef de Cuisine H/F,Api Restauration recrutement,Beaumont-Monteux - 26,CDI,"BEP, CAP",Bac,10/12/2025,Pas de salaire renseigné,"Se connecter à Hellowork avec Google
Continuer avec Google
En poursuivant votre connexion via Google, vous acceptez les
CGU
et déclarez avoir pris connaissance de la
politique de protection des données
d’Hellowork. Si vous ne disposez pas déjà d’un compte Hellowork associé
à l'adresse email de votre compte Google, un compte Hellowork vous sera créé.",chef de cuisine h f,api restauration recrutement,se connecter à hellowork avec google continuer avec google en poursuivant votre connexion via google  vous acceptez les cgu et déclarez avoir pris connaissance de la politique de protection des données d hellowork  si vous ne disposez pas déjà d un compte hellowork associé à l'adresse email de votre compte google  un compte hellowork vous sera créé,Beaumont-Monteux,26,1,Niveau études,Bac,,,,False,,Non renseigné,aucune,[],0,2025-12-10,1,0,0,0,0,0
https://www.hellowork.com/fr-fr/emplois/67780488.html,Assistant de Vie H/F,ADHAP recrutement,Saint-Étienne-du-Rouvray - 76,CDI,"BEP, CAP",Services aux Personnes • Particuliers,10/12/2025,"11,88 - 12,12 € / heure","Se connecter à Hellowork avec Google
Continuer avec Google
En poursuivant votre connexion via Google, vous acceptez les
CGU
et déclarez avoir pris connaissance de la
politique de protection des données
d’Hellowork. Si vous ne disposez pas déjà d’un compte Hellowork associé
à l'adresse email de votre compte Google, un compte Hellowork vous sera créé.",assistant de vie h f,adhap recrutement,se connecter à hellowork avec google continuer avec google en poursuivant votre connexion via google  vous acceptez les cgu et déclarez avoir pris connaissance de la politique de protection des données d hellowork  si vous ne disposez pas déjà d un compte hellowork associé à l'adresse email de votre compte google  un compte hellowork vous sera créé,Saint-Étienne-du-Rouvray,76,17,Secteur mentionné,Services aux Personnes • Particuliers,19543.0,19937.0,19740.0,False,hourly,< 25k,aucune,[],0,2025-12-10,1,0,0,0,0,5
https://www.hellowork.com/fr-fr/emplois/73560926.html,Hôte - Hôtesse d'Accueil Standardiste H/F,Phone Régie recrutement,Lyon 3e - 69,CDI,Bac,Services aux Entreprises,10/12/2025,"11,91 € / heure","Se connecter à Hellowork avec Google
Continuer avec Google
En poursuivant votre connexion via Google, vous acceptez les
CGU
et déclarez avoir pris connaissance de la
politique de protection des données
d’Hellowork. Si vous ne disposez pas déjà d’un compte Hellowork associé
à l'adresse email de votre compte Google, un compte Hellowork vous sera créé.",hôte - hôtesse d'accueil standardiste h f,phone régie recrutement,se connecter à hellowork avec google continuer avec google en poursuivant votre connexion via google  vous acceptez les cgu et déclarez avoir pris connaissance de la politique de protection des données d hellowork  si vous ne disposez pas déjà d un compte hellowork associé à l'adresse email de votre compte google  un compte hellowork vous sera créé,Lyon 3e,69,16,Non précisé,Services aux Entreprises,19592.0,19592.0,19592.0,False,hourly,< 25k,aucune,[],0,2025-12-10,1,0,0,0,1,5
https://www.hellowork.com/fr-fr/emplois/73560962.html,Intégrateur Systèmes Fluides H/F,Olys Engineering recrutement,Lyon 7e - 69,CDI,Bac +5,Secteur Energie • Environnement,10/12/2025,60 000 - 75 000 € / an,"Se connecter à Hellowork avec Google
Continuer avec Google
En poursuivant votre connexion via Google, vous acceptez les
CGU
et déclarez avoir pris connaissance de la
politique de protection des données
d’Hellowork. Si vous ne disposez pas déjà d’un compte Hellowork associé
à l'adresse email de votre compte Google, un compte Hellowork vous sera créé.",intégrateur systèmes fluides h f,olys engineering recrutement,se connecter à hellowork avec google continuer avec google en poursuivant votre connexion via google  vous acceptez les cgu et déclarez avoir pris connaissance de la politique de protection des données d hellowork  si vous ne disposez pas déjà d un compte hellowork associé à l'adresse email de votre compte google  un compte hellowork vous sera créé,Lyon 7e,69,13,Secteur mentionné,Secteur Energie • Environnement,60000.0,75000.0,67500.0,False,annual,50-70k,aucune,[],0,2025-12-10,1,0,0,0,4,1
https://www.hellowork.com/fr-fr/emplois/67781605.html,Préventeur HSE H/F,NGEN recrutement,Lyon - 69,CDI,Bac +2,"Bac +3, Bac +4",10/12/2025,27 500 - 36 500 € / an,"Se connecter à Hellowork avec Google
Continuer avec Google
En poursuivant votre connexion via Google, vous acceptez les
CGU
et déclarez avoir pris connaissance de la
politique de protection des données
d’Hellowork. Si vous ne disposez pas déjà d’un compte Hellowork associé
à l'adresse email de votre compte Google, un compte Hellowork vous sera créé.",préventeur hse h f,ngen recrutement,se connecter à hellowork avec google continuer avec google en poursuivant votre connexion via google  vous acceptez les cgu et déclarez avoir pris connaissance de la politique de protection des données d hellowork  si vous ne disposez pas déjà d un compte hellowork associé à l'adresse email de votre compte google  un compte hellowork vous sera créé,Lyon,69,3,Niveau études,"Bac +3, Bac +4",27500.0,36500.0,32000.0,False,annual,25-35k,aucune,[],0,2025-12-10,1,0,0,0,2,4
https://www.hellowork.com/fr-fr/emplois/71361714.html,Responsable Commerce H/F,Brico Dépôt recrutement,Montceau-les-Mines - 71,CDI,Bac,Bac +2,10/12/2025,Pas de salaire renseigné,"Se connecter à Hellowork avec Google
Continuer avec Google
En poursuivant votre connexion via Google, vous acceptez les
CGU
et déclarez avoir pris connaissance de la
politique de protection des données
d’Hellowork. Si vous ne disposez pas déjà d’un compte Hellowork associé
à l'adresse email de votre compte Google, un compte Hellowork vous sera créé.",responsable commerce h f,brico dépôt recrutement,se connecter à hellowork avec google continuer avec google en poursuivant votre connexion via google  vous acceptez les cgu et déclarez avoir pris connaissance de la politique de protection des données d hellowork  si vous ne disposez pas déjà d un compte hellowork associé à l'adresse email de votre compte google  un compte hellowork vous sera créé,Montceau-les-Mines,71,2,Niveau études,Bac +2,,,,False,,Non renseigné,aucune,[],0,2025-12-10,1,0,0,0,1,4
https://www.hellowork.com/fr-fr/emplois/71363364.html,Technicien de Modernisation H/F,Entreprise confidentielle,Annecy - 74,CDI,Bac +2,Industrie Manufacturière,10/12/2025,Estimation → 25 700 - 38 000 € / an,"Se connecter à Hellowork avec Google
Continuer avec Google
En poursuivant votre connexion via Google, vous acceptez les
CGU
et déclarez avoir pris connaissance de la
politique de protection des données
d’Hellowork. Si vous ne disposez pas déjà d’un compte Hellowork associé
à l'adresse email de votre compte Google, un compte Hellowork vous sera créé.",technicien de modernisation h f,entreprise confidentielle,se connecter à hellowork avec google continuer avec google en poursuivant votre connexion via google  vous acceptez les cgu et déclarez avoir pris connaissance de la politique de protection des données d hellowork  si vous ne disposez pas déjà d un compte hellowork associé à l'adresse email de votre compte google  un compte hellowork vous sera créé,Annecy,74,11,Non précisé,Industrie Manufacturière,25700.0,38000.0,31850.0,True,annual,25-35k,aucune,[],0,2025-12-10,1,0,0,0,2,3
https://www.hellowork.com/fr-fr/emplois/73559901.html,Conseiller Clientèle - Yutz H/F,Crédit Agricole Lorraine recrutement,Yutz - 57,CDI,Bac +2,Banque • Assurance • Finance,10/12/2025,Estimation → 21 730 - 27 000 € / an,"Se connecter à Hellowork avec Google
Continuer avec Google
En poursuivant votre connexion via Google, vous acceptez les
CGU
et déclarez avoir pris connaissance de la
politique de protection des données
d’Hellowork. Si vous ne disposez pas déjà d’un compte Hellowork associé
à l'adresse email de votre compte Google, un compte Hellowork vous sera créé.",conseiller clientèle - yutz h f,crédit agricole lorraine recrutement,se connecter à hellowork avec google continuer avec google en poursuivant votre connexion via google  vous acceptez les cgu et déclarez avoir pris connaissance de la politique de protection des données d hellowork  si vous ne disposez pas déjà d un compte hellowork associé à l'adresse email de votre compte google  un compte hellowork vous sera créé,Yutz,57,5,Secteur mentionné,Banque • Assurance • Finance,21730.0,27000.0,24365.0,True,annual,< 25k,aucune,[],0,2025-12-10,1,0,0,0,2,4
https://www.hellowork.com/fr-fr/emplois/73559917.html,Magasinier - Vendeur Pra H/F,Volkswagen recrutement,Cléon - 76,CDI,"BEP, CAP",Bac,10/12/2025,2 100 € / mois,"Se connecter à Hellowork avec Google
Continuer avec Google
En poursuivant votre connexion via Google, vous acceptez les
CGU
et déclarez avoir pris connaissance de la
politique de protection des données
d’Hellowork. Si vous ne disposez pas déjà d’un compte Hellowork associé
à l'adresse email de votre compte Google, un compte Hellowork vous sera créé.",magasinier - vendeur pra h f,volkswagen recrutement,se connecter à hellowork avec google continuer avec google en poursuivant votre connexion via google  vous acceptez les cgu et déclarez avoir pris connaissance de la politique de protection des données d hellowork  si vous ne disposez pas déjà d un compte hellowork associé à l'adresse email de votre compte google  un compte hellowork vous sera créé,Cléon,76,1,Niveau études,Bac,25200.0,25200.0,25200.0,False,monthly,25-35k,aucune,[],0,2025-12-10,1,0,0,0,0,0
https://www.hellowork.com/fr-fr/emplois/67801941.html,Monteur·se Moteurs Militaires M53 H/F,Safran recrutement,Seine-et-Marne - 77,CDI,"BEP, CAP",Bac,10/12/2025,Pas de salaire renseigné,"Se connecter à Hellowork avec Google
Continuer avec Google
En poursuivant votre connexion via Google, vous acceptez les
CGU
et déclarez avoir pris connaissance de la
politique de protection des données
d’Hellowork. Si vous ne disposez pas déjà d’un compte Hellowork associé
à l'adresse email de votre compte Google, un compte Hellowork vous sera créé.",monteur se moteurs militaires m53 h f,safran recrutement,se connecter à hellowork avec google continuer avec google en poursuivant votre connexion via google  vous acceptez les cgu et déclarez avoir pris connaissance de la politique de protection des données d hellowork  si vous ne disposez pas déjà d un compte hellowork associé à l'adresse email de votre compte google  un compte hellowork vous sera créé,Seine-et-Marne,77,1,Niveau études,Bac,,,,False,,Non renseigné,aucune,[],0,2025-12-10,1,0,0,0,0,0
